Application,ProcessID,SwapChainAddress,Runtime,SyncInterval,PresentFlags,Dropped,TimeInSeconds,msInPresentAPI,msBetweenPresents,AllowsTearing,PresentMode,msUntilRenderComplete,msUntilDisplayed,msBetweenDisplayChange,msFlipDelay,msUntilRenderStart,msGPUActive,msSinceInput
ruffle.exe,9152,0x0000000000000000,Other,1,0,0,20.04336400000000,0.00000000000000,20.98380000000000,0,Hardware: Legacy Flip,-0.12880000000000,0.59340000000000,16.64530000000000,0.00000000000000,-16.01200000000000,11.88370000000000,0.00000000000000
ruffle.exe,9152,0x0000000000000000,Other,1,0,0,20.06671230000000,0.00000000000000,23.34830000000000,0,Hardware: Legacy Flip,-0.12690000000000,10.59190000000000,33.34680000000000,0.00000000000000,-22.71200000000000,14.80050000000000,0.00000000000000
ruffle.exe,9152,0x0000000000000000,Other,1,0,0,20.09777710000000,0.00000000000000,31.06480000000000,0,Hardware: Legacy Flip,-0.17500000000000,12.91430000000000,33.38720000000000,0.00000000000000,-20.42540000000000,13.96450000000000,0.00000000000000
ruffle.exe,9152,0x0000000000000000,Other,1,0,0,20.11917490000000,0.00000000000000,21.39780000000000,0,Hardware: Legacy Flip,-0.21100000000000,8.13740000000000,16.62090000000000,0.00000000000000,-11.29980000000000,10.87830000000000,0.00000000000000
ruffle.exe,9152,0x0000000000000000,Other,1,0,0,20.16661160000000,0.00000000000000,47.43670000000000,0,Hardware: Legacy Flip,-0.14380000000000,10.76770000000000,50.06700000000000,0.00000000000000,-39.25370000000000,14.10110000000000,0.00000000000000
ruffle.exe,9152,0x0000000000000000,Other,1,0,0,20.20409860000000,0.00000000000000,37.48700000000000,0,Hardware: Legacy Flip,-0.23920000000000,6.57480000000000,33.29410000000000,0.00000000000000,-26.68410000000000,11.91130000000000,0.00000000000000
ruffle.exe,9152,0x0000000000000000,Other,1,0,0,20.24265570000000,0.00000000000000,38.55710000000000,0,Hardware: Legacy Flip,-0.15500000000000,1.39830000000000,33.38060000000000,0.00000000000000,-31.95210000000000,12.14470000000000,0.00000000000000
ruffle.exe,9152,0x0000000000000000,Other,1,0,0,20.27254430000000,0.00000000000000,29.88860000000000,0,Hardware: Legacy Flip,-0.17170000000000,4.78460000000000,33.27490000000000,0.00000000000000,-28.44930000000000,15.28830000000000,0.00000000000000
ruffle.exe,9152,0x0000000000000000,Other,1,0,0,20.30417600000000,0.00000000000000,31.63170000000000,0,Hardware: Legacy Flip,-0.18650000000000,6.53790000000000,33.38500000000001,0.00000000000000,-26.80170000000000,13.99380000000000,0.00000000000000
ruffle.exe,9152,0x0000000000000000,Other,1,0,0,20.33006990000000,0.00000000000000,25.89390000000000,0,Hardware: Legacy Flip,-0.15980000000000,13.96840000000000,33.32440000000000,0.00000000000000,-19.32780000000000,11.34070000000000,0.00000000000000
ruffle.exe,9152,0x0000000000000000,Other,1,0,0,20.38704950000000,0.00000000000000,56.97960000000000,0,Hardware: Legacy Flip,-0.19490000000000,6.92940000000000,49.94060000000000,0.00000000000000,-42.97560000000000,15.73790000000000,34.95190000000000
ruffle.exe,9152,0x0000000000000000,Other,1,0,0,20.42221010000000,0.00000000000000,35.16060000000000,0,Hardware: Legacy Flip,-0.11300000000000,5.09950000000000,33.33070000000000,0.00000000000000,-28.19970000000000,11.23460000000000,22.18490000000000
ruffle.exe,9152,0x0000000000000000,Other,1,0,0,20.46082760000000,0.00000000000000,38.61750000000000,0,Hardware: Legacy Flip,-0.15140000000000,16.48960000000000,50.00760000000000,0.00000000000000,-33.48370000000000,12.13710000000000,22.79720000000000
ruffle.exe,9152,0x0000000000000000,Other,1,0,0,20.74130770000000,0.00000000000000,280.48009999999999,0,Hardware: Legacy Flip,-0.12100000000000,2.72260000000000,266.71310000000000,0.00000000000000,-263.92640000000000,13.29340000000000,27.27270000000000
ruffle.exe,9152,0x0000000000000000,Other,1,0,0,20.81278510000000,0.00000000000000,71.47740000000000,0,Hardware: Legacy Flip,-0.15410000000000,14.61840000000000,83.37320000000000,0.00000000000000,-68.72950000000000,13.82070000000000,36.65740000000000
ruffle.exe,9152,0x0000000000000000,Other,1,0,0,20.84794820000000,0.00000000000000,35.16310000000000,0,Hardware: Legacy Flip,-0.09090000000000,12.75350000000000,33.29820000000000,0.00000000000000,-20.51260000000000,13.93950000000000,1.88870000000000
ruffle.exe,9152,0x0000000000000000,Other,1,0,0,20.86342640000000,0.00000000000000,15.47820000000000,0,Hardware: Legacy Flip,-0.12560000000000,14.01490000000000,16.73960000000000,0.00000000000000,-11.00220000000000,10.68680000000000,0.00000000000000
ruffle.exe,9152,0x0000000000000000,Other,1,0,0,20.89226620000000,0.00000000000000,28.83980000000000,0,Hardware: Legacy Flip,-0.12240000000000,1.78130000000000,16.60620000000000,0.00000000000000,-14.77920000000000,12.01530000000000,22.22200000000000
ruffle.exe,9152,0x0000000000000000,Other,1,0,0,20.93358570000000,0.00000000000000,41.31950000000001,0,Hardware: Legacy Flip,-0.21010000000000,10.47320000000000,50.01140000000000,0.00000000000000,-39.51840000000000,15.00770000000000,31.53330000000000
ruffle.exe,9152,0x0000000000000000,Other,1,0,0,20.98328470000000,0.00000000000000,49.69900000000001,0,Hardware: Legacy Flip,-0.09910000000000,10.80450000000000,50.03030000000000,0.00000000000000,-39.19930000000000,15.57990000000000,43.22290000000000
ruffle.exe,9152,0x0000000000000000,Other,1,0,0,20.99825400000000,0.00000000000000,14.96930000000000,0,Hardware: Legacy Flip,-0.14420000000000,12.46080000000000,16.62560000000000,0.00000000000000,-12.76360000000000,12.42410000000000,0.00000000000000
ruffle.exe,9152,0x0000000000000000,Other,1,0,0,21.02504130000000,0.00000000000000,26.78730000000000,0,Hardware: Legacy Flip,-0.16310000000000,2.36060000000000,16.68710000000000,0.00000000000000,-14.28380000000000,13.88290000000000,0.00000000000000
ruffle.exe,9152,0x0000000000000000,Other,1,0,0,21.04915710000000,0.00000000000000,24.11580000000000,0,Hardware: Legacy Flip,-0.17170000000000,11.58490000000000,33.34010000000000,0.00000000000000,-21.72760000000000,11.19790000000000,37.00600000000000
ruffle.exe,9152,0x0000000000000000,Other,1,0,0,21.07332930000000,0.00000000000000,24.17220000000000,0,Hardware: Legacy Flip,0.19180000000000,4.07420000000000,16.66150000000000,0.00000000000000,-12.54860000000000,11.97310000000000,0.00000000000000
ruffle.exe,9152,0x0000000000000000,Other,1,0,0,21.08331740000000,0.00000000000000,9.98810000000000,0,Hardware: Legacy Flip,-0.09020000000000,10.80330000000000,16.71720000000000,0.00000000000000,-9.79630000000000,6.48360000000000,0.00000000000000
ruffle.exe,9152,0x0000000000000000,Other,1,0,0,21.10569180000000,0.00000000000000,22.37440000000000,0,Hardware: Legacy Flip,-0.11270000000000,5.02120000000000,16.59230000000000,0.00000000000000,-12.88380000000000,12.63180000000000,0.00000000000000
ruffle.exe,9152,0x0000000000000000,Other,1,0,0,21.13540980000000,0.00000000000000,29.71800000000000,0,Hardware: Legacy Flip,-0.17220000000000,8.64830000000000,33.34510000000000,0.00000000000000,-24.67300000000000,12.07240000000000,0.00000000000000
ruffle.exe,9152,0x0000000000000000,Other,1,0,0,21.17166090000000,0.00000000000000,36.25110000000000,0,Hardware: Legacy Flip,-0.09930000000000,5.71490000000000,33.31770000000000,0.00000000000000,-27.56790000000000,12.85330000000000,0.00000000000000
ruffle.exe,9152,0x0000000000000000,Other,1,0,0,21.20033650000000,0.00000000000000,28.67560000000000,0,Hardware: Legacy Flip,-0.14050000000000,10.41260000000000,33.37330000000000,0.00000000000000,-22.93390000000000,15.54920000000000,0.00000000000000
ruffle.exe,9152,0x0000000000000000,Other,1,0,0,21.28215600000000,0.00000000000000,81.81950000000001,0,Hardware: Legacy Flip,-0.17030000000000,11.92710000000000,83.33400000000000,0.00000000000000,-71.36970000000001,11.55610000000000,20.06910000000000
ruffle.exe,9152,0x0000000000000000,Other,1,0,0,21.45143270000000,0.00000000000000,169.27670000000001,0,Hardware: Legacy Flip,-0.15730000000000,9.38400000000000,166.73360000000000,0.00000000000000,-157.32320000000001,14.97580000000000,181.18210000000002
ruffle.exe,9152,0x0000000000000000,Other,1,0,0,21.48720150000000,0.00000000000000,35.76880000000000,0,Hardware: Legacy Flip,-0.15450000000000,6.91330000000000,33.29810000000001,0.00000000000000,-26.35770000000000,16.04360000000000,0.00000000000000
ruffle.exe,9152,0x0000000000000000,Other,1,0,0,21.62388040000000,0.00000000000000,136.67890000000000,0,Hardware: Legacy Flip,-0.13460000000000,3.54770000000000,133.31330000000000,0.00000000000000,-129.73530000000000,7.78720000000000,0.00000000000000
ruffle.exe,9152,0x0000000000000000,Other,1,0,0,21.65803840000000,0.00000000000000,34.15800000000000,0,Hardware: Legacy Flip,-0.10140000000000,2.70550000000000,33.31580000000000,0.00000000000000,-30.57860000000000,12.50160000000000,0.00000000000000
ruffle.exe,9152,0x0000000000000000,Other,1,0,0,21.68932020000000,0.00000000000000,31.28180000000000,0,Hardware: Legacy Flip,-0.13560000000000,4.85330000000000,33.42960000000000,0.00000000000000,-25.62180000000000,13.75950000000000,0.00000000000000
ruffle.exe,9152,0x0000000000000000,Other,1,0,0,21.71414760000000,0.00000000000000,24.82740000000000,0,Hardware: Legacy Flip,-0.12720000000000,13.29560000000000,33.26970000000000,0.00000000000000,-19.92670000000000,11.37700000000000,0.00000000000000
ruffle.exe,9152,0x0000000000000000,Other,1,0,0,21.75653690000000,0.00000000000000,42.38930000000000,0,Hardware: Legacy Flip,-0.21520000000000,4.27460000000000,33.36830000000000,0.00000000000000,-29.06430000000000,12.15460000000000,0.00000000000000
ruffle.exe,9152,0x0000000000000000,Other,1,0,0,21.79629090000000,0.00000000000000,39.75400000000000,0,Hardware: Legacy Flip,-0.12820000000000,14.49790000000000,49.97730000000000,0.00000000000000,-35.44880000000000,13.24020000000000,0.00000000000000
ruffle.exe,9152,0x0000000000000000,Other,1,0,0,21.82339910000000,0.00000000000000,27.10820000000000,0,Hardware: Legacy Flip,-0.13390000000000,4.04660000000000,16.65690000000000,0.00000000000000,-13.75350000000000,13.46370000000000,0.00000000000000
ruffle.exe,9152,0x0000000000000000,Other,1,0,0,21.86031650000000,0.00000000000000,36.91740000000000,0,Hardware: Legacy Flip,-0.10860000000000,0.42250000000000,33.29330000000000,0.00000000000000,-32.83550000000000,13.01540000000000,0.00000000000000
ruffle.exe,9152,0x0000000000000000,Other,1,0,0,21.89741550000000,0.00000000000000,37.09900000000000,0,Hardware: Legacy Flip,-0.10140000000000,13.36270000000000,50.03920000000000,0.00000000000000,-36.65150000000000,13.97240000000000,0.00000000000000
ruffle.exe,9152,0x0000000000000000,Other,1,0,0,21.92505680000000,0.00000000000000,27.64130000000000,0,Hardware: Legacy Flip,-0.10780000000000,2.37190000000000,16.65050000000000,0.00000000000000,-14.23880000000000,10.91790000000000,0.00000000000000
ruffle.exe,9152,0x0000000000000000,Other,1,0,0,21.95135690000000,0.00000000000000,26.30010000000000,0,Hardware: Legacy Flip,-0.16290000000000,9.41140000000000,33.33960000000000,0.00000000000000,-23.89690000000000,12.23310000000000,0.00000000000000
ruffle.exe,9152,0x0000000000000000,Other,1,0,0,21.98595940000000,0.00000000000000,34.60250000000000,0,Hardware: Legacy Flip,-0.13220000000000,8.15120000000000,33.34230000000000,0.00000000000000,-23.41430000000000,12.62040000000000,0.00000000000000
ruffle.exe,9152,0x0000000000000000,Other,1,0,0,22.02001530000000,0.00000000000000,34.05590000000000,0,Hardware: Legacy Flip,-0.11120000000000,7.47730000000000,33.38200000000001,0.00000000000000,-25.87970000000000,14.04240000000000,0.00000000000000
ruffle.exe,9152,0x0000000000000000,Other,1,0,0,22.06030920000000,0.00000000000000,40.29390000000000,0,Hardware: Legacy Flip,-0.10090000000000,0.44410000000000,33.26070000000000,0.00000000000000,-32.77460000000000,12.81710000000000,0.00000000000000
ruffle.exe,9152,0x0000000000000000,Other,1,0,0,22.09690570000000,0.00000000000000,36.59650000000000,0,Hardware: Legacy Flip,-0.17060000000000,13.91080000000000,50.06320000000000,0.00000000000000,-36.13000000000000,13.78300000000000,0.00000000000000
ruffle.exe,9152,0x0000000000000000,Other,1,0,0,22.12486750000000,0.00000000000000,27.96180000000000,0,Hardware: Legacy Flip,-0.15030000000000,2.60010000000000,16.65110000000000,0.00000000000000,-14.01400000000000,11.24640000000000,0.00000000000000
ruffle.exe,9152,0x0000000000000000,Other,1,0,0,22.16173090000000,0.00000000000000,36.86340000000000,0,Hardware: Legacy Flip,-0.13840000000000,15.82350000000000,50.08680000000000,0.00000000000000,-34.24160000000000,12.55200000000000,0.00000000000000
ruffle.exe,9152,0x0000000000000000,Other,1,0,0,22.18705280000000,0.00000000000000,25.32190000000000,0,Hardware: Legacy Flip,-0.15540000000000,7.11720000000000,16.61560000000000,0.00000000000000,-15.53220000000000,11.95600000000000,0.00000000000000
ruffle.exe,9152,0x0000000000000000,Other,1,0,0,22.21651740000000,0.00000000000000,29.46460000000000,0,Hardware: Legacy Flip,-0.12070000000000,10.97420000000000,33.32160000000000,0.00000000000000,-22.29670000000000,12.17920000000000,0.00000000000000
ruffle.exe,9152,0x0000000000000000,Other,1,0,0,22.26040670000000,0.00000000000000,43.88930000000000,0,Hardware: Legacy Flip,-0.14980000000000,0.35670000000000,33.27180000000000,0.00000000000000,-32.88790000000000,13.31080000000000,0.00000000000000
ruffle.exe,9152,0x0000000000000000,Other,1,0,0,22.29820480000000,0.00000000000000,37.79810000000001,0,Hardware: Legacy Flip,-0.21470000000000,12.60670000000000,50.04810000000001,0.00000000000000,-37.41430000000000,15.53470000000000,0.00000000000000
ruffle.exe,9152,0x0000000000000000,Other,1,0,0,22.32233270000000,0.00000000000000,24.12790000000000,0,Hardware: Legacy Flip,-0.12520000000000,5.14780000000000,16.66900000000000,0.00000000000000,-11.48370000000000,10.90280000000000,0.00000000000000
ruffle.exe,9152,0x0000000000000000,Other,1,0,0,22.34603810000000,0.00000000000000,23.70540000000000,0,Hardware: Legacy Flip,-0.15940000000000,14.78990000000000,33.34750000000000,0.00000000000000,-18.53360000000000,12.33820000000000,0.00000000000000
ruffle.exe,9152,0x0000000000000000,Other,1,0,0,22.38695350000000,0.00000000000000,40.91540000000001,0,Hardware: Legacy Flip,-0.10390000000000,7.24120000000000,33.36670000000000,0.00000000000000,-26.09510000000000,12.78080000000000,0.00000000000000
ruffle.exe,9152,0x0000000000000000,Other,1,0,0,22.42560720000000,0.00000000000000,38.65370000000000,0,Hardware: Legacy Flip,-0.14550000000000,1.91970000000000,33.33220000000000,0.00000000000000,-31.38620000000000,11.98120000000000,0.00000000000000
ruffle.exe,9152,0x0000000000000000,Other,1,0,0,22.45888520000000,0.00000000000000,33.27800000000000,0,Hardware: Legacy Flip,-0.12370000000000,1.96770000000000,33.32600000000000,0.00000000000000,-31.31390000000000,13.41000000000000,0.00000000000000
ruffle.exe,9152,0x0000000000000000,Other,1,0,0,22.72301470000000,0.00000000000000,264.12950000000001,0,Hardware: Legacy Flip,-0.10480000000000,4.49960000000000,266.66140000000001,0.00000000000000,-262.13190000000003,15.06320000000000,0.00000000000000
ruffle.exe,9152,0x0000000000000000,Other,1,0,0,22.74112730000000,0.00000000000000,18.11260000000000,0,Hardware: Legacy Flip,-0.14840000000000,3.10740000000000,16.72040000000000,0.00000000000000,-13.57690000000000,12.78740000000000,0.00000000000000
ruffle.exe,9152,0x0000000000000000,Other,1,0,0,22.79003440000000,0.00000000000000,48.90710000000000,0,Hardware: Legacy Flip,-0.18050000000000,4.23030000000000,50.03000000000000,0.00000000000000,-45.60120000000001,12.54180000000000,0.00000000000000
ruffle.exe,9152,0x0000000000000000,Other,1,0,0,22.82673630000000,0.00000000000000,36.70190000000000,0,Hardware: Legacy Flip,-0.11850000000000,0.76410000000000,33.23570000000000,0.00000000000000,-32.43420000000000,11.49360000000000,0.00000000000000
ruffle.exe,9152,0x0000000000000000,Other,1,0,0,22.87325490000000,0.00000000000000,46.51860000000000,0,Hardware: Legacy Flip,-0.20950000000000,4.28780000000000,50.04230000000000,0.00000000000000,-45.73900000000000,15.35470000000000,0.00000000000000
ruffle.exe,9152,0x0000000000000000,Other,1,0,0,22.89689060000000,0.00000000000000,23.63570000000000,0,Hardware: Legacy Flip,-0.19320000000000,13.99350000000000,33.34140000000000,0.00000000000000,-19.16720000000000,13.13490000000000,0.00000000000000
ruffle.exe,9152,0x0000000000000000,Other,1,0,0,22.93044290000000,0.00000000000000,33.55230000000000,0,Hardware: Legacy Flip,-0.12960000000000,13.78470000000000,33.34350000000000,0.00000000000000,-19.53080000000000,12.47030000000000,0.00000000000000
ruffle.exe,9152,0x0000000000000000,Other,1,0,0,22.94709520000000,0.00000000000000,16.65230000000000,0,Hardware: Legacy Flip,-0.13300000000000,13.80200000000000,16.66960000000000,0.00000000000000,-12.25270000000000,11.91140000000000,0.00000000000000
ruffle.exe,9152,0x0000000000000000,Other,1,0,0,22.96911340000000,0.00000000000000,22.01820000000000,0,Hardware: Legacy Flip,-0.15210000000000,8.49990000000000,16.71610000000000,0.00000000000000,-12.60230000000000,12.21120000000000,0.00000000000000
ruffle.exe,9152,0x0000000000000000,Other,1,0,0,23.00442640000000,0.00000000000000,35.31300000000000,0,Hardware: Legacy Flip,-0.13380000000000,6.45590000000000,33.26900000000000,0.00000000000000,-26.76900000000000,11.68110000000000,0.00000000000000
ruffle.exe,9152,0x0000000000000000,Other,1,0,0,23.04739120000000,0.00000000000000,42.96480000000000,0,Hardware: Legacy Flip,-0.14440000000000,13.55790000000000,50.06680000000000,0.00000000000000,-36.09630000000000,14.85010000000000,0.00000000000000
ruffle.exe,9152,0x0000000000000000,Other,1,0,0,23.07317280000000,0.00000000000000,25.78160000000000,0,Hardware: Legacy Flip,-0.14990000000000,4.42920000000000,16.65290000000000,0.00000000000000,-13.02820000000000,12.71020000000000,0.00000000000000
ruffle.exe,9152,0x0000000000000000,Other,1,0,0,23.11531050000000,0.00000000000000,42.13770000000000,0,Hardware: Legacy Flip,-0.14150000000000,12.25790000000000,49.96640000000000,0.00000000000000,-37.66930000000000,12.75850000000000,0.00000000000000
ruffle.exe,9152,0x0000000000000000,Other,1,0,0,23.15011710000000,0.00000000000000,34.80660000000000,0,Hardware: Legacy Flip,-0.16140000000000,10.86840000000000,33.41710000000000,0.00000000000000,-22.51610000000000,12.72460000000000,0.00000000000000
ruffle.exe,9152,0x0000000000000000,Other,1,0,0,23.18224630000000,0.00000000000000,32.12920000000000,0,Hardware: Legacy Flip,-0.12710000000000,12.00080000000000,33.26160000000000,0.00000000000000,-21.22810000000000,12.36650000000000,0.00000000000000
ruffle.exe,9152,0x0000000000000000,Other,1,0,0,23.20751510000000,0.00000000000000,25.26880000000000,0,Hardware: Legacy Flip,-0.14360000000000,3.38350000000000,16.65150000000000,0.00000000000000,-13.22810000000000,11.75950000000000,0.00000000000000
ruffle.exe,9152,0x0000000000000000,Other,1,0,0,23.25151640000000,0.00000000000000,44.00130000000000,0,Hardware: Legacy Flip,-0.11530000000000,9.41040000000000,50.02820000000001,0.00000000000000,-40.58640000000000,13.37280000000000,0.00000000000000
ruffle.exe,9152,0x0000000000000000,Other,1,0,0,23.27236610000000,0.00000000000000,20.84970000000000,0,Hardware: Legacy Flip,-0.08110000000000,5.19480000000000,16.63410000000000,0.00000000000000,-12.93130000000000,12.77640000000000,0.00000000000000
ruffle.exe,9152,0x0000000000000000,Other,1,0,0,23.30533820000000,0.00000000000000,32.97210000000000,0,Hardware: Legacy Flip,-0.11700000000000,5.57410000000000,33.35140000000000,0.00000000000000,-27.76070000000000,14.44570000000000,0.00000000000000
ruffle.exe,9152,0x0000000000000000,Other,1,0,0,23.33415750000000,0.00000000000000,28.81930000000000,0,Hardware: Legacy Flip,-0.13490000000000,10.06600000000000,33.31120000000000,0.00000000000000,-23.20210000000000,12.48260000000000,0.00000000000000
ruffle.exe,9152,0x0000000000000000,Other,1,0,0,23.37477600000000,0.00000000000000,40.61850000000000,0,Hardware: Legacy Flip,-0.11290000000000,2.79030000000000,33.34280000000000,0.00000000000000,-30.51570000000000,12.14100000000000,0.00000000000000
ruffle.exe,9152,0x0000000000000000,Other,1,0,0,23.40600480000000,0.00000000000000,31.22880000000000,0,Hardware: Legacy Flip,-0.23790000000000,4.93090000000000,33.36940000000000,0.00000000000000,-28.40500000000000,11.99270000000000,0.00000000000000
ruffle.exe,9152,0x0000000000000000,Other,1,0,0,23.44467360000000,0.00000000000000,38.66880000000000,0,Hardware: Legacy Flip,-0.12950000000000,16.25180000000000,49.98970000000000,0.00000000000000,-33.71200000000000,13.69540000000000,0.00000000000000
ruffle.exe,9152,0x0000000000000000,Other,1,0,0,23.47453370000000,0.00000000000000,29.86010000000000,0,Hardware: Legacy Flip,-0.14210000000000,3.08600000000000,16.69430000000000,0.00000000000000,-13.57950000000000,12.74710000000000,0.00000000000000
ruffle.exe,9152,0x0000000000000000,Other,1,0,0,23.72682770000000,0.00000000000000,252.29400000000001,0,Hardware: Legacy Flip,-0.13970000000000,0.79120000000000,249.99920000000000,0.00000000000000,-249.17550000000000,14.61670000000000,0.00000000000000
ruffle.exe,9152,0x0000000000000000,Other,1,0,0,23.74722210000000,0.00000000000000,20.39440000000000,0,Hardware: Legacy Flip,-0.14100000000000,13.75770000000000,33.36090000000000,0.00000000000000,-19.57570000000000,11.44270000000000,0.00000000000000
ruffle.exe,9152,0x0000000000000000,Other,1,0,0,23.80018860000000,0.00000000000000,52.96650000000000,0,Hardware: Legacy Flip,-0.14970000000000,10.81950000000000,50.02830000000000,0.00000000000000,-39.17920000000000,13.50600000000000,0.00000000000000
ruffle.exe,9152,0x0000000000000000,Other,1,0,0,23.82128020000000,0.00000000000000,21.09160000000000,0,Hardware: Legacy Flip,-0.16040000000000,6.36500000000000,16.63710000000000,0.00000000000000,-11.50850000000000,11.11200000000000,0.00000000000000
ruffle.exe,9152,0x0000000000000000,Other,1,0,0,23.86024220000000,0.00000000000000,38.96200000000000,0,Hardware: Legacy Flip,-0.18280000000000,0.72770000000000,33.32470000000000,0.00000000000000,-32.56650000000000,14.14160000000000,0.00000000000000
ruffle.exe,9152,0x0000000000000000,Other,1,0,0,23.88546860000000,0.00000000000000,25.22640000000000,0,Hardware: Legacy Flip,-0.16770000000000,8.85850000000000,33.35720000000000,0.00000000000000,-24.46600000000000,14.44480000000000,0.00000000000000
ruffle.exe,9152,0x0000000000000000,Other,1,0,0,23.91174820000000,0.00000000000000,26.27960000000000,0,Hardware: Legacy Flip,-0.15770000000000,15.91890000000000,33.34000000000000,0.00000000000000,-17.37420000000000,12.05820000000000,0.00000000000000
ruffle.exe,9152,0x0000000000000000,Other,1,0,0,23.94055460000000,0.00000000000000,28.80640000000000,0,Hardware: Legacy Flip,-0.15120000000000,3.79620000000000,16.68370000000000,0.00000000000000,-12.85880000000000,11.61310000000000,0.00000000000000
ruffle.exe,9152,0x0000000000000000,Other,1,0,0,23.97057280000000,0.00000000000000,30.01820000000000,0,Hardware: Legacy Flip,-0.20340000000000,7.10290000000000,33.32490000000000,0.00000000000000,-26.19360000000000,13.43590000000000,0.00000000000000
ruffle.exe,9152,0x0000000000000000,Other,1,0,0,24.00021000000000,0.00000000000000,29.63720000000000,0,Hardware: Legacy Flip,-0.11640000000000,10.77570000000000,33.31000000000000,0.00000000000000,-22.50490000000000,11.58540000000000,0.00000000000000
ruffle.exe,9152,0x0000000000000000,Other,1,0,0,24.04357660000000,0.00000000000000,43.36660000000001,0,Hardware: Legacy Flip,-0.14670000000000,0.74410000000000,33.33500000000000,0.00000000000000,-32.55590000000000,14.51010000000000,0.00000000000000
ruffle.exe,9152,0x0000000000000000,Other,1,0,0,24.06935260000000,0.00000000000000,25.77600000000000,0,Hardware: Legacy Flip,-0.09450000000000,8.30610000000000,33.33800000000000,0.00000000000000,-24.99870000000000,14.13670000000000,0.00000000000000
ruffle.exe,9152,0x0000000000000000,Other,1,0,0,24.09875780000000,0.00000000000000,29.40520000000000,0,Hardware: Legacy Flip,-0.11500000000000,12.23080000000000,33.32990000000000,0.00000000000000,-21.06680000000000,12.30210000000000,0.00000000000000
ruffle.exe,9152,0x0000000000000000,Other,1,0,0,24.12954470000000,0.00000000000000,30.78690000000000,0,Hardware: Legacy Flip,-0.12170000000000,14.78200000000000,33.33810000000000,0.00000000000000,-18.52280000000000,11.50270000000000,0.00000000000000
ruffle.exe,9152,0x0000000000000000,Other,1,0,0,24.19188940000000,0.00000000000000,62.34470000000000,0,Hardware: Legacy Flip,-0.16820000000000,2.44000000000000,50.00270000000000,0.00000000000000,-47.52960000000000,13.77680000000000,0.00000000000000
ruffle.exe,9152,0x0000000000000000,Other,1,0,0,24.20760170000000,0.00000000000000,15.71230000000000,0,Hardware: Legacy Flip,-0.11680000000000,3.38660000000000,16.65890000000000,0.00000000000000,-13.21630000000000,11.24140000000000,0.00000000000000
ruffle.exe,9152,0x0000000000000000,Other,1,0,0,24.23945080000000,0.00000000000000,31.84910000000000,0,Hardware: Legacy Flip,-0.13450000000000,4.87320000000000,33.33570000000000,0.00000000000000,-28.43100000000000,12.80140000000000,0.00000000000000
ruffle.exe,9152,0x0000000000000000,Other,1,0,0,24.27530440000000,0.00000000000000,35.85360000000000,0,Hardware: Legacy Flip,-0.17710000000000,2.36430000000000,33.34470000000000,0.00000000000000,-30.95280000000000,14.23780000000000,0.00000000000000
ruffle.exe,9152,0x0000000000000000,Other,1,0,0,24.31419230000000,0.00000000000000,38.88790000000000,0,Hardware: Legacy Flip,-0.12910000000000,13.55020000000000,50.07380000000001,0.00000000000000,-36.49130000000000,14.31770000000000,0.00000000000000
ruffle.exe,9152,0x0000000000000000,Other,1,0,0,24.33270770000000,0.00000000000000,18.51540000000000,0,Hardware: Legacy Flip,-0.14420000000000,11.66140000000000,16.62660000000000,0.00000000000000,-11.64380000000000,11.33530000000000,0.00000000000000
ruffle.exe,9152,0x0000000000000000,Other,1,0,0,24.36682330000000,0.00000000000000,34.11560000000000,0,Hardware: Legacy Flip,-0.17030000000000,10.85270000000000,33.30690000000000,0.00000000000000,-21.02260000000000,12.95800000000000,0.00000000000000
ruffle.exe,9152,0x0000000000000000,Other,1,0,0,24.39913990000000,0.00000000000000,32.31660000000000,0,Hardware: Legacy Flip,-0.15380000000000,11.85990000000000,33.32380000000000,0.00000000000000,-21.41770000000000,11.34780000000000,0.00000000000000
ruffle.exe,9152,0x0000000000000000,Other,1,0,0,24.43502820000000,0.00000000000000,35.88830000000000,0,Hardware: Legacy Flip,-0.17690000000000,9.39180000000000,33.42020000000000,0.00000000000000,-23.99590000000000,12.87180000000000,0.00000000000000
ruffle.exe,9152,0x0000000000000000,Other,1,0,0,24.47589440000000,0.00000000000000,40.86620000000000,0,Hardware: Legacy Flip,-0.13830000000000,1.80870000000000,33.28310000000000,0.00000000000000,-31.41210000000000,14.14960000000000,0.00000000000000
ruffle.exe,9152,0x0000000000000000,Other,1,0,0,24.65979430000000,0.00000000000000,183.89990000000000,0,Hardware: Legacy Flip,-0.11830000000000,1.23990000000000,183.33110000000002,0.00000000000000,-182.05080000000001,13.13540000000000,0.00000000000000
ruffle.exe,9152,0x0000000000000000,Other,1,0,0,24.69947330000000,0.00000000000000,39.67900000000000,0,Hardware: Legacy Flip,-0.14220000000000,11.60010000000000,50.03920000000000,0.00000000000000,-38.41340000000000,13.09160000000000,0.00000000000000
ruffle.exe,9152,0x0000000000000000,Other,1,0,0,24.74076860000000,0.00000000000000,41.29530000000000,0,Hardware: Legacy Flip,-0.15530000000000,3.58520000000000,33.28040000000000,0.00000000000000,-29.66370000000000,11.30490000000000,0.00000000000000
ruffle.exe,9152,0x0000000000000000,Other,1,0,0,24.76670870000000,0.00000000000000,25.94010000000000,0,Hardware: Legacy Flip,-0.13780000000000,11.03030000000000,33.38520000000000,0.00000000000000,-22.32390000000000,12.91700000000000,0.00000000000000
ruffle.exe,9152,0x0000000000000000,Other,1,0,0,24.79430850000000,0.00000000000000,27.59980000000000,0,Hardware: Legacy Flip,-0.14900000000000,16.74860000000000,33.31810000000000,0.00000000000000,-16.52780000000000,12.26720000000000,0.00000000000000
ruffle.exe,9152,0x0000000000000000,Other,1,0,0,24.83129970000000,0.00000000000000,36.99120000000000,0,Hardware: Legacy Flip,-0.17030000000000,13.13970000000000,33.38230000000000,0.00000000000000,-20.18970000000000,14.14270000000000,0.00000000000000
ruffle.exe,9152,0x0000000000000000,Other,1,0,0,24.86513370000000,0.00000000000000,33.83400000000000,0,Hardware: Legacy Flip,-0.12840000000000,12.60200000000000,33.29630000000000,0.00000000000000,-20.65820000000000,14.10010000000000,0.00000000000000
ruffle.exe,9152,0x0000000000000000,Other,1,0,0,24.89909650000000,0.00000000000000,33.96280000000000,0,Hardware: Legacy Flip,-0.14970000000000,11.95880000000000,33.31960000000000,0.00000000000000,-21.33110000000000,12.99270000000000,0.00000000000000
ruffle.exe,9152,0x0000000000000000,Other,1,0,0,24.92378500000000,0.00000000000000,24.68850000000000,0,Hardware: Legacy Flip,-0.11760000000000,3.95670000000000,16.68640000000000,0.00000000000000,-12.69760000000000,11.16460000000000,0.00000000000000
ruffle.exe,9152,0x0000000000000000,Other,1,0,0,24.98898880000000,0.00000000000000,65.20380000000000,0,Hardware: Legacy Flip,-0.14110000000000,5.42240000000000,66.66950000000000,0.00000000000000,-61.22490000000001,13.92650000000000,0.00000000000000
ruffle.exe,9152,0x0000000000000000,Other,1,0,0,25.02073890000000,0.00000000000000,31.75010000000000,0,Hardware: Legacy Flip,-0.19870000000000,7.01060000000000,33.33830000000000,0.00000000000000,-26.30040000000000,11.51420000000000,0.00000000000000
ruffle.exe,9152,0x0000000000000000,Other,1,0,0,25.06011520000000,0.00000000000000,39.37630000000000,0,Hardware: Legacy Flip,-0.13850000000000,0.93220000000000,33.29790000000000,0.00000000000000,-32.33090000000000,14.20930000000000,0.00000000000000
ruffle.exe,9152,0x0000000000000000,Other,1,0,0,25.10426490000000,0.00000000000000,44.14970000000000,0,Hardware: Legacy Flip,-0.13020000000000,6.87070000000000,50.08820000000000,0.00000000000000,-43.18620000000000,14.33040000000000,0.00000000000000
ruffle.exe,9152,0x0000000000000000,Other,1,0,0,25.14767650000000,0.00000000000000,43.41160000000000,0,Hardware: Legacy Flip,-0.11180000000000,13.40310000000000,49.94400000000000,0.00000000000000,-36.50960000000000,12.74670000000000,0.00000000000000
ruffle.exe,9152,0x0000000000000000,Other,1,0,0,25.16949130000000,0.00000000000000,21.81480000000000,0,Hardware: Legacy Flip,-0.08950000000000,8.27950000000000,16.69120000000000,0.00000000000000,-13.07200000000000,12.85180000000000,0.00000000000000
ruffle.exe,9152,0x0000000000000000,Other,1,0,0,25.18981820000000,0.00000000000000,20.32690000000000,0,Hardware: Legacy Flip,-0.15210000000000,4.62600000000000,16.67340000000000,0.00000000000000,-11.56560000000000,11.10960000000000,0.00000000000000
ruffle.exe,9152,0x0000000000000000,Other,1,0,0,25.22275830000000,0.00000000000000,32.94010000000000,0,Hardware: Legacy Flip,-0.12460000000000,5.02620000000000,33.34030000000000,0.00000000000000,-28.27550000000000,12.02190000000000,0.00000000000000
ruffle.exe,9152,0x0000000000000000,Other,1,0,0,25.25509800000000,0.00000000000000,32.33970000000000,0,Hardware: Legacy Flip,-0.14380000000000,5.99780000000000,33.31130000000000,0.00000000000000,-27.27000000000000,14.58880000000000,0.00000000000000
ruffle.exe,9152,0x0000000000000000,Other,1,0,0,25.29240300000000,0.00000000000000,37.30500000000000,0,Hardware: Legacy Flip,-0.12050000000000,2.00150000000000,33.30870000000000,0.00000000000000,-31.27860000000000,14.14720000000000,0.00000000000000
ruffle.exe,9152,0x0000000000000000,Other,1,0,0,25.31956400000000,0.00000000000000,27.16100000000000,0,Hardware: Legacy Flip,-0.10530000000000,8.19840000000000,33.35790000000000,0.00000000000000,-25.13000000000000,11.37640000000000,0.00000000000000
ruffle.exe,9152,0x0000000000000000,Other,1,0,0,25.35098670000000,0.00000000000000,31.42270000000000,0,Hardware: Legacy Flip,-0.10220000000000,10.14040000000000,33.36470000000000,0.00000000000000,-23.19740000000000,13.57760000000000,0.00000000000000
ruffle.exe,9152,0x0000000000000000,Other,1,0,0,25.39618490000000,0.00000000000000,45.19820000000000,0,Hardware: Legacy Flip,-0.12810000000000,14.91120000000000,49.96900000000000,0.00000000000000,-35.02990000000000,11.73790000000000,0.00000000000000
ruffle.exe,9152,0x0000000000000000,Other,1,0,0,25.42630700000000,0.00000000000000,30.12210000000000,0,Hardware: Legacy Flip,-0.16890000000000,1.45180000000000,16.66270000000000,0.00000000000000,-15.17720000000000,12.32150000000000,0.00000000000000
ruffle.exe,9152,0x0000000000000000,Other,1,0,0,25.45873260000000,0.00000000000000,32.42560000000000,0,Hardware: Legacy Flip,-0.11400000000000,2.35690000000000,33.33070000000000,0.00000000000000,-30.93020000000000,14.48790000000000,0.00000000000000
ruffle.exe,9152,0x0000000000000000,Other,1,0,0,25.65753460000000,0.00000000000000,198.80200000000002,0,Hardware: Legacy Flip,0.22850000000000,3.62780000000000,200.07290000000000,0.00000000000000,-196.42280000000002,14.87100000000000,0.00000000000000
ruffle.exe,9152,0x0000000000000000,Other,1,0,0,25.66875140000000,0.00000000000000,11.21680000000000,0,Hardware: Legacy Flip,-0.13180000000000,9.05500000000000,16.64400000000000,0.00000000000000,-10.98830000000000,10.63670000000000,0.00000000000000
ruffle.exe,9152,0x0000000000000000,Other,1,0,0,25.71928340000000,0.00000000000000,50.53200000000000,0,Hardware: Legacy Flip,-0.17400000000000,8.54510000000000,50.02210000000000,0.00000000000000,-41.45000000000000,12.28800000000000,0.00000000000000
ruffle.exe,9152,0x0000000000000000,Other,1,0,0,25.74320170000000,0.00000000000000,23.91830000000000,0,Hardware: Legacy Flip,-0.10800000000000,1.25270000000000,16.62590000000000,0.00000000000000,-13.53910000000000,11.95060000000000,0.00000000000000
ruffle.exe,9152,0x0000000000000000,Other,1,0,0,25.78175200000000,0.00000000000000,38.55030000000000,0,Hardware: Legacy Flip,-0.12090000000000,12.78950000000000,50.08710000000000,0.00000000000000,-37.26720000000000,14.47600000000000,0.00000000000000
ruffle.exe,9152,0x0000000000000000,Other,1,0,0,25.80389790000000,0.00000000000000,22.14590000000000,0,Hardware: Legacy Flip,-0.14060000000000,7.29350000000000,16.64990000000000,0.00000000000000,-13.10600000000000,12.80220000000000,0.00000000000000
ruffle.exe,9152,0x0000000000000000,Other,1,0,0,25.83777440000000,0.00000000000000,33.87650000000000,0,Hardware: Legacy Flip,-0.12140000000000,6.64050000000000,33.22350000000000,0.00000000000000,-26.55440000000000,13.08880000000000,0.00000000000000
ruffle.exe,9152,0x0000000000000000,Other,1,0,0,25.86884910000000,0.00000000000000,31.07470000000000,0,Hardware: Legacy Flip,-0.12500000000000,8.96270000000000,33.39690000000000,0.00000000000000,-24.41220000000000,11.70400000000000,0.00000000000000
ruffle.exe,9152,0x0000000000000000,Other,1,0,0,25.90816160000000,0.00000000000000,39.31250000000000,0,Hardware: Legacy Flip,-0.13190000000000,3.05110000000000,33.40090000000000,0.00000000000000,-30.31650000000000,12.34210000000000,0.00000000000000
ruffle.exe,9152,0x0000000000000000,Other,1,0,0,25.94140980000000,0.00000000000000,33.24820000000000,0,Hardware: Legacy Flip,-0.13040000000000,3.06330000000000,33.26040000000000,0.00000000000000,-30.16590000000000,12.42870000000000,0.00000000000000
ruffle.exe,9152,0x0000000000000000,Other,1,0,0,25.97149210000000,0.00000000000000,30.08230000000000,0,Hardware: Legacy Flip,-0.10610000000000,6.31810000000000,33.33710000000000,0.00000000000000,-26.98710000000000,14.24070000000000,0.00000000000000
ruffle.exe,9152,0x0000000000000000,Other,1,0,0,26.01187880000000,0.00000000000000,40.38670000000000,0,Hardware: Legacy Flip,-0.15640000000000,15.95350000000000,50.02210000000000,0.00000000000000,-34.04730000000000,13.27670000000000,0.00000000000000
ruffle.exe,9152,0x0000000000000000,Other,1,0,0,26.04537720000000,0.00000000000000,33.49840000000000,0,Hardware: Legacy Flip,-0.17810000000000,15.81380000000000,33.35870000000000,0.00000000000000,-17.49640000000000,13.25250000000000,0.00000000000000
ruffle.exe,9152,0x0000000000000000,Other,1,0,0,26.06551680000000,0.00000000000000,20.13960000000000,0,Hardware: Legacy Flip,-0.11020000000000,12.33820000000000,16.66400000000000,0.00000000000000,-11.50210000000000,11.25480000000000,0.00000000000000
ruffle.exe,9152,0x0000000000000000,Other,1,0,0,26.10317650000000,0.00000000000000,37.65970000000000,0,Hardware: Legacy Flip,-0.15210000000000,7.99970000000000,33.32120000000000,0.00000000000000,-25.28180000000000,12.71780000000000,0.00000000000000
ruffle.exe,9152,0x0000000000000000,Other,1,0,0,26.15156220000000,0.00000000000000,48.38570000000000,0,Hardware: Legacy Flip,-0.13760000000000,9.63640000000000,50.02240000000000,0.00000000000000,-40.21190000000000,12.28480000000000,0.00000000000000
ruffle.exe,9152,0x0000000000000000,Other,1,0,0,26.16906980000000,0.00000000000000,17.50760000000000,0,Hardware: Legacy Flip,-0.11860000000000,8.80150000000000,16.67270000000000,0.00000000000000,-12.46890000000000,12.13780000000000,0.00000000000000
ruffle.exe,9152,0x0000000000000000,Other,1,0,0,26.21433840000000,0.00000000000000,45.26860000000000,0,Hardware: Legacy Flip,-0.09530000000000,13.48950000000000,49.95660000000000,0.00000000000000,-36.43830000000001,13.25160000000000,0.00000000000000
ruffle.exe,9152,0x0000000000000000,Other,1,0,0,26.24124040000000,0.00000000000000,26.90200000000000,0,Hardware: Legacy Flip,-0.12340000000000,3.26010000000000,16.67260000000000,0.00000000000000,-17.93280000000000,14.54440000000000,0.00000000000000
ruffle.exe,9152,0x0000000000000000,Other,1,0,0,26.26845540000000,0.00000000000000,27.21500000000000,0,Hardware: Legacy Flip,-0.13450000000000,9.36850000000000,33.32340000000000,0.00000000000000,-23.91500000000000,11.56100000000000,0.00000000000000
ruffle.exe,9152,0x0000000000000000,Other,1,0,0,26.31377660000000,0.00000000000000,45.32120000000000,0,Hardware: Legacy Flip,-0.11170000000000,14.10740000000000,50.06010000000001,0.00000000000000,-35.92420000000000,12.79960000000000,0.00000000000000
ruffle.exe,9152,0x0000000000000000,Other,1,0,0,26.33478670000000,0.00000000000000,21.01010000000000,0,Hardware: Legacy Flip,-0.08970000000000,9.72330000000000,16.62600000000000,0.00000000000000,-11.71540000000000,11.51440000000000,0.00000000000000
ruffle.exe,9152,0x0000000000000000,Other,1,0,0,26.37423240000000,0.00000000000000,39.44570000000000,0,Hardware: Legacy Flip,-0.10170000000000,3.61440000000000,33.33680000000000,0.00000000000000,-29.68970000000000,12.50000000000000,0.00000000000000
ruffle.exe,9152,0x0000000000000000,Other,1,0,0,26.40670410000000,0.00000000000000,32.47170000000000,0,Hardware: Legacy Flip,-0.14800000000000,4.45410000000000,33.31140000000000,0.00000000000000,-28.83840000000000,13.40640000000000,0.00000000000000
ruffle.exe,9152,0x0000000000000000,Other,1,0,0,26.44260660000000,0.00000000000000,35.90250000000000,0,Hardware: Legacy Flip,-0.16770000000000,1.93730000000000,33.38570000000000,0.00000000000000,-29.91680000000000,15.16850000000000,0.00000000000000
ruffle.exe,9152,0x0000000000000000,Other,1,0,0,26.47848060000000,0.00000000000000,35.87400000000000,0,Hardware: Legacy Flip,-0.18390000000000,16.05920000000000,49.99590000000000,0.00000000000000,-33.90400000000000,11.63380000000000,0.00000000000000
ruffle.exe,9152,0x0000000000000000,Other,1,0,0,26.70724030000000,0.00000000000000,228.75970000000001,0,Hardware: Legacy Flip,-0.16650000000000,4.07310000000000,216.77360000000002,0.00000000000000,-212.66380000000001,14.37900000000000,0.00000000000000
ruffle.exe,9152,0x0000000000000000,Other,1,0,0,26.72079940000000,0.00000000000000,13.55910000000000,0,Hardware: Legacy Flip,-0.16350000000000,7.10020000000000,16.58620000000000,0.00000000000000,-11.91640000000000,11.54350000000000,0.00000000000000
ruffle.exe,9152,0x0000000000000000,Other,1,0,0,26.75010230000000,0.00000000000000,29.30290000000000,0,Hardware: Legacy Flip,-0.10910000000000,11.11000000000000,33.31270000000000,0.00000000000000,-22.15030000000000,14.94660000000000,0.00000000000000
ruffle.exe,9152,0x0000000000000000,Other,1,0,0,26.77627130000000,0.00000000000000,26.16900000000000,0,Hardware: Legacy Flip,-0.13260000000000,1.62630000000000,16.68530000000000,0.00000000000000,-15.02160000000000,13.44790000000000,0.00000000000000
ruffle.exe,9152,0x0000000000000000,Other,1,0,0,26.81262120000000,0.00000000000000,36.34990000000001,0,Hardware: Legacy Flip,-0.14000000000000,15.26130000000000,49.98490000000000,0.00000000000000,-34.69380000000000,12.66210000000000,0.00000000000000
ruffle.exe,9152,0x0000000000000000,Other,1,0,0,26.84523820000000,0.00000000000000,32.61700000000000,0,Hardware: Legacy Flip,-0.10600000000000,15.99250000000000,33.34820000000000,0.00000000000000,-17.32410000000000,12.23020000000000,0.00000000000000
ruffle.exe,9152,0x0000000000000000,Other,1,0,0,26.87994250000000,0.00000000000000,34.70430000000000,0,Hardware: Legacy Flip,-0.12220000000000,14.65280000000000,33.36460000000000,0.00000000000000,-18.67560000000000,12.49640000000000,0.00000000000000
ruffle.exe,9152,0x0000000000000000,Other,1,0,0,26.92711780000000,0.00000000000000,47.17530000000000,0,Hardware: Legacy Flip,-0.10020000000000,0.75170000000000,33.27420000000000,0.00000000000000,-32.49260000000000,11.38020000000000,0.00000000000000
ruffle.exe,9152,0x0000000000000000,Other,1,0,0,26.95407020000000,0.00000000000000,26.95240000000000,0,Hardware: Legacy Flip,-0.11400000000000,7.17570000000000,33.37640000000000,0.00000000000000,-26.17110000000000,14.88930000000000,0.00000000000000
ruffle.exe,9152,0x0000000000000000,Other,1,0,0,26.97953950000000,0.00000000000000,25.46930000000000,0,Hardware: Legacy Flip,-0.12950000000000,15.04740000000000,33.34100000000000,0.00000000000000,-18.26860000000000,13.26650000000000,0.00000000000000
ruffle.exe,9152,0x0000000000000000,Other,1,0,0,27.01669550000000,0.00000000000000,37.15600000000000,0,Hardware: Legacy Flip,-0.15200000000000,11.20510000000000,33.31370000000000,0.00000000000000,-22.07420000000000,12.58400000000000,0.00000000000000
ruffle.exe,9152,0x0000000000000000,Other,1,0,0,27.04819650000000,0.00000000000000,31.50100000000000,0,Hardware: Legacy Flip,-0.15460000000000,13.06090000000000,33.35680000000000,0.00000000000000,-20.26300000000000,12.30150000000000,0.00000000000000
ruffle.exe,9152,0x0000000000000000,Other,1,0,0,27.10177970000000,0.00000000000000,53.58320000000001,0,Hardware: Legacy Flip,-0.17320000000000,9.49720000000000,50.01950000000000,0.00000000000000,-40.48460000000000,13.12850000000000,0.00000000000000
ruffle.exe,9152,0x0000000000000000,Other,1,0,0,27.13827780000000,0.00000000000000,36.49810000000000,0,Hardware: Legacy Flip,-0.16950000000000,6.37120000000000,33.37210000000000,0.00000000000000,-26.96960000000000,11.36050000000000,0.00000000000000
ruffle.exe,9152,0x0000000000000000,Other,1,0,0,27.17923300000000,0.00000000000000,40.95520000000000,0,Hardware: Legacy Flip,-0.15240000000000,15.39140000000000,49.97540000000000,0.00000000000000,-34.55100000000000,13.20940000000000,0.00000000000000
ruffle.exe,9152,0x0000000000000000,Other,1,0,0,27.21672960000000,0.00000000000000,37.49660000000000,0,Hardware: Legacy Flip,-0.13690000000000,11.20430000000000,33.30950000000000,0.00000000000000,-22.03470000000000,13.74200000000000,0.00000000000000
ruffle.exe,9152,0x0000000000000000,Other,1,0,0,27.25353760000000,0.00000000000000,36.80800000000000,0,Hardware: Legacy Flip,-0.17950000000000,7.73880000000000,33.34250000000000,0.00000000000000,-25.55600000000000,14.42790000000000,0.00000000000000
ruffle.exe,9152,0x0000000000000000,Other,1,0,0,27.30037290000000,0.00000000000000,46.83530000000000,0,Hardware: Legacy Flip,-0.15650000000000,10.92410000000000,50.02060000000000,0.00000000000000,-39.05330000000000,12.27360000000000,0.00000000000000
ruffle.exe,9152,0x0000000000000000,Other,1,0,0,27.35599210000000,0.00000000000000,55.61920000000000,0,Hardware: Legacy Flip,-0.17170000000000,5.29620000000000,49.99130000000000,0.00000000000000,-44.64620000000000,13.21980000000000,0.00000000000000
ruffle.exe,9152,0x0000000000000000,Other,1,0,0,27.38845080000000,0.00000000000000,32.45870000000000,0,Hardware: Legacy Flip,-0.15290000000000,6.16570000000000,33.32820000000000,0.00000000000000,-27.12110000000000,13.29190000000000,0.00000000000000
ruffle.exe,9152,0x0000000000000000,Other,1,0,0,27.42630720000000,0.00000000000000,37.85640000000000,0,Hardware: Legacy Flip,-0.21170000000000,1.62830000000000,33.31900000000000,0.00000000000000,-31.65710000000000,14.18370000000000,0.00000000000000
ruffle.exe,9152,0x0000000000000000,Other,1,0,0,27.46271230000000,0.00000000000000,36.40510000000000,0,Hardware: Legacy Flip,-0.17410000000000,15.26860000000000,50.04540000000000,0.00000000000000,-34.74030000000000,14.24430000000000,0.00000000000000
ruffle.exe,9152,0x0000000000000000,Other,1,0,0,27.77290160000000,0.00000000000000,310.18930000000000,0,Hardware: Legacy Flip,-0.23080000000000,5.09500000000000,300.01570000000004,0.00000000000000,-294.88330000000002,12.49940000000000,0.00000000000000
ruffle.exe,9152,0x0000000000000000,Other,1,0,0,27.82103870000000,0.00000000000000,48.13710000000000,0,Hardware: Legacy Flip,-0.17440000000000,6.98980000000000,50.03190000000000,0.00000000000000,-43.00340000000000,13.36630000000000,0.00000000000000
ruffle.exe,9152,0x0000000000000000,Other,1,0,0,27.86255300000000,0.00000000000000,41.51430000000000,0,Hardware: Legacy Flip,-0.14390000000000,15.48460000000000,50.00910000000000,0.00000000000000,-34.48320000000000,13.25190000000000,0.00000000000000
ruffle.exe,9152,0x0000000000000000,Other,1,0,0,27.89462780000000,0.00000000000000,32.07480000000000,0,Hardware: Legacy Flip,-0.16980000000000,16.70430000000000,33.29450000000000,0.00000000000000,-16.56200000000000,12.15060000000000,0.00000000000000
ruffle.exe,9152,0x0000000000000000,Other,1,0,0,27.93516160000000,0.00000000000000,40.53380000000000,0,Hardware: Legacy Flip,-0.17480000000000,9.52570000000000,33.35520000000000,0.00000000000000,-23.79210000000000,14.32350000000000,0.00000000000000
ruffle.exe,9152,0x0000000000000000,Other,1,0,0,27.97034210000000,0.00000000000000,35.18050000000000,0,Hardware: Legacy Flip,-0.19340000000000,7.67970000000000,33.33450000000000,0.00000000000000,-25.62380000000000,14.13010000000000,0.00000000000000
ruffle.exe,9152,0x0000000000000000,Other,1,0,0,27.99942230000000,0.00000000000000,29.08020000000000,0,Hardware: Legacy Flip,-0.16660000000000,11.96800000000000,33.36850000000000,0.00000000000000,-20.70190000000000,12.73940000000000,0.00000000000000
ruffle.exe,9152,0x0000000000000000,Other,1,0,0,28.02052150000000,0.00000000000000,21.09920000000000,0,Hardware: Legacy Flip,-0.13040000000000,7.46590000000000,16.59710000000000,0.00000000000000,-11.06630000000000,10.75760000000000,0.00000000000000
ruffle.exe,9152,0x0000000000000000,Other,1,0,0,28.05184380000000,0.00000000000000,31.32230000000000,0,Hardware: Legacy Flip,-0.13140000000000,9.50210000000000,33.35850000000000,0.00000000000000,-23.81220000000000,13.23430000000000,0.00000000000000
ruffle.exe,9152,0x0000000000000000,Other,1,0,0,28.08002820000000,0.00000000000000,28.18440000000000,0,Hardware: Legacy Flip,-0.20450000000000,14.65930000000000,33.34160000000000,0.00000000000000,-18.64590000000000,11.96270000000000,0.00000000000000
ruffle.exe,9152,0x0000000000000000,Other,1,0,0,28.10639710000000,0.00000000000000,26.36890000000000,0,Hardware: Legacy Flip,-0.13780000000000,4.93650000000000,16.64610000000000,0.00000000000000,-13.83770000000000,13.44580000000000,0.00000000000000
ruffle.exe,9152,0x0000000000000000,Other,1,0,0,28.13070040000000,0.00000000000000,24.30330000000000,0,Hardware: Legacy Flip,-0.18970000000000,13.97810000000000,33.34490000000000,0.00000000000000,-19.33420000000000,14.24240000000000,0.00000000000000
ruffle.exe,9152,0x0000000000000000,Other,1,0,0,28.17051830000000,0.00000000000000,39.81790000000000,0,Hardware: Legacy Flip,-0.20050000000000,7.48170000000000,33.32150000000000,0.00000000000000,-25.79530000000000,13.25400000000000,0.00000000000000
ruffle.exe,9152,0x0000000000000000,Other,1,0,0,28.20514070000000,0.00000000000000,34.62240000000000,0,Hardware: Legacy Flip,-0.12090000000000,6.80120000000000,33.94190000000000,0.00000000000000,-27.09550000000000,11.11110000000000,0.00000000000000
ruffle.exe,9152,0x0000000000000000,Other,1,0,0,28.24248460000000,0.00000000000000,37.34390000000000,0,Hardware: Legacy Flip,-0.14700000000000,2.18340000000000,32.72610000000000,0.00000000000000,-30.49980000000000,13.30440000000000,0.00000000000000
ruffle.exe,9152,0x0000000000000000,Other,1,0,0,28.26657380000000,0.00000000000000,24.08920000000000,0,Hardware: Legacy Flip,-0.19760000000000,11.52700000000000,33.43280000000000,0.00000000000000,-21.87780000000000,11.86160000000000,0.00000000000000
ruffle.exe,9152,0x0000000000000000,Other,1,0,0,28.30161850000000,0.00000000000000,35.04470000000000,0,Hardware: Legacy Flip,-0.12380000000000,9.77600000000000,33.29370000000000,0.00000000000000,-23.48940000000000,11.88580000000000,0.00000000000000
ruffle.exe,9152,0x0000000000000000,Other,1,0,0,28.33626460000000,0.00000000000000,34.64610000000000,0,Hardware: Legacy Flip,-0.11560000000000,8.44070000000000,33.31080000000000,0.00000000000000,-24.83660000000000,14.44830000000000,0.00000000000000
ruffle.exe,9152,0x0000000000000000,Other,1,0,0,28.37798500000000,0.00000000000000,41.72040000000001,0,Hardware: Legacy Flip,-0.12580000000000,16.73700000000000,50.01670000000000,0.00000000000000,-33.24200000000000,14.48220000000000,0.00000000000000
ruffle.exe,9152,0x0000000000000000,Other,1,0,0,28.40511180000000,0.00000000000000,27.12680000000000,0,Hardware: Legacy Flip,-0.11960000000000,6.26330000000000,16.65310000000000,0.00000000000000,-13.93480000000000,10.59000000000000,0.00000000000000
ruffle.exe,9152,0x0000000000000000,Other,1,0,0,28.43123090000000,0.00000000000000,26.11910000000000,0,Hardware: Legacy Flip,-0.16430000000000,13.47350000000000,33.32930000000000,0.00000000000000,-19.82020000000000,13.68580000000000,0.00000000000000
ruffle.exe,9152,0x0000000000000000,Other,1,0,0,28.46286130000000,0.00000000000000,31.63040000000000,0,Hardware: Legacy Flip,-0.09710000000000,15.17400000000000,33.33090000000000,0.00000000000000,-18.12620000000000,11.69780000000000,0.00000000000000
ruffle.exe,9152,0x0000000000000000,Other,1,0,0,28.70062150000000,0.00000000000000,237.76020000000000,0,Hardware: Legacy Flip,-0.09630000000000,10.75400000000000,233.34020000000001,0.00000000000000,-222.55870000000002,16.20200000000000,0.00000000000000
ruffle.exe,9152,0x0000000000000000,Other,1,0,0,28.72689730000000,0.00000000000000,26.27580000000000,0,Hardware: Legacy Flip,-0.14600000000000,1.12700000000000,16.64880000000000,0.00000000000000,-15.49290000000000,14.44190000000000,0.00000000000000
ruffle.exe,9152,0x0000000000000000,Other,1,0,0,28.75408800000000,0.00000000000000,27.19070000000000,0,Hardware: Legacy Flip,-0.12160000000000,7.28660000000000,33.35030000000000,0.00000000000000,-26.03680000000000,11.27810000000000,0.00000000000000
ruffle.exe,9152,0x0000000000000000,Other,1,0,0,28.78461740000000,0.00000000000000,30.52940000000000,0,Hardware: Legacy Flip,-0.12260000000000,10.12460000000000,33.36740000000000,0.00000000000000,-23.20800000000000,13.35660000000000,0.00000000000000
ruffle.exe,9152,0x0000000000000000,Other,1,0,0,28.81443070000000,0.00000000000000,29.81330000000000,0,Hardware: Legacy Flip,-0.12900000000000,13.67430000000000,33.36300000000000,0.00000000000000,-19.65650000000000,11.94690000000000,0.00000000000000
ruffle.exe,9152,0x0000000000000000,Other,1,0,0,28.86598440000000,0.00000000000000,51.55370000000000,0,Hardware: Legacy Flip,-0.12060000000000,12.04840000000000,49.92780000000000,0.00000000000000,-37.84890000000000,12.47440000000000,0.00000000000000
ruffle.exe,9152,0x0000000000000000,Other,1,0,0,28.89370770000000,0.00000000000000,27.72330000000000,0,Hardware: Legacy Flip,-0.15520000000000,1.01610000000000,16.69100000000000,0.00000000000000,-12.49150000000000,11.94650000000000,0.00000000000000
ruffle.exe,9152,0x0000000000000000,Other,1,0,0,28.92988700000000,0.00000000000000,36.17930000000000,0,Hardware: Legacy Flip,-0.15910000000000,14.90380000000000,50.06700000000000,0.00000000000000,-35.13260000000000,14.58830000000000,0.00000000000000
ruffle.exe,9152,0x0000000000000000,Other,1,0,0,28.95652170000000,0.00000000000000,26.63470000000000,0,Hardware: Legacy Flip,-0.12910000000000,4.89060000000000,16.62150000000000,0.00000000000000,-12.79210000000000,12.46850000000000,0.00000000000000
ruffle.exe,9152,0x0000000000000000,Other,1,0,0,28.99930340000000,0.00000000000000,42.78170000000000,0,Hardware: Legacy Flip,-0.11690000000000,12.10130000000000,49.99240000000000,0.00000000000000,-37.85530000000000,13.55780000000000,0.00000000000000
ruffle.exe,9152,0x0000000000000000,Other,1,0,0,29.02510620000000,0.00000000000000,25.80280000000000,0,Hardware: Legacy Flip,-0.14390000000000,2.99010000000000,16.69160000000000,0.00000000000000,-13.66070000000000,11.81430000000000,0.00000000000000
ruffle.exe,9152,0x0000000000000000,Other,1,0,0,29.05746000000000,0.00000000000000,32.35380000000000,0,Hardware: Legacy Flip,-0.12540000000000,3.95160000000000,33.31530000000000,0.00000000000000,-29.31950000000000,12.00900000000000,0.00000000000000
ruffle.exe,9152,0x0000000000000000,Other,1,0,0,29.08733710000000,0.00000000000000,29.87710000000000,0,Hardware: Legacy Flip,-0.12830000000000,7.42320000000000,33.34870000000000,0.00000000000000,-25.88540000000000,12.27720000000000,0.00000000000000
ruffle.exe,9152,0x0000000000000000,Other,1,0,0,29.12589450000000,0.00000000000000,38.55740000000000,0,Hardware: Legacy Flip,-0.09510000000000,2.19090000000000,33.32510000000000,0.00000000000000,-31.10850000000000,14.35460000000000,0.00000000000000
ruffle.exe,9152,0x0000000000000000,Other,1,0,0,29.15374410000000,0.00000000000000,27.84960000000000,0,Hardware: Legacy Flip,-0.10380000000000,7.68220000000000,33.34090000000000,0.00000000000000,-25.62330000000000,13.11110000000000,0.00000000000000
ruffle.exe,9152,0x0000000000000000,Other,1,0,0,29.18789900000000,0.00000000000000,34.15490000000000,0,Hardware: Legacy Flip,-0.16790000000000,6.87410000000000,33.34680000000000,0.00000000000000,-26.44980000000000,13.48950000000000,0.00000000000000
ruffle.exe,9152,0x0000000000000000,Other,1,0,0,29.22416440000000,0.00000000000000,36.26540000000000,0,Hardware: Legacy Flip,-0.16420000000000,3.94090000000000,33.33220000000000,0.00000000000000,-29.36260000000000,11.85920000000000,0.00000000000000
ruffle.exe,9152,0x0000000000000000,Other,1,0,0,29.25739890000000,0.00000000000000,33.23450000000000,0,Hardware: Legacy Flip,-0.15250000000000,4.05650000000000,33.35010000000000,0.00000000000000,-29.25840000000000,12.01360000000000,0.00000000000000
ruffle.exe,9152,0x0000000000000000,Other,1,0,0,29.29498980000000,0.00000000000000,37.59090000000000,0,Hardware: Legacy Flip,-0.17040000000000,16.44890000000000,49.98330000000000,0.00000000000000,-33.49510000000000,12.83640000000000,0.00000000000000
ruffle.exe,9152,0x0000000000000000,Other,1,0,0,29.32730160000000,0.00000000000000,32.31180000000000,0,Hardware: Legacy Flip,-0.13250000000000,0.83590000000000,16.69880000000000,0.00000000000000,-15.83420000000000,12.68020000000000,0.00000000000000
ruffle.exe,9152,0x0000000000000000,Other,1,0,0,29.37520080000000,0.00000000000000,47.89920000000000,0,Hardware: Legacy Flip,-0.10490000000000,2.89860000000000,49.96190000000000,0.00000000000000,-47.03660000000000,12.59660000000000,0.00000000000000
ruffle.exe,9152,0x0000000000000000,Other,1,0,0,29.41108240000000,0.00000000000000,35.88160000000000,0,Hardware: Legacy Flip,-0.16830000000000,17.07570000000000,50.05870000000000,0.00000000000000,-32.94640000000000,15.48960000000000,0.00000000000000
ruffle.exe,9152,0x0000000000000000,Other,1,0,0,29.43267160000000,0.00000000000000,21.58920000000000,0,Hardware: Legacy Flip,-0.13240000000000,12.14550000000000,16.65900000000000,0.00000000000000,-11.36550000000000,11.06910000000000,0.00000000000000
ruffle.exe,9152,0x0000000000000000,Other,1,0,0,29.46002560000000,0.00000000000000,27.35400000000000,0,Hardware: Legacy Flip,-0.15860000000000,1.43790000000000,16.64640000000000,0.00000000000000,-15.17830000000000,12.06190000000000,0.00000000000000
ruffle.exe,9152,0x0000000000000000,Other,1,0,0,29.64218290000000,0.00000000000000,182.15730000000002,0,Hardware: Legacy Flip,-0.12600000000000,2.60260000000000,183.32200000000000,0.00000000000000,-180.68010000000001,14.34560000000000,0.00000000000000
ruffle.exe,9152,0x0000000000000000,Other,1,0,0,29.67619740000000,0.00000000000000,34.01450000000000,0,Hardware: Legacy Flip,-0.07690000000000,1.93590000000000,33.34780000000000,0.00000000000000,-31.39160000000000,12.59060000000000,0.00000000000000
ruffle.exe,9152,0x0000000000000000,Other,1,0,0,29.70839330000000,0.00000000000000,32.19590000000000,0,Hardware: Legacy Flip,-0.09790000000000,3.06630000000000,33.32630000000000,0.00000000000000,-30.22600000000000,15.40200000000000,0.00000000000000
ruffle.exe,9152,0x0000000000000000,Other,1,0,0,29.73455270000000,0.00000000000000,26.15940000000000,0,Hardware: Legacy Flip,-0.08230000000000,10.33330000000000,33.42640000000000,0.00000000000000,-23.05600000000000,11.11310000000000,0.00000000000000
ruffle.exe,9152,0x0000000000000000,Other,1,0,0,29.78056150000000,0.00000000000000,46.00880000000000,0,Hardware: Legacy Flip,-0.10670000000000,14.33040000000000,50.00590000000000,0.00000000000000,-35.64140000000000,12.11470000000000,0.00000000000000
ruffle.exe,9152,0x0000000000000000,Other,1,0,0,29.80495710000000,0.00000000000000,24.39560000000000,0,Hardware: Legacy Flip,-0.16170000000000,6.52590000000000,16.59110000000000,0.00000000000000,-12.89710000000000,12.53430000000000,0.00000000000000
ruffle.exe,9152,0x0000000000000000,Other,1,0,0,29.83474020000000,0.00000000000000,29.78310000000000,0,Hardware: Legacy Flip,-0.13230000000000,10.08710000000000,33.34430000000000,0.00000000000000,-23.22940000000000,12.33370000000000,0.00000000000000
ruffle.exe,9152,0x0000000000000000,Other,1,0,0,29.86448110000000,0.00000000000000,29.74090000000000,0,Hardware: Legacy Flip,-0.13170000000000,13.75610000000000,33.40990000000000,0.00000000000000,-19.62560000000000,11.19520000000000,0.00000000000000
ruffle.exe,9152,0x0000000000000000,Other,1,0,0,29.91595370000000,0.00000000000000,51.47260000000000,0,Hardware: Legacy Flip,-0.13130000000000,12.22480000000000,49.94130000000001,0.00000000000000,-37.66250000000000,15.61290000000000,0.00000000000000
ruffle.exe,9152,0x0000000000000000,Other,1,0,0,29.94832180000000,0.00000000000000,32.36810000000000,0,Hardware: Legacy Flip,-0.12970000000000,13.25720000000000,33.40050000000000,0.00000000000000,-20.11360000000000,13.45200000000000,0.00000000000000
ruffle.exe,9152,0x0000000000000000,Other,1,0,0,29.96980120000000,0.00000000000000,21.47940000000000,0,Hardware: Legacy Flip,-0.11920000000000,8.41330000000000,16.63550000000000,0.00000000000000,-14.96220000000000,11.59790000000000,0.00000000000000
ruffle.exe,9152,0x0000000000000000,Other,1,0,0,30.01164310000000,0.00000000000000,41.84190000000000,0,Hardware: Legacy Flip,-0.24130000000000,16.68250000000000,50.11110000000000,0.00000000000000,-33.38610000000000,12.95180000000000,0.00000000000000
ruffle.exe,9152,0x0000000000000000,Other,1,0,0,30.03466900000000,0.00000000000000,23.02590000000000,0,Hardware: Legacy Flip,-0.12390000000000,10.18070000000000,16.52410000000000,0.00000000000000,-12.58390000000000,12.24040000000000,0.00000000000000
ruffle.exe,9152,0x0000000000000000,Other,1,0,0,30.07411690000000,0.00000000000000,39.44790000000000,0,Hardware: Legacy Flip,-0.09110000000000,4.00870000000000,33.27590000000000,0.00000000000000,-29.21660000000000,11.14090000000000,0.00000000000000
ruffle.exe,9152,0x0000000000000000,Other,1,0,0,30.12256610000000,0.00000000000000,48.44920000000000,0,Hardware: Legacy Flip,-0.15060000000000,5.62910000000000,50.06960000000000,0.00000000000000,-44.41480000000000,16.09080000000000,0.00000000000000
ruffle.exe,9152,0x0000000000000000,Other,1,0,0,30.15048830000000,0.00000000000000,27.92220000000000,0,Hardware: Legacy Flip,-0.10210000000000,11.03150000000000,33.32460000000000,0.00000000000000,-22.26490000000000,13.39940000000000,0.00000000000000
ruffle.exe,9152,0x0000000000000000,Other,1,0,0,30.17507430000000,0.00000000000000,24.58600000000000,0,Hardware: Legacy Flip,-0.13330000000000,3.10810000000000,16.66260000000000,0.00000000000000,-13.52250000000000,11.73510000000000,0.00000000000000
ruffle.exe,9152,0x0000000000000000,Other,1,0,0,30.20159960000000,0.00000000000000,26.52530000000000,0,Hardware: Legacy Flip,-0.14720000000000,9.93980000000000,33.35700000000000,0.00000000000000,-23.39370000000000,13.12100000000000,0.00000000000000
ruffle.exe,9152,0x0000000000000000,Other,1,0,0,30.25797160000000,0.00000000000000,56.37200000000000,0,Hardware: Legacy Flip,-0.12370000000000,3.54090000000000,49.97310000000000,0.00000000000000,-46.40340000000000,12.36340000000000,0.00000000000000
ruffle.exe,9152,0x0000000000000000,Other,1,0,0,30.27181250000000,0.00000000000000,13.84090000000000,0,Hardware: Legacy Flip,-0.11670000000000,6.38240000000000,16.68240000000000,0.00000000000000,-10.65700000000000,10.42920000000000,0.00000000000000
ruffle.exe,9152,0x0000000000000000,Other,1,0,0,30.30122800000000,0.00000000000000,29.41550000000000,0,Hardware: Legacy Flip,-0.20130000000000,10.31340000000000,33.34650000000000,0.00000000000000,-23.00200000000000,14.07670000000000,0.00000000000000
ruffle.exe,9152,0x0000000000000000,Other,1,0,0,30.33749980000000,0.00000000000000,36.27180000000000,0,Hardware: Legacy Flip,-0.12820000000000,7.34110000000000,33.29950000000000,0.00000000000000,-25.92780000000000,13.34260000000000,0.00000000000000
ruffle.exe,9152,0x0000000000000000,Other,1,0,0,30.36860620000000,0.00000000000000,31.10640000000000,0,Hardware: Legacy Flip,-0.13400000000000,9.62550000000000,33.39080000000000,0.00000000000000,-21.18550000000000,13.41460000000000,0.00000000000000
ruffle.exe,9152,0x0000000000000000,Other,1,0,0,30.40006720000000,0.00000000000000,31.46100000000000,0,Hardware: Legacy Flip,-0.14620000000000,11.46650000000000,33.30200000000000,0.00000000000000,-21.81100000000000,13.06120000000000,0.00000000000000
ruffle.exe,9152,0x0000000000000000,Other,1,0,0,30.43467840000000,0.00000000000000,34.61120000000000,0,Hardware: Legacy Flip,-0.13920000000000,10.17780000000000,33.32250000000001,0.00000000000000,-23.10730000000000,12.58520000000000,0.00000000000000
ruffle.exe,9152,0x0000000000000000,Other,1,0,0,30.46874840000000,0.00000000000000,34.07000000000000,0,Hardware: Legacy Flip,-0.15400000000000,9.46030000000000,33.35250000000000,0.00000000000000,-23.84550000000000,10.99760000000000,0.00000000000000
ruffle.exe,9152,0x0000000000000000,Other,1,0,0,30.62946690000000,0.00000000000000,160.71850000000001,0,Hardware: Legacy Flip,-0.15850000000000,15.46870000000000,166.72690000000000,0.00000000000000,-151.23290000000000,14.64060000000000,0.00000000000000
ruffle.exe,9152,0x0000000000000000,Other,1,0,0,30.65151700000000,0.00000000000000,22.05010000000000,0,Hardware: Legacy Flip,-0.17840000000000,10.06060000000000,16.64200000000000,0.00000000000000,-12.12320000000000,11.82210000000000,0.00000000000000
ruffle.exe,9152,0x0000000000000000,Other,1,0,0,30.67569440000000,0.00000000000000,24.17740000000000,0,Hardware: Legacy Flip,-0.16560000000000,2.60020000000000,16.71700000000000,0.00000000000000,-14.62540000000000,10.91760000000000,0.00000000000000
ruffle.exe,9152,0x0000000000000000,Other,1,0,0,30.71514780000000,0.00000000000000,39.45340000000000,0,Hardware: Legacy Flip,-0.11670000000000,13.08650000000000,49.93970000000000,0.00000000000000,-36.80590000000000,13.79080000000000,0.00000000000000
ruffle.exe,9152,0x0000000000000000,Other,1,0,0,30.73954180000000,0.00000000000000,24.39400000000000,0,Hardware: Legacy Flip,-0.11580000000000,5.35990000000000,16.66740000000000,0.00000000000000,-11.29550000000000,11.02870000000000,0.00000000000000
ruffle.exe,9152,0x0000000000000000,Other,1,0,0,30.77898820000000,0.00000000000000,39.44640000000000,0,Hardware: Legacy Flip,-0.14620000000000,15.92110000000000,50.00760000000000,0.00000000000000,-34.06480000000000,13.82330000000000,0.00000000000000
ruffle.exe,9152,0x0000000000000000,Other,1,0,0,30.81403740000000,0.00000000000000,35.04920000000000,0,Hardware: Legacy Flip,-0.12940000000000,14.27320000000000,33.40130000000000,0.00000000000000,-19.09880000000000,14.70770000000000,0.00000000000000
ruffle.exe,9152,0x0000000000000000,Other,1,0,0,30.83263780000000,0.00000000000000,18.60040000000000,0,Hardware: Legacy Flip,-0.27830000000000,12.28680000000000,16.61400000000000,0.00000000000000,-12.15170000000000,11.75330000000000,0.00000000000000
ruffle.exe,9152,0x0000000000000000,Other,1,0,0,30.87537660000000,0.00000000000000,42.73880000000000,0,Hardware: Legacy Flip,-0.13790000000000,2.85860000000000,33.31060000000000,0.00000000000000,-30.40600000000000,11.24910000000000,0.00000000000000
ruffle.exe,9152,0x0000000000000000,Other,1,0,0,30.90247400000000,0.00000000000000,27.09740000000000,0,Hardware: Legacy Flip,-0.11020000000000,9.14450000000000,33.38330000000000,0.00000000000000,-24.21460000000000,13.87560000000000,0.00000000000000
ruffle.exe,9152,0x0000000000000000,Other,1,0,0,30.93930060000000,0.00000000000000,36.82660000000000,0,Hardware: Legacy Flip,-0.16620000000000,5.61220000000000,33.29430000000000,0.00000000000000,-27.65010000000000,11.45550000000000,0.00000000000000
ruffle.exe,9152,0x0000000000000000,Other,1,0,0,30.97425260000000,0.00000000000000,34.95200000000000,0,Hardware: Legacy Flip,-0.12230000000000,4.01050000000000,33.35030000000000,0.00000000000000,-29.31650000000000,13.84930000000000,0.00000000000000
ruffle.exe,9152,0x0000000000000000,Other,1,0,0,31.00729920000000,0.00000000000000,33.04660000000001,0,Hardware: Legacy Flip,-0.10540000000000,4.31970000000000,33.35580000000000,0.00000000000000,-29.00680000000000,14.82180000000000,0.00000000000000
ruffle.exe,9152,0x0000000000000000,Other,1,0,0,31.04512330000000,0.00000000000000,37.82410000000000,0,Hardware: Legacy Flip,-0.16200000000000,16.49120000000000,49.99560000000000,0.00000000000000,-33.47650000000000,12.26180000000000,0.00000000000000
ruffle.exe,9152,0x0000000000000000,Other,1,0,0,31.06646150000000,0.00000000000000,21.33820000000000,0,Hardware: Legacy Flip,-0.11530000000000,11.81530000000000,16.66230000000000,0.00000000000000,-10.73260000000000,10.47450000000000,0.00000000000000
ruffle.exe,9152,0x0000000000000000,Other,1,0,0,31.10809260000000,0.00000000000000,41.63110000000000,0,Hardware: Legacy Flip,-0.12700000000000,3.53180000000000,33.34760000000000,0.00000000000000,-29.77980000000000,13.88340000000000,0.00000000000000
ruffle.exe,9152,0x0000000000000000,Other,1,0,0,31.14535070000000,0.00000000000000,37.25810000000000,0,Hardware: Legacy Flip,-0.13250000000000,16.31070000000000,50.03700000000000,0.00000000000000,-33.69140000000000,11.64810000000000,0.00000000000000
ruffle.exe,9152,0x0000000000000000,Other,1,0,0,31.17216090000000,0.00000000000000,26.81020000000000,0,Hardware: Legacy Flip,-0.14820000000000,6.15080000000000,16.65030000000000,0.00000000000000,-11.78820000000000,11.44160000000000,0.00000000000000
ruffle.exe,9152,0x0000000000000000,Other,1,0,0,31.21975940000000,0.00000000000000,47.59850000000000,0,Hardware: Legacy Flip,-0.16270000000000,8.55680000000000,50.00450000000000,0.00000000000000,-41.41510000000000,14.99820000000000,0.00000000000000
ruffle.exe,9152,0x0000000000000000,Other,1,0,0,31.25203710000000,0.00000000000000,32.27770000000000,0,Hardware: Legacy Flip,-0.15940000000000,9.59070000000000,33.31160000000000,0.00000000000000,-23.67030000000000,14.47550000000000,0.00000000000000
ruffle.exe,9152,0x0000000000000000,Other,1,0,0,31.27571140000000,0.00000000000000,23.67430000000000,0,Hardware: Legacy Flip,-0.11940000000000,2.60740000000000,16.69100000000000,0.00000000000000,-14.02530000000000,11.14280000000000,0.00000000000000
ruffle.exe,9152,0x0000000000000000,Other,1,0,0,31.30998170000000,0.00000000000000,34.27030000000000,0,Hardware: Legacy Flip,-0.14230000000000,1.63390000000000,33.29680000000000,0.00000000000000,-30.95680000000000,13.67740000000000,0.00000000000000
ruffle.exe,9152,0x0000000000000000,Other,1,0,0,31.33958050000000,0.00000000000000,29.59880000000000,0,Hardware: Legacy Flip,-0.12280000000000,5.38920000000000,33.35410000000000,0.00000000000000,-27.93080000000000,11.54170000000000,0.00000000000000
ruffle.exe,9152,0x0000000000000000,Other,1,0,0,31.38088990000000,0.00000000000000,41.30940000000000,0,Hardware: Legacy Flip,-0.18340000000000,14.07160000000000,49.99180000000000,0.00000000000000,-35.88250000000000,12.02450000000000,0.00000000000000
ruffle.exe,9152,0x0000000000000000,Other,1,0,0,31.42196170000000,0.00000000000000,41.07180000000000,0,Hardware: Legacy Flip,-0.18530000000000,6.37100000000000,33.37120000000000,0.00000000000000,-26.96110000000000,15.00690000000000,0.00000000000000
ruffle.exe,9152,0x0000000000000000,Other,1,0,0,31.47068340000000,0.00000000000000,48.72170000000001,0,Hardware: Legacy Flip,-0.21300000000000,7.65250000000000,50.00320000000000,0.00000000000000,-42.30060000000000,14.90540000000000,0.00000000000000
ruffle.exe,9152,0x0000000000000000,Other,1,0,0,31.77945260000000,0.00000000000000,308.76920000000001,0,Hardware: Legacy Flip,-0.20570000000000,15.56770000000000,316.68440000000004,0.00000000000000,-301.05549999999999,11.49780000000000,0.00000000000000
ruffle.exe,9152,0x0000000000000000,Other,1,0,0,31.83618550000000,0.00000000000000,56.73290000000000,0,Hardware: Legacy Flip,-0.18070000000000,8.82730000000000,49.99250000000000,0.00000000000000,-41.12830000000000,14.53040000000000,0.00000000000000
ruffle.exe,9152,0x0000000000000000,Other,1,0,0,31.86728300000000,0.00000000000000,31.09750000000000,0,Hardware: Legacy Flip,-0.18800000000000,11.06860000000000,33.33880000000000,0.00000000000000,-20.74580000000000,11.84960000000000,0.00000000000000
ruffle.exe,9152,0x0000000000000000,Other,1,0,0,31.90440590000000,0.00000000000000,37.12290000000000,0,Hardware: Legacy Flip,-0.17250000000000,7.29420000000000,33.34850000000000,0.00000000000000,-26.01670000000000,12.80980000000000,0.00000000000000
ruffle.exe,9152,0x0000000000000000,Other,1,0,0,31.93820640000000,0.00000000000000,33.80050000000000,0,Hardware: Legacy Flip,-0.19120000000000,6.84390000000000,33.35020000000000,0.00000000000000,-26.47090000000000,14.91060000000000,0.00000000000000
ruffle.exe,9152,0x0000000000000000,Other,1,0,0,31.96951340000000,0.00000000000000,31.30700000000000,0,Hardware: Legacy Flip,-0.14690000000000,8.83300000000000,33.29610000000000,0.00000000000000,-24.38730000000000,12.61780000000000,0.00000000000000
ruffle.exe,9152,0x0000000000000000,Other,1,0,0,32.00074070000000,0.00000000000000,31.22730000000000,0,Hardware: Legacy Flip,-0.12140000000000,10.94440000000000,33.33870000000000,0.00000000000000,-22.35260000000000,13.52700000000000,0.00000000000000
ruffle.exe,9152,0x0000000000000000,Other,1,0,0,32.02849990000000,0.00000000000000,27.75920000000000,0,Hardware: Legacy Flip,-0.19160000000000,16.51990000000000,33.33470000000001,0.00000000000000,-16.77020000000000,12.03620000000000,0.00000000000000
ruffle.exe,9152,0x0000000000000000,Other,1,0,0,32.06719110000000,0.00000000000000,38.69120000000000,0,Hardware: Legacy Flip,-0.19510000000000,11.19140000000000,33.36270000000000,0.00000000000000,-21.75350000000000,12.46880000000000,0.00000000000000
ruffle.exe,9152,0x0000000000000000,Other,1,0,0,32.11072360000000,0.00000000000000,43.53250000000000,0,Hardware: Legacy Flip,-1.07680000000000,0.97390000000000,33.31500000000000,0.00000000000000,-32.30360000000000,12.52890000000000,0.00000000000000
ruffle.exe,9152,0x0000000000000000,Other,1,0,0,32.14824580000000,0.00000000000000,37.52220000000001,0,Hardware: Legacy Flip,-0.18180000000000,13.45840000000000,50.00670000000000,0.00000000000000,-36.51240000000000,14.33750000000000,0.00000000000000
ruffle.exe,9152,0x0000000000000000,Other,1,0,0,32.18160180000000,0.00000000000000,33.35600000000000,0,Hardware: Legacy Flip,-0.17420000000000,13.79130000000000,33.68890000000000,0.00000000000000,-19.85680000000000,12.85190000000000,0.00000000000000
ruffle.exe,9152,0x0000000000000000,Other,1,0,0,32.23000880000000,0.00000000000000,48.40700000000000,0,Hardware: Legacy Flip,-0.15140000000000,15.05200000000000,49.66770000000000,0.00000000000000,-34.58350000000000,14.34860000000000,0.00000000000000
ruffle.exe,9152,0x0000000000000000,Other,1,0,0,32.25968130000000,0.00000000000000,29.67250000000000,0,Hardware: Legacy Flip,-0.31080000000000,2.00710000000000,16.62760000000000,0.00000000000000,-14.58850000000000,11.90290000000000,0.00000000000000
ruffle.exe,9152,0x0000000000000000,Other,1,0,0,32.28511980000000,0.00000000000000,25.43850000000000,0,Hardware: Legacy Flip,-0.17130000000000,10.19910000000000,33.63050000000000,0.00000000000000,-23.37660000000000,12.44900000000000,0.00000000000000
ruffle.exe,9152,0x0000000000000000,Other,1,0,0,32.31211320000000,0.00000000000000,26.99340000000000,0,Hardware: Legacy Flip,-0.11250000000000,16.27570000000000,33.07000000000000,0.00000000000000,-16.74080000000000,12.55470000000000,0.00000000000000
ruffle.exe,9152,0x0000000000000000,Other,1,0,0,32.34389100000000,0.00000000000000,31.77780000000000,0,Hardware: Legacy Flip,-0.14340000000000,1.14160000000000,16.64370000000000,0.00000000000000,-15.47100000000000,12.77910000000000,0.00000000000000
ruffle.exe,9152,0x0000000000000000,Other,1,0,0,32.38103270000000,0.00000000000000,37.14170000000000,0,Hardware: Legacy Flip,-0.23070000000000,14.00540000000000,50.00550000000000,0.00000000000000,-35.98110000000000,15.04820000000000,0.00000000000000
ruffle.exe,9152,0x0000000000000000,Other,1,0,0,32.41032220000000,0.00000000000000,29.28950000000000,0,Hardware: Legacy Flip,-0.13220000000000,1.40230000000000,16.68640000000000,0.00000000000000,-15.24520000000000,12.24430000000000,0.00000000000000
ruffle.exe,9152,0x0000000000000000,Other,1,0,0,32.46089690000000,0.00000000000000,50.57470000000000,0,Hardware: Legacy Flip,-0.12990000000000,0.81440000000000,49.98680000000000,0.00000000000000,-49.13870000000000,12.77100000000000,0.00000000000000
ruffle.exe,9152,0x0000000000000000,Other,1,0,0,32.68160460000000,0.00000000000000,220.70770000000002,0,Hardware: Legacy Flip,-0.13710000000000,13.46520000000000,233.35850000000002,0.00000000000000,-219.86810000000000,12.81100000000000,0.00000000000000
ruffle.exe,9152,0x0000000000000000,Other,1,0,0,32.73807030000000,0.00000000000000,56.46570000000001,0,Hardware: Legacy Flip,-0.11190000000000,6.99910000000000,49.99960000000000,0.00000000000000,-42.96800000000000,15.25220000000000,0.00000000000000
ruffle.exe,9152,0x0000000000000000,Other,1,0,0,32.77031240000000,0.00000000000000,32.24210000000000,0,Hardware: Legacy Flip,-0.15070000000000,8.07220000000000,33.31520000000000,0.00000000000000,-25.20900000000000,15.11410000000000,0.00000000000000
ruffle.exe,9152,0x0000000000000000,Other,1,0,0,32.81055280000000,0.00000000000000,40.24040000000000,0,Hardware: Legacy Flip,-0.15450000000000,1.20540000000000,33.37360000000000,0.00000000000000,-32.14160000000000,12.17510000000000,0.00000000000000
ruffle.exe,9152,0x0000000000000000,Other,1,0,0,32.84188750000000,0.00000000000000,31.33470000000000,0,Hardware: Legacy Flip,-0.10680000000000,3.17960000000000,33.30890000000000,0.00000000000000,-30.07470000000000,12.87450000000000,0.00000000000000
ruffle.exe,9152,0x0000000000000000,Other,1,0,0,32.86415900000000,0.00000000000000,22.27150000000000,0,Hardware: Legacy Flip,-0.14040000000000,14.35450000000000,33.44640000000000,0.00000000000000,-19.04140000000000,12.63670000000000,0.00000000000000
ruffle.exe,9152,0x0000000000000000,Other,1,0,0,32.88807360000001,0.00000000000000,23.91460000000000,0,Hardware: Legacy Flip,-0.14370000000000,7.04970000000000,16.60980000000000,0.00000000000000,-12.97250000000000,12.64230000000000,0.00000000000000
ruffle.exe,9152,0x0000000000000000,Other,1,0,0,32.92157140000000,0.00000000000000,33.49780000000001,0,Hardware: Legacy Flip,-0.11740000000000,6.84960000000000,33.29770000000000,0.00000000000000,-26.39900000000000,11.91040000000000,0.00000000000000
ruffle.exe,9152,0x0000000000000000,Other,1,0,0,32.95440260000000,0.00000000000000,32.83120000000000,0,Hardware: Legacy Flip,-0.12590000000000,7.35850000000000,33.34010000000000,0.00000000000000,-25.94510000000000,14.92130000000000,0.00000000000000
ruffle.exe,9152,0x0000000000000000,Other,1,0,0,32.97535929999999,0.00000000000000,20.95670000000000,0,Hardware: Legacy Flip,-0.15180000000000,3.06580000000000,16.66400000000000,0.00000000000000,-13.62730000000000,13.32970000000000,0.00000000000000
ruffle.exe,9152,0x0000000000000000,Other,1,0,0,33.00682270000000,0.00000000000000,31.46340000000000,0,Hardware: Legacy Flip,-0.11480000000000,4.94120000000000,33.33880000000000,0.00000000000000,-28.37120000000000,12.40260000000000,0.00000000000000
ruffle.exe,9152,0x0000000000000000,Other,1,0,0,33.03715760000000,0.00000000000000,30.33490000000000,0,Hardware: Legacy Flip,-0.15930000000000,7.99640000000000,33.39010000000000,0.00000000000000,-25.36540000000000,12.40150000000000,0.00000000000000
ruffle.exe,9152,0x0000000000000000,Other,1,0,0,33.10182520000000,0.00000000000000,64.66760000000001,0,Hardware: Legacy Flip,-0.17130000000000,9.98600000000000,66.65720000000000,0.00000000000000,-56.61940000000001,13.11060000000000,0.00000000000000
ruffle.exe,9152,0x0000000000000000,Other,1,0,0,33.12308650000000,0.00000000000000,21.26130000000000,0,Hardware: Legacy Flip,-0.13370000000000,5.35890000000000,16.63420000000000,0.00000000000000,-11.61500000000000,11.32770000000000,0.00000000000000
ruffle.exe,9152,0x0000000000000000,Other,1,0,0,33.15294320000000,0.00000000000000,29.85670000000000,0,Hardware: Legacy Flip,-0.18470000000000,8.90330000000000,33.40110000000000,0.00000000000000,-22.06770000000000,14.90670000000000,0.00000000000000
ruffle.exe,9152,0x0000000000000000,Other,1,0,0,33.17865990000000,0.00000000000000,25.71670000000000,0,Hardware: Legacy Flip,-0.14230000000000,16.47570000000000,33.28910000000000,0.00000000000000,-16.78520000000000,14.14050000000000,0.00000000000000
ruffle.exe,9152,0x0000000000000000,Other,1,0,0,33.21134940000000,0.00000000000000,32.68950000000000,0,Hardware: Legacy Flip,-0.13300000000000,0.41290000000000,16.62670000000000,0.00000000000000,-16.17200000000000,12.93500000000000,0.00000000000000
ruffle.exe,9152,0x0000000000000000,Other,1,0,0,33.24384770000000,0.00000000000000,32.49830000000000,0,Hardware: Legacy Flip,-0.09360000000000,1.21450000000000,33.29990000000000,0.00000000000000,-32.06350000000000,11.90760000000000,0.00000000000000
ruffle.exe,9152,0x0000000000000000,Other,1,0,0,33.27247770000000,0.00000000000000,28.63000000000000,0,Hardware: Legacy Flip,-0.10790000000000,6.00760000000000,33.42310000000001,0.00000000000000,-27.39870000000000,12.85410000000000,0.00000000000000
ruffle.exe,9152,0x0000000000000000,Other,1,0,0,33.30906920000000,0.00000000000000,36.59150000000000,0,Hardware: Legacy Flip,-0.16980000000000,2.72600000000000,33.30990000000000,0.00000000000000,-30.55640000000000,11.86810000000000,0.00000000000000
ruffle.exe,9152,0x0000000000000000,Other,1,0,0,33.33722900000000,0.00000000000000,28.15980000000000,0,Hardware: Legacy Flip,-0.22920000000000,7.90170000000000,33.33550000000000,0.00000000000000,-24.01420000000000,13.12410000000000,0.00000000000000
ruffle.exe,9152,0x0000000000000000,Other,1,0,0,33.40378200000000,0.00000000000000,66.55300000000000,0,Hardware: Legacy Flip,-0.14990000000000,8.00930000000000,66.66060000000000,0.00000000000000,-58.62400000000000,14.12970000000000,0.00000000000000
ruffle.exe,9152,0x0000000000000000,Other,1,0,0,33.42837740000000,0.00000000000000,24.59540000000000,0,Hardware: Legacy Flip,-0.14070000000000,16.77230000000000,33.35840000000000,0.00000000000000,-16.55200000000000,14.45210000000000,0.00000000000000
ruffle.exe,9152,0x0000000000000000,Other,1,0,0,33.44571170000000,0.00000000000000,17.33430000000000,0,Hardware: Legacy Flip,-0.18700000000000,16.19100000000000,16.75300000000000,0.00000000000000,-12.44770000000000,12.00810000000000,0.00000000000000
ruffle.exe,9152,0x0000000000000000,Other,1,0,0,33.47621440000000,0.00000000000000,30.50270000000000,0,Hardware: Legacy Flip,-0.11710000000000,2.30900000000000,16.62070000000000,0.00000000000000,-12.69520000000000,12.34470000000000,0.00000000000000
ruffle.exe,9152,0x0000000000000000,Other,1,0,0,33.63669730000000,0.00000000000000,160.48290000000000,0,Hardware: Legacy Flip,-0.10500000000000,8.50140000000000,166.67530000000002,0.00000000000000,-158.12909999999999,14.18050000000000,0.00000000000000
ruffle.exe,9152,0x0000000000000000,Other,1,0,0,33.67965210000000,0.00000000000000,42.95480000000000,0,Hardware: Legacy Flip,-0.21110000000000,15.57220000000000,50.02560000000000,0.00000000000000,-34.42400000000000,13.98780000000000,0.00000000000000
ruffle.exe,9152,0x0000000000000000,Other,1,0,0,33.71653830000000,0.00000000000000,36.88620000000000,0,Hardware: Legacy Flip,-0.21300000000000,11.95740000000000,33.27140000000000,0.00000000000000,-18.47820000000000,14.55950000000000,0.00000000000000
ruffle.exe,9152,0x0000000000000000,Other,1,0,0,33.75924690000000,0.00000000000000,42.70860000000000,0,Hardware: Legacy Flip,-0.12690000000000,2.58550000000000,33.33670000000000,0.00000000000000,-30.71240000000000,12.42880000000000,0.00000000000000
ruffle.exe,9152,0x0000000000000000,Other,1,0,0,33.78040420000000,0.00000000000000,21.15730000000000,0,Hardware: Legacy Flip,-0.11510000000000,14.85230000000000,33.42410000000000,0.00000000000000,-18.54690000000000,12.77380000000000,0.00000000000000
ruffle.exe,9152,0x0000000000000000,Other,1,0,0,33.79684659999999,0.00000000000000,16.44240000000000,0,Hardware: Legacy Flip,-0.08780000000000,15.04730000000000,16.63740000000000,0.00000000000000,-11.74720000000000,11.56700000000000,0.00000000000000
ruffle.exe,9152,0x0000000000000000,Other,1,0,0,33.83925320000000,0.00000000000000,42.40660000000000,0,Hardware: Legacy Flip,-0.13720000000000,5.96530000000000,33.32460000000000,0.00000000000000,-27.31510000000000,13.38170000000000,0.00000000000000
ruffle.exe,9152,0x0000000000000000,Other,1,0,0,33.86116310000000,0.00000000000000,21.90990000000000,0,Hardware: Legacy Flip,-0.16990000000000,0.67420000000000,16.61880000000000,0.00000000000000,-15.91110000000000,12.08810000000000,0.00000000000000
ruffle.exe,9152,0x0000000000000000,Other,1,0,0,33.89707010000000,0.00000000000000,35.90700000000000,0,Hardware: Legacy Flip,-0.13760000000000,14.81180000000000,50.04460000000000,0.00000000000000,-35.21030000000000,14.48840000000000,0.00000000000000
ruffle.exe,9152,0x0000000000000000,Other,1,0,0,33.93649970000000,0.00000000000000,39.42960000000000,0,Hardware: Legacy Flip,-0.13980000000000,8.68530000000000,33.30310000000000,0.00000000000000,-24.58460000000000,14.35430000000000,0.00000000000000
ruffle.exe,9152,0x0000000000000000,Other,1,0,0,33.96268490000000,0.00000000000000,26.18520000000000,0,Hardware: Legacy Flip,-0.16850000000000,15.83610000000000,33.33600000000000,0.00000000000000,-17.47290000000000,13.18480000000000,0.00000000000000
ruffle.exe,9152,0x0000000000000000,Other,1,0,0,34.00124150000000,0.00000000000000,38.55660000000000,0,Hardware: Legacy Flip,-0.12460000000000,10.61730000000000,33.33780000000000,0.00000000000000,-22.68570000000000,11.87850000000000,0.00000000000000
ruffle.exe,9152,0x0000000000000000,Other,1,0,0,34.06919710000000,0.00000000000000,67.95560000000000,0,Hardware: Legacy Flip,-0.13170000000000,9.35510000000000,66.69340000000000,0.00000000000000,-57.31140000000001,13.53730000000000,0.00000000000000
ruffle.exe,9152,0x0000000000000000,Other,1,0,0,34.08761740000001,0.00000000000000,18.42030000000000,0,Hardware: Legacy Flip,-0.11680000000000,7.56280000000000,16.62800000000000,0.00000000000000,-11.74640000000000,11.48630000000000,0.00000000000000
ruffle.exe,9152,0x0000000000000000,Other,1,0,0,34.11411040000000,0.00000000000000,26.49300000000000,0,Hardware: Legacy Flip,-0.13940000000000,14.47750000000000,33.40770000000000,0.00000000000000,-18.88890000000000,14.48970000000000,0.00000000000000
ruffle.exe,9152,0x0000000000000000,Other,1,0,0,34.13832490000000,0.00000000000000,24.21450000000000,0,Hardware: Legacy Flip,-0.12550000000000,6.91530000000000,16.65230000000000,0.00000000000000,-14.11380000000000,13.84530000000000,0.00000000000000
ruffle.exe,9152,0x0000000000000000,Other,1,0,0,34.16897650000000,0.00000000000000,30.65160000000000,0,Hardware: Legacy Flip,-0.16650000000000,9.57430000000000,33.31060000000000,0.00000000000000,-23.70270000000000,12.86200000000000,0.00000000000000
ruffle.exe,9152,0x0000000000000000,Other,1,0,0,34.19653210000000,0.00000000000000,27.55560000000000,0,Hardware: Legacy Flip,-0.14110000000000,15.34210000000000,33.32340000000000,0.00000000000000,-17.94340000000000,12.00490000000000,0.00000000000000
ruffle.exe,9152,0x0000000000000000,Other,1,0,0,34.24359930000000,0.00000000000000,47.06720000000000,0,Hardware: Legacy Flip,-0.12170000000000,1.62810000000000,33.35320000000000,0.00000000000000,-31.69330000000000,13.60780000000000,0.00000000000000
ruffle.exe,9152,0x0000000000000000,Other,1,0,0,34.26787130000000,0.00000000000000,24.27200000000000,0,Hardware: Legacy Flip,-0.09380000000000,10.68630000000000,33.33020000000000,0.00000000000000,-22.61700000000000,12.00780000000000,0.00000000000000
ruffle.exe,9152,0x0000000000000000,Other,1,0,0,34.30406970000000,0.00000000000000,36.19840000000000,0,Hardware: Legacy Flip,-0.09980000000000,7.83000000000000,33.34210000000000,0.00000000000000,-25.46420000000000,12.38820000000000,0.00000000000000
ruffle.exe,9152,0x0000000000000000,Other,1,0,0,34.35751460000000,0.00000000000000,53.44490000000000,0,Hardware: Legacy Flip,-0.13170000000000,4.37840000000000,49.99330000000000,0.00000000000000,-45.57550000000001,14.61030000000000,0.00000000000000
ruffle.exe,9152,0x0000000000000000,Other,1,0,0,34.38136080000000,0.00000000000000,23.84620000000000,0,Hardware: Legacy Flip,-0.17920000000000,13.90580000000000,33.37360000000000,0.00000000000000,-19.44000000000000,14.77450000000000,0.00000000000000
ruffle.exe,9152,0x0000000000000000,Other,1,0,0,34.39744690000001,0.00000000000000,16.08610000000000,0,Hardware: Legacy Flip,-0.12810000000000,14.48050000000000,16.66080000000000,0.00000000000000,-11.28300000000000,11.02480000000000,0.00000000000000
ruffle.exe,9152,0x0000000000000000,Other,1,0,0,34.43572850000000,0.00000000000000,38.28160000000000,0,Hardware: Legacy Flip,-0.16100000000000,9.49910000000000,33.30020000000000,0.00000000000000,-23.76540000000000,13.60200000000000,0.00000000000000
ruffle.exe,9152,0x0000000000000000,Other,1,0,0,34.46521900000000,0.00000000000000,29.49050000000000,0,Hardware: Legacy Flip,-0.16510000000000,13.33380000000000,33.32520000000000,0.00000000000000,-17.11030000000000,11.89490000000000,0.00000000000000
ruffle.exe,9152,0x0000000000000000,Other,1,0,0,34.61284960000000,0.00000000000000,147.63060000000002,0,Hardware: Legacy Flip,-0.16320000000000,15.76470000000000,150.06150000000000,0.00000000000000,-133.45580000000001,15.91290000000000,0.00000000000000
ruffle.exe,9152,0x0000000000000000,Other,1,0,0,34.64690950000000,0.00000000000000,34.05990000000000,0,Hardware: Legacy Flip,-0.12170000000000,15.05330000000000,33.34850000000000,0.00000000000000,-18.25370000000000,14.49340000000000,0.00000000000000
ruffle.exe,9152,0x0000000000000000,Other,1,0,0,34.66941850000000,0.00000000000000,22.50900000000000,0,Hardware: Legacy Flip,-0.13480000000000,9.16600000000000,16.62170000000000,0.00000000000000,-14.58690000000000,11.18560000000000,0.00000000000000
ruffle.exe,9152,0x0000000000000000,Other,1,0,0,34.71204010000000,0.00000000000000,42.62160000000000,0,Hardware: Legacy Flip,-0.22400000000000,16.56240000000000,50.01800000000000,0.00000000000000,-33.42750000000000,13.82040000000000,0.00000000000000
ruffle.exe,9152,0x0000000000000000,Other,1,0,0,34.74311550000000,0.00000000000000,31.07540000000000,0,Hardware: Legacy Flip,-0.12330000000000,2.13110000000000,16.64410000000000,0.00000000000000,-14.47830000000000,11.78770000000000,0.00000000000000
ruffle.exe,9152,0x0000000000000000,Other,1,0,0,34.77828270000001,0.00000000000000,35.16720000000000,0,Hardware: Legacy Flip,-0.14350000000000,17.01880000000000,50.05490000000000,0.00000000000000,-33.01830000000000,12.30090000000000,0.00000000000000
ruffle.exe,9152,0x0000000000000000,Other,1,0,0,34.80935520000000,0.00000000000000,31.07250000000000,0,Hardware: Legacy Flip,-0.15910000000000,2.56450000000000,16.61820000000000,0.00000000000000,-14.02090000000000,13.05000000000000,0.00000000000000
ruffle.exe,9152,0x0000000000000000,Other,1,0,0,34.84861930000000,0.00000000000000,39.26410000000000,0,Hardware: Legacy Flip,-0.09340000000000,13.33640000000000,50.03600000000000,0.00000000000000,-36.65680000000000,14.31660000000000,0.00000000000000
ruffle.exe,9152,0x0000000000000000,Other,1,0,0,34.89770740000000,0.00000000000000,49.08810000000000,0,Hardware: Legacy Flip,-0.12920000000000,14.29360000000000,50.04530000000000,0.00000000000000,-35.72460000000000,13.71060000000000,0.00000000000000
ruffle.exe,9152,0x0000000000000000,Other,1,0,0,34.92434850000000,0.00000000000000,26.64110000000000,0,Hardware: Legacy Flip,-0.12000000000000,4.29340000000000,16.64090000000000,0.00000000000000,-13.46560000000000,13.18820000000000,0.00000000000000
ruffle.exe,9152,0x0000000000000000,Other,1,0,0,34.94343410000000,0.00000000000000,19.08560000000000,0,Hardware: Legacy Flip,-0.13800000000000,1.81880000000000,16.61100000000000,0.00000000000000,-14.75920000000000,11.36780000000000,0.00000000000000
ruffle.exe,9152,0x0000000000000000,Other,1,0,0,34.97115490000000,0.00000000000000,27.72080000000000,0,Hardware: Legacy Flip,-0.12600000000000,7.48330000000000,33.38530000000000,0.00000000000000,-25.87160000000000,12.62580000000000,0.00000000000000
ruffle.exe,9152,0x0000000000000000,Other,1,0,0,35.00636180000000,0.00000000000000,35.20690000000000,0,Hardware: Legacy Flip,-0.18460000000000,5.65900000000000,33.38260000000000,0.00000000000000,-27.68940000000000,12.93630000000000,0.00000000000000
ruffle.exe,9152,0x0000000000000000,Other,1,0,0,35.05230160000000,0.00000000000000,45.93980000000001,0,Hardware: Legacy Flip,-0.09950000000000,9.66300000000000,49.94380000000000,0.00000000000000,-40.24540000000000,14.65310000000000,0.00000000000000
ruffle.exe,9152,0x0000000000000000,Other,1,0,0,35.07638630000000,0.00000000000000,24.08470000000000,0,Hardware: Legacy Flip,-0.11280000000000,2.20980000000000,16.63150000000000,0.00000000000000,-14.37780000000000,13.41450000000000,0.00000000000000
ruffle.exe,9152,0x0000000000000000,Other,1,0,0,35.11717390000000,0.00000000000000,40.78760000000000,0,Hardware: Legacy Flip,-0.12940000000000,11.49350000000000,50.07130000000000,0.00000000000000,-38.55470000000000,13.54970000000000,0.00000000000000
ruffle.exe,9152,0x0000000000000000,Other,1,0,0,35.13843970000001,0.00000000000000,21.26580000000000,0,Hardware: Legacy Flip,-0.12470000000000,6.85080000000000,16.62310000000000,0.00000000000000,-14.86560000000000,11.44640000000000,0.00000000000000
ruffle.exe,9152,0x0000000000000000,Other,1,0,0,35.18111250000000,0.00000000000000,42.67280000000000,0,Hardware: Legacy Flip,-0.12340000000000,14.23250000000000,50.05450000000000,0.00000000000000,-35.80080000000000,13.32630000000000,0.00000000000000
ruffle.exe,9152,0x0000000000000000,Other,1,0,0,35.20197380000000,0.00000000000000,20.86130000000000,0,Hardware: Legacy Flip,-0.12010000000000,10.03550000000000,16.66430000000000,0.00000000000000,-13.04810000000000,12.76930000000000,0.00000000000000
ruffle.exe,9152,0x0000000000000000,Other,1,0,0,35.24648350000000,0.00000000000000,44.50970000000000,0,Hardware: Legacy Flip,-0.10570000000000,15.49370000000000,49.96790000000000,0.00000000000000,-34.44090000000000,12.76910000000000,0.00000000000000
ruffle.exe,9152,0x0000000000000000,Other,1,0,0,35.28138270000000,0.00000000000000,34.89920000000000,0,Hardware: Legacy Flip,-0.15880000000000,13.94250000000000,33.34800000000000,0.00000000000000,-19.38280000000000,13.85320000000000,0.00000000000000
ruffle.exe,9152,0x0000000000000000,Other,1,0,0,35.31662200000000,0.00000000000000,35.23930000000000,0,Hardware: Legacy Flip,-0.12320000000000,12.04650000000000,33.34330000000000,0.00000000000000,-21.23770000000000,15.99510000000000,0.00000000000000
ruffle.exe,9152,0x0000000000000000,Other,1,0,0,35.34113000000000,0.00000000000000,24.50800000000000,0,Hardware: Legacy Flip,-0.14870000000000,4.15520000000000,16.61670000000000,0.00000000000000,-13.23630000000000,11.40390000000000,0.00000000000000
ruffle.exe,9152,0x0000000000000000,Other,1,0,0,35.37114740000001,0.00000000000000,30.01740000000000,0,Hardware: Legacy Flip,-0.11930000000000,7.49660000000000,33.35880000000000,0.00000000000000,-23.94670000000000,12.49830000000000,0.00000000000000
ruffle.exe,9152,0x0000000000000000,Other,1,0,0,35.41140710000000,0.00000000000000,40.25970000000000,0,Hardware: Legacy Flip,-0.14530000000000,0.53680000000000,33.29990000000000,0.00000000000000,-32.72430000000000,12.52090000000000,0.00000000000000
ruffle.exe,9152,0x0000000000000000,Other,1,0,0,35.43633080000001,0.00000000000000,24.92370000000000,0,Hardware: Legacy Flip,-0.12990000000000,9.02420000000000,33.41110000000000,0.00000000000000,-24.35730000000000,12.63060000000000,0.00000000000000
ruffle.exe,9152,0x0000000000000000,Other,1,0,0,35.47870170000000,0.00000000000000,42.37090000000000,0,Hardware: Legacy Flip,-0.16150000000000,16.65470000000000,50.00140000000000,0.00000000000000,-33.30200000000000,13.86850000000000,0.00000000000000
ruffle.exe,9152,0x0000000000000000,Other,1,0,0,35.72476710000000,0.00000000000000,246.06540000000001,0,Hardware: Legacy Flip,-0.13600000000000,3.93800000000000,233.34870000000001,0.00000000000000,-229.38160000000002,15.03710000000000,0.00000000000000
ruffle.exe,9152,0x0000000000000000,Other,1,0,0,35.74488380000000,0.00000000000000,20.11670000000000,0,Hardware: Legacy Flip,-0.15490000000000,0.43240000000000,16.61110000000000,0.00000000000000,-16.15220000000000,12.39620000000000,0.00000000000000
ruffle.exe,9152,0x0000000000000000,Other,1,0,0,35.78172630000000,0.00000000000000,36.84250000000000,0,Hardware: Legacy Flip,-0.10540000000000,13.71190000000000,50.12200000000000,0.00000000000000,-36.38230000000000,12.70940000000000,0.00000000000000
ruffle.exe,9152,0x0000000000000000,Other,1,0,0,35.80191410000000,0.00000000000000,20.18780000000000,0,Hardware: Legacy Flip,-0.15910000000000,10.12480000000000,16.60070000000000,0.00000000000000,-11.94280000000000,11.59110000000000,0.00000000000000
ruffle.exe,9152,0x0000000000000000,Other,1,0,0,35.83404100000000,0.00000000000000,32.12690000000000,0,Hardware: Legacy Flip,-0.10730000000000,11.32140000000000,33.32350000000000,0.00000000000000,-21.97270000000000,14.52740000000000,0.00000000000000
ruffle.exe,9152,0x0000000000000000,Other,1,0,0,35.87147909999999,0.00000000000000,37.43810000000000,0,Hardware: Legacy Flip,-0.13430000000000,7.19270000000000,33.30940000000000,0.00000000000000,-26.08310000000000,13.77650000000000,0.00000000000000
ruffle.exe,9152,0x0000000000000000,Other,1,0,0,35.89522310000000,0.00000000000000,23.74400000000000,0,Hardware: Legacy Flip,-0.11150000000000,16.83520000000000,33.38650000000000,0.00000000000000,-16.52220000000000,12.38940000000000,0.00000000000000
ruffle.exe,9152,0x0000000000000000,Other,1,0,0,35.93378750000000,0.00000000000000,38.56440000000000,0,Hardware: Legacy Flip,-0.09780000000000,11.63370000000000,33.36290000000000,0.00000000000000,-21.70130000000000,12.48850000000000,0.00000000000000
ruffle.exe,9152,0x0000000000000000,Other,1,0,0,35.97431250000000,0.00000000000000,40.52500000000000,0,Hardware: Legacy Flip,-0.20690000000000,4.44700000000000,33.33830000000000,0.00000000000000,-28.85430000000000,12.85880000000000,0.00000000000000
ruffle.exe,9152,0x0000000000000000,Other,1,0,0,36.00442340000000,0.00000000000000,30.11090000000000,0,Hardware: Legacy Flip,-0.19070000000000,7.65190000000000,33.31580000000000,0.00000000000000,-25.63040000000000,12.32180000000000,0.00000000000000
ruffle.exe,9152,0x0000000000000000,Other,1,0,0,36.06713480000000,0.00000000000000,62.71140000000000,0,Hardware: Legacy Flip,-0.17290000000000,11.61370000000000,66.67320000000001,0.00000000000000,-55.01410000000000,15.15760000000000,0.00000000000000
ruffle.exe,9152,0x0000000000000000,Other,1,0,0,36.10510590000001,0.00000000000000,37.97110000000000,0,Hardware: Legacy Flip,-0.15940000000000,7.00760000000000,33.36500000000000,0.00000000000000,-26.32540000000000,13.86330000000000,0.00000000000000
ruffle.exe,9152,0x0000000000000000,Other,1,0,0,36.15731220000000,0.00000000000000,52.20630000000001,0,Hardware: Legacy Flip,-0.27070000000000,4.79870000000000,49.99740000000000,0.00000000000000,-45.15810000000000,14.28250000000000,0.00000000000000
ruffle.exe,9152,0x0000000000000000,Other,1,0,0,36.18841130000000,0.00000000000000,31.09910000000000,0,Hardware: Legacy Flip,-0.16840000000000,7.00820000000000,33.30860000000000,0.00000000000000,-26.25660000000000,12.31190000000000,0.00000000000000
ruffle.exe,9152,0x0000000000000000,Other,1,0,0,36.23575910000000,0.00000000000000,47.34780000000000,0,Hardware: Legacy Flip,-0.17830000000000,9.66510000000000,50.00470000000000,0.00000000000000,-40.00640000000000,11.87850000000000,0.00000000000000
ruffle.exe,9152,0x0000000000000000,Other,1,0,0,36.27294840000000,0.00000000000000,37.18930000000000,0,Hardware: Legacy Flip,-0.20180000000000,5.79460000000000,33.31880000000000,0.00000000000000,-27.48890000000000,12.89150000000000,0.00000000000000
ruffle.exe,9152,0x0000000000000000,Other,1,0,0,36.30732450000000,0.00000000000000,34.37610000000000,0,Hardware: Legacy Flip,-0.17750000000000,4.74110000000000,33.32260000000000,0.00000000000000,-28.54530000000000,14.23610000000000,0.00000000000000
ruffle.exe,9152,0x0000000000000000,Other,1,0,0,36.35089830000000,0.00000000000000,43.57380000000001,0,Hardware: Legacy Flip,-0.17880000000000,11.18740000000000,50.02010000000000,0.00000000000000,-38.08370000000000,13.73780000000000,0.00000000000000
ruffle.exe,9152,0x0000000000000000,Other,1,0,0,36.38381130000000,0.00000000000000,32.91300000000000,0,Hardware: Legacy Flip,-0.14780000000000,11.59480000000000,33.32040000000000,0.00000000000000,-21.67340000000000,13.01200000000000,0.00000000000000
ruffle.exe,9152,0x0000000000000000,Other,1,0,0,36.41659300000000,0.00000000000000,32.78170000000000,0,Hardware: Legacy Flip,-0.18740000000000,12.14080000000000,33.32770000000000,0.00000000000000,-21.14390000000000,12.40340000000000,0.00000000000000
ruffle.exe,9152,0x0000000000000000,Other,1,0,0,36.44786430000000,0.00000000000000,31.27130000000000,0,Hardware: Legacy Flip,-0.16790000000000,14.23760000000000,33.36810000000000,0.00000000000000,-15.88500000000000,11.64380000000000,0.00000000000000
ruffle.exe,9152,0x0000000000000000,Other,1,0,0,36.48527880000000,0.00000000000000,37.41450000000000,0,Hardware: Legacy Flip,-0.19610000000000,10.14950000000000,33.32640000000000,0.00000000000000,-23.14260000000000,13.21630000000000,0.00000000000000
ruffle.exe,9152,0x0000000000000000,Other,1,0,0,36.79862970000000,0.00000000000000,313.35090000000002,0,Hardware: Legacy Flip,-0.16720000000000,13.49600000000000,316.69740000000002,0.00000000000000,-303.16430000000003,14.88340000000000,0.00000000000000
ruffle.exe,9152,0x0000000000000000,Other,1,0,0,36.86847080000000,0.00000000000000,69.84110000000000,0,Hardware: Legacy Flip,-0.14060000000000,10.30920000000000,66.65430000000001,0.00000000000000,-56.31430000000000,16.17180000000000,0.00000000000000
ruffle.exe,9152,0x0000000000000000,Other,1,0,0,36.94388319999999,0.00000000000000,75.41240000000001,0,Hardware: Legacy Flip,-0.12900000000000,1.56500000000000,66.66820000000000,0.00000000000000,-65.06040000000000,13.57160000000000,0.00000000000000
ruffle.exe,9152,0x0000000000000000,Other,1,0,0,36.97551070000000,0.00000000000000,31.62750000000000,0,Hardware: Legacy Flip,-0.12800000000000,3.26430000000000,33.32680000000000,0.00000000000000,-30.03490000000000,13.09470000000000,0.00000000000000
ruffle.exe,9152,0x0000000000000000,Other,1,0,0,37.01082630000000,0.00000000000000,35.31560000000000,0,Hardware: Legacy Flip,-0.17080000000000,1.30550000000000,33.35680000000000,0.00000000000000,-32.01230000000000,12.15770000000000,0.00000000000000
ruffle.exe,9152,0x0000000000000000,Other,1,0,0,37.04677620000000,0.00000000000000,35.94990000000000,0,Hardware: Legacy Flip,-0.16310000000000,15.39490000000000,50.03930000000000,0.00000000000000,-34.60740000000000,14.63230000000000,0.00000000000000
ruffle.exe,9152,0x0000000000000000,Other,1,0,0,37.08500230000000,0.00000000000000,38.22610000000000,0,Hardware: Legacy Flip,-0.16400000000000,10.42190000000000,33.25310000000000,0.00000000000000,-22.78780000000000,13.90200000000000,0.00000000000000
ruffle.exe,9152,0x0000000000000000,Other,1,0,0,37.11472460000000,0.00000000000000,29.72230000000000,0,Hardware: Legacy Flip,-0.14580000000000,14.09560000000000,33.39600000000000,0.00000000000000,-19.26390000000000,12.41950000000000,0.00000000000000
ruffle.exe,9152,0x0000000000000000,Other,1,0,0,37.14080550000001,0.00000000000000,26.08090000000000,0,Hardware: Legacy Flip,-0.15870000000000,4.71400000000000,16.69930000000000,0.00000000000000,-12.52240000000000,12.11340000000000,0.00000000000000
ruffle.exe,9152,0x0000000000000000,Other,1,0,0,37.17966860000000,0.00000000000000,38.86310000000000,0,Hardware: Legacy Flip,-0.27840000000000,15.85490000000000,50.00400000000000,0.00000000000000,-34.11530000000000,12.80890000000000,0.00000000000000
ruffle.exe,9152,0x0000000000000000,Other,1,0,0,37.21595250000000,0.00000000000000,36.28390000000000,0,Hardware: Legacy Flip,-0.21590000000000,12.87270000000000,33.30170000000000,0.00000000000000,-20.38140000000000,12.35020000000000,0.00000000000000
ruffle.exe,9152,0x0000000000000000,Other,1,0,0,37.25472370000000,0.00000000000000,38.77120000000000,0,Hardware: Legacy Flip,-0.17460000000000,7.43910000000000,33.33760000000000,0.00000000000000,-25.86900000000000,14.31880000000000,0.00000000000000
ruffle.exe,9152,0x0000000000000000,Other,1,0,0,37.28206050000000,0.00000000000000,27.33680000000000,0,Hardware: Legacy Flip,-0.23040000000000,13.61780000000000,33.51550000000000,0.00000000000000,-19.86260000000000,14.33430000000000,0.00000000000000
ruffle.exe,9152,0x0000000000000000,Other,1,0,0,37.31822060000000,0.00000000000000,36.16010000000000,0,Hardware: Legacy Flip,-0.21190000000000,10.61140000000000,33.15370000000000,0.00000000000000,-22.48790000000000,12.20910000000000,0.00000000000000
ruffle.exe,9152,0x0000000000000000,Other,1,0,0,37.34974000000000,0.00000000000000,31.51940000000000,0,Hardware: Legacy Flip,-0.16850000000000,12.45280000000000,33.36080000000000,0.00000000000000,-20.86250000000000,12.35390000000000,0.00000000000000
ruffle.exe,9152,0x0000000000000000,Other,1,0,0,37.38077910000000,0.00000000000000,31.03910000000000,0,Hardware: Legacy Flip,-0.18530000000000,14.71080000000000,33.29710000000000,0.00000000000000,-18.54320000000000,12.97620000000000,0.00000000000000
ruffle.exe,9152,0x0000000000000000,Other,1,0,0,37.41749840000000,0.00000000000000,36.71930000000000,0,Hardware: Legacy Flip,-0.20320000000000,11.35840000000000,33.36690000000000,0.00000000000000,-21.97450000000000,12.71250000000000,0.00000000000000
ruffle.exe,9152,0x0000000000000000,Other,1,0,0,37.45581370000000,0.00000000000000,38.31530000000000,0,Hardware: Legacy Flip,-0.10640000000000,6.32690000000000,33.28380000000000,0.00000000000000,-26.91540000000000,12.37120000000000,0.00000000000000
ruffle.exe,9152,0x0000000000000000,Other,1,0,0,37.48183500000000,0.00000000000000,26.02130000000000,0,Hardware: Legacy Flip,-0.15860000000000,13.68190000000000,33.37630000000000,0.00000000000000,-19.66050000000000,14.76230000000000,0.00000000000000
ruffle.exe,9152,0x0000000000000000,Other,1,0,0,37.72087000000001,0.00000000000000,239.03500000000003,0,Hardware: Legacy Flip,-0.14240000000000,7.96360000000000,233.31670000000000,0.00000000000000,-225.16620000000000,14.15760000000000,0.00000000000000
ruffle.exe,9152,0x0000000000000000,Other,1,0,0,37.76284730000000,0.00000000000000,41.97730000000000,0,Hardware: Legacy Flip,-0.17220000000000,16.09650000000000,50.11020000000000,0.00000000000000,-33.98720000000000,13.74090000000000,0.00000000000000
ruffle.exe,9152,0x0000000000000000,Other,1,0,0,37.78958480000000,0.00000000000000,26.73750000000000,0,Hardware: Legacy Flip,-0.15160000000000,5.94490000000000,16.58590000000000,0.00000000000000,-11.96260000000000,11.61960000000000,0.00000000000000
ruffle.exe,9152,0x0000000000000000,Other,1,0,0,37.82929250000000,0.00000000000000,39.70770000000000,0,Hardware: Legacy Flip,-0.15010000000000,16.33270000000000,50.09550000000000,0.00000000000000,-33.73790000000000,12.69160000000000,0.00000000000000
ruffle.exe,9152,0x0000000000000000,Other,1,0,0,37.85212210000000,0.00000000000000,22.82960000000000,0,Hardware: Legacy Flip,-0.15140000000000,10.06960000000000,16.56650000000000,0.00000000000000,-13.53670000000000,13.20760000000000,0.00000000000000
ruffle.exe,9152,0x0000000000000000,Other,1,0,0,37.88784740000000,0.00000000000000,35.72530000000000,0,Hardware: Legacy Flip,-0.12960000000000,7.68530000000000,33.34100000000000,0.00000000000000,-25.62740000000000,14.55700000000000,0.00000000000000
ruffle.exe,9152,0x0000000000000000,Other,1,0,0,37.91290830000001,0.00000000000000,25.06090000000000,0,Hardware: Legacy Flip,-0.12990000000000,15.96090000000000,33.33650000000000,0.00000000000000,-17.34560000000000,12.33800000000000,0.00000000000000
ruffle.exe,9152,0x0000000000000000,Other,1,0,0,37.94250510000001,0.00000000000000,29.59680000000000,0,Hardware: Legacy Flip,-0.12820000000000,3.02810000000000,16.66400000000000,0.00000000000000,-13.59410000000000,12.19580000000000,0.00000000000000
ruffle.exe,9152,0x0000000000000000,Other,1,0,0,37.97525380000000,0.00000000000000,32.74870000000000,0,Hardware: Legacy Flip,-0.14060000000000,3.61720000000000,33.33780000000000,0.00000000000000,-29.69020000000000,11.81250000000000,0.00000000000000
ruffle.exe,9152,0x0000000000000000,Other,1,0,0,38.02302120000000,0.00000000000000,47.76740000000000,0,Hardware: Legacy Flip,-0.15350000000000,5.84410000000000,49.99430000000000,0.00000000000000,-44.12120000000000,13.39650000000000,0.00000000000000
ruffle.exe,9152,0x0000000000000000,Other,1,0,0,38.04514190000000,0.00000000000000,22.12070000000000,0,Hardware: Legacy Flip,-0.12720000000000,0.37110000000000,16.64770000000000,0.00000000000000,-16.23590000000000,11.87400000000000,0.00000000000000
ruffle.exe,9152,0x0000000000000000,Other,1,0,0,38.09366390000000,0.00000000000000,48.52200000000001,0,Hardware: Legacy Flip,-0.19400000000000,1.94880000000000,50.09970000000001,0.00000000000000,-48.11150000000000,14.93840000000000,0.00000000000000
ruffle.exe,9152,0x0000000000000000,Other,1,0,0,38.12402630000000,0.00000000000000,30.36240000000000,0,Hardware: Legacy Flip,-0.14070000000000,4.86610000000000,33.27970000000000,0.00000000000000,-28.37390000000000,14.28460000000000,0.00000000000000
ruffle.exe,9152,0x0000000000000000,Other,1,0,0,38.15248300000000,0.00000000000000,28.45670000000000,0,Hardware: Legacy Flip,-0.16910000000000,9.76410000000000,33.35470000000000,0.00000000000000,-23.56440000000000,12.22290000000000,0.00000000000000
ruffle.exe,9152,0x0000000000000000,Other,1,0,0,38.18771600000000,0.00000000000000,35.23300000000000,0,Hardware: Legacy Flip,-0.15360000000000,7.90380000000000,33.37270000000000,0.00000000000000,-25.43380000000000,13.23980000000000,0.00000000000000
ruffle.exe,9152,0x0000000000000000,Other,1,0,0,38.23707670000000,0.00000000000000,49.36070000000000,0,Hardware: Legacy Flip,-0.19360000000000,8.50110000000000,49.95800000000001,0.00000000000000,-41.42090000000000,13.39770000000000,0.00000000000000
ruffle.exe,9152,0x0000000000000000,Other,1,0,0,38.27760200000000,0.00000000000000,40.52530000000000,0,Hardware: Legacy Flip,-0.22350000000000,1.31710000000000,33.34130000000000,0.00000000000000,-31.98400000000000,12.77840000000000,0.00000000000000
ruffle.exe,9152,0x0000000000000000,Other,1,0,0,38.33873130000000,0.00000000000000,61.12930000000000,0,Hardware: Legacy Flip,-0.12470000000000,6.83810000000000,66.65030000000000,0.00000000000000,-59.78050000000000,14.88920000000000,0.00000000000000
ruffle.exe,9152,0x0000000000000000,Other,1,0,0,38.36382430000000,0.00000000000000,25.09300000000000,0,Hardware: Legacy Flip,-0.15100000000000,15.07670000000000,33.33160000000000,0.00000000000000,-18.22200000000000,14.12270000000000,0.00000000000000
ruffle.exe,9152,0x0000000000000000,Other,1,0,0,38.39561580000000,0.00000000000000,31.79150000000000,0,Hardware: Legacy Flip,-0.19130000000000,16.62750000000000,33.34230000000000,0.00000000000000,-16.68200000000000,11.81250000000000,0.00000000000000
ruffle.exe,9152,0x0000000000000000,Other,1,0,0,38.42638610000000,0.00000000000000,30.77030000000000,0,Hardware: Legacy Flip,-0.11260000000000,2.51640000000000,16.65920000000000,0.00000000000000,-14.11510000000000,12.31070000000000,0.00000000000000
ruffle.exe,9152,0x0000000000000000,Other,1,0,0,38.46350720000000,0.00000000000000,37.12110000000000,0,Hardware: Legacy Flip,-0.13940000000000,15.41450000000000,50.01920000000000,0.00000000000000,-34.57960000000000,12.55620000000000,0.00000000000000
ruffle.exe,9152,0x0000000000000000,Other,1,0,0,38.66855120000000,0.00000000000000,205.04400000000001,0,Hardware: Legacy Flip,-0.08660000000000,10.37090000000000,200.00040000000001,0.00000000000000,-189.59540000000001,13.18820000000000,0.00000000000000
ruffle.exe,9152,0x0000000000000000,Other,1,0,0,38.69442730000000,0.00000000000000,25.87610000000000,0,Hardware: Legacy Flip,-0.10790000000000,1.15930000000000,16.66450000000000,0.00000000000000,-15.47720000000000,13.84960000000000,0.00000000000000
ruffle.exe,9152,0x0000000000000000,Other,1,0,0,38.72633040000000,0.00000000000000,31.90310000000000,0,Hardware: Legacy Flip,-0.17640000000000,2.70960000000000,33.45340000000000,0.00000000000000,-30.72720000000000,13.63130000000000,0.00000000000000
ruffle.exe,9152,0x0000000000000000,Other,1,0,0,38.76058710000000,0.00000000000000,34.25670000000000,0,Hardware: Legacy Flip,-0.14110000000000,1.68370000000000,33.23080000000000,0.00000000000000,-31.51350000000000,12.58030000000000,0.00000000000000
ruffle.exe,9152,0x0000000000000000,Other,1,0,0,38.78869109999999,0.00000000000000,28.10400000000000,0,Hardware: Legacy Flip,-0.11370000000000,6.86160000000000,33.28190000000000,0.00000000000000,-26.38410000000000,12.45750000000000,0.00000000000000
ruffle.exe,9152,0x0000000000000000,Other,1,0,0,38.82348169999999,0.00000000000000,34.79060000000000,0,Hardware: Legacy Flip,-0.15710000000000,5.46200000000000,33.39100000000000,0.00000000000000,-27.91330000000000,11.44950000000000,0.00000000000000
ruffle.exe,9152,0x0000000000000000,Other,1,0,0,38.85907560000000,0.00000000000000,35.59390000000000,0,Hardware: Legacy Flip,-0.23170000000000,3.23540000000000,33.36730000000000,0.00000000000000,-30.11260000000000,12.70440000000000,0.00000000000000
ruffle.exe,9152,0x0000000000000000,Other,1,0,0,38.89416680000000,0.00000000000000,35.09120000000000,0,Hardware: Legacy Flip,-0.14510000000000,1.40470000000000,33.26050000000000,0.00000000000000,-31.82430000000000,13.84870000000000,0.00000000000000
ruffle.exe,9152,0x0000000000000000,Other,1,0,0,38.92277990000000,0.00000000000000,28.61310000000000,0,Hardware: Legacy Flip,-0.11110000000000,6.17520000000000,33.38360000000000,0.00000000000000,-27.19410000000000,13.29260000000000,0.00000000000000
ruffle.exe,9152,0x0000000000000000,Other,1,0,0,38.95778760000000,0.00000000000000,35.00770000000000,0,Hardware: Legacy Flip,-0.14760000000000,4.57930000000000,33.41180000000000,0.00000000000000,-28.79710000000000,12.52200000000000,0.00000000000000
ruffle.exe,9152,0x0000000000000000,Other,1,0,0,38.99596070000000,0.00000000000000,38.17310000000001,0,Hardware: Legacy Flip,-0.17900000000000,16.38770000000000,49.98150000000000,0.00000000000000,-33.56620000000000,12.40390000000000,0.00000000000000
ruffle.exe,9152,0x0000000000000000,Other,1,0,0,39.02415260000000,0.00000000000000,28.19190000000000,0,Hardware: Legacy Flip,-0.18400000000000,4.84970000000000,16.65390000000000,0.00000000000000,-14.40520000000000,10.87320000000000,0.00000000000000
ruffle.exe,9152,0x0000000000000000,Other,1,0,0,39.05983560000000,0.00000000000000,35.68300000000000,0,Hardware: Legacy Flip,-0.13450000000000,2.50880000000000,33.34210000000000,0.00000000000000,-30.79340000000000,12.72610000000000,0.00000000000000
ruffle.exe,9152,0x0000000000000000,Other,1,0,0,39.09472570000001,0.00000000000000,34.89010000000000,0,Hardware: Legacy Flip,-0.13680000000000,0.89190000000000,33.27320000000000,0.00000000000000,-32.35210000000000,12.08860000000000,0.00000000000000
ruffle.exe,9152,0x0000000000000000,Other,1,0,0,39.12806110000000,0.00000000000000,33.33540000000000,0,Hardware: Legacy Flip,-0.17720000000000,0.91320000000000,33.35670000000000,0.00000000000000,-32.41510000000000,13.59510000000000,0.00000000000000
ruffle.exe,9152,0x0000000000000000,Other,1,0,0,39.16025710000000,0.00000000000000,32.19600000000001,0,Hardware: Legacy Flip,-0.12320000000000,2.08620000000000,33.36900000000000,0.00000000000000,-31.25500000000000,14.28410000000000,0.00000000000000
ruffle.exe,9152,0x0000000000000000,Other,1,0,0,39.19149840000000,0.00000000000000,31.24130000000000,0,Hardware: Legacy Flip,-0.15480000000000,4.19910000000000,33.35420000000000,0.00000000000000,-29.13230000000000,12.53870000000000,0.00000000000000
ruffle.exe,9152,0x0000000000000000,Other,1,0,0,39.21869450000000,0.00000000000000,27.19610000000000,0,Hardware: Legacy Flip,-0.08890000000000,10.27590000000000,33.27290000000000,0.00000000000000,-22.96430000000000,11.19570000000000,0.00000000000000
ruffle.exe,9152,0x0000000000000000,Other,1,0,0,39.26315310000000,0.00000000000000,44.45860000000000,0,Hardware: Legacy Flip,-0.11680000000000,15.91140000000000,50.09410000000000,0.00000000000000,-34.15550000000000,12.61030000000000,0.00000000000000
ruffle.exe,9152,0x0000000000000000,Other,1,0,0,39.29317170000000,0.00000000000000,30.01860000000000,0,Hardware: Legacy Flip,-0.15600000000000,2.53060000000000,16.63780000000000,0.00000000000000,-14.07480000000000,12.54120000000000,0.00000000000000
ruffle.exe,9152,0x0000000000000000,Other,1,0,0,39.32537090000000,0.00000000000000,32.19920000000000,0,Hardware: Legacy Flip,-0.12700000000000,3.58160000000000,33.25020000000000,0.00000000000000,-29.63810000000000,13.55190000000000,0.00000000000000
ruffle.exe,9152,0x0000000000000000,Other,1,0,0,39.35325200000000,0.00000000000000,27.88110000000000,0,Hardware: Legacy Flip,-0.13730000000000,9.11750000000000,33.41700000000000,0.00000000000000,-24.27750000000000,14.16730000000000,0.00000000000000
ruffle.exe,9152,0x0000000000000000,Other,1,0,0,39.39532570000000,0.00000000000000,42.07370000000000,0,Hardware: Legacy Flip,-0.10040000000000,0.29240000000000,33.24860000000000,0.00000000000000,-32.92190000000000,12.56320000000000,0.00000000000000
ruffle.exe,9152,0x0000000000000000,Other,1,0,0,39.50408560000000,0.00000000000000,108.75990000000000,0,Hardware: Legacy Flip,-0.15300000000000,8.29220000000000,116.75970000000001,0.00000000000000,-108.44590000000001,14.27170000000000,0.00000000000000
ruffle.exe,9152,0x0000000000000000,Other,1,0,0,39.74070010000001,0.00000000000000,236.61450000000002,0,Hardware: Legacy Flip,-0.14090000000000,5.05700000000000,233.37930000000000,0.00000000000000,-228.29170000000002,15.04680000000000,0.00000000000000
ruffle.exe,9152,0x0000000000000000,Other,1,0,0,39.76928370000000,0.00000000000000,28.58360000000000,0,Hardware: Legacy Flip,-0.44770000000000,9.74740000000000,33.27400000000000,0.00000000000000,-23.49500000000000,14.47140000000000,0.00000000000000
ruffle.exe,9152,0x0000000000000000,Other,1,0,0,39.79943040000000,0.00000000000000,30.14670000000000,0,Hardware: Legacy Flip,-0.10510000000000,12.93300000000000,33.33230000000000,0.00000000000000,-20.35940000000000,13.71870000000000,0.00000000000000
ruffle.exe,9152,0x0000000000000000,Other,1,0,0,39.83717330000000,0.00000000000000,37.74290000000000,0,Hardware: Legacy Flip,-0.17820000000000,8.54960000000000,33.35950000000000,0.00000000000000,-24.76560000000000,16.55890000000000,0.00000000000000
ruffle.exe,9152,0x0000000000000000,Other,1,0,0,39.87825680000000,0.00000000000000,41.08350000000000,0,Hardware: Legacy Flip,-0.21670000000000,0.79800000000000,33.33190000000000,0.00000000000000,-32.50440000000000,16.55070000000000,0.00000000000000
ruffle.exe,9152,0x0000000000000000,Other,1,0,0,39.89714160000000,0.00000000000000,18.88480000000000,0,Hardware: Legacy Flip,-0.16030000000000,15.24960000000000,33.33640000000000,0.00000000000000,-18.02060000000000,13.76500000000000,0.00000000000000
ruffle.exe,9152,0x0000000000000000,Other,1,0,0,39.94195000000000,0.00000000000000,44.80840000000000,0,Hardware: Legacy Flip,-0.13870000000000,3.83860000000000,33.39740000000000,0.00000000000000,-29.51470000000000,14.85750000000000,0.00000000000000
ruffle.exe,9152,0x0000000000000000,Other,1,0,0,39.97412550000000,0.00000000000000,32.17550000000000,0,Hardware: Legacy Flip,-0.15550000000000,4.95010000000000,33.28700000000000,0.00000000000000,-28.28970000000000,14.08350000000000,0.00000000000000
ruffle.exe,9152,0x0000000000000000,Other,1,0,0,40.01437570000000,0.00000000000000,40.25020000000000,0,Hardware: Legacy Flip,-0.17750000000000,14.69760000000000,49.99770000000000,0.00000000000000,-35.25350000000000,14.08640000000000,0.00000000000000
ruffle.exe,9152,0x0000000000000000,Other,1,0,0,40.04313690000000,0.00000000000000,28.76120000000000,0,Hardware: Legacy Flip,-0.15730000000000,2.59310000000000,16.65670000000000,0.00000000000000,-20.07370000000000,16.34980000000000,0.00000000000000
ruffle.exe,9152,0x0000000000000000,Other,1,0,0,40.07085490000000,0.00000000000000,27.71800000000000,0,Hardware: Legacy Flip,-0.11900000000000,8.19840000000000,33.32330000000000,0.00000000000000,-25.07610000000000,16.53800000000000,0.00000000000000
ruffle.exe,9152,0x0000000000000000,Other,1,0,0,40.10045670000000,0.00000000000000,29.60180000000000,0,Hardware: Legacy Flip,-0.21520000000000,11.95120000000000,33.35460000000000,0.00000000000000,-21.36010000000000,13.69760000000000,0.00000000000000
ruffle.exe,9152,0x0000000000000000,Other,1,0,0,40.13324590000001,0.00000000000000,32.78920000000000,0,Hardware: Legacy Flip,-0.14550000000000,12.47650000000000,33.31450000000000,0.00000000000000,-20.79890000000000,15.15230000000000,0.00000000000000
ruffle.exe,9152,0x0000000000000000,Other,1,0,0,40.16986170000001,0.00000000000000,36.61580000000000,0,Hardware: Legacy Flip,-0.17240000000000,9.23430000000000,33.37360000000000,0.00000000000000,-20.89720000000000,14.13130000000000,0.00000000000000
ruffle.exe,9152,0x0000000000000000,Other,1,0,0,40.20163420000000,0.00000000000000,31.77250000000000,0,Hardware: Legacy Flip,-0.11010000000000,10.78710000000000,33.32530000000000,0.00000000000000,-22.51370000000000,13.82760000000000,0.00000000000000
ruffle.exe,9152,0x0000000000000000,Other,1,0,0,40.23066740000000,0.00000000000000,29.03320000000000,0,Hardware: Legacy Flip,-0.13790000000000,15.10220000000000,33.34830000000000,0.00000000000000,-18.20220000000000,14.72510000000000,0.00000000000000
ruffle.exe,9152,0x0000000000000000,Other,1,0,0,40.26860730000001,0.00000000000000,37.93990000000000,0,Hardware: Legacy Flip,-0.14510000000000,10.47240000000000,33.31010000000000,0.00000000000000,-22.80710000000000,16.51370000000000,0.00000000000000
ruffle.exe,9152,0x0000000000000000,Other,1,0,0,40.30301980000000,0.00000000000000,34.41250000000000,0,Hardware: Legacy Flip,-0.17330000000000,9.42020000000000,33.36030000000000,0.00000000000000,-23.90210000000000,15.14310000000000,0.00000000000000
ruffle.exe,9152,0x0000000000000000,Other,1,0,0,40.33482170000000,0.00000000000000,31.80190000000000,0,Hardware: Legacy Flip,-0.14110000000000,11.25460000000000,33.63630000000000,0.00000000000000,-22.33550000000000,15.09210000000000,0.00000000000000
ruffle.exe,9152,0x0000000000000000,Other,1,0,0,40.36383240000000,0.00000000000000,29.01070000000000,0,Hardware: Legacy Flip,-0.14470000000000,15.27870000000000,33.03480000000000,0.00000000000000,-17.72680000000000,14.14350000000000,0.00000000000000
ruffle.exe,9152,0x0000000000000000,Other,1,0,0,40.41091970000000,0.00000000000000,47.08730000000000,0,Hardware: Legacy Flip,-0.16870000000000,1.56340000000000,33.37200000000000,0.00000000000000,-31.77410000000000,14.29370000000000,0.00000000000000
ruffle.exe,9152,0x0000000000000000,Other,1,0,0,40.43780580000000,0.00000000000000,26.88610000000000,0,Hardware: Legacy Flip,-0.13450000000000,8.04840000000000,33.37110000000000,0.00000000000000,-25.29240000000000,14.62010000000000,0.00000000000000
ruffle.exe,9152,0x0000000000000000,Other,1,0,0,40.47173710000000,0.00000000000000,33.93130000000000,0,Hardware: Legacy Flip,-0.20940000000000,7.34850000000000,33.23140000000000,0.00000000000000,-25.85240000000000,15.90150000000000,0.00000000000000
ruffle.exe,9152,0x0000000000000000,Other,1,0,0,40.72374480000000,0.00000000000000,252.00770000000000,0,Hardware: Legacy Flip,-0.44600000000000,5.40370000000000,250.06290000000001,0.00000000000000,-242.03070000000002,16.16820000000000,0.00000000000000
ruffle.exe,9152,0x0000000000000000,Other,1,0,0,40.74795160000000,0.00000000000000,24.20680000000000,0,Hardware: Legacy Flip,-0.16360000000000,14.54460000000000,33.34770000000000,0.00000000000000,-18.77470000000000,13.77910000000000,0.00000000000000
ruffle.exe,9152,0x0000000000000000,Other,1,0,0,40.77220080000000,0.00000000000000,24.24920000000000,0,Hardware: Legacy Flip,-0.12220000000000,6.93370000000000,16.63830000000000,0.00000000000000,-14.80360000000000,14.46880000000000,0.00000000000000
ruffle.exe,9152,0x0000000000000000,Other,1,0,0,40.80722680000000,0.00000000000000,35.02600000000000,0,Hardware: Legacy Flip,-0.17130000000000,5.26510000000000,33.35740000000000,0.00000000000000,-28.06170000000000,14.24710000000000,0.00000000000000
ruffle.exe,9152,0x0000000000000000,Other,1,0,0,40.84034350000000,0.00000000000000,33.11670000000000,0,Hardware: Legacy Flip,-0.11840000000000,5.45620000000000,33.30780000000000,0.00000000000000,-27.80530000000000,15.67310000000000,0.00000000000000
ruffle.exe,9152,0x0000000000000000,Other,1,0,0,40.87613670000000,0.00000000000000,35.79320000000000,0,Hardware: Legacy Flip,-0.15010000000000,3.02250000000000,33.35950000000000,0.00000000000000,-30.28580000000000,17.03450000000000,0.00000000000000
ruffle.exe,9152,0x0000000000000000,Other,1,0,0,40.90260350000000,0.00000000000000,26.46680000000000,0,Hardware: Legacy Flip,-0.14610000000000,9.87210000000000,33.31640000000000,0.00000000000000,-23.41280000000000,14.12210000000000,0.00000000000000
ruffle.exe,9152,0x0000000000000000,Other,1,0,0,40.93979740000000,0.00000000000000,37.19390000000000,0,Hardware: Legacy Flip,-0.13670000000000,6.00100000000000,33.32280000000000,0.00000000000000,-27.29590000000000,13.82250000000000,0.00000000000000
ruffle.exe,9152,0x0000000000000000,Other,1,0,0,40.97627740000000,0.00000000000000,36.48000000000000,0,Hardware: Legacy Flip,-0.13370000000000,2.89160000000000,33.37060000000000,0.00000000000000,-30.43470000000000,14.73110000000000,0.00000000000000
ruffle.exe,9152,0x0000000000000000,Other,1,0,0,41.00092900000000,0.00000000000000,24.65160000000000,0,Hardware: Legacy Flip,-0.10070000000000,11.53660000000000,33.29660000000001,0.00000000000000,-21.73440000000000,13.84410000000000,0.00000000000000
ruffle.exe,9152,0x0000000000000000,Other,1,0,0,41.03461120000000,0.00000000000000,33.68220000000000,0,Hardware: Legacy Flip,-0.18050000000000,11.18760000000000,33.33320000000001,0.00000000000000,-22.12310000000000,15.62720000000000,0.00000000000000
ruffle.exe,9152,0x0000000000000000,Other,1,0,0,41.07304090000000,0.00000000000000,38.42970000000000,0,Hardware: Legacy Flip,-0.11200000000000,6.06790000000000,33.31000000000000,0.00000000000000,-27.21040000000000,16.88710000000000,0.00000000000000
ruffle.exe,9152,0x0000000000000000,Other,1,0,0,41.09601980000000,0.00000000000000,22.97890000000000,0,Hardware: Legacy Flip,-0.11180000000000,16.51360000000000,33.42460000000000,0.00000000000000,-16.88570000000000,14.01600000000000,0.00000000000000
ruffle.exe,9152,0x0000000000000000,Other,1,0,0,41.14253330000000,0.00000000000000,46.51350000000000,0,Hardware: Legacy Flip,-0.11010000000000,3.28570000000000,33.28560000000000,0.00000000000000,-29.96460000000000,14.10270000000000,0.00000000000000
ruffle.exe,9152,0x0000000000000000,Other,1,0,0,41.16734320000000,0.00000000000000,24.80990000000000,0,Hardware: Legacy Flip,-0.11740000000000,11.86410000000000,33.38830000000000,0.00000000000000,-21.50300000000000,14.85830000000000,0.00000000000000
ruffle.exe,9152,0x0000000000000000,Other,1,0,0,41.20516260000000,0.00000000000000,37.81940000000000,0,Hardware: Legacy Flip,-0.16460000000000,7.32950000000000,33.28480000000000,0.00000000000000,-25.92490000000000,14.54510000000000,0.00000000000000
ruffle.exe,9152,0x0000000000000000,Other,1,0,0,41.23112310000000,0.00000000000000,25.96050000000000,0,Hardware: Legacy Flip,-0.09760000000000,14.73640000000000,33.36740000000000,0.00000000000000,-18.59940000000000,14.01120000000000,0.00000000000000
ruffle.exe,9152,0x0000000000000000,Other,1,0,0,41.27373800000000,0.00000000000000,42.61490000000000,0,Hardware: Legacy Flip,-0.11080000000000,5.43340000000000,33.31190000000000,0.00000000000000,-27.85210000000000,16.70590000000000,0.00000000000000
ruffle.exe,9152,0x0000000000000000,Other,1,0,0,41.31167850000000,0.00000000000000,37.94050000000000,0,Hardware: Legacy Flip,-0.23020000000000,0.79800000000000,33.30510000000000,0.00000000000000,-32.46780000000000,16.08610000000000,0.00000000000000
ruffle.exe,9152,0x0000000000000000,Other,1,0,0,41.32982840000000,0.00000000000000,18.14990000000000,0,Hardware: Legacy Flip,-0.14210000000000,16.01750000000000,33.36940000000000,0.00000000000000,-17.32270000000000,14.16700000000000,0.00000000000000
ruffle.exe,9152,0x0000000000000000,Other,1,0,0,41.36058810000000,0.00000000000000,30.75970000000000,0,Hardware: Legacy Flip,-0.10060000000000,1.88360000000000,16.62580000000000,0.00000000000000,-14.87420000000000,14.64840000000000,0.00000000000000
ruffle.exe,9152,0x0000000000000000,Other,1,0,0,41.41188760000000,0.00000000000000,51.29950000000000,0,Hardware: Legacy Flip,-0.13130000000000,0.55630000000000,49.97220000000000,0.00000000000000,-49.39460000000000,14.45290000000000,0.00000000000000
ruffle.exe,9152,0x0000000000000000,Other,1,0,0,41.43130300000000,0.00000000000000,19.41540000000000,0,Hardware: Legacy Flip,-0.16580000000000,14.55460000000000,33.41370000000000,0.00000000000000,-18.83160000000000,14.23090000000000,0.00000000000000
ruffle.exe,9152,0x0000000000000000,Other,1,0,0,41.47051100000000,0.00000000000000,39.20800000000000,0,Hardware: Legacy Flip,-0.15190000000000,8.66070000000000,33.31410000000000,0.00000000000000,-24.61430000000000,17.05340000000000,0.00000000000000
ruffle.exe,9152,0x0000000000000000,Other,1,0,0,41.66962450000000,0.00000000000000,199.11350000000002,0,Hardware: Legacy Flip,-0.09270000000000,9.61260000000000,200.06540000000001,0.00000000000000,-190.42480000000000,16.30040000000000,0.00000000000000
ruffle.exe,9152,0x0000000000000000,Other,1,0,0,41.70500210000000,0.00000000000000,35.37760000000000,0,Hardware: Legacy Flip,-0.13340000000000,7.54840000000000,33.31340000000000,0.00000000000000,-25.72880000000000,14.68740000000000,0.00000000000000
ruffle.exe,9152,0x0000000000000000,Other,1,0,0,41.72991710000000,0.00000000000000,24.91500000000000,0,Hardware: Legacy Flip,-0.12090000000000,15.97270000000000,33.33930000000000,0.00000000000000,-17.33430000000000,14.09130000000000,0.00000000000000
ruffle.exe,9152,0x0000000000000000,Other,1,0,0,41.76595150000001,0.00000000000000,36.03440000000001,0,Hardware: Legacy Flip,-0.17710000000000,13.29990000000000,33.36160000000000,0.00000000000000,-20.03000000000000,15.21950000000000,0.00000000000000
ruffle.exe,9152,0x0000000000000000,Other,1,0,0,41.79582090000000,0.00000000000000,29.86940000000000,0,Hardware: Legacy Flip,-0.15160000000000,16.76330000000000,33.33280000000000,0.00000000000000,-16.53340000000000,16.01830000000000,0.00000000000000
ruffle.exe,9152,0x0000000000000000,Other,1,0,0,41.82717400000000,0.00000000000000,31.35310000000000,0,Hardware: Legacy Flip,-0.14190000000000,2.06040000000000,16.65020000000000,0.00000000000000,-16.02750000000000,15.66390000000000,0.00000000000000
ruffle.exe,9152,0x0000000000000000,Other,1,0,0,41.86542190000000,0.00000000000000,38.24790000000000,0,Hardware: Legacy Flip,-0.10950000000000,13.88470000000000,50.07220000000000,0.00000000000000,-36.15320000000000,15.15600000000000,0.00000000000000
ruffle.exe,9152,0x0000000000000000,Other,1,0,0,41.90210990000001,0.00000000000000,36.68800000000000,0,Hardware: Legacy Flip,-0.16030000000000,10.47410000000000,33.27740000000000,0.00000000000000,-22.75760000000000,14.66540000000000,0.00000000000000
ruffle.exe,9152,0x0000000000000000,Other,1,0,0,41.93209250000000,0.00000000000000,29.98260000000000,0,Hardware: Legacy Flip,-0.12710000000000,13.85130000000000,33.35980000000000,0.00000000000000,-19.46760000000000,14.24540000000000,0.00000000000000
ruffle.exe,9152,0x0000000000000000,Other,1,0,0,41.95792800000000,0.00000000000000,25.83550000000000,0,Hardware: Legacy Flip,-0.10590000000000,4.60950000000000,16.59370000000000,0.00000000000000,-15.01830000000000,14.76610000000000,0.00000000000000
ruffle.exe,9152,0x0000000000000000,Other,1,0,0,42.00436140000000,0.00000000000000,46.43340000000000,0,Hardware: Legacy Flip,-0.11340000000000,8.23290000000000,50.05680000000000,0.00000000000000,-41.80770000000000,16.32040000000000,0.00000000000000
ruffle.exe,9152,0x0000000000000000,Other,1,0,0,42.04502919999999,0.00000000000000,40.66780000000000,0,Hardware: Legacy Flip,-0.13500000000000,0.84400000000000,33.27890000000000,0.00000000000000,-32.40030000000000,16.29700000000000,0.00000000000000
ruffle.exe,9152,0x0000000000000000,Other,1,0,0,42.07023659999999,0.00000000000000,25.20740000000000,0,Hardware: Legacy Flip,-0.11770000000000,9.06440000000000,33.42780000000000,0.00000000000000,-24.32180000000000,14.85740000000000,0.00000000000000
ruffle.exe,9152,0x0000000000000000,Other,1,0,0,42.09041260000001,0.00000000000000,20.17600000000000,0,Hardware: Legacy Flip,-0.14130000000000,5.55380000000000,16.66540000000000,0.00000000000000,-14.49820000000000,14.18180000000000,0.00000000000000
ruffle.exe,9152,0x0000000000000000,Other,1,0,0,42.12266740000000,0.00000000000000,32.25480000000000,0,Hardware: Legacy Flip,-0.13380000000000,6.56350000000000,33.26450000000000,0.00000000000000,-26.67000000000000,14.46800000000000,0.00000000000000
ruffle.exe,9152,0x0000000000000000,Other,1,0,0,42.17710950000000,0.00000000000000,54.44210000000000,0,Hardware: Legacy Flip,-0.12480000000000,2.11810000000000,49.99670000000000,0.00000000000000,-47.84370000000001,15.11180000000000,0.00000000000000
ruffle.exe,9152,0x0000000000000000,Other,1,0,0,42.19957760000000,0.00000000000000,22.46810000000000,0,Hardware: Legacy Flip,-0.12510000000000,13.03930000000000,33.38930000000000,0.00000000000000,-20.31100000000000,14.38850000000000,0.00000000000000
ruffle.exe,9152,0x0000000000000000,Other,1,0,0,42.24627830000000,0.00000000000000,46.70070000000000,0,Hardware: Legacy Flip,-0.13890000000000,16.26270000000000,49.92410000000000,0.00000000000000,-33.62420000000000,16.52660000000000,0.00000000000000
ruffle.exe,9152,0x0000000000000000,Other,1,0,0,42.26656610000000,0.00000000000000,20.28780000000000,0,Hardware: Legacy Flip,-0.24200000000000,12.72370000000000,16.74880000000000,0.00000000000000,-19.48470000000000,15.96630000000000,0.00000000000000
ruffle.exe,9152,0x0000000000000000,Other,1,0,0,42.29142710000000,0.00000000000000,24.86100000000000,0,Hardware: Legacy Flip,-0.10560000000000,4.51730000000000,16.65460000000000,0.00000000000000,-14.24400000000000,13.98750000000000,0.00000000000000
ruffle.exe,9152,0x0000000000000000,Other,1,0,0,42.33385390000000,0.00000000000000,42.42680000000000,0,Hardware: Legacy Flip,-0.11080000000000,12.13160000000000,50.04110000000000,0.00000000000000,-37.89000000000000,14.61140000000000,0.00000000000000
ruffle.exe,9152,0x0000000000000000,Other,1,0,0,42.36680360000000,0.00000000000000,32.94970000000000,0,Hardware: Legacy Flip,-0.28770000000000,12.48950000000000,33.30760000000000,0.00000000000000,-20.76760000000000,14.72560000000000,0.00000000000000
ruffle.exe,9152,0x0000000000000000,Other,1,0,0,42.39490000000000,0.00000000000000,28.09640000000000,0,Hardware: Legacy Flip,-0.13830000000000,1.00840000000000,16.61530000000000,0.00000000000000,-15.56390000000000,14.40740000000000,0.00000000000000
ruffle.exe,9152,0x0000000000000000,Other,1,0,0,42.42860180000000,0.00000000000000,33.70180000000000,0,Hardware: Legacy Flip,-0.14560000000000,0.66580000000000,33.35920000000000,0.00000000000000,-32.67060000000000,16.28210000000000,0.00000000000000
ruffle.exe,9152,0x0000000000000000,Other,1,0,0,42.45988720000000,0.00000000000000,31.28540000000000,0,Hardware: Legacy Flip,-0.12930000000000,2.76000000000000,33.37960000000000,0.00000000000000,-30.59990000000000,16.45580000000000,0.00000000000000
ruffle.exe,9152,0x0000000000000000,Other,1,0,0,42.63721220000000,0.00000000000000,177.32500000000002,0,Hardware: Legacy Flip,-0.26080000000000,8.79850000000000,183.36350000000002,0.00000000000000,-174.52750000000000,15.89710000000000,0.00000000000000
ruffle.exe,9152,0x0000000000000000,Other,1,0,0,42.65256000000000,0.00000000000000,15.34780000000000,0,Hardware: Legacy Flip,-0.13200000000000,10.09700000000000,16.64630000000000,0.00000000000000,-14.43340000000000,14.10420000000000,0.00000000000000
ruffle.exe,9152,0x0000000000000000,Other,1,0,0,42.68447470000000,0.00000000000000,31.91470000000000,0,Hardware: Legacy Flip,-0.16060000000000,11.46690000000000,33.28460000000000,0.00000000000000,-21.79100000000000,16.29760000000000,0.00000000000000
ruffle.exe,9152,0x0000000000000000,Other,1,0,0,42.71320590000000,0.00000000000000,28.73120000000000,0,Hardware: Legacy Flip,-0.16860000000000,16.17390000000000,33.43820000000000,0.00000000000000,-17.22940000000000,16.61340000000000,0.00000000000000
ruffle.exe,9152,0x0000000000000000,Other,1,0,0,42.73011420000000,0.00000000000000,16.90830000000000,0,Hardware: Legacy Flip,-0.14330000000000,15.95950000000000,16.69390000000000,0.00000000000000,-14.51690000000000,14.24100000000000,0.00000000000000
ruffle.exe,9152,0x0000000000000000,Other,1,0,0,42.76313840000000,0.00000000000000,33.02420000000000,0,Hardware: Legacy Flip,-0.23670000000000,16.18140000000000,33.24610000000000,0.00000000000000,-15.81510000000000,14.10610000000000,0.00000000000000
ruffle.exe,9152,0x0000000000000000,Other,1,0,0,42.79501570000001,0.00000000000000,31.87730000000000,0,Hardware: Legacy Flip,-0.15810000000000,0.93770000000000,16.63360000000000,0.00000000000000,-15.66890000000000,15.02720000000000,0.00000000000000
ruffle.exe,9152,0x0000000000000000,Other,1,0,0,42.83323890000000,0.00000000000000,38.22320000000000,0,Hardware: Legacy Flip,-0.14590000000000,12.73820000000000,50.02370000000001,0.00000000000000,-37.25460000000000,14.48610000000000,0.00000000000000
ruffle.exe,9152,0x0000000000000000,Other,1,0,0,42.86551030000000,0.00000000000000,32.27140000000000,0,Hardware: Legacy Flip,-0.13930000000000,13.82620000000000,33.35940000000000,0.00000000000000,-19.49460000000000,16.25700000000000,0.00000000000000
ruffle.exe,9152,0x0000000000000000,Other,1,0,0,42.90782910000000,0.00000000000000,42.31880000000000,0,Hardware: Legacy Flip,-0.11610000000000,4.77900000000000,33.27160000000000,0.00000000000000,-28.45770000000000,16.69060000000000,0.00000000000000
ruffle.exe,9152,0x0000000000000000,Other,1,0,0,42.93013080000000,0.00000000000000,22.30170000000000,0,Hardware: Legacy Flip,-0.15830000000000,15.84960000000000,33.37230000000000,0.00000000000000,-17.50300000000000,14.22980000000000,0.00000000000000
ruffle.exe,9152,0x0000000000000000,Other,1,0,0,42.96662200000000,0.00000000000000,36.49120000000000,0,Hardware: Legacy Flip,-0.11220000000000,12.69900000000000,33.34060000000000,0.00000000000000,-20.59470000000000,14.35470000000000,0.00000000000000
ruffle.exe,9152,0x0000000000000000,Other,1,0,0,42.99761920000000,0.00000000000000,30.99720000000000,0,Hardware: Legacy Flip,-0.10440000000000,15.02290000000000,33.32110000000000,0.00000000000000,-18.26150000000000,14.75070000000000,0.00000000000000
ruffle.exe,9152,0x0000000000000000,Other,1,0,0,43.03489950000000,0.00000000000000,37.28030000000000,0,Hardware: Legacy Flip,-0.11920000000000,11.09720000000000,33.35460000000000,0.00000000000000,-22.22640000000000,14.39280000000000,0.00000000000000
ruffle.exe,9152,0x0000000000000000,Other,1,0,0,43.06130760000000,0.00000000000000,26.40810000000000,0,Hardware: Legacy Flip,-0.11200000000000,1.32640000000000,16.63730000000000,0.00000000000000,-15.26250000000000,13.60730000000000,0.00000000000000
ruffle.exe,9152,0x0000000000000000,Other,1,0,0,43.09878810000000,0.00000000000000,37.48050000000000,0,Hardware: Legacy Flip,-0.08410000000000,13.88660000000000,50.04070000000000,0.00000000000000,-36.12850000000000,16.02930000000000,0.00000000000000
ruffle.exe,9152,0x0000000000000000,Other,1,0,0,43.12736100000000,0.00000000000000,28.57290000000000,0,Hardware: Legacy Flip,-0.12110000000000,1.94890000000000,16.63520000000000,0.00000000000000,-15.25660000000000,14.99930000000000,0.00000000000000
ruffle.exe,9152,0x0000000000000000,Other,1,0,0,43.16305260000000,0.00000000000000,35.69160000000000,0,Hardware: Legacy Flip,-0.12150000000000,16.31440000000000,50.05710000000001,0.00000000000000,-33.71760000000000,13.74780000000000,0.00000000000000
ruffle.exe,9152,0x0000000000000000,Other,1,0,0,43.19907610000000,0.00000000000000,36.02350000000000,0,Hardware: Legacy Flip,-0.13870000000000,13.60960000000000,33.31870000000000,0.00000000000000,-19.68100000000000,14.35920000000000,0.00000000000000
ruffle.exe,9152,0x0000000000000000,Other,1,0,0,43.23186130000000,0.00000000000000,32.78520000000000,0,Hardware: Legacy Flip,-0.20020000000000,14.14970000000000,33.32530000000000,0.00000000000000,-19.14350000000000,13.60540000000000,0.00000000000000
ruffle.exe,9152,0x0000000000000000,Other,1,0,0,43.26302990000000,0.00000000000000,31.16860000000000,0,Hardware: Legacy Flip,-0.14110000000000,16.31120000000000,33.33010000000000,0.00000000000000,-16.98290000000000,13.72000000000000,0.00000000000000
ruffle.exe,9152,0x0000000000000000,Other,1,0,0,43.30602360000000,0.00000000000000,42.99370000000000,0,Hardware: Legacy Flip,-0.17220000000000,6.66760000000000,33.35010000000000,0.00000000000000,-26.65370000000000,15.99450000000000,0.00000000000000
ruffle.exe,9152,0x0000000000000000,Other,1,0,0,43.33701440000000,0.00000000000000,30.99080000000000,0,Hardware: Legacy Flip,-0.18210000000000,9.03410000000000,33.35730000000000,0.00000000000000,-24.28680000000000,15.74830000000000,0.00000000000000
ruffle.exe,9152,0x0000000000000000,Other,1,0,0,43.37149930000000,0.00000000000000,34.48490000000000,0,Hardware: Legacy Flip,-0.16850000000000,7.86760000000000,33.31840000000000,0.00000000000000,-25.38910000000000,13.83630000000000,0.00000000000000
ruffle.exe,9152,0x0000000000000000,Other,1,0,0,43.42681790000000,0.00000000000000,55.31860000000000,0,Hardware: Legacy Flip,-0.15780000000000,2.53630000000000,49.98730000000000,0.00000000000000,-44.81330000000001,14.22800000000000,0.00000000000000
ruffle.exe,9152,0x0000000000000000,Other,1,0,0,43.45347800000000,0.00000000000000,26.66010000000000,0,Hardware: Legacy Flip,-0.16600000000000,9.20780000000000,33.33160000000000,0.00000000000000,-24.08340000000000,13.80250000000000,0.00000000000000
ruffle.exe,9152,0x0000000000000000,Other,1,0,0,43.48092390000000,0.00000000000000,27.44590000000000,0,Hardware: Legacy Flip,-0.12180000000000,15.11520000000000,33.35330000000000,0.00000000000000,-18.18520000000000,13.61680000000000,0.00000000000000
ruffle.exe,9152,0x0000000000000000,Other,1,0,0,43.72902140000000,0.00000000000000,248.09750000000003,0,Hardware: Legacy Flip,-0.16310000000000,0.33370000000000,233.31600000000000,0.00000000000000,-232.95000000000002,15.16290000000000,0.00000000000000
ruffle.exe,9152,0x0000000000000000,Other,1,0,0,43.77581720000000,0.00000000000000,46.79580000000000,0,Hardware: Legacy Flip,-0.10730000000000,3.55110000000000,50.01320000000000,0.00000000000000,-46.43090000000000,15.49120000000000,0.00000000000000
ruffle.exe,9152,0x0000000000000000,Other,1,0,0,43.80051410000000,0.00000000000000,24.69690000000000,0,Hardware: Legacy Flip,-0.17930000000000,12.21630000000000,33.36210000000000,0.00000000000000,-21.12040000000000,14.38540000000000,0.00000000000000
ruffle.exe,9152,0x0000000000000000,Other,1,0,0,43.82743810000000,0.00000000000000,26.92400000000000,0,Hardware: Legacy Flip,-0.15590000000000,1.95190000000000,16.65960000000000,0.00000000000000,-14.67810000000000,13.76270000000000,0.00000000000000
ruffle.exe,9152,0x0000000000000000,Other,1,0,0,43.85571690000000,0.00000000000000,28.27880000000000,0,Hardware: Legacy Flip,-0.16030000000000,7.04430000000000,33.37120000000000,0.00000000000000,-26.29410000000000,13.70660000000000,0.00000000000000
ruffle.exe,9152,0x0000000000000000,Other,1,0,0,43.89299200000000,0.00000000000000,37.27510000000000,0,Hardware: Legacy Flip,-0.14370000000000,3.05570000000000,33.28650000000000,0.00000000000000,-30.18070000000000,14.35180000000000,0.00000000000000
ruffle.exe,9152,0x0000000000000000,Other,1,0,0,43.92311410000000,0.00000000000000,30.12210000000000,0,Hardware: Legacy Flip,-0.12800000000000,6.28510000000000,33.35150000000000,0.00000000000000,-27.02790000000000,15.39170000000000,0.00000000000000
ruffle.exe,9152,0x0000000000000000,Other,1,0,0,43.95840580000000,0.00000000000000,35.29170000000000,0,Hardware: Legacy Flip,-0.13360000000000,4.39840000000000,33.40500000000000,0.00000000000000,-28.96570000000000,15.71270000000000,0.00000000000000
ruffle.exe,9152,0x0000000000000000,Other,1,0,0,43.98202380000000,0.00000000000000,23.61800000000000,0,Hardware: Legacy Flip,-0.13740000000000,14.09090000000000,33.31050000000000,0.00000000000000,-19.19610000000000,14.03860000000000,0.00000000000000
ruffle.exe,9152,0x0000000000000000,Other,1,0,0,44.01598440000000,0.00000000000000,33.96060000000000,0,Hardware: Legacy Flip,-0.09410000000000,13.43510000000000,33.30480000000000,0.00000000000000,-19.83960000000000,13.54050000000000,0.00000000000000
ruffle.exe,9152,0x0000000000000000,Other,1,0,0,44.05248020000000,0.00000000000000,36.49580000000000,0,Hardware: Legacy Flip,-0.15570000000000,10.26230000000000,33.32300000000000,0.00000000000000,-23.03370000000000,14.13570000000000,0.00000000000000
ruffle.exe,9152,0x0000000000000000,Other,1,0,0,44.08727450000000,0.00000000000000,34.79430000000000,0,Hardware: Legacy Flip,-0.16140000000000,8.89000000000000,33.42200000000000,0.00000000000000,-24.49910000000000,14.37450000000000,0.00000000000000
ruffle.exe,9152,0x0000000000000000,Other,1,0,0,44.11938970000000,0.00000000000000,32.11520000000000,0,Hardware: Legacy Flip,-0.14920000000000,10.05060000000000,33.27580000000000,0.00000000000000,-23.19260000000000,13.67870000000000,0.00000000000000
ruffle.exe,9152,0x0000000000000000,Other,1,0,0,44.15577560000000,0.00000000000000,36.38590000000000,0,Hardware: Legacy Flip,-0.12400000000000,6.97440000000000,33.30970000000000,0.00000000000000,-26.30260000000000,15.58530000000000,0.00000000000000
ruffle.exe,9152,0x0000000000000000,Other,1,0,0,44.18620450000000,0.00000000000000,30.42890000000000,0,Hardware: Legacy Flip,-0.10250000000000,9.87690000000000,33.33140000000000,0.00000000000000,-23.43130000000000,15.95510000000000,0.00000000000000
ruffle.exe,9152,0x0000000000000000,Other,1,0,0,44.22083180000000,0.00000000000000,34.62730000000000,0,Hardware: Legacy Flip,-0.10310000000000,8.60710000000000,33.35750000000000,0.00000000000000,-24.72560000000000,13.54920000000000,0.00000000000000
ruffle.exe,9152,0x0000000000000000,Other,1,0,0,44.24980740000000,0.00000000000000,28.97560000000000,0,Hardware: Legacy Flip,-0.10060000000000,12.96220000000000,33.33070000000000,0.00000000000000,-20.33830000000000,13.62600000000000,0.00000000000000
ruffle.exe,9152,0x0000000000000000,Other,1,0,0,44.28307130000000,0.00000000000000,33.26390000000000,0,Hardware: Legacy Flip,-0.11930000000000,12.99600000000000,33.29770000000000,0.00000000000000,-20.26950000000000,13.82110000000000,0.00000000000000
ruffle.exe,9152,0x0000000000000000,Other,1,0,0,44.31338240000000,0.00000000000000,30.31110000000000,0,Hardware: Legacy Flip,-0.14850000000000,16.06210000000000,33.37720000000000,0.00000000000000,-17.27820000000000,13.45200000000000,0.00000000000000
ruffle.exe,9152,0x0000000000000000,Other,1,0,0,44.35315470000000,0.00000000000000,39.77230000000000,0,Hardware: Legacy Flip,-0.19210000000000,9.63240000000000,33.34260000000000,0.00000000000000,-23.67110000000000,15.73260000000000,0.00000000000000
ruffle.exe,9152,0x0000000000000000,Other,1,0,0,44.39064330000001,0.00000000000000,37.48860000000001,0,Hardware: Legacy Flip,-0.15380000000000,5.45090000000000,33.30710000000000,0.00000000000000,-27.82320000000000,16.07240000000000,0.00000000000000
ruffle.exe,9152,0x0000000000000000,Other,1,0,0,44.41437110000000,0.00000000000000,23.72780000000000,0,Hardware: Legacy Flip,-0.11260000000000,15.16670000000000,33.44360000000000,0.00000000000000,-18.25340000000000,13.40160000000000,0.00000000000000
ruffle.exe,9152,0x0000000000000000,Other,1,0,0,44.45288130000000,0.00000000000000,38.51020000000000,0,Hardware: Legacy Flip,-0.16700000000000,9.94610000000000,33.28960000000000,0.00000000000000,-23.27120000000000,14.03500000000000,0.00000000000000
ruffle.exe,9152,0x0000000000000000,Other,1,0,0,44.63094630000001,0.00000000000000,178.06500000000000,0,Hardware: Legacy Flip,-0.12290000000000,15.19610000000000,183.31500000000000,0.00000000000000,-168.08520000000001,17.61890000000000,0.00000000000000
ruffle.exe,9152,0x0000000000000000,Other,1,0,0,44.64727200000000,0.00000000000000,16.32570000000000,0,Hardware: Legacy Flip,-0.15830000000000,15.50000000000000,16.62960000000000,0.00000000000000,-15.24590000000000,14.95290000000000,0.00000000000000
ruffle.exe,9152,0x0000000000000000,Other,1,0,0,44.66403490000000,0.00000000000000,16.76290000000000,0,Hardware: Legacy Flip,-0.13520000000000,15.43580000000000,16.69870000000000,0.00000000000000,-14.09970000000000,13.81100000000000,0.00000000000000
ruffle.exe,9152,0x0000000000000000,Other,1,0,0,44.68503490000000,0.00000000000000,21.00000000000000,0,Hardware: Legacy Flip,-0.08560000000000,11.13880000000000,16.70300000000000,0.00000000000000,-14.23430000000000,14.05210000000000,0.00000000000000
ruffle.exe,9152,0x0000000000000000,Other,1,0,0,44.72087600000000,0.00000000000000,35.84110000000000,0,Hardware: Legacy Flip,-0.15000000000000,8.59600000000000,33.29830000000000,0.00000000000000,-24.67040000000000,13.74600000000000,0.00000000000000
ruffle.exe,9152,0x0000000000000000,Other,1,0,0,44.74728560000000,0.00000000000000,26.40960000000000,0,Hardware: Legacy Flip,-0.14970000000000,15.60350000000000,33.41710000000000,0.00000000000000,-17.78530000000000,14.08310000000000,0.00000000000000
ruffle.exe,9152,0x0000000000000000,Other,1,0,0,44.79223040000000,0.00000000000000,44.94480000000000,0,Hardware: Legacy Flip,-0.19750000000000,3.91450000000000,33.25580000000000,0.00000000000000,-29.30470000000000,16.51310000000000,0.00000000000000
ruffle.exe,9152,0x0000000000000000,Other,1,0,0,44.82439580000000,0.00000000000000,32.16540000000000,0,Hardware: Legacy Flip,-0.11730000000000,5.07030000000000,33.32120000000000,0.00000000000000,-28.20780000000000,15.38570000000000,0.00000000000000
ruffle.exe,9152,0x0000000000000000,Other,1,0,0,44.84597230000000,0.00000000000000,21.57650000000000,0,Hardware: Legacy Flip,-0.12380000000000,16.88090000000000,33.38710000000000,0.00000000000000,-16.48320000000000,14.06800000000000,0.00000000000000
ruffle.exe,9152,0x0000000000000000,Other,1,0,0,44.88989820000000,0.00000000000000,43.92590000000000,0,Hardware: Legacy Flip,-0.12330000000000,6.24290000000000,33.28790000000000,0.00000000000000,-27.01120000000000,14.74000000000000,0.00000000000000
ruffle.exe,9152,0x0000000000000000,Other,1,0,0,44.92141280000000,0.00000000000000,31.51460000000000,0,Hardware: Legacy Flip,-0.12900000000000,8.13180000000000,33.40350000000000,0.00000000000000,-25.25020000000000,13.68140000000000,0.00000000000000
ruffle.exe,9152,0x0000000000000000,Other,1,0,0,44.95229730000000,0.00000000000000,30.88450000000000,0,Hardware: Legacy Flip,-0.28100000000000,10.51760000000000,33.27030000000000,0.00000000000000,-22.27420000000000,14.15430000000000,0.00000000000000
ruffle.exe,9152,0x0000000000000000,Other,1,0,0,44.98299720000000,0.00000000000000,30.69990000000000,0,Hardware: Legacy Flip,-0.13140000000000,13.20310000000000,33.38540000000000,0.00000000000000,-20.14850000000000,14.71910000000000,0.00000000000000
ruffle.exe,9152,0x0000000000000000,Other,1,0,0,45.03077470000000,0.00000000000000,47.77750000000000,0,Hardware: Legacy Flip,-0.12180000000000,15.53350000000000,50.10790000000000,0.00000000000000,-34.53760000000000,15.70370000000000,0.00000000000000
ruffle.exe,9152,0x0000000000000000,Other,1,0,0,45.05279230000000,0.00000000000000,22.01760000000000,0,Hardware: Legacy Flip,-0.14220000000000,10.04170000000000,16.52580000000000,0.00000000000000,-17.36670000000000,15.59480000000000,0.00000000000000
ruffle.exe,9152,0x0000000000000000,Other,1,0,0,45.08569730000000,0.00000000000000,32.90500000000000,0,Hardware: Legacy Flip,-0.16990000000000,10.50750000000000,33.37080000000000,0.00000000000000,-22.81550000000000,14.76840000000000,0.00000000000000
ruffle.exe,9152,0x0000000000000000,Other,1,0,0,45.11343600000000,0.00000000000000,27.73870000000000,0,Hardware: Legacy Flip,-0.17770000000000,16.10370000000000,33.33490000000000,0.00000000000000,-17.19390000000000,13.91060000000000,0.00000000000000
ruffle.exe,9152,0x0000000000000000,Other,1,0,0,45.15753120000000,0.00000000000000,44.09520000000001,0,Hardware: Legacy Flip,-0.15360000000000,5.30270000000000,33.29420000000000,0.00000000000000,-27.94900000000000,14.42010000000000,0.00000000000000
ruffle.exe,9152,0x0000000000000000,Other,1,0,0,45.18032240000000,0.00000000000000,22.79120000000000,0,Hardware: Legacy Flip,-0.12710000000000,15.88050000000000,33.36900000000000,0.00000000000000,-17.46820000000000,14.88480000000000,0.00000000000000
ruffle.exe,9152,0x0000000000000000,Other,1,0,0,45.21895060000000,0.00000000000000,38.62820000000000,0,Hardware: Legacy Flip,-0.12790000000000,10.60200000000000,33.34970000000000,0.00000000000000,-22.72090000000000,15.74620000000000,0.00000000000000
ruffle.exe,9152,0x0000000000000000,Other,1,0,0,45.25680470000000,0.00000000000000,37.85410000000000,0,Hardware: Legacy Flip,-0.16780000000000,6.08090000000000,33.33300000000000,0.00000000000000,-27.22160000000000,16.06230000000000,0.00000000000000
ruffle.exe,9152,0x0000000000000000,Other,1,0,0,45.28572150000000,0.00000000000000,28.91680000000000,0,Hardware: Legacy Flip,-0.13270000000000,10.47700000000000,33.31290000000000,0.00000000000000,-22.79890000000000,14.84780000000000,0.00000000000000
ruffle.exe,9152,0x0000000000000000,Other,1,0,0,45.31172150000000,0.00000000000000,26.00000000000000,0,Hardware: Legacy Flip,-0.14810000000000,1.08180000000000,16.60480000000000,0.00000000000000,-15.48930000000000,14.03580000000000,0.00000000000000
ruffle.exe,9152,0x0000000000000000,Other,1,0,0,45.35735860000000,0.00000000000000,45.63710000000000,0,Hardware: Legacy Flip,-0.16980000000000,5.53160000000000,50.08690000000000,0.00000000000000,-44.54090000000000,14.43890000000000,0.00000000000000
ruffle.exe,9152,0x0000000000000000,Other,1,0,0,45.38871780000000,0.00000000000000,31.35920000000000,0,Hardware: Legacy Flip,-0.09490000000000,7.46560000000000,33.29320000000000,0.00000000000000,-25.79250000000000,14.70280000000000,0.00000000000000
ruffle.exe,9152,0x0000000000000000,Other,1,0,0,45.41638100000000,0.00000000000000,27.66320000000000,0,Hardware: Legacy Flip,-0.10850000000000,13.18430000000000,33.38190000000000,0.00000000000000,-20.15320000000000,14.16670000000000,0.00000000000000
ruffle.exe,9152,0x0000000000000000,Other,1,0,0,45.45753180000000,0.00000000000000,41.15080000000000,0,Hardware: Legacy Flip,-0.18770000000000,5.39420000000000,33.36070000000000,0.00000000000000,-27.93000000000000,16.31120000000000,0.00000000000000
ruffle.exe,9152,0x0000000000000000,Other,1,0,0,45.63952040000000,0.00000000000000,181.98860000000002,0,Hardware: Legacy Flip,-0.16210000000000,6.73660000000000,183.33100000000002,0.00000000000000,-176.55610000000001,15.96840000000000,0.00000000000000
ruffle.exe,9152,0x0000000000000000,Other,1,0,0,45.66799570000000,0.00000000000000,28.47530000000000,0,Hardware: Legacy Flip,-0.13760000000000,11.56370000000000,33.30240000000000,0.00000000000000,-21.70710000000000,16.52610000000000,0.00000000000000
ruffle.exe,9152,0x0000000000000000,Other,1,0,0,45.68729340000000,0.00000000000000,19.29770000000000,0,Hardware: Legacy Flip,-0.09670000000000,9.14250000000000,16.87650000000000,0.00000000000000,-16.22550000000000,15.97480000000000,0.00000000000000
ruffle.exe,9152,0x0000000000000000,Other,1,0,0,45.71857420000001,0.00000000000000,31.28080000000000,0,Hardware: Legacy Flip,-0.17440000000000,11.00500000000000,33.14330000000000,0.00000000000000,-22.09400000000000,14.31330000000000,0.00000000000000
ruffle.exe,9152,0x0000000000000000,Other,1,0,0,45.74701940000000,0.00000000000000,28.44520000000000,0,Hardware: Legacy Flip,-0.12870000000000,15.91350000000000,33.35370000000000,0.00000000000000,-17.41230000000000,14.47590000000000,0.00000000000000
ruffle.exe,9152,0x0000000000000000,Other,1,0,0,45.78385680000000,0.00000000000000,36.83740000000000,0,Hardware: Legacy Flip,-0.24820000000000,12.40790000000000,33.33180000000000,0.00000000000000,-20.89310000000000,14.80400000000000,0.00000000000000
ruffle.exe,9152,0x0000000000000000,Other,1,0,0,45.82897870000000,0.00000000000000,45.12190000000000,0,Hardware: Legacy Flip,-0.13110000000000,0.55260000000000,33.26660000000000,0.00000000000000,-32.67970000000000,14.56820000000000,0.00000000000000
ruffle.exe,9152,0x0000000000000000,Other,1,0,0,45.84850280000001,0.00000000000000,19.52410000000000,0,Hardware: Legacy Flip,-0.14050000000000,14.38030000000000,33.35180000000000,0.00000000000000,-18.95050000000000,14.32260000000000,0.00000000000000
ruffle.exe,9152,0x0000000000000000,Other,1,0,0,45.88213880000000,0.00000000000000,33.63600000000000,0,Hardware: Legacy Flip,-0.16460000000000,14.13070000000000,33.38640000000000,0.00000000000000,-19.22930000000000,16.25440000000000,0.00000000000000
ruffle.exe,9152,0x0000000000000000,Other,1,0,0,45.92076910000000,0.00000000000000,38.63030000000000,0,Hardware: Legacy Flip,-0.12130000000000,8.82310000000000,33.32270000000000,0.00000000000000,-24.46050000000000,16.27400000000000,0.00000000000000
ruffle.exe,9152,0x0000000000000000,Other,1,0,0,45.94586810000000,0.00000000000000,25.09900000000000,0,Hardware: Legacy Flip,-0.10910000000000,0.33230000000000,16.60820000000000,0.00000000000000,-16.25630000000000,14.36030000000000,0.00000000000000
ruffle.exe,9152,0x0000000000000000,Other,1,0,0,45.98566990000000,0.00000000000000,39.80180000000000,0,Hardware: Legacy Flip,-0.09730000000000,10.64870000000000,50.11820000000000,0.00000000000000,-39.45600000000000,14.13190000000000,0.00000000000000
ruffle.exe,9152,0x0000000000000000,Other,1,0,0,46.01910860000000,0.00000000000000,33.43870000000000,0,Hardware: Legacy Flip,-0.14630000000000,10.50920000000000,33.29920000000000,0.00000000000000,-22.75430000000000,14.74090000000000,0.00000000000000
ruffle.exe,9152,0x0000000000000000,Other,1,0,0,46.05437580000000,0.00000000000000,35.26720000000000,0,Hardware: Legacy Flip,-0.11520000000000,8.56660000000000,33.32460000000000,0.00000000000000,-24.30470000000000,14.35030000000000,0.00000000000000
ruffle.exe,9152,0x0000000000000000,Other,1,0,0,46.08456900000000,0.00000000000000,30.19320000000000,0,Hardware: Legacy Flip,-0.11860000000000,11.74000000000000,33.36660000000000,0.00000000000000,-21.59350000000000,16.19990000000000,0.00000000000000
ruffle.exe,9152,0x0000000000000000,Other,1,0,0,46.11851850000000,0.00000000000000,33.94950000000000,0,Hardware: Legacy Flip,-0.17680000000000,11.12430000000000,33.33380000000000,0.00000000000000,-22.17760000000000,16.49020000000000,0.00000000000000
ruffle.exe,9152,0x0000000000000000,Other,1,0,0,46.15414170000000,0.00000000000000,35.62320000000000,0,Hardware: Legacy Flip,-0.14220000000000,8.79520000000000,33.29410000000000,0.00000000000000,-24.46770000000000,14.55390000000000,0.00000000000000
ruffle.exe,9152,0x0000000000000000,Other,1,0,0,46.18618220000000,0.00000000000000,32.04050000000000,0,Hardware: Legacy Flip,-0.10460000000000,10.11650000000000,33.36180000000000,0.00000000000000,-23.20160000000000,14.48290000000000,0.00000000000000
ruffle.exe,9152,0x0000000000000000,Other,1,0,0,46.22157290000000,0.00000000000000,35.39070000000000,0,Hardware: Legacy Flip,-0.14850000000000,8.04710000000000,33.32130000000000,0.00000000000000,-25.24640000000000,14.63760000000000,0.00000000000000
ruffle.exe,9152,0x0000000000000000,Other,1,0,0,46.25573330000000,0.00000000000000,34.16040000000000,0,Hardware: Legacy Flip,-0.16860000000000,7.21440000000000,33.32770000000000,0.00000000000000,-26.08600000000000,14.64600000000000,0.00000000000000
ruffle.exe,9152,0x0000000000000000,Other,1,0,0,46.29522850000000,0.00000000000000,39.49520000000000,0,Hardware: Legacy Flip,-0.09330000000000,1.06420000000000,33.34500000000000,0.00000000000000,-32.24710000000000,14.61970000000000,0.00000000000000
ruffle.exe,9152,0x0000000000000000,Other,1,0,0,46.31682060000000,0.00000000000000,21.59210000000000,0,Hardware: Legacy Flip,-0.12340000000000,12.80170000000000,33.32960000000000,0.00000000000000,-20.49110000000000,16.29200000000000,0.00000000000000
ruffle.exe,9152,0x0000000000000000,Other,1,0,0,46.35240730000000,0.00000000000000,35.58670000000000,0,Hardware: Legacy Flip,-0.12400000000000,10.57050000000000,33.35550000000000,0.00000000000000,-22.75390000000000,15.60730000000000,0.00000000000000
ruffle.exe,9152,0x0000000000000000,Other,1,0,0,46.38130600000000,0.00000000000000,28.89870000000000,0,Hardware: Legacy Flip,-0.12140000000000,14.97990000000000,33.30810000000000,0.00000000000000,-18.28610000000000,13.95110000000000,0.00000000000000
ruffle.exe,9152,0x0000000000000000,Other,1,0,0,46.41398470000000,0.00000000000000,32.67870000000000,0,Hardware: Legacy Flip,-0.14270000000000,15.67070000000000,33.36950000000000,0.00000000000000,-17.66650000000000,14.24660000000000,0.00000000000000
ruffle.exe,9152,0x0000000000000000,Other,1,0,0,46.45279990000000,0.00000000000000,38.81520000000000,0,Hardware: Legacy Flip,-0.15020000000000,10.24500000000000,33.38950000000000,0.00000000000000,-23.10590000000000,13.91750000000000,0.00000000000000
ruffle.exe,9152,0x0000000000000000,Other,1,0,0,46.63582750000000,0.00000000000000,183.02760000000001,0,Hardware: Legacy Flip,-0.16830000000000,10.55400000000000,183.33660000000000,0.00000000000000,-172.74040000000002,15.54900000000000,0.00000000000000
ruffle.exe,9152,0x0000000000000000,Other,1,0,0,46.65365570000000,0.00000000000000,17.82820000000000,0,Hardware: Legacy Flip,-0.13450000000000,9.32830000000000,16.60250000000000,0.00000000000000,-13.96580000000000,13.65700000000000,0.00000000000000
ruffle.exe,9152,0x0000000000000000,Other,1,0,0,46.68404420000000,0.00000000000000,30.38850000000000,0,Hardware: Legacy Flip,-0.11610000000000,12.32500000000000,33.38520000000000,0.00000000000000,-21.02970000000000,13.42440000000000,0.00000000000000
ruffle.exe,9152,0x0000000000000000,Other,1,0,0,46.71577060000001,0.00000000000000,31.72640000000000,0,Hardware: Legacy Flip,-0.15720000000000,13.91120000000000,33.31260000000000,0.00000000000000,-19.35710000000000,13.81940000000000,0.00000000000000
ruffle.exe,9152,0x0000000000000000,Other,1,0,0,46.75051550000000,0.00000000000000,34.74490000000000,0,Hardware: Legacy Flip,-0.15550000000000,12.58920000000000,33.42290000000000,0.00000000000000,-20.79650000000000,13.97350000000000,0.00000000000000
ruffle.exe,9152,0x0000000000000000,Other,1,0,0,46.78696740000000,0.00000000000000,36.45190000000000,0,Hardware: Legacy Flip,-0.13200000000000,9.33990000000000,33.20260000000000,0.00000000000000,-23.82980000000000,15.33690000000000,0.00000000000000
ruffle.exe,9152,0x0000000000000000,Other,1,0,0,46.81477360000000,0.00000000000000,27.80620000000000,0,Hardware: Legacy Flip,-0.14100000000000,14.93630000000000,33.40260000000000,0.00000000000000,-18.44710000000000,15.46750000000000,0.00000000000000
ruffle.exe,9152,0x0000000000000000,Other,1,0,0,46.85054800000000,0.00000000000000,35.77440000000000,0,Hardware: Legacy Flip,-0.14250000000000,12.48960000000000,33.32770000000000,0.00000000000000,-20.79990000000000,14.02560000000000,0.00000000000000
ruffle.exe,9152,0x0000000000000000,Other,1,0,0,46.88720960000001,0.00000000000000,36.66160000000000,0,Hardware: Legacy Flip,-0.15180000000000,9.17120000000000,33.34320000000000,0.00000000000000,-24.13550000000000,13.68360000000000,0.00000000000000
ruffle.exe,9152,0x0000000000000000,Other,1,0,0,46.93147080000001,0.00000000000000,44.26120000000000,0,Hardware: Legacy Flip,-0.10110000000000,14.91630000000000,50.00630000000000,0.00000000000000,-35.05560000000000,13.98400000000000,0.00000000000000
ruffle.exe,9152,0x0000000000000000,Other,1,0,0,46.95713210000000,0.00000000000000,25.66130000000000,0,Hardware: Legacy Flip,-0.12490000000000,5.87220000000000,16.61720000000000,0.00000000000000,-13.70280000000000,13.39760000000000,0.00000000000000
ruffle.exe,9152,0x0000000000000000,Other,1,0,0,46.98489760000000,0.00000000000000,27.76550000000000,0,Hardware: Legacy Flip,-0.12120000000000,11.44230000000000,33.33560000000000,0.00000000000000,-21.86440000000000,15.26950000000000,0.00000000000000
ruffle.exe,9152,0x0000000000000000,Other,1,0,0,47.02302650000000,0.00000000000000,38.12890000000000,0,Hardware: Legacy Flip,-0.14580000000000,6.68150000000000,33.36810000000000,0.00000000000000,-26.66660000000000,15.16540000000000,0.00000000000000
ruffle.exe,9152,0x0000000000000000,Other,1,0,0,47.05840710000000,0.00000000000000,35.38060000000000,0,Hardware: Legacy Flip,-0.12030000000000,4.59400000000000,33.29310000000000,0.00000000000000,-28.66800000000000,13.81470000000000,0.00000000000000
ruffle.exe,9152,0x0000000000000000,Other,1,0,0,47.08242030000000,0.00000000000000,24.01320000000000,0,Hardware: Legacy Flip,-0.13860000000000,13.90880000000000,33.32800000000000,0.00000000000000,-19.38520000000000,13.50490000000000,0.00000000000000
ruffle.exe,9152,0x0000000000000000,Other,1,0,0,47.12216360000000,0.00000000000000,39.74330000000000,0,Hardware: Legacy Flip,-0.13920000000000,7.51750000000000,33.35200000000000,0.00000000000000,-25.80810000000000,13.65380000000000,0.00000000000000
ruffle.exe,9152,0x0000000000000000,Other,1,0,0,47.15140140000000,0.00000000000000,29.23780000000000,0,Hardware: Legacy Flip,-0.13380000000000,11.61380000000000,33.33410000000000,0.00000000000000,-21.69120000000000,13.67970000000000,0.00000000000000
ruffle.exe,9152,0x0000000000000000,Other,1,0,0,47.18363680000000,0.00000000000000,32.23540000000000,0,Hardware: Legacy Flip,-0.11610000000000,12.71750000000000,33.33910000000000,0.00000000000000,-20.57170000000000,13.43900000000000,0.00000000000000
ruffle.exe,9152,0x0000000000000000,Other,1,0,0,47.22208040000000,0.00000000000000,38.44360000000000,0,Hardware: Legacy Flip,-0.14240000000000,7.63460000000000,33.36070000000000,0.00000000000000,-25.68450000000000,15.39750000000000,0.00000000000000
ruffle.exe,9152,0x0000000000000000,Other,1,0,0,47.25918960000000,0.00000000000000,37.10920000000000,0,Hardware: Legacy Flip,-0.14560000000000,3.85530000000000,33.32990000000000,0.00000000000000,-29.43720000000000,15.61250000000000,0.00000000000000
ruffle.exe,9152,0x0000000000000000,Other,1,0,0,47.28617840000000,0.00000000000000,26.98880000000000,0,Hardware: Legacy Flip,-0.09940000000000,10.20770000000000,33.34120000000000,0.00000000000000,-23.09460000000000,13.36750000000000,0.00000000000000
ruffle.exe,9152,0x0000000000000000,Other,1,0,0,47.32547290000000,0.00000000000000,39.29450000000000,0,Hardware: Legacy Flip,-0.13390000000000,4.22750000000000,33.31430000000000,0.00000000000000,-29.05420000000000,13.75120000000000,0.00000000000000
ruffle.exe,9152,0x0000000000000000,Other,1,0,0,47.35203170000000,0.00000000000000,26.55880000000000,0,Hardware: Legacy Flip,-0.09070000000000,10.99440000000000,33.32570000000000,0.00000000000000,-22.28720000000000,13.53700000000000,0.00000000000000
ruffle.exe,9152,0x0000000000000000,Other,1,0,0,47.38053560000000,0.00000000000000,28.50390000000000,0,Hardware: Legacy Flip,-0.10660000000000,15.83940000000000,33.34890000000000,0.00000000000000,-17.48270000000000,13.41170000000000,0.00000000000000
ruffle.exe,9152,0x0000000000000000,Other,1,0,0,47.41950580000000,0.00000000000000,38.97020000000000,0,Hardware: Legacy Flip,-0.11800000000000,10.38460000000000,33.51540000000000,0.00000000000000,-23.09740000000000,15.41700000000000,0.00000000000000
ruffle.exe,9152,0x0000000000000000,Other,1,0,0,47.45748690000001,0.00000000000000,37.98110000000000,0,Hardware: Legacy Flip,-0.11840000000000,5.54180000000000,33.13830000000000,0.00000000000000,-27.56640000000000,15.41550000000000,0.00000000000000
ruffle.exe,9152,0x0000000000000000,Other,1,0,0,47.69128180000000,0.00000000000000,233.79490000000001,0,Hardware: Legacy Flip,-0.21220000000000,5.15280000000000,233.40590000000000,0.00000000000000,-228.23050000000001,14.89600000000000,0.00000000000000
ruffle.exe,9152,0x0000000000000000,Other,1,0,0,47.72284500000000,0.00000000000000,31.56320000000000,0,Hardware: Legacy Flip,-0.14480000000000,6.92140000000000,33.33180000000000,0.00000000000000,-26.38240000000000,13.58480000000000,0.00000000000000
ruffle.exe,9152,0x0000000000000000,Other,1,0,0,47.76131350000000,0.00000000000000,38.46850000000000,0,Hardware: Legacy Flip,-0.16910000000000,1.80280000000000,33.34990000000000,0.00000000000000,-31.51960000000000,13.79850000000000,0.00000000000000
ruffle.exe,9152,0x0000000000000000,Other,1,0,0,47.79105210000000,0.00000000000000,29.73860000000000,0,Hardware: Legacy Flip,-0.15650000000000,5.33650000000000,33.27230000000000,0.00000000000000,-27.90460000000000,15.66680000000000,0.00000000000000
ruffle.exe,9152,0x0000000000000000,Other,1,0,0,47.81670500000001,0.00000000000000,25.65290000000000,0,Hardware: Legacy Flip,-0.11500000000000,13.03030000000000,33.34670000000000,0.00000000000000,-20.28180000000000,15.35080000000000,0.00000000000000
ruffle.exe,9152,0x0000000000000000,Other,1,0,0,47.85113640000000,0.00000000000000,34.43140000000000,0,Hardware: Legacy Flip,-0.11840000000000,11.93520000000000,33.33630000000000,0.00000000000000,-21.37520000000000,13.80600000000000,0.00000000000000
ruffle.exe,9152,0x0000000000000000,Other,1,0,0,47.88116860000000,0.00000000000000,30.03220000000000,0,Hardware: Legacy Flip,-0.12040000000000,15.28020000000000,33.37720000000000,0.00000000000000,-18.07010000000000,13.46780000000000,0.00000000000000
ruffle.exe,9152,0x0000000000000000,Other,1,0,0,47.91842700000000,0.00000000000000,37.25840000000000,0,Hardware: Legacy Flip,-0.13010000000000,11.31290000000000,33.29110000000000,0.00000000000000,-21.94370000000000,13.57060000000000,0.00000000000000
ruffle.exe,9152,0x0000000000000000,Other,1,0,0,47.94401700000000,0.00000000000000,25.59000000000000,0,Hardware: Legacy Flip,-0.13680000000000,2.40400000000000,16.68110000000000,0.00000000000000,-14.25720000000000,13.62650000000000,0.00000000000000
ruffle.exe,9152,0x0000000000000000,Other,1,0,0,47.98236520000000,0.00000000000000,38.34820000000000,0,Hardware: Legacy Flip,-0.11610000000000,14.09190000000000,50.03610000000000,0.00000000000000,-35.91080000000000,15.64010000000000,0.00000000000000
ruffle.exe,9152,0x0000000000000000,Other,1,0,0,48.01262290000000,0.00000000000000,30.25770000000000,0,Hardware: Legacy Flip,-0.12510000000000,0.44990000000000,16.61570000000000,0.00000000000000,-16.13740000000000,15.24040000000000,0.00000000000000
ruffle.exe,9152,0x0000000000000000,Other,1,0,0,48.04825190000000,0.00000000000000,35.62900000000000,0,Hardware: Legacy Flip,-0.14910000000000,14.83510000000000,50.01420000000000,0.00000000000000,-35.16180000000000,13.95460000000000,0.00000000000000
ruffle.exe,9152,0x0000000000000000,Other,1,0,0,48.07875470000000,0.00000000000000,30.50280000000000,0,Hardware: Legacy Flip,-0.13460000000000,0.94780000000000,16.61550000000000,0.00000000000000,-15.63540000000000,13.95010000000000,0.00000000000000
ruffle.exe,9152,0x0000000000000000,Other,1,0,0,48.11186360000000,0.00000000000000,33.10890000000000,0,Hardware: Legacy Flip,-0.14610000000000,1.21140000000000,33.37250000000000,0.00000000000000,-32.14230000000000,13.79450000000000,0.00000000000000
ruffle.exe,9152,0x0000000000000000,Other,1,0,0,48.14286590000000,0.00000000000000,31.00230000000000,0,Hardware: Legacy Flip,-0.14630000000000,3.57520000000000,33.36610000000000,0.00000000000000,-29.77410000000000,13.94330000000000,0.00000000000000
ruffle.exe,9152,0x0000000000000000,Other,1,0,0,48.18396280000000,0.00000000000000,41.09690000000001,0,Hardware: Legacy Flip,-0.10750000000000,12.48190000000000,50.00360000000001,0.00000000000000,-37.48630000000000,13.90900000000000,0.00000000000000
ruffle.exe,9152,0x0000000000000000,Other,1,0,0,48.21492010000000,0.00000000000000,30.95730000000000,0,Hardware: Legacy Flip,-0.10230000000000,14.86010000000000,33.33550000000000,0.00000000000000,-18.45140000000000,15.53030000000000,0.00000000000000
ruffle.exe,9152,0x0000000000000000,Other,1,0,0,48.24613720000000,0.00000000000000,31.21710000000000,0,Hardware: Legacy Flip,-0.13230000000000,16.97540000000000,33.33240000000000,0.00000000000000,-16.33200000000000,15.59920000000000,0.00000000000000
ruffle.exe,9152,0x0000000000000000,Other,1,0,0,48.28040070000000,0.00000000000000,34.26350000000000,0,Hardware: Legacy Flip,-0.16180000000000,16.14080000000000,33.42890000000000,0.00000000000000,-17.26080000000000,13.93700000000000,0.00000000000000
ruffle.exe,9152,0x0000000000000000,Other,1,0,0,48.32059880000000,0.00000000000000,40.19810000000000,0,Hardware: Legacy Flip,-0.16870000000000,9.19750000000000,33.25480000000000,0.00000000000000,-24.01380000000000,14.11930000000000,0.00000000000000
ruffle.exe,9152,0x0000000000000000,Other,1,0,0,48.35342770000000,0.00000000000000,32.82890000000000,0,Hardware: Legacy Flip,-0.17820000000000,9.71560000000000,33.34700000000000,0.00000000000000,-23.58800000000000,14.08830000000000,0.00000000000000
ruffle.exe,9152,0x0000000000000000,Other,1,0,0,48.38104200000000,0.00000000000000,27.61430000000000,0,Hardware: Legacy Flip,-0.14690000000000,15.40790000000000,33.30660000000000,0.00000000000000,-17.86490000000000,14.22080000000000,0.00000000000000
ruffle.exe,9152,0x0000000000000000,Other,1,0,0,48.41525340000000,0.00000000000000,34.21140000000000,0,Hardware: Legacy Flip,-0.13340000000000,14.53680000000000,33.34030000000000,0.00000000000000,-18.77260000000000,15.74270000000000,0.00000000000000
ruffle.exe,9152,0x0000000000000000,Other,1,0,0,48.45614360000000,0.00000000000000,40.89020000000000,0,Hardware: Legacy Flip,-0.12870000000000,7.01780000000000,33.37120000000000,0.00000000000000,-26.30920000000000,16.20020000000000,0.00000000000000
ruffle.exe,9152,0x0000000000000000,Other,1,0,0,48.64726440000000,0.00000000000000,191.12080000000000,0,Hardware: Legacy Flip,-0.15780000000000,15.95850000000000,200.06150000000002,0.00000000000000,-184.07510000000002,15.16530000000000,0.00000000000000
ruffle.exe,9152,0x0000000000000000,Other,1,0,0,48.67386640000000,0.00000000000000,26.60200000000000,0,Hardware: Legacy Flip,-0.13290000000000,5.96210000000000,16.60560000000000,0.00000000000000,-14.01470000000000,13.69630000000000,0.00000000000000
ruffle.exe,9152,0x0000000000000000,Other,1,0,0,48.70884120000000,0.00000000000000,34.97480000000000,0,Hardware: Legacy Flip,-0.12850000000000,4.33180000000000,33.34450000000000,0.00000000000000,-28.99020000000000,13.97620000000000,0.00000000000000
ruffle.exe,9152,0x0000000000000000,Other,1,0,0,48.74447800000000,0.00000000000000,35.63680000000000,0,Hardware: Legacy Flip,-0.14360000000000,1.97750000000000,33.28250000000000,0.00000000000000,-31.27350000000000,16.13050000000000,0.00000000000000
ruffle.exe,9152,0x0000000000000000,Other,1,0,0,48.79391740000000,0.00000000000000,49.43940000000000,0,Hardware: Legacy Flip,-0.14930000000000,2.63250000000000,50.09440000000000,0.00000000000000,-47.44400000000000,15.99540000000000,0.00000000000000
ruffle.exe,9152,0x0000000000000000,Other,1,0,0,48.80768610000000,0.00000000000000,13.76870000000000,0,Hardware: Legacy Flip,-0.09880000000000,5.44950000000000,16.58570000000000,0.00000000000000,-13.42250000000000,13.17780000000000,0.00000000000000
ruffle.exe,9152,0x0000000000000000,Other,1,0,0,48.84423870000001,0.00000000000000,36.55260000000000,0,Hardware: Legacy Flip,-0.14870000000000,2.25090000000000,33.35400000000000,0.00000000000000,-31.08830000000000,14.32700000000000,0.00000000000000
ruffle.exe,9152,0x0000000000000000,Other,1,0,0,48.88312030000000,0.00000000000000,38.88160000000000,0,Hardware: Legacy Flip,-0.15100000000000,13.39690000000000,50.02760000000000,0.00000000000000,-36.60630000000000,14.10670000000000,0.00000000000000
ruffle.exe,9152,0x0000000000000000,Other,1,0,0,48.91105640000000,0.00000000000000,27.93610000000000,0,Hardware: Legacy Flip,-0.13300000000000,2.09660000000000,16.63580000000000,0.00000000000000,-14.51180000000000,13.88760000000000,0.00000000000000
ruffle.exe,9152,0x0000000000000000,Other,1,0,0,48.94927410000000,0.00000000000000,38.21770000000000,0,Hardware: Legacy Flip,-0.13940000000000,13.92870000000000,50.04980000000000,0.00000000000000,-36.10560000000000,16.16910000000000,0.00000000000000
ruffle.exe,9152,0x0000000000000000,Other,1,0,0,48.98330600000000,0.00000000000000,34.03190000000000,0,Hardware: Legacy Flip,-0.18760000000000,13.28490000000000,33.38810000000000,0.00000000000000,-20.05960000000000,15.88780000000000,0.00000000000000
ruffle.exe,9152,0x0000000000000000,Other,1,0,0,49.00604790000000,0.00000000000000,22.74190000000000,0,Hardware: Legacy Flip,-0.11400000000000,7.12540000000000,16.58240000000000,0.00000000000000,-13.83720000000000,13.59840000000000,0.00000000000000
ruffle.exe,9152,0x0000000000000000,Other,1,0,0,49.04507600000000,0.00000000000000,39.02810000000000,0,Hardware: Legacy Flip,-0.13210000000000,1.39540000000000,33.29810000000001,0.00000000000000,-31.88570000000000,14.48450000000000,0.00000000000000
ruffle.exe,9152,0x0000000000000000,Other,1,0,0,49.07217460000000,0.00000000000000,27.09860000000000,0,Hardware: Legacy Flip,-0.12700000000000,7.68400000000000,33.38720000000000,0.00000000000000,-25.67480000000000,13.93700000000000,0.00000000000000
ruffle.exe,9152,0x0000000000000000,Other,1,0,0,49.10418650000000,0.00000000000000,32.01190000000000,0,Hardware: Legacy Flip,-0.11190000000000,8.99930000000000,33.32720000000000,0.00000000000000,-24.29890000000000,14.09430000000000,0.00000000000000
ruffle.exe,9152,0x0000000000000000,Other,1,0,0,49.14898620000000,0.00000000000000,44.79970000000000,0,Hardware: Legacy Flip,-0.13220000000000,14.26420000000000,50.06460000000001,0.00000000000000,-35.78020000000000,14.52250000000000,0.00000000000000
ruffle.exe,9152,0x0000000000000000,Other,1,0,0,49.17910200000000,0.00000000000000,30.11580000000000,0,Hardware: Legacy Flip,-0.17270000000000,0.75930000000000,16.61090000000000,0.00000000000000,-15.80830000000000,15.39430000000000,0.00000000000000
ruffle.exe,9152,0x0000000000000000,Other,1,0,0,49.21352700000001,0.00000000000000,34.42500000000000,0,Hardware: Legacy Flip,-0.15060000000000,16.38340000000000,50.04910000000000,0.00000000000000,-33.64170000000000,16.35460000000000,0.00000000000000
ruffle.exe,9152,0x0000000000000000,Other,1,0,0,49.24123320000000,0.00000000000000,27.70620000000000,0,Hardware: Legacy Flip,-0.14060000000000,5.34260000000000,16.66540000000000,0.00000000000000,-14.26890000000000,13.91900000000000,0.00000000000000
ruffle.exe,9152,0x0000000000000000,Other,1,0,0,49.27548020000000,0.00000000000000,34.24700000000000,0,Hardware: Legacy Flip,-0.12380000000000,4.41370000000000,33.31810000000000,0.00000000000000,-28.87550000000000,14.26830000000000,0.00000000000000
ruffle.exe,9152,0x0000000000000000,Other,1,0,0,49.30811120000000,0.00000000000000,32.63100000000000,0,Hardware: Legacy Flip,-0.15620000000000,5.09040000000000,33.30770000000000,0.00000000000000,-28.19420000000000,14.33680000000000,0.00000000000000
ruffle.exe,9152,0x0000000000000000,Other,1,0,0,49.34562520000000,0.00000000000000,37.51400000000000,0,Hardware: Legacy Flip,-0.15990000000000,0.89540000000000,33.31900000000000,0.00000000000000,-32.39160000000000,14.15820000000000,0.00000000000000
ruffle.exe,9152,0x0000000000000000,Other,1,0,0,49.37634560000000,0.00000000000000,30.72040000000000,0,Hardware: Legacy Flip,-0.14450000000000,3.55170000000000,33.37670000000000,0.00000000000000,-29.79950000000000,15.83870000000000,0.00000000000000
ruffle.exe,9152,0x0000000000000000,Other,1,0,0,49.41696660000000,0.00000000000000,40.62100000000000,0,Hardware: Legacy Flip,-0.10930000000000,12.95480000000000,50.02410000000000,0.00000000000000,-37.02820000000000,15.98790000000000,0.00000000000000
ruffle.exe,9152,0x0000000000000000,Other,1,0,0,49.44490750000000,0.00000000000000,27.94090000000000,0,Hardware: Legacy Flip,-0.13870000000000,1.67010000000000,16.65620000000000,0.00000000000000,-14.94760000000000,14.08960000000000,0.00000000000000
ruffle.exe,9152,0x0000000000000000,Other,1,0,0,49.48137090000000,0.00000000000000,36.46340000000000,0,Hardware: Legacy Flip,-0.13770000000000,15.21820000000000,50.01150000000001,0.00000000000000,-34.77250000000000,14.15680000000000,0.00000000000000
ruffle.exe,9152,0x0000000000000000,Other,1,0,0,49.61239660000000,0.00000000000000,131.02570000000000,0,Hardware: Legacy Flip,-0.14380000000000,0.80880000000000,116.61630000000001,0.00000000000000,-115.75850000000001,14.84490000000000,0.00000000000000
ruffle.exe,9152,0x0000000000000000,Other,1,0,0,49.63404370000001,0.00000000000000,21.64710000000000,0,Hardware: Legacy Flip,-0.15150000000000,12.53160000000000,33.36990000000000,0.00000000000000,-20.82140000000000,15.96610000000000,0.00000000000000
ruffle.exe,9152,0x0000000000000000,Other,1,0,0,49.65115230000000,0.00000000000000,17.10860000000000,0,Hardware: Legacy Flip,-0.14790000000000,12.20390000000000,16.78090000000000,0.00000000000000,-15.58480000000000,15.32020000000000,0.00000000000000
ruffle.exe,9152,0x0000000000000000,Other,1,0,0,49.67240750000001,0.00000000000000,21.25520000000000,0,Hardware: Legacy Flip,-0.14110000000000,7.54320000000000,16.59450000000000,0.00000000000000,-14.07350000000000,13.72330000000000,0.00000000000000
ruffle.exe,9152,0x0000000000000000,Other,1,0,0,49.70813890000000,0.00000000000000,35.73140000000000,0,Hardware: Legacy Flip,-0.14370000000000,5.13390000000000,33.32210000000000,0.00000000000000,-28.15410000000000,13.72820000000000,0.00000000000000
ruffle.exe,9152,0x0000000000000000,Other,1,0,0,49.74484260000001,0.00000000000000,36.70370000000000,0,Hardware: Legacy Flip,-0.16380000000000,1.74600000000000,33.31580000000000,0.00000000000000,-31.54060000000000,13.70280000000000,0.00000000000000
ruffle.exe,9152,0x0000000000000000,Other,1,0,0,49.77310580000000,0.00000000000000,28.26320000000000,0,Hardware: Legacy Flip,-0.14300000000000,6.87910000000000,33.39630000000000,0.00000000000000,-26.49500000000000,13.59360000000000,0.00000000000000
ruffle.exe,9152,0x0000000000000000,Other,1,0,0,49.81562130000000,0.00000000000000,42.51550000000000,0,Hardware: Legacy Flip,-0.13100000000000,14.35120000000000,49.98760000000000,0.00000000000000,-35.59890000000000,15.47250000000000,0.00000000000000
ruffle.exe,9152,0x0000000000000000,Other,1,0,0,49.86099960000001,0.00000000000000,45.37830000000000,0,Hardware: Legacy Flip,-0.15140000000000,2.27230000000000,33.29940000000000,0.00000000000000,-30.99250000000000,15.47110000000000,0.00000000000000
ruffle.exe,9152,0x0000000000000000,Other,1,0,0,49.88186330000000,0.00000000000000,20.86370000000000,0,Hardware: Legacy Flip,-0.18460000000000,14.72050000000000,33.31190000000000,0.00000000000000,-18.56180000000000,13.60570000000000,0.00000000000000
ruffle.exe,9152,0x0000000000000000,Other,1,0,0,49.90510920000000,0.00000000000000,23.24590000000000,0,Hardware: Legacy Flip,-0.13610000000000,8.15370000000000,16.67910000000000,0.00000000000000,-13.91810000000000,13.24460000000000,0.00000000000000
ruffle.exe,9152,0x0000000000000000,Other,1,0,0,49.94144510000000,0.00000000000000,36.33590000000000,0,Hardware: Legacy Flip,-0.15150000000000,5.15590000000000,33.33810000000000,0.00000000000000,-28.15400000000000,13.73400000000000,0.00000000000000
ruffle.exe,9152,0x0000000000000000,Other,1,0,0,49.97469340000000,0.00000000000000,33.24830000000000,0,Hardware: Legacy Flip,-0.10340000000000,5.22460000000000,33.31700000000000,0.00000000000000,-28.06300000000000,13.43470000000000,0.00000000000000
ruffle.exe,9152,0x0000000000000000,Other,1,0,0,50.01290000000000,0.00000000000000,38.20660000000000,0,Hardware: Legacy Flip,-0.12350000000000,0.35690000000000,33.33890000000000,0.00000000000000,-32.93940000000000,13.69500000000000,0.00000000000000
ruffle.exe,9152,0x0000000000000000,Other,1,0,0,50.04141870000000,0.00000000000000,28.51870000000000,0,Hardware: Legacy Flip,-0.11510000000000,5.20160000000000,33.36340000000000,0.00000000000000,-28.14360000000000,14.98530000000000,0.00000000000000
ruffle.exe,9152,0x0000000000000000,Other,1,0,0,50.07450559999999,0.00000000000000,33.08690000000000,0,Hardware: Legacy Flip,-0.10580000000000,5.42160000000000,33.30690000000000,0.00000000000000,-27.85180000000000,15.16690000000000,0.00000000000000
ruffle.exe,9152,0x0000000000000000,Other,1,0,0,50.11378630000000,0.00000000000000,39.28070000000000,0,Hardware: Legacy Flip,-0.18440000000000,16.16910000000000,50.02820000000001,0.00000000000000,-33.83700000000000,13.80480000000000,0.00000000000000
ruffle.exe,9152,0x0000000000000000,Other,1,0,0,50.14527460000000,0.00000000000000,31.48830000000000,0,Hardware: Legacy Flip,-0.11580000000000,1.32450000000000,16.64370000000000,0.00000000000000,-15.28860000000000,13.55090000000000,0.00000000000000
ruffle.exe,9152,0x0000000000000000,Other,1,0,0,50.17282270000000,0.00000000000000,27.54810000000000,0,Hardware: Legacy Flip,-0.13720000000000,7.15170000000000,33.37530000000000,0.00000000000000,-26.20650000000000,13.44770000000000,0.00000000000000
ruffle.exe,9152,0x0000000000000000,Other,1,0,0,50.20954820000000,0.00000000000000,36.72550000000000,0,Hardware: Legacy Flip,-0.10070000000000,3.72700000000000,33.30080000000000,0.00000000000000,-29.54040000000000,13.43410000000000,0.00000000000000
ruffle.exe,9152,0x0000000000000000,Other,1,0,0,50.24775710000000,0.00000000000000,38.20890000000000,0,Hardware: Legacy Flip,-0.21980000000000,15.57100000000000,50.05290000000000,0.00000000000000,-34.46330000000000,15.19650000000000,0.00000000000000
ruffle.exe,9152,0x0000000000000000,Other,1,0,0,50.28529080000001,0.00000000000000,37.53370000000000,0,Hardware: Legacy Flip,-0.14300000000000,11.31870000000000,33.28140000000000,0.00000000000000,-21.93010000000000,15.09930000000000,0.00000000000000
ruffle.exe,9152,0x0000000000000000,Other,1,0,0,50.31058280000000,0.00000000000000,25.29200000000000,0,Hardware: Legacy Flip,-0.11980000000000,2.67110000000000,16.64440000000000,0.00000000000000,-13.92720000000000,13.54500000000000,0.00000000000000
ruffle.exe,9152,0x0000000000000000,Other,1,0,0,50.34508940000000,0.00000000000000,34.50660000000000,0,Hardware: Legacy Flip,-0.08100000000000,1.48650000000000,33.32200000000000,0.00000000000000,-31.81190000000000,13.22910000000000,0.00000000000000
ruffle.exe,9152,0x0000000000000000,Other,1,0,0,50.37887770000000,0.00000000000000,33.78830000000000,0,Hardware: Legacy Flip,-0.14020000000000,1.07690000000000,33.37870000000000,0.00000000000000,-32.28640000000000,13.51560000000000,0.00000000000000
ruffle.exe,9152,0x0000000000000000,Other,1,0,0,50.41139650000000,0.00000000000000,32.51880000000000,0,Hardware: Legacy Flip,-0.14480000000000,1.87130000000000,33.31320000000000,0.00000000000000,-31.41880000000000,13.58790000000000,0.00000000000000
ruffle.exe,9152,0x0000000000000000,Other,1,0,0,50.44435510000000,0.00000000000000,32.95860000000000,0,Hardware: Legacy Flip,-0.11980000000000,2.26540000000000,33.35270000000000,0.00000000000000,-31.06430000000000,13.33840000000000,0.00000000000000
ruffle.exe,9152,0x0000000000000000,Other,1,0,0,50.47973310000000,0.00000000000000,35.37800000000000,0,Hardware: Legacy Flip,-0.10150000000000,16.90960000000000,50.02220000000001,0.00000000000000,-33.08900000000000,15.10400000000000,0.00000000000000
ruffle.exe,9152,0x0000000000000000,Other,1,0,0,50.64837750000000,0.00000000000000,168.64440000000002,0,Hardware: Legacy Flip,-0.09110000000000,14.95470000000000,166.68950000000001,0.00000000000000,-151.70840000000001,13.49900000000000,0.00000000000000
ruffle.exe,9152,0x0000000000000000,Other,1,0,0,50.67413110000000,0.00000000000000,25.75360000000000,0,Hardware: Legacy Flip,-0.11570000000000,5.83390000000000,16.63280000000000,0.00000000000000,-13.21770000000000,12.95680000000000,0.00000000000000
ruffle.exe,9152,0x0000000000000000,Other,1,0,0,50.69889780000000,0.00000000000000,24.76670000000000,0,Hardware: Legacy Flip,-0.12250000000000,14.45910000000000,33.39190000000000,0.00000000000000,-18.90650000000000,15.00760000000000,0.00000000000000
ruffle.exe,9152,0x0000000000000000,Other,1,0,0,50.71473000000000,0.00000000000000,15.83220000000000,0,Hardware: Legacy Flip,-0.08740000000000,15.30600000000000,16.67910000000000,0.00000000000000,-14.81590000000000,14.66980000000000,0.00000000000000
ruffle.exe,9152,0x0000000000000000,Other,1,0,0,50.74363170000000,0.00000000000000,28.90170000000000,0,Hardware: Legacy Flip,-0.13670000000000,3.02720000000000,16.62290000000000,0.00000000000000,-13.54710000000000,13.16230000000000,0.00000000000000
ruffle.exe,9152,0x0000000000000000,Other,1,0,0,50.77845680000000,0.00000000000000,34.82510000000000,0,Hardware: Legacy Flip,-0.17120000000000,1.61250000000000,33.41040000000000,0.00000000000000,-31.77800000000000,13.58950000000000,0.00000000000000
ruffle.exe,9152,0x0000000000000000,Other,1,0,0,50.81488090000000,0.00000000000000,36.42410000000000,0,Hardware: Legacy Flip,-0.11590000000000,15.24200000000000,50.05360000000000,0.00000000000000,-34.78070000000000,13.42730000000000,0.00000000000000
ruffle.exe,9152,0x0000000000000000,Other,1,0,0,50.83859270000000,0.00000000000000,23.71180000000000,0,Hardware: Legacy Flip,-0.11280000000000,8.11750000000000,16.58730000000000,0.00000000000000,-13.31920000000000,13.00750000000000,0.00000000000000
ruffle.exe,9152,0x0000000000000000,Other,1,0,0,50.87894980000000,0.00000000000000,40.35710000000000,0,Hardware: Legacy Flip,-0.13770000000000,1.06240000000000,33.30200000000000,0.00000000000000,-32.21580000000000,13.27690000000000,0.00000000000000
ruffle.exe,9152,0x0000000000000000,Other,1,0,0,50.91810750000000,0.00000000000000,39.15770000000000,0,Hardware: Legacy Flip,-0.09130000000000,11.90130000000000,49.99660000000000,0.00000000000000,-38.07340000000000,15.11260000000000,0.00000000000000
ruffle.exe,9152,0x0000000000000000,Other,1,0,0,50.94873330000000,0.00000000000000,30.62580000000000,0,Hardware: Legacy Flip,-0.09970000000000,14.62360000000000,33.34810000000000,0.00000000000000,-18.69800000000000,15.06020000000000,0.00000000000000
ruffle.exe,9152,0x0000000000000000,Other,1,0,0,50.97559870000001,0.00000000000000,26.86540000000000,0,Hardware: Legacy Flip,-0.13270000000000,4.40890000000000,16.65070000000000,0.00000000000000,-13.24950000000000,12.91070000000000,0.00000000000000
ruffle.exe,9152,0x0000000000000000,Other,1,0,0,51.01638110000000,0.00000000000000,40.78240000000000,0,Hardware: Legacy Flip,-0.15620000000000,13.65290000000000,50.02640000000000,0.00000000000000,-36.35160000000000,13.69160000000000,0.00000000000000
ruffle.exe,9152,0x0000000000000000,Other,1,0,0,51.04608680000000,0.00000000000000,29.70570000000000,0,Hardware: Legacy Flip,-0.15060000000000,0.60170000000000,16.65450000000000,0.00000000000000,-16.02480000000000,13.63010000000000,0.00000000000000
ruffle.exe,9152,0x0000000000000000,Other,1,0,0,51.07566100000000,0.00000000000000,29.57420000000000,0,Hardware: Legacy Flip,-0.15520000000000,4.36430000000000,33.33680000000000,0.00000000000000,-28.94340000000000,13.51980000000000,0.00000000000000
ruffle.exe,9152,0x0000000000000000,Other,1,0,0,51.11484260000000,0.00000000000000,39.18160000000000,0,Hardware: Legacy Flip,-0.11490000000000,15.20560000000000,50.02290000000000,0.00000000000000,-34.77330000000000,15.38430000000000,0.00000000000000
ruffle.exe,9152,0x0000000000000000,Other,1,0,0,51.14428460000000,0.00000000000000,29.44200000000000,0,Hardware: Legacy Flip,-0.15890000000000,2.44160000000000,16.67800000000000,0.00000000000000,-15.33390000000000,14.98710000000000,0.00000000000000
ruffle.exe,9152,0x0000000000000000,Other,1,0,0,51.17739560000000,0.00000000000000,33.11100000000000,0,Hardware: Legacy Flip,-0.14160000000000,2.64620000000000,33.31560000000000,0.00000000000000,-30.63270000000000,13.61850000000000,0.00000000000000
ruffle.exe,9152,0x0000000000000000,Other,1,0,0,51.21154100000000,0.00000000000000,34.14540000000000,0,Hardware: Legacy Flip,-0.13720000000000,1.83660000000000,33.33580000000000,0.00000000000000,-31.47200000000000,13.64070000000000,0.00000000000000
ruffle.exe,9152,0x0000000000000000,Other,1,0,0,51.24208690000000,0.00000000000000,30.54590000000000,0,Hardware: Legacy Flip,-0.12370000000000,4.70120000000000,33.41050000000000,0.00000000000000,-28.67280000000000,13.62540000000000,0.00000000000000
ruffle.exe,9152,0x0000000000000000,Other,1,0,0,51.27791460000000,0.00000000000000,35.82770000000000,0,Hardware: Legacy Flip,-0.19520000000000,2.17800000000000,33.30450000000000,0.00000000000000,-31.09990000000000,13.76100000000000,0.00000000000000
ruffle.exe,9152,0x0000000000000000,Other,1,0,0,51.31396370000000,0.00000000000000,36.04910000000000,0,Hardware: Legacy Flip,-0.19620000000000,16.08420000000000,49.95530000000000,0.00000000000000,-33.83660000000000,13.93490000000000,0.00000000000000
ruffle.exe,9152,0x0000000000000000,Other,1,0,0,51.35226630000000,0.00000000000000,38.30260000000001,0,Hardware: Legacy Flip,-0.18110000000000,11.15620000000000,33.37460000000000,0.00000000000000,-22.17740000000000,15.49490000000000,0.00000000000000
ruffle.exe,9152,0x0000000000000000,Other,1,0,0,51.38167490000000,0.00000000000000,29.40860000000000,0,Hardware: Legacy Flip,-0.13300000000000,15.06840000000000,33.32080000000000,0.00000000000000,-18.21620000000000,15.26150000000000,0.00000000000000
ruffle.exe,9152,0x0000000000000000,Other,1,0,0,51.40795460000000,0.00000000000000,26.27970000000000,0,Hardware: Legacy Flip,-0.12700000000000,5.42430000000000,16.63560000000000,0.00000000000000,-13.68760000000000,13.38380000000000,0.00000000000000
ruffle.exe,9152,0x0000000000000000,Other,1,0,0,51.44058870000000,0.00000000000000,32.63410000000000,0,Hardware: Legacy Flip,-0.12430000000000,6.12860000000000,33.33840000000000,0.00000000000000,-27.18120000000000,13.58130000000000,0.00000000000000
ruffle.exe,9152,0x0000000000000000,Other,1,0,0,51.47149030000000,0.00000000000000,30.90160000000000,0,Hardware: Legacy Flip,-0.10100000000000,8.62250000000000,33.39550000000000,0.00000000000000,-24.75100000000000,13.60050000000000,0.00000000000000
ruffle.exe,9152,0x0000000000000000,Other,1,0,0,51.71329850000000,0.00000000000000,241.80820000000000,0,Hardware: Legacy Flip,-0.14090000000000,16.79610000000000,249.98180000000002,0.00000000000000,-233.14860000000002,14.49340000000000,0.00000000000000
ruffle.exe,9152,0x0000000000000000,Other,1,0,0,51.73220570000000,0.00000000000000,18.90720000000000,0,Hardware: Legacy Flip,-0.15950000000000,14.53590000000000,16.64700000000000,0.00000000000000,-13.72960000000000,13.38740000000000,0.00000000000000
ruffle.exe,9152,0x0000000000000000,Other,1,0,0,51.75284050000000,0.00000000000000,20.63480000000000,0,Hardware: Legacy Flip,-0.08590000000000,10.59700000000000,16.69590000000000,0.00000000000000,-13.37100000000000,13.18530000000000,0.00000000000000
ruffle.exe,9152,0x0000000000000000,Other,1,0,0,51.79242580000000,0.00000000000000,39.58530000000000,0,Hardware: Legacy Flip,-0.13450000000000,4.34190000000000,33.33020000000000,0.00000000000000,-28.96400000000000,14.14580000000000,0.00000000000000
ruffle.exe,9152,0x0000000000000000,Other,1,0,0,51.82324910000001,0.00000000000000,30.82330000000000,0,Hardware: Legacy Flip,-0.11850000000000,6.84000000000000,33.32140000000000,0.00000000000000,-26.44730000000000,13.86030000000000,0.00000000000000
ruffle.exe,9152,0x0000000000000000,Other,1,0,0,51.85653020000000,0.00000000000000,33.28110000000000,0,Hardware: Legacy Flip,-0.12960000000000,6.89310000000000,33.33420000000000,0.00000000000000,-26.40580000000000,15.44380000000000,0.00000000000000
ruffle.exe,9152,0x0000000000000000,Other,1,0,0,51.89087360000000,0.00000000000000,34.34340000000000,0,Hardware: Legacy Flip,-0.11750000000000,5.87960000000000,33.32990000000000,0.00000000000000,-27.42690000000000,15.77460000000000,0.00000000000000
ruffle.exe,9152,0x0000000000000000,Other,1,0,0,51.92918470000000,0.00000000000000,38.31110000000000,0,Hardware: Legacy Flip,-0.11180000000000,0.89360000000000,33.32510000000000,0.00000000000000,-32.40480000000000,13.89240000000000,0.00000000000000
ruffle.exe,9152,0x0000000000000000,Other,1,0,0,51.95348590000000,0.00000000000000,24.30120000000000,0,Hardware: Legacy Flip,-0.08800000000000,9.94410000000000,33.35170000000000,0.00000000000000,-23.37510000000000,13.62910000000000,0.00000000000000
ruffle.exe,9152,0x0000000000000000,Other,1,0,0,51.98811430000000,0.00000000000000,34.62840000000000,0,Hardware: Legacy Flip,-0.12040000000000,8.65110000000000,33.33540000000000,0.00000000000000,-24.66480000000000,13.88930000000000,0.00000000000000
ruffle.exe,9152,0x0000000000000000,Other,1,0,0,52.02263130000000,0.00000000000000,34.51700000000000,0,Hardware: Legacy Flip,-0.15130000000000,7.48420000000000,33.35010000000000,0.00000000000000,-25.84140000000000,13.98530000000000,0.00000000000000
ruffle.exe,9152,0x0000000000000000,Other,1,0,0,52.05952950000000,0.00000000000000,36.89820000000000,0,Hardware: Legacy Flip,-0.09980000000000,3.95000000000000,33.36400000000000,0.00000000000000,-29.38560000000000,15.53570000000000,0.00000000000000
ruffle.exe,9152,0x0000000000000000,Other,1,0,0,52.09343180000000,0.00000000000000,33.90230000000000,0,Hardware: Legacy Flip,-0.10030000000000,3.33580000000000,33.28810000000000,0.00000000000000,-29.90930000000000,15.84100000000000,0.00000000000000
ruffle.exe,9152,0x0000000000000000,Other,1,0,0,52.11762830000000,0.00000000000000,24.19650000000000,0,Hardware: Legacy Flip,-0.14880000000000,12.52260000000000,33.38330000000000,0.00000000000000,-20.84370000000000,13.90530000000000,0.00000000000000
ruffle.exe,9152,0x0000000000000000,Other,1,0,0,52.15265670000000,0.00000000000000,35.02840000000000,0,Hardware: Legacy Flip,-0.10730000000000,10.80640000000000,33.31220000000000,0.00000000000000,-22.47400000000000,13.72260000000000,0.00000000000000
ruffle.exe,9152,0x0000000000000000,Other,1,0,0,52.19103420000000,0.00000000000000,38.37750000000000,0,Hardware: Legacy Flip,-0.12950000000000,5.83880000000000,33.40990000000000,0.00000000000000,-27.54730000000000,14.14030000000000,0.00000000000000
ruffle.exe,9152,0x0000000000000000,Other,1,0,0,52.22613930000001,0.00000000000000,35.10510000000000,0,Hardware: Legacy Flip,-0.11750000000000,3.98120000000000,33.24750000000000,0.00000000000000,-29.23800000000000,14.09430000000000,0.00000000000000
ruffle.exe,9152,0x0000000000000000,Other,1,0,0,52.25493250000000,0.00000000000000,28.79320000000000,0,Hardware: Legacy Flip,-0.13460000000000,8.54500000000000,33.35700000000000,0.00000000000000,-24.77760000000000,13.89340000000000,0.00000000000000
ruffle.exe,9152,0x0000000000000000,Other,1,0,0,52.29311080000000,0.00000000000000,38.17830000000000,0,Hardware: Legacy Flip,-0.11160000000000,3.68150000000000,33.31480000000000,0.00000000000000,-29.60260000000000,15.74970000000000,0.00000000000000
ruffle.exe,9152,0x0000000000000000,Other,1,0,0,52.33449490000000,0.00000000000000,41.38410000000000,0,Hardware: Legacy Flip,-0.12350000000000,12.37810000000000,50.08070000000000,0.00000000000000,-37.67920000000000,15.63630000000000,0.00000000000000
ruffle.exe,9152,0x0000000000000000,Other,1,0,0,52.35409290000000,0.00000000000000,19.59800000000000,0,Hardware: Legacy Flip,-0.12600000000000,9.43340000000000,16.65330000000000,0.00000000000000,-13.67580000000000,13.37500000000000,0.00000000000000
ruffle.exe,9152,0x0000000000000000,Other,1,0,0,52.38630960000000,0.00000000000000,32.21670000000000,0,Hardware: Legacy Flip,-0.21050000000000,10.56730000000000,33.35060000000000,0.00000000000000,-22.75600000000000,14.07090000000000,0.00000000000000
ruffle.exe,9152,0x0000000000000000,Other,1,0,0,52.42350620000001,0.00000000000000,37.19660000000000,0,Hardware: Legacy Flip,-0.13250000000000,6.65650000000000,33.28580000000000,0.00000000000000,-26.59870000000000,14.42010000000000,0.00000000000000
ruffle.exe,9152,0x0000000000000000,Other,1,0,0,52.45339890000000,0.00000000000000,29.89270000000000,0,Hardware: Legacy Flip,-0.11840000000000,10.07730000000000,33.31350000000000,0.00000000000000,-23.19510000000000,13.94940000000000,0.00000000000000
ruffle.exe,9152,0x0000000000000000,Other,1,0,0,52.68145950000000,0.00000000000000,228.06060000000002,0,Hardware: Legacy Flip,-0.14590000000000,15.42530000000000,233.40860000000001,0.00000000000000,-217.93670000000000,14.90860000000000,0.00000000000000
ruffle.exe,9152,0x0000000000000000,Other,1,0,0,52.69948960000000,0.00000000000000,18.03010000000000,0,Hardware: Legacy Flip,-0.12700000000000,14.03010000000000,16.63490000000000,0.00000000000000,-13.94540000000000,13.64180000000000,0.00000000000000
ruffle.exe,9152,0x0000000000000000,Other,1,0,0,52.72767690000000,0.00000000000000,28.18730000000000,0,Hardware: Legacy Flip,-0.12570000000000,2.53380000000000,16.69100000000000,0.00000000000000,-14.11570000000000,13.79930000000000,0.00000000000000
ruffle.exe,9152,0x0000000000000000,Other,1,0,0,52.76826950000000,0.00000000000000,40.59260000000000,0,Hardware: Legacy Flip,-0.09290000000000,11.93590000000000,49.99470000000000,0.00000000000000,-38.03080000000000,14.10100000000000,0.00000000000000
ruffle.exe,9152,0x0000000000000000,Other,1,0,0,52.79910440000000,0.00000000000000,30.83490000000000,0,Hardware: Legacy Flip,-0.09170000000000,14.44260000000000,33.34160000000000,0.00000000000000,-18.86680000000000,15.73830000000000,0.00000000000000
ruffle.exe,9152,0x0000000000000000,Other,1,0,0,52.82974560000000,0.00000000000000,30.64120000000000,0,Hardware: Legacy Flip,-0.08830000000000,0.36700000000000,16.56560000000000,0.00000000000000,-16.16910000000000,15.50370000000000,0.00000000000000
ruffle.exe,9152,0x0000000000000000,Other,1,0,0,52.86343290000000,0.00000000000000,33.68730000000000,0,Hardware: Legacy Flip,-0.12600000000000,16.77730000000000,50.09760000000000,0.00000000000000,-33.30820000000000,13.89950000000000,0.00000000000000
ruffle.exe,9152,0x0000000000000000,Other,1,0,0,52.89348820000000,0.00000000000000,30.05530000000000,0,Hardware: Legacy Flip,-0.13980000000000,3.35530000000000,16.63330000000000,0.00000000000000,-13.92830000000000,13.64880000000000,0.00000000000000
ruffle.exe,9152,0x0000000000000000,Other,1,0,0,52.92744140000001,0.00000000000000,33.95320000000000,0,Hardware: Legacy Flip,-0.09940000000000,2.73340000000000,33.33130000000000,0.00000000000000,-30.57540000000000,14.44310000000000,0.00000000000000
ruffle.exe,9152,0x0000000000000000,Other,1,0,0,52.96167030000000,0.00000000000000,34.22890000000000,0,Hardware: Legacy Flip,-0.10170000000000,1.83870000000000,33.33420000000000,0.00000000000000,-31.47000000000000,13.63240000000000,0.00000000000000
ruffle.exe,9152,0x0000000000000000,Other,1,0,0,53.00616910000000,0.00000000000000,44.49880000000000,0,Hardware: Legacy Flip,-0.15290000000000,7.36230000000000,50.02240000000000,0.00000000000000,-42.62160000000000,15.42670000000000,0.00000000000000
ruffle.exe,9152,0x0000000000000000,Other,1,0,0,53.04111780000000,0.00000000000000,34.94870000000000,0,Hardware: Legacy Flip,-0.14680000000000,5.75200000000000,33.33840000000000,0.00000000000000,-27.55570000000000,15.35660000000000,0.00000000000000
ruffle.exe,9152,0x0000000000000000,Other,1,0,0,53.06339560000001,0.00000000000000,22.27780000000000,0,Hardware: Legacy Flip,-0.12600000000000,16.86150000000000,33.38730000000000,0.00000000000000,-16.47760000000000,13.44610000000000,0.00000000000000
ruffle.exe,9152,0x0000000000000000,Other,1,0,0,53.09269510000000,0.00000000000000,29.29950000000000,0,Hardware: Legacy Flip,-0.23570000000000,4.18890000000000,16.62690000000000,0.00000000000000,-13.68900000000000,13.24470000000000,0.00000000000000
ruffle.exe,9152,0x0000000000000000,Other,1,0,0,53.13032930000000,0.00000000000000,37.63420000000000,0,Hardware: Legacy Flip,-0.15830000000000,16.55100000000000,49.99630000000001,0.00000000000000,-33.40940000000001,13.58120000000000,0.00000000000000
ruffle.exe,9152,0x0000000000000000,Other,1,0,0,53.16747860000000,0.00000000000000,37.14930000000000,0,Hardware: Legacy Flip,-0.13770000000000,12.78770000000000,33.38600000000000,0.00000000000000,-20.54820000000000,13.67790000000000,0.00000000000000
ruffle.exe,9152,0x0000000000000000,Other,1,0,0,53.19629330000000,0.00000000000000,28.81470000000000,0,Hardware: Legacy Flip,-0.11200000000000,0.53930000000000,16.56630000000000,0.00000000000000,-15.99850000000000,13.49290000000000,0.00000000000000
ruffle.exe,9152,0x0000000000000000,Other,1,0,0,53.23574150000000,0.00000000000000,39.44820000000000,0,Hardware: Legacy Flip,-0.18120000000000,11.16100000000000,50.06990000000000,0.00000000000000,-38.89100000000001,15.22280000000000,0.00000000000000
ruffle.exe,9152,0x0000000000000000,Other,1,0,0,53.26460900000000,0.00000000000000,28.86750000000000,0,Hardware: Legacy Flip,-0.10640000000000,15.62230000000000,33.32880000000000,0.00000000000000,-17.67800000000000,15.28730000000000,0.00000000000000
ruffle.exe,9152,0x0000000000000000,Other,1,0,0,53.29468190000001,0.00000000000000,30.07290000000000,0,Hardware: Legacy Flip,-0.16630000000000,2.18970000000000,16.64030000000000,0.00000000000000,-14.42310000000000,13.11300000000000,0.00000000000000
ruffle.exe,9152,0x0000000000000000,Other,1,0,0,53.32817730000001,0.00000000000000,33.49540000000000,0,Hardware: Legacy Flip,-0.25640000000000,2.01860000000000,33.32430000000000,0.00000000000000,-31.27940000000000,13.38870000000000,0.00000000000000
ruffle.exe,9152,0x0000000000000000,Other,1,0,0,53.36062140000001,0.00000000000000,32.44410000000000,0,Hardware: Legacy Flip,-0.15810000000000,2.97240000000000,33.39790000000000,0.00000000000000,-30.39680000000000,13.58720000000000,0.00000000000000
ruffle.exe,9152,0x0000000000000000,Other,1,0,0,53.39134420000000,0.00000000000000,30.72280000000000,0,Hardware: Legacy Flip,-0.12190000000000,5.64190000000000,33.39230000000000,0.00000000000000,-27.72610000000000,13.35790000000000,0.00000000000000
ruffle.exe,9152,0x0000000000000000,Other,1,0,0,53.43739560000000,0.00000000000000,46.05140000000000,0,Hardware: Legacy Flip,-0.14810000000000,9.49150000000000,49.90100000000000,0.00000000000000,-40.37060000000000,15.17360000000000,0.00000000000000
ruffle.exe,9152,0x0000000000000000,Other,1,0,0,53.46351270000000,0.00000000000000,26.11710000000000,0,Hardware: Legacy Flip,-0.14080000000000,16.73350000000000,33.35910000000001,0.00000000000000,-16.59630000000000,15.27030000000000,0.00000000000000
ruffle.exe,9152,0x0000000000000000,Other,1,0,0,53.63216100000000,0.00000000000000,168.64830000000001,0,Hardware: Legacy Flip,-0.14920000000000,14.80630000000000,166.72110000000001,0.00000000000000,-151.88930000000002,14.30080000000000,0.00000000000000
ruffle.exe,9152,0x0000000000000000,Other,1,0,0,53.64751330000000,0.00000000000000,15.35230000000000,0,Hardware: Legacy Flip,-0.12440000000000,16.07520000000000,16.62120000000000,0.00000000000000,-13.49650000000000,13.10050000000000,0.00000000000000
ruffle.exe,9152,0x0000000000000000,Other,1,0,0,53.66936820000000,0.00000000000000,21.85490000000000,0,Hardware: Legacy Flip,-0.10410000000000,10.96840000000000,16.74810000000000,0.00000000000000,-15.00760000000000,14.71760000000000,0.00000000000000
ruffle.exe,9152,0x0000000000000000,Other,1,0,0,53.69441700000000,0.00000000000000,25.04880000000000,0,Hardware: Legacy Flip,-0.12430000000000,2.49890000000000,16.57930000000000,0.00000000000000,-14.90170000000000,14.60090000000000,0.00000000000000
ruffle.exe,9152,0x0000000000000000,Other,1,0,0,53.72380660000000,0.00000000000000,29.38960000000000,0,Hardware: Legacy Flip,-0.11980000000000,6.46540000000000,33.35610000000000,0.00000000000000,-26.87250000000000,13.29890000000000,0.00000000000000
ruffle.exe,9152,0x0000000000000000,Other,1,0,0,53.75903490000000,0.00000000000000,35.22830000000000,0,Hardware: Legacy Flip,-0.12320000000000,4.56730000000000,33.33020000000000,0.00000000000000,-28.73380000000000,13.52760000000000,0.00000000000000
ruffle.exe,9152,0x0000000000000000,Other,1,0,0,53.79915260000000,0.00000000000000,40.11770000000000,0,Hardware: Legacy Flip,-0.10990000000000,14.43190000000000,49.98230000000000,0.00000000000000,-35.52180000000000,13.37970000000000,0.00000000000000
ruffle.exe,9152,0x0000000000000000,Other,1,0,0,53.82694280000000,0.00000000000000,27.79020000000000,0,Hardware: Legacy Flip,-0.09840000000000,3.34460000000000,16.70290000000000,0.00000000000000,-13.33090000000000,12.91340000000000,0.00000000000000
ruffle.exe,9152,0x0000000000000000,Other,1,0,0,53.86787680000000,0.00000000000000,40.93400000000000,0,Hardware: Legacy Flip,-0.15040000000000,12.41340000000000,50.00280000000000,0.00000000000000,-37.56580000000000,15.22610000000000,0.00000000000000
ruffle.exe,9152,0x0000000000000000,Other,1,0,0,53.89879180000000,0.00000000000000,30.91500000000000,0,Hardware: Legacy Flip,-0.15610000000000,14.88330000000000,33.38490000000000,0.00000000000000,-18.47810000000000,15.47140000000000,0.00000000000000
ruffle.exe,9152,0x0000000000000000,Other,1,0,0,53.93121730000000,0.00000000000000,32.42550000000000,0,Hardware: Legacy Flip,-0.12180000000000,15.79300000000000,33.33520000000000,0.00000000000000,-17.50480000000000,13.43240000000000,0.00000000000000
ruffle.exe,9152,0x0000000000000000,Other,1,0,0,53.96375750000000,0.00000000000000,32.54020000000000,0,Hardware: Legacy Flip,-0.17530000000000,16.56520000000000,33.31240000000000,0.00000000000000,-16.71280000000000,13.50290000000000,0.00000000000000
ruffle.exe,9152,0x0000000000000000,Other,1,0,0,54.00549750000000,0.00000000000000,41.74000000000000,0,Hardware: Legacy Flip,-0.14220000000000,8.12870000000000,33.30350000000000,0.00000000000000,-25.13790000000000,13.58860000000000,0.00000000000000
ruffle.exe,9152,0x0000000000000000,Other,1,0,0,54.03182650000000,0.00000000000000,26.32900000000000,0,Hardware: Legacy Flip,-0.14120000000000,15.17160000000000,33.37190000000000,0.00000000000000,-18.16970000000000,13.33580000000000,0.00000000000000
ruffle.exe,9152,0x0000000000000000,Other,1,0,0,54.05962370000000,0.00000000000000,27.79720000000000,0,Hardware: Legacy Flip,-0.10310000000000,3.99280000000000,16.61840000000000,0.00000000000000,-13.22900000000000,12.99680000000000,0.00000000000000
ruffle.exe,9152,0x0000000000000000,Other,1,0,0,54.10240760000000,0.00000000000000,42.78390000000000,0,Hardware: Legacy Flip,-0.14590000000000,11.27820000000000,50.06930000000001,0.00000000000000,-38.75990000000000,15.25560000000000,0.00000000000000
ruffle.exe,9152,0x0000000000000000,Other,1,0,0,54.12686420000001,0.00000000000000,24.45660000000000,0,Hardware: Legacy Flip,-0.12570000000000,3.41260000000000,16.59100000000000,0.00000000000000,-14.86310000000000,14.59680000000000,0.00000000000000
ruffle.exe,9152,0x0000000000000000,Other,1,0,0,54.16828980000000,0.00000000000000,41.42560000000000,0,Hardware: Legacy Flip,-0.26200000000000,12.05850000000000,50.07150000000000,0.00000000000000,-37.99210000000000,13.64720000000000,0.00000000000000
ruffle.exe,9152,0x0000000000000000,Other,1,0,0,54.19772700000000,0.00000000000000,29.43720000000000,0,Hardware: Legacy Flip,-0.08690000000000,15.96980000000000,33.34850000000000,0.00000000000000,-17.34710000000000,13.46040000000000,0.00000000000000
ruffle.exe,9152,0x0000000000000000,Other,1,0,0,54.22571320000000,0.00000000000000,27.98620000000000,0,Hardware: Legacy Flip,-0.09240000000000,4.60040000000000,16.61680000000000,0.00000000000000,-13.21320000000000,12.98360000000000,0.00000000000000
ruffle.exe,9152,0x0000000000000000,Other,1,0,0,54.26812670000000,0.00000000000000,42.41350000000000,0,Hardware: Legacy Flip,-0.20400000000000,12.19420000000000,50.00730000000000,0.00000000000000,-37.77960000000000,13.71850000000000,0.00000000000000
ruffle.exe,9152,0x0000000000000000,Other,1,0,0,54.30397050000001,0.00000000000000,35.84380000000000,0,Hardware: Legacy Flip,-0.10910000000000,9.73310000000000,33.38270000000000,0.00000000000000,-23.61870000000000,15.37060000000000,0.00000000000000
ruffle.exe,9152,0x0000000000000000,Other,1,0,0,54.33477410000000,0.00000000000000,30.80360000000000,0,Hardware: Legacy Flip,-0.14400000000000,12.24400000000000,33.31450000000000,0.00000000000000,-21.04220000000000,15.14530000000000,0.00000000000000
ruffle.exe,9152,0x0000000000000000,Other,1,0,0,54.36746860000000,0.00000000000000,32.69450000000001,0,Hardware: Legacy Flip,-0.16190000000000,12.91280000000000,33.36330000000000,0.00000000000000,-20.41410000000000,13.76150000000000,0.00000000000000
ruffle.exe,9152,0x0000000000000000,Other,1,0,0,54.39403620000000,0.00000000000000,26.56760000000000,0,Hardware: Legacy Flip,-0.13330000000000,2.95160000000000,16.60640000000000,0.00000000000000,-13.60830000000000,13.30450000000000,0.00000000000000
ruffle.exe,9152,0x0000000000000000,Other,1,0,0,54.42867880000000,0.00000000000000,34.64260000000000,0,Hardware: Legacy Flip,-0.13160000000000,1.57730000000000,33.26830000000000,0.00000000000000,-31.67160000000000,13.57430000000000,0.00000000000000
ruffle.exe,9152,0x0000000000000000,Other,1,0,0,54.45991620000000,0.00000000000000,31.23740000000000,0,Hardware: Legacy Flip,-0.14900000000000,3.74180000000000,33.40190000000000,0.00000000000000,-29.64330000000000,13.74830000000000,0.00000000000000
ruffle.exe,9152,0x0000000000000000,Other,1,0,0,54.59955640000000,0.00000000000000,139.64019999999999,0,Hardware: Legacy Flip,-0.15650000000000,14.19740000000000,150.09580000000000,0.00000000000000,-135.87420000000000,16.74200000000000,0.00000000000000
ruffle.exe,9152,0x0000000000000000,Other,1,0,0,54.61424330000001,0.00000000000000,14.68690000000000,0,Hardware: Legacy Flip,-0.18870000000000,16.16530000000000,16.65480000000000,0.00000000000000,-13.71490000000000,13.30890000000000,0.00000000000000
ruffle.exe,9152,0x0000000000000000,Other,1,0,0,54.63196120000000,0.00000000000000,17.71790000000000,0,Hardware: Legacy Flip,-0.11860000000000,15.07860000000000,16.63120000000000,0.00000000000000,-13.33760000000000,13.15350000000000,0.00000000000000
ruffle.exe,9152,0x0000000000000000,Other,1,0,0,54.66058980000000,0.00000000000000,28.62860000000000,0,Hardware: Legacy Flip,-0.13780000000000,3.06890000000000,16.61890000000000,0.00000000000000,-13.69770000000000,13.41500000000000,0.00000000000000
ruffle.exe,9152,0x0000000000000000,Other,1,0,0,54.69817480000000,0.00000000000000,37.58500000000000,0,Hardware: Legacy Flip,-0.12950000000000,15.54580000000000,50.06190000000000,0.00000000000000,-34.49250000000000,13.60560000000000,0.00000000000000
ruffle.exe,9152,0x0000000000000000,Other,1,0,0,54.73695390000000,0.00000000000000,38.77910000000000,0,Hardware: Legacy Flip,-0.20970000000000,10.07720000000000,33.31050000000000,0.00000000000000,-23.19830000000000,15.51400000000000,0.00000000000000
ruffle.exe,9152,0x0000000000000000,Other,1,0,0,54.76746620000000,0.00000000000000,30.51230000000000,0,Hardware: Legacy Flip,-0.12770000000000,12.94430000000000,33.37940000000000,0.00000000000000,-20.40560000000000,15.65970000000000,0.00000000000000
ruffle.exe,9152,0x0000000000000000,Other,1,0,0,54.79760150000000,0.00000000000000,30.13530000000000,0,Hardware: Legacy Flip,-0.28960000000000,16.17470000000000,33.36570000000000,0.00000000000000,-17.15880000000000,13.67570000000000,0.00000000000000
ruffle.exe,9152,0x0000000000000000,Other,1,0,0,54.82667720000000,0.00000000000000,29.07570000000000,0,Hardware: Legacy Flip,-0.09430000000000,3.67600000000000,16.57700000000000,0.00000000000000,-13.57440000000000,13.32240000000000,0.00000000000000
ruffle.exe,9152,0x0000000000000000,Other,1,0,0,54.86546970000001,0.00000000000000,38.79250000000000,0,Hardware: Legacy Flip,-0.16700000000000,14.97760000000000,50.09410000000000,0.00000000000000,-35.09260000000000,13.92290000000000,0.00000000000000
ruffle.exe,9152,0x0000000000000000,Other,1,0,0,54.89736070000000,0.00000000000000,31.89100000000000,0,Hardware: Legacy Flip,-0.13970000000000,16.36910000000000,33.28250000000000,0.00000000000000,-16.87950000000000,13.71570000000000,0.00000000000000
ruffle.exe,9152,0x0000000000000000,Other,1,0,0,54.93529820000000,0.00000000000000,37.93750000000000,0,Hardware: Legacy Flip,-0.14940000000000,11.73920000000000,33.30760000000000,0.00000000000000,-21.53860000000000,13.85120000000000,0.00000000000000
ruffle.exe,9152,0x0000000000000000,Other,1,0,0,54.96288250000000,0.00000000000000,27.58430000000000,0,Hardware: Legacy Flip,-0.16360000000000,0.77080000000000,16.61590000000000,0.00000000000000,-15.81550000000000,15.49100000000000,0.00000000000000
ruffle.exe,9152,0x0000000000000000,Other,1,0,0,54.99562530000000,0.00000000000000,32.74280000000000,0,Hardware: Legacy Flip,-0.14480000000000,1.40060000000000,33.37260000000000,0.00000000000000,-31.95400000000000,15.49050000000000,0.00000000000000
ruffle.exe,9152,0x0000000000000000,Other,1,0,0,55.04131800000000,0.00000000000000,45.69270000000000,0,Hardware: Legacy Flip,-0.11140000000000,5.74190000000000,50.03400000000000,0.00000000000000,-44.27310000000000,13.90230000000000,0.00000000000000
ruffle.exe,9152,0x0000000000000000,Other,1,0,0,55.06569260000001,0.00000000000000,24.37460000000000,0,Hardware: Legacy Flip,-0.18460000000000,14.71980000000000,33.35250000000000,0.00000000000000,-18.59870000000000,14.00560000000000,0.00000000000000
ruffle.exe,9152,0x0000000000000000,Other,1,0,0,55.09226420000000,0.00000000000000,26.57160000000000,0,Hardware: Legacy Flip,-0.10620000000000,4.83390000000000,16.68570000000000,0.00000000000000,-13.52790000000000,13.29360000000000,0.00000000000000
ruffle.exe,9152,0x0000000000000000,Other,1,0,0,55.13108270000000,0.00000000000000,38.81850000000000,0,Hardware: Legacy Flip,-0.14730000000000,15.98400000000000,49.96860000000000,0.00000000000000,-33.95270000000000,13.96770000000000,0.00000000000000
ruffle.exe,9152,0x0000000000000000,Other,1,0,0,55.16818680000000,0.00000000000000,37.10410000000000,0,Hardware: Legacy Flip,-0.15850000000000,12.25910000000000,33.37920000000000,0.00000000000000,-21.08380000000000,15.68930000000000,0.00000000000000
ruffle.exe,9152,0x0000000000000000,Other,1,0,0,55.19847510000000,0.00000000000000,30.28830000000000,0,Hardware: Legacy Flip,-0.15110000000000,15.33030000000000,33.35950000000000,0.00000000000000,-17.99950000000000,15.64460000000000,0.00000000000000
ruffle.exe,9152,0x0000000000000000,Other,1,0,0,55.22812420000000,0.00000000000000,29.64910000000000,0,Hardware: Legacy Flip,-0.14310000000000,2.25410000000000,16.57290000000000,0.00000000000000,-14.27930000000000,13.75230000000000,0.00000000000000
ruffle.exe,9152,0x0000000000000000,Other,1,0,0,55.26102100000000,0.00000000000000,32.89680000000000,0,Hardware: Legacy Flip,-0.15760000000000,2.69550000000000,33.33820000000000,0.00000000000000,-30.61560000000000,14.03790000000000,0.00000000000000
ruffle.exe,9152,0x0000000000000000,Other,1,0,0,55.29808840000000,0.00000000000000,37.06740000000000,0,Hardware: Legacy Flip,-0.13320000000000,15.70190000000000,50.07380000000001,0.00000000000000,-34.34910000000000,13.86140000000000,0.00000000000000
ruffle.exe,9152,0x0000000000000000,Other,1,0,0,55.33584870000001,0.00000000000000,37.76030000000000,0,Hardware: Legacy Flip,-0.14190000000000,11.27360000000000,33.33200000000000,0.00000000000000,-22.02150000000000,14.12520000000000,0.00000000000000
ruffle.exe,9152,0x0000000000000000,Other,1,0,0,55.36127580000000,0.00000000000000,25.42710000000000,0,Hardware: Legacy Flip,-0.12230000000000,2.42970000000000,16.58320000000000,0.00000000000000,-17.21470000000000,13.81300000000000,0.00000000000000
ruffle.exe,9152,0x0000000000000000,Other,1,0,0,55.39587360000000,0.00000000000000,34.59780000000000,0,Hardware: Legacy Flip,-0.15300000000000,1.19400000000000,33.36210000000000,0.00000000000000,-32.14820000000000,15.90270000000000,0.00000000000000
ruffle.exe,9152,0x0000000000000000,Other,1,0,0,55.42805160000000,0.00000000000000,32.17800000000000,0,Hardware: Legacy Flip,-0.13080000000000,2.39170000000000,33.37570000000000,0.00000000000000,-30.95790000000000,15.68140000000000,0.00000000000000
ruffle.exe,9152,0x0000000000000000,Other,1,0,0,55.46172430000000,0.00000000000000,33.67270000000000,0,Hardware: Legacy Flip,-0.15790000000000,2.03080000000000,33.31180000000000,0.00000000000000,-31.24440000000000,14.32630000000000,0.00000000000000
ruffle.exe,9152,0x0000000000000000,Other,1,0,0,55.62895700000000,0.00000000000000,167.23269999999999,0,Hardware: Legacy Flip,-0.11630000000000,1.50100000000000,166.70290000000000,0.00000000000000,-165.17480000000000,16.76390000000000,0.00000000000000
ruffle.exe,9152,0x0000000000000000,Other,1,0,0,55.64471490000000,0.00000000000000,15.75790000000000,0,Hardware: Legacy Flip,-0.13200000000000,2.40820000000000,16.66510000000000,0.00000000000000,-15.54890000000000,15.24810000000000,0.00000000000000
ruffle.exe,9152,0x0000000000000000,Other,1,0,0,55.66165880000000,0.00000000000000,16.94390000000000,0,Hardware: Legacy Flip,-0.10750000000000,2.05240000000000,16.58810000000000,0.00000000000000,-14.50480000000000,14.06690000000000,0.00000000000000
ruffle.exe,9152,0x0000000000000000,Other,1,0,0,55.69739620000001,0.00000000000000,35.73740000000000,0,Hardware: Legacy Flip,-0.13770000000000,16.44380000000000,50.12880000000001,0.00000000000000,-33.67340000000000,14.01470000000000,0.00000000000000
ruffle.exe,9152,0x0000000000000000,Other,1,0,0,55.72721550000000,0.00000000000000,29.81930000000000,0,Hardware: Legacy Flip,-0.16310000000000,3.24010000000000,16.61560000000000,0.00000000000000,-14.26790000000000,13.89200000000000,0.00000000000000
ruffle.exe,9152,0x0000000000000000,Other,1,0,0,55.76734120000000,0.00000000000000,40.12570000000000,0,Hardware: Legacy Flip,-0.12720000000000,13.15260000000000,50.03820000000000,0.00000000000000,-36.85620000000000,14.57500000000000,0.00000000000000
ruffle.exe,9152,0x0000000000000000,Other,1,0,0,55.79031820000000,0.00000000000000,22.97700000000000,0,Hardware: Legacy Flip,-0.12910000000000,6.80630000000000,16.63070000000000,0.00000000000000,-13.92620000000000,13.64320000000000,0.00000000000000
ruffle.exe,9152,0x0000000000000000,Other,1,0,0,55.83680400000000,0.00000000000000,46.48580000000000,0,Hardware: Legacy Flip,-0.17560000000000,10.30840000000000,49.98790000000000,0.00000000000000,-39.65320000000001,16.01030000000000,0.00000000000000
ruffle.exe,9152,0x0000000000000000,Other,1,0,0,55.87016520000000,0.00000000000000,33.36120000000000,0,Hardware: Legacy Flip,-0.09740000000000,10.33260000000000,33.38540000000000,0.00000000000000,-23.02410000000000,15.88110000000000,0.00000000000000
ruffle.exe,9152,0x0000000000000000,Other,1,0,0,55.89155490000000,0.00000000000000,21.38970000000000,0,Hardware: Legacy Flip,-0.11460000000000,5.54320000000000,16.60030000000000,0.00000000000000,-13.87060000000000,13.63340000000000,0.00000000000000
ruffle.exe,9152,0x0000000000000000,Other,1,0,0,55.93092630000000,0.00000000000000,39.37140000000000,0,Hardware: Legacy Flip,-0.14170000000000,16.28080000000000,50.10900000000000,0.00000000000000,-33.80890000000000,14.36350000000000,0.00000000000000
ruffle.exe,9152,0x0000000000000000,Other,1,0,0,55.96686820000000,0.00000000000000,35.94190000000000,0,Hardware: Legacy Flip,-0.15780000000000,13.64770000000000,33.30880000000001,0.00000000000000,-19.62470000000000,14.37470000000000,0.00000000000000
ruffle.exe,9152,0x0000000000000000,Other,1,0,0,56.00783750000000,0.00000000000000,40.96930000000000,0,Hardware: Legacy Flip,-0.15660000000000,6.02010000000000,33.34170000000000,0.00000000000000,-27.29630000000000,14.14440000000000,0.00000000000000
ruffle.exe,9152,0x0000000000000000,Other,1,0,0,56.03733800000001,0.00000000000000,29.50050000000000,0,Hardware: Legacy Flip,-0.14320000000000,9.84350000000000,33.32390000000000,0.00000000000000,-23.44830000000000,15.73840000000000,0.00000000000000
ruffle.exe,9152,0x0000000000000000,Other,1,0,0,56.06027290000001,0.00000000000000,22.93490000000000,0,Hardware: Legacy Flip,-0.10990000000000,3.59290000000000,16.68430000000000,0.00000000000000,-15.23460000000000,15.06020000000000,0.00000000000000
ruffle.exe,9152,0x0000000000000000,Other,1,0,0,56.10545740000000,0.00000000000000,45.18450000000000,0,Hardware: Legacy Flip,-0.13960000000000,8.40670000000000,49.99830000000000,0.00000000000000,-41.52560000000000,14.21560000000000,0.00000000000000
ruffle.exe,9152,0x0000000000000000,Other,1,0,0,56.13427840000001,0.00000000000000,28.82100000000000,0,Hardware: Legacy Flip,-0.16220000000000,12.91070000000000,33.32500000000000,0.00000000000000,-20.36860000000000,13.85870000000000,0.00000000000000
ruffle.exe,9152,0x0000000000000000,Other,1,0,0,56.16718370000000,0.00000000000000,32.90530000000000,0,Hardware: Legacy Flip,-0.09410000000000,13.31350000000000,33.30810000000000,0.00000000000000,-19.95830000000000,13.56530000000000,0.00000000000000
ruffle.exe,9152,0x0000000000000000,Other,1,0,0,56.19474850000000,0.00000000000000,27.56480000000000,0,Hardware: Legacy Flip,-0.19940000000000,2.41440000000000,16.66570000000000,0.00000000000000,-14.22360000000000,13.46510000000000,0.00000000000000
ruffle.exe,9152,0x0000000000000000,Other,1,0,0,56.23444060000001,0.00000000000000,39.69210000000000,0,Hardware: Legacy Flip,-0.12300000000000,12.72780000000000,50.00550000000000,0.00000000000000,-37.25110000000000,13.53780000000000,0.00000000000000
ruffle.exe,9152,0x0000000000000000,Other,1,0,0,56.27374280000000,0.00000000000000,39.30220000000000,0,Hardware: Legacy Flip,-0.08570000000000,6.74120000000000,33.31560000000000,0.00000000000000,-26.55100000000000,15.41120000000000,0.00000000000000
ruffle.exe,9152,0x0000000000000000,Other,1,0,0,56.30016520000000,0.00000000000000,26.42240000000000,0,Hardware: Legacy Flip,-0.11430000000000,13.70100000000000,33.38220000000000,0.00000000000000,-19.65540000000000,15.20450000000000,0.00000000000000
ruffle.exe,9152,0x0000000000000000,Other,1,0,0,56.32511690000000,0.00000000000000,24.95170000000000,0,Hardware: Legacy Flip,-0.11650000000000,5.35630000000000,16.60700000000000,0.00000000000000,-13.24530000000000,13.00700000000000,0.00000000000000
ruffle.exe,9152,0x0000000000000000,Other,1,0,0,56.36336750000000,0.00000000000000,38.25060000000000,0,Hardware: Legacy Flip,-0.14870000000000,0.45000000000000,33.34430000000000,0.00000000000000,-32.86940000000000,13.96630000000000,0.00000000000000
ruffle.exe,9152,0x0000000000000000,Other,1,0,0,56.40213720000000,0.00000000000000,38.76970000000000,0,Hardware: Legacy Flip,-0.14280000000000,11.68180000000000,50.00150000000000,0.00000000000000,-38.30120000000000,13.58430000000000,0.00000000000000
ruffle.exe,9152,0x0000000000000000,Other,1,0,0,56.42969330000000,0.00000000000000,27.55610000000000,0,Hardware: Legacy Flip,-0.11220000000000,0.74480000000000,16.61910000000000,0.00000000000000,-15.84330000000000,13.44080000000000,0.00000000000000
ruffle.exe,9152,0x0000000000000000,Other,1,0,0,56.46485500000001,0.00000000000000,35.16170000000000,0,Hardware: Legacy Flip,-0.12120000000000,15.65880000000000,50.07570000000000,0.00000000000000,-34.39460000000000,15.33300000000000,0.00000000000000
ruffle.exe,9152,0x0000000000000000,Other,1,0,0,56.60996660000000,0.00000000000000,145.11160000000001,0,Hardware: Legacy Flip,-0.13360000000000,3.94530000000000,133.39810000000000,0.00000000000000,-129.41860000000000,13.94290000000000,0.00000000000000
ruffle.exe,9152,0x0000000000000000,Other,1,0,0,56.62643850000000,0.00000000000000,16.47190000000000,0,Hardware: Legacy Flip,-0.12850000000000,4.09210000000000,16.61870000000000,0.00000000000000,-13.32180000000000,13.00130000000000,0.00000000000000
ruffle.exe,9152,0x0000000000000000,Other,1,0,0,56.66447650000000,0.00000000000000,38.03800000000000,0,Hardware: Legacy Flip,-0.15710000000000,16.06150000000000,50.00740000000000,0.00000000000000,-33.91780000000000,13.66700000000000,0.00000000000000
ruffle.exe,9152,0x0000000000000000,Other,1,0,0,56.70072680000000,0.00000000000000,36.25030000000000,0,Hardware: Legacy Flip,-0.15220000000000,13.18070000000000,33.36950000000000,0.00000000000000,-20.15560000000000,15.02200000000000,0.00000000000000
ruffle.exe,9152,0x0000000000000000,Other,1,0,0,56.73324940000000,0.00000000000000,32.52260000000000,0,Hardware: Legacy Flip,-0.11270000000000,13.97570000000000,33.31760000000000,0.00000000000000,-19.29440000000000,15.15960000000000,0.00000000000000
ruffle.exe,9152,0x0000000000000000,Other,1,0,0,56.76201640000000,0.00000000000000,28.76700000000000,0,Hardware: Legacy Flip,-0.15700000000000,1.84290000000000,16.63420000000000,0.00000000000000,-14.76110000000000,13.66570000000000,0.00000000000000
ruffle.exe,9152,0x0000000000000000,Other,1,0,0,56.79641400000000,0.00000000000000,34.39760000000000,0,Hardware: Legacy Flip,-0.17320000000000,0.78190000000000,33.33660000000000,0.00000000000000,-32.51610000000000,13.56620000000000,0.00000000000000
ruffle.exe,9152,0x0000000000000000,Other,1,0,0,56.83081930000000,0.00000000000000,34.40530000000000,0,Hardware: Legacy Flip,-0.11990000000000,16.45960000000000,50.08300000000001,0.00000000000000,-33.60330000000000,13.39730000000000,0.00000000000000
ruffle.exe,9152,0x0000000000000000,Other,1,0,0,56.86527410000000,0.00000000000000,34.45480000000000,0,Hardware: Legacy Flip,-0.13460000000000,15.32720000000000,33.32240000000000,0.00000000000000,-17.93630000000000,13.66300000000000,0.00000000000000
ruffle.exe,9152,0x0000000000000000,Other,1,0,0,56.89709980000001,0.00000000000000,31.82570000000000,0,Hardware: Legacy Flip,-0.13110000000000,16.82740000000000,33.32590000000000,0.00000000000000,-16.45760000000000,15.15110000000000,0.00000000000000
ruffle.exe,9152,0x0000000000000000,Other,1,0,0,56.92641280000000,0.00000000000000,29.31300000000000,0,Hardware: Legacy Flip,-0.09250000000000,4.09730000000000,16.58290000000000,0.00000000000000,-14.84680000000000,14.59170000000000,0.00000000000000
ruffle.exe,9152,0x0000000000000000,Other,1,0,0,56.96027730000000,0.00000000000000,33.86450000000000,0,Hardware: Legacy Flip,-0.13780000000000,3.58140000000000,33.34860000000000,0.00000000000000,-29.75290000000000,13.59410000000000,0.00000000000000
ruffle.exe,9152,0x0000000000000000,Other,1,0,0,56.99951950000001,0.00000000000000,39.24220000000000,0,Hardware: Legacy Flip,-0.22180000000000,14.40410000000000,50.06490000000000,0.00000000000000,-35.64160000000000,13.77300000000000,0.00000000000000
ruffle.exe,9152,0x0000000000000000,Other,1,0,0,57.03299400000000,0.00000000000000,33.47450000000000,0,Hardware: Legacy Flip,-0.13020000000000,14.24460000000000,33.31500000000000,0.00000000000000,-19.03190000000000,13.56130000000000,0.00000000000000
ruffle.exe,9152,0x0000000000000000,Other,1,0,0,57.07069970000000,0.00000000000000,37.70570000000000,0,Hardware: Legacy Flip,-0.16800000000000,9.86130000000000,33.32240000000000,0.00000000000000,-23.42670000000000,13.75150000000000,0.00000000000000
ruffle.exe,9152,0x0000000000000000,Other,1,0,0,57.09771940000000,0.00000000000000,27.01970000000000,0,Hardware: Legacy Flip,-0.09240000000000,16.19260000000000,33.35100000000000,0.00000000000000,-17.12700000000000,13.24530000000000,0.00000000000000
ruffle.exe,9152,0x0000000000000000,Other,1,0,0,57.13183060000000,0.00000000000000,34.11120000000000,0,Hardware: Legacy Flip,-0.13450000000000,15.41270000000000,33.33130000000000,0.00000000000000,-17.89210000000000,15.06550000000000,0.00000000000000
ruffle.exe,9152,0x0000000000000000,Other,1,0,0,57.16837820000000,0.00000000000000,36.54760000000000,0,Hardware: Legacy Flip,-0.16380000000000,12.19330000000000,33.32820000000000,0.00000000000000,-21.10600000000000,15.39300000000000,0.00000000000000
ruffle.exe,9152,0x0000000000000000,Other,1,0,0,57.19598800000000,0.00000000000000,27.60980000000000,0,Hardware: Legacy Flip,-0.13310000000000,1.24990000000000,16.66640000000000,0.00000000000000,-15.39060000000000,13.24750000000000,0.00000000000000
ruffle.exe,9152,0x0000000000000000,Other,1,0,0,57.22779260000000,0.00000000000000,31.80460000000000,0,Hardware: Legacy Flip,-0.09920000000000,2.77630000000000,33.33100000000000,0.00000000000000,-30.52910000000000,13.19110000000000,0.00000000000000
ruffle.exe,9152,0x0000000000000000,Other,1,0,0,57.25983420000000,0.00000000000000,32.04160000000000,0,Hardware: Legacy Flip,-0.18010000000000,4.10330000000000,33.36860000000000,0.00000000000000,-29.23770000000000,13.54150000000000,0.00000000000000
ruffle.exe,9152,0x0000000000000000,Other,1,0,0,57.29509980000000,0.00000000000000,35.26560000000000,0,Hardware: Legacy Flip,-0.09430000000000,2.14610000000000,33.30840000000000,0.00000000000000,-31.13550000000000,13.31240000000000,0.00000000000000
ruffle.exe,9152,0x0000000000000000,Other,1,0,0,57.33155210000000,0.00000000000000,36.45230000000000,0,Hardware: Legacy Flip,-0.14290000000000,15.70120000000000,50.00740000000000,0.00000000000000,-34.28750000000000,15.12190000000000,0.00000000000000
ruffle.exe,9152,0x0000000000000000,Other,1,0,0,57.36499890000000,0.00000000000000,33.44680000000000,0,Hardware: Legacy Flip,-0.09970000000000,15.59630000000000,33.34190000000000,0.00000000000000,-17.70290000000000,15.27300000000000,0.00000000000000
ruffle.exe,9152,0x0000000000000000,Other,1,0,0,57.40132320000000,0.00000000000000,36.32430000000000,0,Hardware: Legacy Flip,-0.16060000000000,12.60300000000000,33.33100000000000,0.00000000000000,-20.69660000000000,13.64350000000000,0.00000000000000
ruffle.exe,9152,0x0000000000000000,Other,1,0,0,57.43537990000000,0.00000000000000,34.05670000000000,0,Hardware: Legacy Flip,-0.17630000000000,11.89230000000000,33.34600000000000,0.00000000000000,-21.03250000000000,13.46070000000000,0.00000000000000
ruffle.exe,9152,0x0000000000000000,Other,1,0,0,57.47330700000000,0.00000000000000,37.92710000000000,0,Hardware: Legacy Flip,-0.18490000000000,7.31810000000000,33.35290000000000,0.00000000000000,-25.99700000000000,13.97040000000000,0.00000000000000
ruffle.exe,9152,0x0000000000000000,Other,1,0,0,57.74987340000000,0.00000000000000,276.56639999999999,0,Hardware: Legacy Flip,-0.15850000000000,14.17030000000000,283.41860000000003,0.00000000000000,-269.20720000000000,14.26690000000000,0.00000000000000
ruffle.exe,9152,0x0000000000000000,Other,1,0,0,57.79755740000000,0.00000000000000,47.68400000000000,0,Hardware: Legacy Flip,-0.16410000000000,16.48610000000000,49.99980000000000,0.00000000000000,-33.48240000000000,15.71840000000000,0.00000000000000
ruffle.exe,9152,0x0000000000000000,Other,1,0,0,57.82235379999999,0.00000000000000,24.79640000000000,0,Hardware: Legacy Flip,-0.16250000000000,8.28930000000000,16.59960000000000,0.00000000000000,-13.54150000000000,13.17170000000000,0.00000000000000
ruffle.exe,9152,0x0000000000000000,Other,1,0,0,57.84774230000000,0.00000000000000,25.38850000000000,0,Hardware: Legacy Flip,-0.14170000000000,16.25230000000000,33.35150000000000,0.00000000000000,-17.07250000000000,13.75810000000000,0.00000000000000
ruffle.exe,9152,0x0000000000000000,Other,1,0,0,57.87379850000000,0.00000000000000,26.05620000000000,0,Hardware: Legacy Flip,-0.09280000000000,6.82000000000000,16.62390000000000,0.00000000000000,-13.39050000000000,13.12800000000000,0.00000000000000
ruffle.exe,9152,0x0000000000000000,Other,1,0,0,57.90341070000000,0.00000000000000,29.61220000000000,0,Hardware: Legacy Flip,-0.14170000000000,10.56010000000000,33.35230000000000,0.00000000000000,-22.76760000000000,13.53530000000000,0.00000000000000
ruffle.exe,9152,0x0000000000000000,Other,1,0,0,57.94317480000000,0.00000000000000,39.76410000000000,0,Hardware: Legacy Flip,-0.14770000000000,4.15220000000000,33.35620000000000,0.00000000000000,-29.17450000000000,15.57380000000000,0.00000000000000
ruffle.exe,9152,0x0000000000000000,Other,1,0,0,57.97302080000000,0.00000000000000,29.84600000000000,0,Hardware: Legacy Flip,-0.10350000000000,7.61340000000000,33.30720000000000,0.00000000000000,-25.66620000000000,15.23720000000000,0.00000000000000
ruffle.exe,9152,0x0000000000000000,Other,1,0,0,58.00610130000000,0.00000000000000,33.08050000000000,0,Hardware: Legacy Flip,-0.14160000000000,7.90380000000000,33.37090000000000,0.00000000000000,-25.43370000000000,13.81260000000000,0.00000000000000
ruffle.exe,9152,0x0000000000000000,Other,1,0,0,58.04166630000000,0.00000000000000,35.56500000000000,0,Hardware: Legacy Flip,-0.13770000000000,5.65390000000000,33.31510000000000,0.00000000000000,-27.63120000000000,13.81280000000000,0.00000000000000
ruffle.exe,9152,0x0000000000000000,Other,1,0,0,58.07600300000000,0.00000000000000,34.33670000000000,0,Hardware: Legacy Flip,-0.09210000000000,4.64600000000000,33.32880000000000,0.00000000000000,-28.64950000000000,13.59580000000000,0.00000000000000
ruffle.exe,9152,0x0000000000000000,Other,1,0,0,58.10385170000000,0.00000000000000,27.84870000000000,0,Hardware: Legacy Flip,-0.11010000000000,10.17800000000000,33.38070000000000,0.00000000000000,-23.16700000000000,13.48470000000000,0.00000000000000
ruffle.exe,9152,0x0000000000000000,Other,1,0,0,58.14077830000000,0.00000000000000,36.92660000000000,0,Hardware: Legacy Flip,-0.11060000000000,6.57670000000000,33.32530000000000,0.00000000000000,-26.71580000000000,13.88240000000000,0.00000000000000
ruffle.exe,9152,0x0000000000000000,Other,1,0,0,58.17696880000000,0.00000000000000,36.19050000000000,0,Hardware: Legacy Flip,-0.10220000000000,3.71630000000000,33.33010000000000,0.00000000000000,-29.58520000000000,15.53080000000000,0.00000000000000
ruffle.exe,9152,0x0000000000000000,Other,1,0,0,58.20567990000001,0.00000000000000,28.71110000000000,0,Hardware: Legacy Flip,-0.09580000000000,8.31910000000000,33.31390000000000,0.00000000000000,-24.94620000000000,15.43480000000000,0.00000000000000
ruffle.exe,9152,0x0000000000000000,Other,1,0,0,58.23573060000000,0.00000000000000,30.05070000000000,0,Hardware: Legacy Flip,-0.11460000000000,11.62480000000000,33.35640000000000,0.00000000000000,-21.68560000000000,13.83530000000000,0.00000000000000
ruffle.exe,9152,0x0000000000000000,Other,1,0,0,58.27855880000000,0.00000000000000,42.82820000000000,0,Hardware: Legacy Flip,-0.09050000000000,2.07400000000000,33.27740000000000,0.00000000000000,-31.17780000000000,13.76590000000000,0.00000000000000
ruffle.exe,9152,0x0000000000000000,Other,1,0,0,58.30168290000000,0.00000000000000,23.12410000000000,0,Hardware: Legacy Flip,-0.12050000000000,12.33110000000000,33.38120000000000,0.00000000000000,-21.02300000000000,13.74390000000000,0.00000000000000
ruffle.exe,9152,0x0000000000000000,Other,1,0,0,58.33532740000000,0.00000000000000,33.64450000000000,0,Hardware: Legacy Flip,-0.12350000000000,12.02420000000000,33.33760000000000,0.00000000000000,-21.28720000000000,13.80460000000000,0.00000000000000
ruffle.exe,9152,0x0000000000000000,Other,1,0,0,58.37225810000000,0.00000000000000,36.93070000000000,0,Hardware: Legacy Flip,-0.12610000000000,8.47280000000000,33.37930000000000,0.00000000000000,-24.87090000000000,15.40730000000000,0.00000000000000
ruffle.exe,9152,0x0000000000000000,Other,1,0,0,58.41623950000000,0.00000000000000,43.98140000000000,0,Hardware: Legacy Flip,-0.15470000000000,14.47570000000000,49.98430000000000,0.00000000000000,-35.46470000000000,15.75710000000000,0.00000000000000
ruffle.exe,9152,0x0000000000000000,Other,1,0,0,58.43497380000000,0.00000000000000,18.73430000000000,0,Hardware: Legacy Flip,-0.09010000000000,12.38270000000000,16.64130000000000,0.00000000000000,-13.67130000000000,13.46450000000000,0.00000000000000
ruffle.exe,9152,0x0000000000000000,Other,1,0,0,58.47201220000000,0.00000000000000,37.03840000000000,0,Hardware: Legacy Flip,-0.10960000000000,8.69320000000000,33.34890000000000,0.00000000000000,-24.61480000000000,13.89850000000000,0.00000000000000
ruffle.exe,9152,0x0000000000000000,Other,1,0,0,58.74796250000000,0.00000000000000,275.95030000000003,0,Hardware: Legacy Flip,-0.11860000000000,16.06970000000000,283.32679999999999,0.00000000000000,-267.21930000000003,16.36320000000000,0.00000000000000
ruffle.exe,9152,0x0000000000000000,Other,1,0,0,58.76495370000000,0.00000000000000,16.99120000000000,0,Hardware: Legacy Flip,-0.14080000000000,15.77170000000000,16.69320000000000,0.00000000000000,-15.62550000000000,15.34750000000000,0.00000000000000
ruffle.exe,9152,0x0000000000000000,Other,1,0,0,58.79548640000000,0.00000000000000,30.53270000000000,0,Hardware: Legacy Flip,-0.11520000000000,1.85380000000000,16.61480000000000,0.00000000000000,-14.73160000000000,13.50060000000000,0.00000000000000
ruffle.exe,9152,0x0000000000000000,Other,1,0,0,58.82577730000001,0.00000000000000,30.29090000000000,0,Hardware: Legacy Flip,-0.09900000000000,4.92610000000000,33.36320000000000,0.00000000000000,-28.41680000000000,13.67680000000000,0.00000000000000
ruffle.exe,9152,0x0000000000000000,Other,1,0,0,58.86407950000000,0.00000000000000,38.30220000000000,0,Hardware: Legacy Flip,-0.16790000000000,16.82470000000000,50.20080000000000,0.00000000000000,-33.35850000000000,14.06860000000000,0.00000000000000
ruffle.exe,9152,0x0000000000000000,Other,1,0,0,58.90140470000000,0.00000000000000,37.32520000000000,0,Hardware: Legacy Flip,-0.16180000000000,12.69620000000000,33.19670000000000,0.00000000000000,-20.44620000000000,14.03720000000000,0.00000000000000
ruffle.exe,9152,0x0000000000000000,Other,1,0,0,58.93864310000000,0.00000000000000,37.23840000000000,0,Hardware: Legacy Flip,-0.12110000000000,8.82000000000000,33.36220000000000,0.00000000000000,-24.50880000000000,15.81400000000000,0.00000000000000
ruffle.exe,9152,0x0000000000000000,Other,1,0,0,58.97285280000000,0.00000000000000,34.20970000000001,0,Hardware: Legacy Flip,-0.12880000000000,7.87710000000000,33.26680000000000,0.00000000000000,-25.35420000000000,15.86910000000000,0.00000000000000
ruffle.exe,9152,0x0000000000000000,Other,1,0,0,58.99741670000000,0.00000000000000,24.56390000000000,0,Hardware: Legacy Flip,-0.19560000000000,16.66350000000000,33.35030000000000,0.00000000000000,-16.64170000000000,14.16910000000000,0.00000000000000
ruffle.exe,9152,0x0000000000000000,Other,1,0,0,59.02899260000000,0.00000000000000,31.57590000000000,0,Hardware: Legacy Flip,-0.13830000000000,1.75420000000000,16.66660000000000,0.00000000000000,-14.88540000000000,14.06130000000000,0.00000000000000
ruffle.exe,9152,0x0000000000000000,Other,1,0,0,59.06371660000000,0.00000000000000,34.72400000000000,0,Hardware: Legacy Flip,-0.09360000000000,0.30160000000000,33.27140000000000,0.00000000000000,-32.95000000000000,14.13390000000000,0.00000000000000
ruffle.exe,9152,0x0000000000000000,Other,1,0,0,59.09214410000000,0.00000000000000,28.42750000000000,0,Hardware: Legacy Flip,-0.11730000000000,5.24500000000000,33.37090000000000,0.00000000000000,-28.09510000000000,13.81250000000000,0.00000000000000
ruffle.exe,9152,0x0000000000000000,Other,1,0,0,59.13305250000000,0.00000000000000,40.90840000000000,0,Hardware: Legacy Flip,-0.10940000000000,14.37920000000000,50.04260000000000,0.00000000000000,-35.64700000000000,14.05350000000000,0.00000000000000
ruffle.exe,9152,0x0000000000000000,Other,1,0,0,59.17386670000000,0.00000000000000,40.81420000000000,0,Hardware: Legacy Flip,-0.14720000000000,6.88820000000000,33.32320000000000,0.00000000000000,-26.40180000000000,16.05260000000000,0.00000000000000
ruffle.exe,9152,0x0000000000000000,Other,1,0,0,59.19934640000000,0.00000000000000,25.47970000000000,0,Hardware: Legacy Flip,-0.13520000000000,14.78000000000000,33.37150000000000,0.00000000000000,-18.56300000000000,15.80570000000000,0.00000000000000
ruffle.exe,9152,0x0000000000000000,Other,1,0,0,59.22748710000000,0.00000000000000,28.14070000000000,0,Hardware: Legacy Flip,-0.19880000000000,3.33940000000000,16.70010000000000,0.00000000000000,-14.21520000000000,13.78420000000000,0.00000000000000
ruffle.exe,9152,0x0000000000000000,Other,1,0,0,59.26678370000000,0.00000000000000,39.29660000000001,0,Hardware: Legacy Flip,-0.09030000000000,13.99150000000000,49.94870000000000,0.00000000000000,-35.92510000000000,14.24110000000000,0.00000000000000
ruffle.exe,9152,0x0000000000000000,Other,1,0,0,59.29498350000000,0.00000000000000,28.19980000000000,0,Hardware: Legacy Flip,-0.15150000000000,2.41920000000000,16.62750000000000,0.00000000000000,-14.17660000000000,13.80730000000000,0.00000000000000
ruffle.exe,9152,0x0000000000000000,Other,1,0,0,59.33381280000000,0.00000000000000,38.82930000000000,0,Hardware: Legacy Flip,-0.13510000000000,13.60280000000000,50.01290000000000,0.00000000000000,-36.39350000000000,14.15030000000000,0.00000000000000
ruffle.exe,9152,0x0000000000000000,Other,1,0,0,59.36893760000000,0.00000000000000,35.12480000000000,0,Hardware: Legacy Flip,-0.12220000000000,11.88170000000000,33.40370000000000,0.00000000000000,-21.49680000000000,16.02160000000000,0.00000000000000
ruffle.exe,9152,0x0000000000000000,Other,1,0,0,59.41466810000001,0.00000000000000,45.73050000000000,0,Hardware: Legacy Flip,0.21040000000000,16.11000000000000,49.95880000000000,0.00000000000000,-33.80940000000000,16.59590000000000,0.00000000000000
ruffle.exe,9152,0x0000000000000000,Other,1,0,0,59.43117640000000,0.00000000000000,16.50830000000000,0,Hardware: Legacy Flip,-0.10970000000000,16.26930000000000,16.66760000000000,0.00000000000000,-16.29790000000000,13.04080000000000,0.00000000000000
ruffle.exe,9152,0x0000000000000000,Other,1,0,0,59.46079900000000,0.00000000000000,29.62260000000000,0,Hardware: Legacy Flip,-0.15250000000000,3.32710000000000,16.68040000000000,0.00000000000000,-13.85860000000000,13.40950000000000,0.00000000000000
ruffle.exe,9152,0x0000000000000000,Other,1,0,0,59.61509170000000,0.00000000000000,154.29270000000000,0,Hardware: Legacy Flip,-0.12750000000000,15.71270000000000,166.67830000000001,0.00000000000000,-150.93470000000002,16.10190000000000,0.00000000000000
ruffle.exe,9152,0x0000000000000000,Other,1,0,0,59.63147360000000,0.00000000000000,16.38190000000000,0,Hardware: Legacy Flip,-0.08310000000000,15.97500000000000,16.64420000000000,0.00000000000000,-14.93500000000000,14.76180000000000,0.00000000000000
ruffle.exe,9152,0x0000000000000000,Other,1,0,0,59.66696550000000,0.00000000000000,35.49190000000000,0,Hardware: Legacy Flip,-0.09850000000000,13.87820000000000,33.39510000000000,0.00000000000000,-19.48210000000000,13.63380000000000,0.00000000000000
ruffle.exe,9152,0x0000000000000000,Other,1,0,0,59.69854840000000,0.00000000000000,31.58290000000000,0,Hardware: Legacy Flip,-0.13160000000000,15.61850000000000,33.32320000000000,0.00000000000000,-17.66380000000000,13.49590000000000,0.00000000000000
ruffle.exe,9152,0x0000000000000000,Other,1,0,0,59.73509590000000,0.00000000000000,36.54750000000000,0,Hardware: Legacy Flip,-0.16880000000000,12.41420000000000,33.34320000000000,0.00000000000000,-20.89450000000000,13.86500000000000,0.00000000000000
ruffle.exe,9152,0x0000000000000000,Other,1,0,0,59.76078500000001,0.00000000000000,25.68910000000000,0,Hardware: Legacy Flip,-0.18370000000000,3.33370000000000,16.60860000000000,0.00000000000000,-13.92600000000000,13.53550000000000,0.00000000000000
ruffle.exe,9152,0x0000000000000000,Other,1,0,0,59.79401190000000,0.00000000000000,33.22690000000000,0,Hardware: Legacy Flip,-0.14160000000000,3.45750000000000,33.35070000000000,0.00000000000000,-29.86620000000000,15.29060000000000,0.00000000000000
ruffle.exe,9152,0x0000000000000000,Other,1,0,0,59.83605480000000,0.00000000000000,42.04290000000000,0,Hardware: Legacy Flip,-0.15050000000000,11.44130000000000,50.02670000000001,0.00000000000000,-38.56100000000000,15.30700000000000,0.00000000000000
ruffle.exe,9152,0x0000000000000000,Other,1,0,0,59.86550240000000,0.00000000000000,29.44760000000000,0,Hardware: Legacy Flip,-0.14290000000000,15.35210000000000,33.35840000000000,0.00000000000000,-17.97130000000000,13.91160000000000,0.00000000000000
ruffle.exe,9152,0x0000000000000000,Other,1,0,0,59.89233240000000,0.00000000000000,26.83000000000000,0,Hardware: Legacy Flip,-0.14470000000000,5.13690000000000,16.61480000000000,0.00000000000000,-13.52920000000000,13.19030000000000,0.00000000000000
ruffle.exe,9152,0x0000000000000000,Other,1,0,0,59.92931640000000,0.00000000000000,36.98400000000000,0,Hardware: Legacy Flip,-0.13540000000000,1.48340000000000,33.33050000000000,0.00000000000000,-31.82830000000000,13.57570000000000,0.00000000000000
ruffle.exe,9152,0x0000000000000000,Other,1,0,0,59.96628040000000,0.00000000000000,36.96400000000000,0,Hardware: Legacy Flip,-0.15390000000000,14.55340000000000,50.03400000000000,0.00000000000000,-35.46230000000000,13.73970000000000,0.00000000000000
ruffle.exe,9152,0x0000000000000000,Other,1,0,0,60.00137030000000,0.00000000000000,35.08990000000000,0,Hardware: Legacy Flip,-0.17940000000000,12.79220000000000,33.32870000000000,0.00000000000000,-20.50740000000000,13.81090000000000,0.00000000000000
ruffle.exe,9152,0x0000000000000000,Other,1,0,0,60.03876420000000,0.00000000000000,37.39390000000000,0,Hardware: Legacy Flip,-0.14910000000000,8.75840000000000,33.36010000000000,0.00000000000000,-24.56950000000000,15.23080000000000,0.00000000000000
ruffle.exe,9152,0x0000000000000000,Other,1,0,0,60.06185600000000,0.00000000000000,23.09180000000000,0,Hardware: Legacy Flip,-0.11350000000000,2.30350000000000,16.63690000000000,0.00000000000000,-15.14800000000000,14.96660000000000,0.00000000000000
ruffle.exe,9152,0x0000000000000000,Other,1,0,0,60.09242580000000,0.00000000000000,30.56980000000000,0,Hardware: Legacy Flip,-0.13620000000000,5.04640000000000,33.31270000000000,0.00000000000000,-28.23080000000000,13.46960000000000,0.00000000000000
ruffle.exe,9152,0x0000000000000000,Other,1,0,0,60.13126000000000,0.00000000000000,38.83420000000000,0,Hardware: Legacy Flip,-0.14900000000000,16.28990000000000,50.07770000000000,0.00000000000000,-33.77160000000000,13.48300000000000,0.00000000000000
ruffle.exe,9152,0x0000000000000000,Other,1,0,0,60.16046730000000,0.00000000000000,29.20730000000000,0,Hardware: Legacy Flip,-0.22200000000000,3.70350000000000,16.62090000000000,0.00000000000000,-13.72270000000000,13.29820000000000,0.00000000000000
ruffle.exe,9152,0x0000000000000000,Other,1,0,0,60.19271420000000,0.00000000000000,32.24690000000000,0,Hardware: Legacy Flip,-0.14620000000000,4.77870000000000,33.32210000000000,0.00000000000000,-28.51750000000000,13.49480000000000,0.00000000000000
ruffle.exe,9152,0x0000000000000000,Other,1,0,0,60.23468730000000,0.00000000000000,41.97310000000000,0,Hardware: Legacy Flip,-0.13120000000000,12.83730000000000,50.03170000000000,0.00000000000000,-37.17390000000000,15.15150000000000,0.00000000000000
ruffle.exe,9152,0x0000000000000000,Other,1,0,0,60.26916860000000,0.00000000000000,34.48130000000000,0,Hardware: Legacy Flip,-0.19100000000000,11.73440000000000,33.37840000000000,0.00000000000000,-21.60690000000000,15.56350000000000,0.00000000000000
ruffle.exe,9152,0x0000000000000000,Other,1,0,0,60.30542880000000,0.00000000000000,36.26020000000000,0,Hardware: Legacy Flip,-0.13460000000000,8.77820000000000,33.30400000000000,0.00000000000000,-24.49130000000000,13.43950000000000,0.00000000000000
ruffle.exe,9152,0x0000000000000000,Other,1,0,0,60.32574900000000,0.00000000000000,20.32020000000000,0,Hardware: Legacy Flip,-0.14440000000000,5.07010000000000,16.61210000000000,0.00000000000000,-13.47320000000000,13.14930000000000,0.00000000000000
ruffle.exe,9152,0x0000000000000000,Other,1,0,0,60.36458190000000,0.00000000000000,38.83290000000000,0,Hardware: Legacy Flip,-0.16040000000000,16.29510000000000,50.05790000000000,0.00000000000000,-33.74560000000000,13.64450000000000,0.00000000000000
ruffle.exe,9152,0x0000000000000000,Other,1,0,0,60.39420990000000,0.00000000000000,29.62800000000000,0,Hardware: Legacy Flip,-0.12640000000000,3.28430000000000,16.61720000000000,0.00000000000000,-13.29560000000000,13.00970000000000,0.00000000000000
ruffle.exe,9152,0x0000000000000000,Other,1,0,0,60.43193200000000,0.00000000000000,37.72210000000000,0,Hardware: Legacy Flip,-0.14340000000000,15.60930000000000,50.04710000000000,0.00000000000000,-34.41580000000000,13.42920000000000,0.00000000000000
ruffle.exe,9152,0x0000000000000000,Other,1,0,0,60.46217360000000,0.00000000000000,30.24160000000000,0,Hardware: Legacy Flip,-0.11690000000000,2.03060000000000,16.66290000000000,0.00000000000000,-15.05610000000000,14.82470000000000,0.00000000000000
ruffle.exe,9152,0x0000000000000000,Other,1,0,0,60.63468300000000,0.00000000000000,172.50940000000000,0,Hardware: Legacy Flip,-0.14360000000000,12.90640000000000,183.38520000000000,0.00000000000000,-170.46050000000000,14.08560000000000,0.00000000000000
ruffle.exe,9152,0x0000000000000000,Other,1,0,0,60.65052960000001,0.00000000000000,15.84660000000000,0,Hardware: Legacy Flip,-0.13430000000000,13.73070000000000,16.67090000000000,0.00000000000000,-13.16060000000000,12.85140000000000,0.00000000000000
ruffle.exe,9152,0x0000000000000000,Other,1,0,0,60.67340420000000,0.00000000000000,22.87460000000000,0,Hardware: Legacy Flip,-0.13660000000000,7.47820000000000,16.62210000000000,0.00000000000000,-15.05480000000000,14.81760000000000,0.00000000000000
ruffle.exe,9152,0x0000000000000000,Other,1,0,0,60.69657800000000,0.00000000000000,23.17380000000000,0,Hardware: Legacy Flip,-0.12550000000000,0.92550000000000,16.62110000000000,0.00000000000000,-15.65980000000000,14.96400000000000,0.00000000000000
ruffle.exe,9152,0x0000000000000000,Other,1,0,0,60.72917170000000,0.00000000000000,32.59370000000000,0,Hardware: Legacy Flip,-0.12600000000000,1.69110000000000,33.35930000000000,0.00000000000000,-31.64320000000000,13.45510000000000,0.00000000000000
ruffle.exe,9152,0x0000000000000000,Other,1,0,0,60.76593150000000,0.00000000000000,36.75980000000000,0,Hardware: Legacy Flip,-0.12990000000000,15.01220000000000,50.08090000000000,0.00000000000000,-35.05180000000000,13.77130000000000,0.00000000000000
ruffle.exe,9152,0x0000000000000000,Other,1,0,0,60.80222440000000,0.00000000000000,36.29290000000000,0,Hardware: Legacy Flip,-0.13640000000000,12.01100000000000,33.29170000000000,0.00000000000000,-21.25070000000000,13.38840000000000,0.00000000000000
ruffle.exe,9152,0x0000000000000000,Other,1,0,0,60.82742710000000,0.00000000000000,25.20270000000000,0,Hardware: Legacy Flip,-0.11930000000000,3.45620000000000,16.64790000000000,0.00000000000000,-13.40910000000000,13.14920000000000,0.00000000000000
ruffle.exe,9152,0x0000000000000000,Other,1,0,0,60.86693570000001,0.00000000000000,39.50860000000000,0,Hardware: Legacy Flip,-0.14840000000000,14.08180000000000,50.13420000000000,0.00000000000000,-36.03190000000000,13.62790000000000,0.00000000000000
ruffle.exe,9152,0x0000000000000000,Other,1,0,0,60.89974780000000,0.00000000000000,32.81210000000000,0,Hardware: Legacy Flip,-0.19350000000000,14.49540000000000,33.22570000000000,0.00000000000000,-18.69220000000000,15.33600000000000,0.00000000000000
ruffle.exe,9152,0x0000000000000000,Other,1,0,0,60.93734100000000,0.00000000000000,37.59320000000000,0,Hardware: Legacy Flip,-0.13820000000000,10.21850000000000,33.31630000000000,0.00000000000000,-23.06430000000000,15.23120000000000,0.00000000000000
ruffle.exe,9152,0x0000000000000000,Other,1,0,0,60.96729879999999,0.00000000000000,29.95780000000000,0,Hardware: Legacy Flip,-0.13690000000000,13.61890000000000,33.35820000000000,0.00000000000000,-19.70200000000000,13.66400000000000,0.00000000000000
ruffle.exe,9152,0x0000000000000000,Other,1,0,0,61.00037660000000,0.00000000000000,33.07780000000000,0,Hardware: Legacy Flip,-0.12720000000000,13.89970000000000,33.35860000000000,0.00000000000000,-19.42510000000000,13.49750000000000,0.00000000000000
ruffle.exe,9152,0x0000000000000000,Other,1,0,0,61.02925010000000,0.00000000000000,28.87350000000000,0,Hardware: Legacy Flip,-0.21400000000000,1.72540000000000,16.69920000000000,0.00000000000000,-14.94020000000000,13.91630000000000,0.00000000000000
ruffle.exe,9152,0x0000000000000000,Other,1,0,0,61.06085710000000,0.00000000000000,31.60700000000000,0,Hardware: Legacy Flip,-0.13440000000000,3.35120000000000,33.23280000000000,0.00000000000000,-29.84330000000000,13.78350000000000,0.00000000000000
ruffle.exe,9152,0x0000000000000000,Other,1,0,0,61.10411840000000,0.00000000000000,43.26130000000000,0,Hardware: Legacy Flip,-0.13950000000000,10.16000000000000,50.07010000000000,0.00000000000000,-39.87790000000000,15.25670000000000,0.00000000000000
ruffle.exe,9152,0x0000000000000000,Other,1,0,0,61.12969020000000,0.00000000000000,25.57180000000000,0,Hardware: Legacy Flip,-0.14960000000000,1.25620000000000,16.66800000000000,0.00000000000000,-15.38050000000000,15.04600000000000,0.00000000000000
ruffle.exe,9152,0x0000000000000000,Other,1,0,0,61.16520890000000,0.00000000000000,35.51870000000000,0,Hardware: Legacy Flip,-0.15240000000000,15.71780000000000,49.98030000000000,0.00000000000000,-34.24010000000000,13.81160000000000,0.00000000000000
ruffle.exe,9152,0x0000000000000000,Other,1,0,0,61.20072820000000,0.00000000000000,35.51930000000000,0,Hardware: Legacy Flip,-0.15560000000000,13.58730000000000,33.38880000000000,0.00000000000000,-19.76720000000000,13.74340000000000,0.00000000000000
ruffle.exe,9152,0x0000000000000000,Other,1,0,0,61.22663830000000,0.00000000000000,25.91010000000000,0,Hardware: Legacy Flip,-0.13860000000000,4.25810000000000,16.58090000000000,0.00000000000000,-13.51350000000000,13.20130000000000,0.00000000000000
ruffle.exe,9152,0x0000000000000000,Other,1,0,0,61.26061900000000,0.00000000000000,33.98070000000000,0,Hardware: Legacy Flip,-0.12600000000000,3.69530000000000,33.41790000000000,0.00000000000000,-29.70770000000000,13.73820000000000,0.00000000000000
ruffle.exe,9152,0x0000000000000000,Other,1,0,0,61.29899210000001,0.00000000000000,38.37310000000000,0,Hardware: Legacy Flip,-0.18940000000000,15.27870000000000,49.95650000000001,0.00000000000000,-34.64250000000000,13.88520000000000,0.00000000000000
ruffle.exe,9152,0x0000000000000000,Other,1,0,0,61.33495900000000,0.00000000000000,35.96690000000000,0,Hardware: Legacy Flip,-0.10340000000000,12.66930000000000,33.35750000000000,0.00000000000000,-20.66440000000000,15.24320000000000,0.00000000000000
ruffle.exe,9152,0x0000000000000000,Other,1,0,0,61.37342640000000,0.00000000000000,38.46740000000000,0,Hardware: Legacy Flip,-0.15780000000000,7.54970000000000,33.34780000000000,0.00000000000000,-25.76880000000000,15.86810000000000,0.00000000000000
ruffle.exe,9152,0x0000000000000000,Other,1,0,0,61.39773760000000,0.00000000000000,24.31120000000000,0,Hardware: Legacy Flip,-0.14100000000000,16.56050000000000,33.32200000000000,0.00000000000000,-16.72350000000000,13.75420000000000,0.00000000000000
ruffle.exe,9152,0x0000000000000000,Other,1,0,0,61.43158740000000,0.00000000000000,33.84980000000000,0,Hardware: Legacy Flip,-0.11740000000000,16.03110000000000,33.32040000000000,0.00000000000000,-17.25400000000000,13.59550000000000,0.00000000000000
ruffle.exe,9152,0x0000000000000000,Other,1,0,0,61.46702880000000,0.00000000000000,35.44140000000000,0,Hardware: Legacy Flip,-0.16780000000000,13.93980000000000,33.35010000000000,0.00000000000000,-19.38230000000000,14.33710000000000,0.00000000000000
ruffle.exe,9152,0x0000000000000000,Other,1,0,0,61.63029930000000,0.00000000000000,163.27050000000000,0,Hardware: Legacy Flip,-0.15810000000000,0.64190000000000,149.97260000000000,0.00000000000000,-149.29250000000002,14.59650000000000,0.00000000000000
ruffle.exe,9152,0x0000000000000000,Other,1,0,0,61.64641460000000,0.00000000000000,16.11530000000000,0,Hardware: Legacy Flip,-0.14330000000000,1.49310000000000,16.96650000000000,0.00000000000000,-15.45400000000000,13.86580000000000,0.00000000000000
ruffle.exe,9152,0x0000000000000000,Other,1,0,0,61.66708620000000,0.00000000000000,20.67160000000000,0,Hardware: Legacy Flip,-0.17250000000000,13.89090000000000,33.06940000000000,0.00000000000000,-19.14420000000000,13.84320000000000,0.00000000000000
ruffle.exe,9152,0x0000000000000000,Other,1,0,0,61.69786780000000,0.00000000000000,30.78160000000000,0,Hardware: Legacy Flip,-0.12650000000000,16.47920000000000,33.36990000000000,0.00000000000000,-16.86550000000000,13.55600000000000,0.00000000000000
ruffle.exe,9152,0x0000000000000000,Other,1,0,0,61.72542580000000,0.00000000000000,27.55800000000000,0,Hardware: Legacy Flip,-0.10470000000000,5.65000000000000,16.72880000000000,0.00000000000000,-13.52620000000000,13.29130000000000,0.00000000000000
ruffle.exe,9152,0x0000000000000000,Other,1,0,0,61.76787970000000,0.00000000000000,42.45390000000000,0,Hardware: Legacy Flip,-0.15430000000000,13.12220000000000,49.92610000000001,0.00000000000000,-36.78680000000000,15.66460000000000,0.00000000000000
ruffle.exe,9152,0x0000000000000000,Other,1,0,0,61.80197250000001,0.00000000000000,34.09280000000000,0,Hardware: Legacy Flip,-0.10450000000000,12.36020000000000,33.33080000000000,0.00000000000000,-20.93620000000000,15.44280000000000,0.00000000000000
ruffle.exe,9152,0x0000000000000000,Other,1,0,0,61.83253450000000,0.00000000000000,30.56200000000000,0,Hardware: Legacy Flip,-0.12810000000000,15.16250000000000,33.36430000000000,0.00000000000000,-18.16130000000000,13.78940000000000,0.00000000000000
ruffle.exe,9152,0x0000000000000000,Other,1,0,0,61.86757380000000,0.00000000000000,35.03930000000000,0,Hardware: Legacy Flip,-0.13710000000000,13.41870000000000,33.29550000000000,0.00000000000000,-19.83740000000000,14.23550000000000,0.00000000000000
ruffle.exe,9152,0x0000000000000000,Other,1,0,0,61.89750160000001,0.00000000000000,29.92780000000000,0,Hardware: Legacy Flip,-0.13440000000000,16.83010000000000,33.33920000000000,0.00000000000000,-16.48080000000000,13.74180000000000,0.00000000000000
ruffle.exe,9152,0x0000000000000000,Other,1,0,0,61.93288630000000,0.00000000000000,35.38470000000000,0,Hardware: Legacy Flip,-0.12930000000000,14.80850000000000,33.36310000000000,0.00000000000000,-18.52510000000000,13.92190000000000,0.00000000000000
ruffle.exe,9152,0x0000000000000000,Other,1,0,0,61.96723290000001,0.00000000000000,34.34660000000000,0,Hardware: Legacy Flip,-0.18720000000000,13.78330000000000,33.32140000000000,0.00000000000000,-19.51190000000000,15.84230000000000,0.00000000000000
ruffle.exe,9152,0x0000000000000000,Other,1,0,0,62.00325990000000,0.00000000000000,36.02700000000000,0,Hardware: Legacy Flip,-0.13830000000000,11.11270000000000,33.35640000000000,0.00000000000000,-22.21390000000000,15.48760000000000,0.00000000000000
ruffle.exe,9152,0x0000000000000000,Other,1,0,0,62.03228510000000,0.00000000000000,29.02520000000000,0,Hardware: Legacy Flip,-0.14480000000000,15.39010000000000,33.30260000000000,0.00000000000000,-17.87630000000000,13.93840000000000,0.00000000000000
ruffle.exe,9152,0x0000000000000000,Other,1,0,0,62.06766070000000,0.00000000000000,35.37560000000000,0,Hardware: Legacy Flip,-0.16070000000000,13.44690000000000,33.43240000000000,0.00000000000000,-19.94690000000000,14.20490000000000,0.00000000000000
ruffle.exe,9152,0x0000000000000000,Other,1,0,0,62.09274230000000,0.00000000000000,25.08160000000000,0,Hardware: Legacy Flip,-0.09880000000000,4.91140000000000,16.54610000000000,0.00000000000000,-13.74210000000000,13.50430000000000,0.00000000000000
ruffle.exe,9152,0x0000000000000000,Other,1,0,0,62.13422980000000,0.00000000000000,41.48750000000000,0,Hardware: Legacy Flip,-0.13940000000000,13.45800000000000,50.03410000000000,0.00000000000000,-36.56080000000000,14.10350000000000,0.00000000000000
ruffle.exe,9152,0x0000000000000000,Other,1,0,0,62.16199830000000,0.00000000000000,27.76850000000000,0,Hardware: Legacy Flip,-0.22580000000000,2.34910000000000,16.65960000000000,0.00000000000000,-14.28170000000000,13.84870000000000,0.00000000000000
ruffle.exe,9152,0x0000000000000000,Other,1,0,0,62.20453490000000,0.00000000000000,42.53660000000000,0,Hardware: Legacy Flip,-0.13380000000000,9.84270000000000,50.03020000000000,0.00000000000000,-40.16040000000000,15.73730000000000,0.00000000000000
ruffle.exe,9152,0x0000000000000000,Other,1,0,0,62.24126860000001,0.00000000000000,36.73370000000000,0,Hardware: Legacy Flip,-0.12120000000000,6.39810000000000,33.28910000000000,0.00000000000000,-26.85710000000000,15.86660000000000,0.00000000000000
ruffle.exe,9152,0x0000000000000000,Other,1,0,0,62.26465460000000,0.00000000000000,23.38600000000000,0,Hardware: Legacy Flip,-0.13390000000000,16.35070000000000,33.33860000000000,0.00000000000000,-16.96030000000000,14.30300000000000,0.00000000000000
ruffle.exe,9152,0x0000000000000000,Other,1,0,0,62.29876310000000,0.00000000000000,34.10850000000000,0,Hardware: Legacy Flip,-0.12080000000000,15.64980000000000,33.40760000000000,0.00000000000000,-17.72770000000000,14.21590000000000,0.00000000000000
ruffle.exe,9152,0x0000000000000000,Other,1,0,0,62.32611860000000,0.00000000000000,27.35550000000000,0,Hardware: Legacy Flip,-0.11050000000000,4.97610000000000,16.68180000000000,0.00000000000000,-13.82030000000000,13.59200000000000,0.00000000000000
ruffle.exe,9152,0x0000000000000000,Other,1,0,0,62.36687080000000,0.00000000000000,40.75220000000000,0,Hardware: Legacy Flip,-0.10950000000000,14.20140000000000,49.97750000000000,0.00000000000000,-35.71010000000000,14.15660000000000,0.00000000000000
ruffle.exe,9152,0x0000000000000000,Other,1,0,0,62.40085520000000,0.00000000000000,33.98440000000000,0,Hardware: Legacy Flip,-0.13110000000000,13.54110000000000,33.32410000000000,0.00000000000000,-19.75190000000000,15.72660000000000,0.00000000000000
ruffle.exe,9152,0x0000000000000000,Other,1,0,0,62.43217740000000,0.00000000000000,31.32220000000000,0,Hardware: Legacy Flip,-0.09850000000000,15.52290000000000,33.30400000000000,0.00000000000000,-17.74800000000000,15.72880000000000,0.00000000000000
ruffle.exe,9152,0x0000000000000000,Other,1,0,0,62.46701550000000,0.00000000000000,34.83810000000000,0,Hardware: Legacy Flip,-0.19360000000000,14.05530000000000,33.37050000000000,0.00000000000000,-19.28310000000000,14.32700000000000,0.00000000000000
ruffle.exe,9152,0x0000000000000000,Other,1,0,0,62.66417370000000,0.00000000000000,197.15820000000002,0,Hardware: Legacy Flip,-0.16260000000000,16.86120000000000,199.96410000000000,0.00000000000000,-183.06970000000001,14.41400000000000,0.00000000000000
ruffle.exe,9152,0x0000000000000000,Other,1,0,0,62.68404480000000,0.00000000000000,19.87110000000000,0,Hardware: Legacy Flip,-0.08590000000000,13.66540000000000,16.67530000000000,0.00000000000000,-14.83030000000000,14.67380000000000,0.00000000000000
ruffle.exe,9152,0x0000000000000000,Other,1,0,0,62.71480600000000,0.00000000000000,30.76120000000000,0,Hardware: Legacy Flip,-0.14380000000000,16.24660000000000,33.34240000000000,0.00000000000000,-17.06290000000000,15.55240000000000,0.00000000000000
ruffle.exe,9152,0x0000000000000000,Other,1,0,0,62.74488640000001,0.00000000000000,30.08040000000000,0,Hardware: Legacy Flip,-0.11850000000000,2.84540000000000,16.67920000000000,0.00000000000000,-13.80000000000000,13.35900000000000,0.00000000000000
ruffle.exe,9152,0x0000000000000000,Other,1,0,0,62.78145370000000,0.00000000000000,36.56730000000000,0,Hardware: Legacy Flip,-0.17060000000000,16.32540000000000,50.04730000000000,0.00000000000000,-33.69650000000000,13.60620000000000,0.00000000000000
ruffle.exe,9152,0x0000000000000000,Other,1,0,0,62.81689360000001,0.00000000000000,35.43990000000000,0,Hardware: Legacy Flip,-0.13670000000000,14.17870000000000,33.29320000000000,0.00000000000000,-19.08050000000000,13.71070000000000,0.00000000000000
ruffle.exe,9152,0x0000000000000000,Other,1,0,0,62.85039230000000,0.00000000000000,33.49870000000000,0,Hardware: Legacy Flip,-0.17540000000000,14.01190000000000,33.33190000000000,0.00000000000000,-19.29190000000000,13.81850000000000,0.00000000000000
ruffle.exe,9152,0x0000000000000000,Other,1,0,0,62.89045200000000,0.00000000000000,40.05970000000000,0,Hardware: Legacy Flip,-0.22300000000000,7.29870000000000,33.34650000000000,0.00000000000000,-25.99620000000000,15.45100000000000,0.00000000000000
ruffle.exe,9152,0x0000000000000000,Other,1,0,0,62.92056540000000,0.00000000000000,30.11340000000000,0,Hardware: Legacy Flip,-0.15680000000000,10.52640000000000,33.34110000000000,0.00000000000000,-22.78380000000000,15.50470000000000,0.00000000000000
ruffle.exe,9152,0x0000000000000000,Other,1,0,0,62.94824020000000,0.00000000000000,27.67480000000000,0,Hardware: Legacy Flip,-0.18620000000000,16.21230000000000,33.36070000000000,0.00000000000000,-17.09230000000000,13.70200000000000,0.00000000000000
ruffle.exe,9152,0x0000000000000000,Other,1,0,0,62.98647310000000,0.00000000000000,38.23290000000000,0,Hardware: Legacy Flip,-0.16950000000000,11.31180000000000,33.33240000000000,0.00000000000000,-21.98270000000000,13.64740000000000,0.00000000000000
ruffle.exe,9152,0x0000000000000000,Other,1,0,0,63.01922980000001,0.00000000000000,32.75670000000000,0,Hardware: Legacy Flip,-0.16910000000000,11.88890000000000,33.33380000000000,0.00000000000000,-21.41070000000000,13.90140000000000,0.00000000000000
ruffle.exe,9152,0x0000000000000000,Other,1,0,0,63.05420290000000,0.00000000000000,34.97310000000000,0,Hardware: Legacy Flip,-0.18660000000000,10.28490000000000,33.36910000000000,0.00000000000000,-23.04990000000000,13.79820000000000,0.00000000000000
ruffle.exe,9152,0x0000000000000000,Other,1,0,0,63.08632670000000,0.00000000000000,32.12380000000000,0,Hardware: Legacy Flip,-0.17550000000000,11.45130000000000,33.29020000000000,0.00000000000000,-21.43960000000000,13.46740000000000,0.00000000000000
ruffle.exe,9152,0x0000000000000000,Other,1,0,0,63.12594650000000,0.00000000000000,39.61980000000001,0,Hardware: Legacy Flip,-0.20120000000000,5.16220000000000,33.33070000000000,0.00000000000000,-28.13640000000000,15.77940000000000,0.00000000000000
ruffle.exe,9152,0x0000000000000000,Other,1,0,0,63.16009790000000,0.00000000000000,34.15140000000000,0,Hardware: Legacy Flip,-0.18810000000000,4.41390000000000,33.40310000000000,0.00000000000000,-28.93210000000000,15.48580000000000,0.00000000000000
ruffle.exe,9152,0x0000000000000000,Other,1,0,0,63.18998300000000,0.00000000000000,29.88510000000000,0,Hardware: Legacy Flip,-0.17080000000000,7.79110000000000,33.26230000000000,0.00000000000000,-25.42300000000000,13.81310000000000,0.00000000000000
ruffle.exe,9152,0x0000000000000000,Other,1,0,0,63.22373169999999,0.00000000000000,33.74870000000000,0,Hardware: Legacy Flip,-0.14680000000000,7.38540000000000,33.34300000000000,0.00000000000000,-25.91490000000000,13.87730000000000,0.00000000000000
ruffle.exe,9152,0x0000000000000000,Other,1,0,0,63.25555440000000,0.00000000000000,31.82270000000000,0,Hardware: Legacy Flip,-0.17250000000000,8.89660000000000,33.33390000000000,0.00000000000000,-24.40930000000000,13.84750000000000,0.00000000000000
ruffle.exe,9152,0x0000000000000000,Other,1,0,0,63.28793940000001,0.00000000000000,32.38500000000000,0,Hardware: Legacy Flip,-0.17300000000000,9.83670000000000,33.32510000000000,0.00000000000000,-23.44520000000000,13.72280000000000,0.00000000000000
ruffle.exe,9152,0x0000000000000000,Other,1,0,0,63.32577200000000,0.00000000000000,37.83260000000000,0,Hardware: Legacy Flip,-0.17620000000000,5.35290000000000,33.34880000000000,0.00000000000000,-27.95220000000000,15.61990000000000,0.00000000000000
ruffle.exe,9152,0x0000000000000000,Other,1,0,0,63.35971310000000,0.00000000000000,33.94110000000000,0,Hardware: Legacy Flip,-0.18860000000000,4.86700000000000,33.45520000000000,0.00000000000000,-28.55050000000000,15.43620000000000,0.00000000000000
ruffle.exe,9152,0x0000000000000000,Other,1,0,0,63.39264100000000,0.00000000000000,32.92790000000000,0,Hardware: Legacy Flip,-0.19480000000000,5.19670000000000,33.25760000000000,0.00000000000000,-28.02370000000000,13.69010000000000,0.00000000000000
ruffle.exe,9152,0x0000000000000000,Other,1,0,0,63.42687790000000,0.00000000000000,34.23690000000000,0,Hardware: Legacy Flip,-0.18290000000000,4.28520000000000,33.32540000000000,0.00000000000000,-29.00070000000000,13.98840000000000,0.00000000000000
ruffle.exe,9152,0x0000000000000000,Other,1,0,0,63.46002480000000,0.00000000000000,33.14690000000000,0,Hardware: Legacy Flip,-0.18750000000000,4.49190000000000,33.35360000000000,0.00000000000000,-28.82510000000000,13.65460000000000,0.00000000000000
ruffle.exe,9152,0x0000000000000000,Other,1,0,0,63.75264380000000,0.00000000000000,292.61900000000003,0,Hardware: Legacy Flip,-0.13900000000000,11.82910000000000,299.95620000000002,0.00000000000000,-288.08519999999999,14.15400000000000,0.00000000000000
ruffle.exe,9152,0x0000000000000000,Other,1,0,0,63.79382550000000,0.00000000000000,41.18170000000000,0,Hardware: Legacy Flip,-0.13330000000000,4.09470000000000,33.44730000000000,0.00000000000000,-29.32390000000000,15.65740000000000,0.00000000000000
ruffle.exe,9152,0x0000000000000000,Other,1,0,0,63.81174770000000,0.00000000000000,17.92220000000000,0,Hardware: Legacy Flip,-0.10680000000000,2.75360000000000,16.58110000000000,0.00000000000000,-14.88890000000000,14.61040000000000,0.00000000000000
ruffle.exe,9152,0x0000000000000000,Other,1,0,0,63.83843150000000,0.00000000000000,26.68380000000000,0,Hardware: Legacy Flip,-0.10830000000000,9.37990000000000,33.31010000000000,0.00000000000000,-23.88770000000000,13.62700000000000,0.00000000000000
ruffle.exe,9152,0x0000000000000000,Other,1,0,0,63.87573090000000,0.00000000000000,37.29940000000000,0,Hardware: Legacy Flip,-0.12180000000000,5.44090000000000,33.36040000000000,0.00000000000000,-27.87950000000000,13.45630000000000,0.00000000000000
ruffle.exe,9152,0x0000000000000000,Other,1,0,0,63.90355780000000,0.00000000000000,27.82690000000000,0,Hardware: Legacy Flip,-0.14190000000000,10.93390000000000,33.31990000000000,0.00000000000000,-22.34780000000000,13.37710000000000,0.00000000000000
ruffle.exe,9152,0x0000000000000000,Other,1,0,0,63.93764850000000,0.00000000000000,34.09070000000000,0,Hardware: Legacy Flip,-0.13410000000000,10.21220000000000,33.36900000000000,0.00000000000000,-23.11070000000000,13.80150000000000,0.00000000000000
ruffle.exe,9152,0x0000000000000000,Other,1,0,0,63.97750390000000,0.00000000000000,39.85540000000000,0,Hardware: Legacy Flip,-0.16720000000000,3.71710000000000,33.36030000000000,0.00000000000000,-29.61580000000000,15.23190000000000,0.00000000000000
ruffle.exe,9152,0x0000000000000000,Other,1,0,0,64.01624990000001,0.00000000000000,38.74600000000000,0,Hardware: Legacy Flip,-0.25160000000000,14.95060000000000,49.97950000000000,0.00000000000000,-34.98680000000000,15.41670000000000,0.00000000000000
ruffle.exe,9152,0x0000000000000000,Other,1,0,0,64.04715780000001,0.00000000000000,30.90790000000000,0,Hardware: Legacy Flip,-0.14790000000000,0.65030000000000,16.60760000000000,0.00000000000000,-15.91150000000000,13.57370000000000,0.00000000000000
ruffle.exe,9152,0x0000000000000000,Other,1,0,0,64.07492110000000,0.00000000000000,27.76330000000000,0,Hardware: Legacy Flip,-0.14440000000000,6.30580000000000,33.41880000000000,0.00000000000000,-27.08470000000000,13.36760000000000,0.00000000000000
ruffle.exe,9152,0x0000000000000000,Other,1,0,0,64.10656800000000,0.00000000000000,31.64690000000000,0,Hardware: Legacy Flip,-0.15310000000000,7.94720000000000,33.28830000000000,0.00000000000000,-25.29740000000000,13.60980000000000,0.00000000000000
ruffle.exe,9152,0x0000000000000000,Other,1,0,0,64.14357350000000,0.00000000000000,37.00550000000000,0,Hardware: Legacy Flip,-0.16860000000000,4.30480000000000,33.36310000000000,0.00000000000000,-29.02950000000000,13.75780000000000,0.00000000000000
ruffle.exe,9152,0x0000000000000000,Other,1,0,0,64.17630840000000,0.00000000000000,32.73490000000000,0,Hardware: Legacy Flip,-0.14880000000000,4.93600000000000,33.36610000000000,0.00000000000000,-28.39210000000000,13.58200000000000,0.00000000000000
ruffle.exe,9152,0x0000000000000000,Other,1,0,0,64.21545519999999,0.00000000000000,39.14680000000000,0,Hardware: Legacy Flip,-0.15690000000000,15.74400000000000,49.95480000000001,0.00000000000000,-34.17540000000000,15.30520000000000,0.00000000000000
ruffle.exe,9152,0x0000000000000000,Other,1,0,0,64.24797119999999,0.00000000000000,32.51600000000000,0,Hardware: Legacy Flip,-0.15320000000000,16.61070000000000,33.38270000000000,0.00000000000000,-16.73450000000000,15.46000000000000,0.00000000000000
ruffle.exe,9152,0x0000000000000000,Other,1,0,0,64.27439210000000,0.00000000000000,26.42090000000000,0,Hardware: Legacy Flip,-0.16560000000000,6.79970000000000,16.60990000000000,0.00000000000000,-13.38150000000000,13.02370000000000,0.00000000000000
ruffle.exe,9152,0x0000000000000000,Other,1,0,0,64.30670710000000,0.00000000000000,32.31500000000000,0,Hardware: Legacy Flip,-0.13600000000000,7.88220000000000,33.39750000000000,0.00000000000000,-25.46870000000000,13.58350000000000,0.00000000000000
ruffle.exe,9152,0x0000000000000000,Other,1,0,0,64.34219950000001,0.00000000000000,35.49240000000000,0,Hardware: Legacy Flip,-0.12230000000000,5.67230000000000,33.28250000000000,0.00000000000000,-27.57110000000000,13.80860000000000,0.00000000000000
ruffle.exe,9152,0x0000000000000000,Other,1,0,0,64.37248850000000,0.00000000000000,30.28900000000000,0,Hardware: Legacy Flip,-0.10210000000000,8.70700000000000,33.32370000000000,0.00000000000000,-24.58280000000000,13.58230000000000,0.00000000000000
ruffle.exe,9152,0x0000000000000000,Other,1,0,0,64.41668299999999,0.00000000000000,44.19450000000001,0,Hardware: Legacy Flip,-0.12680000000000,14.56370000000000,50.05120000000000,0.00000000000000,-35.45940000000000,15.25000000000000,0.00000000000000
ruffle.exe,9152,0x0000000000000000,Other,1,0,0,64.44320480000000,0.00000000000000,26.52180000000000,0,Hardware: Legacy Flip,-0.13600000000000,4.71560000000000,16.67370000000000,0.00000000000000,-15.79300000000000,15.10380000000000,0.00000000000000
ruffle.exe,9152,0x0000000000000000,Other,1,0,0,64.47464170000001,0.00000000000000,31.43690000000000,0,Hardware: Legacy Flip,-0.12700000000000,6.56750000000000,33.28880000000000,0.00000000000000,-26.67280000000000,13.64530000000000,0.00000000000000
ruffle.exe,9152,0x0000000000000000,Other,1,0,0,64.72347580000000,0.00000000000000,248.83410000000001,0,Hardware: Legacy Flip,-0.11800000000000,7.75870000000000,250.02530000000002,0.00000000000000,-242.21060000000000,14.53300000000000,0.00000000000000
ruffle.exe,9152,0x0000000000000000,Other,1,0,0,64.74850100000000,0.00000000000000,25.02520000000000,0,Hardware: Legacy Flip,-0.18000000000000,16.10550000000000,33.37200000000000,0.00000000000000,-17.23270000000000,15.69630000000000,0.00000000000000
ruffle.exe,9152,0x0000000000000000,Other,1,0,0,64.77435820000001,0.00000000000000,25.85720000000000,0,Hardware: Legacy Flip,-0.12590000000000,6.88520000000000,16.63690000000000,0.00000000000000,-15.22650000000000,14.95490000000000,0.00000000000000
ruffle.exe,9152,0x0000000000000000,Other,1,0,0,64.80343160000001,0.00000000000000,29.07340000000000,0,Hardware: Legacy Flip,-0.14590000000000,11.14890000000000,33.33710000000000,0.00000000000000,-22.14620000000000,13.73690000000000,0.00000000000000
ruffle.exe,9152,0x0000000000000000,Other,1,0,0,64.83518540000000,0.00000000000000,31.75380000000000,0,Hardware: Legacy Flip,-0.13000000000000,12.75300000000000,33.35790000000000,0.00000000000000,-20.57240000000000,13.94670000000000,0.00000000000000
ruffle.exe,9152,0x0000000000000000,Other,1,0,0,64.87291300000000,0.00000000000000,37.72760000000000,0,Hardware: Legacy Flip,-0.14740000000000,8.33920000000000,33.31380000000000,0.00000000000000,-24.94760000000000,13.85260000000000,0.00000000000000
ruffle.exe,9152,0x0000000000000000,Other,1,0,0,64.90566640000000,0.00000000000000,32.75340000000000,0,Hardware: Legacy Flip,-0.12560000000000,8.95740000000000,33.37160000000000,0.00000000000000,-24.36760000000000,13.80410000000000,0.00000000000000
ruffle.exe,9152,0x0000000000000000,Other,1,0,0,64.93916690000000,0.00000000000000,33.50050000000000,0,Hardware: Legacy Flip,-0.16660000000000,8.80070000000000,33.34380000000000,0.00000000000000,-24.48260000000000,15.77880000000000,0.00000000000000
ruffle.exe,9152,0x0000000000000000,Other,1,0,0,64.97923500000000,0.00000000000000,40.06810000000000,0,Hardware: Legacy Flip,-0.13290000000000,2.09900000000000,33.36640000000000,0.00000000000000,-31.23350000000000,15.37420000000000,0.00000000000000
ruffle.exe,9152,0x0000000000000000,Other,1,0,0,65.00178360000001,0.00000000000000,22.54860000000000,0,Hardware: Legacy Flip,-0.13030000000000,12.80930000000000,33.25890000000000,0.00000000000000,-20.41770000000000,13.57510000000000,0.00000000000000
ruffle.exe,9152,0x0000000000000000,Other,1,0,0,65.04072720000001,0.00000000000000,38.94360000000000,0,Hardware: Legacy Flip,-0.16990000000000,7.22820000000000,33.36250000000000,0.00000000000000,-26.11100000000000,14.09520000000000,0.00000000000000
ruffle.exe,9152,0x0000000000000000,Other,1,0,0,65.07209780000001,0.00000000000000,31.37060000000000,0,Hardware: Legacy Flip,-0.13800000000000,9.18050000000000,33.32290000000000,0.00000000000000,-24.09590000000000,13.90280000000000,0.00000000000000
ruffle.exe,9152,0x0000000000000000,Other,1,0,0,65.10535390000000,0.00000000000000,33.25610000000000,0,Hardware: Legacy Flip,-0.14880000000000,9.24520000000000,33.32080000000000,0.00000000000000,-24.03290000000000,13.69170000000000,0.00000000000000
ruffle.exe,9152,0x0000000000000000,Other,1,0,0,65.13868480000001,0.00000000000000,33.33090000000000,0,Hardware: Legacy Flip,-0.16090000000000,9.25850000000000,33.34420000000000,0.00000000000000,-24.03970000000000,14.06610000000000,0.00000000000000
ruffle.exe,9152,0x0000000000000000,Other,1,0,0,65.17626500000000,0.00000000000000,37.58020000000000,0,Hardware: Legacy Flip,-0.12060000000000,5.02400000000000,33.34570000000000,0.00000000000000,-28.27670000000000,15.41750000000000,0.00000000000000
ruffle.exe,9152,0x0000000000000000,Other,1,0,0,65.20843929999999,0.00000000000000,32.17430000000000,0,Hardware: Legacy Flip,-0.09640000000000,6.19030000000000,33.34060000000000,0.00000000000000,-27.12460000000000,15.30820000000000,0.00000000000000
ruffle.exe,9152,0x0000000000000000,Other,1,0,0,65.23855260000001,0.00000000000000,30.11330000000000,0,Hardware: Legacy Flip,-0.12310000000000,9.39720000000000,33.32020000000000,0.00000000000000,-23.89880000000000,13.84590000000000,0.00000000000000
ruffle.exe,9152,0x0000000000000000,Other,1,0,0,65.27030139999999,0.00000000000000,31.74880000000000,0,Hardware: Legacy Flip,-0.13450000000000,10.97800000000000,33.32960000000000,0.00000000000000,-22.31880000000000,13.83660000000000,0.00000000000000
ruffle.exe,9152,0x0000000000000000,Other,1,0,0,65.30188390000001,0.00000000000000,31.58250000000000,0,Hardware: Legacy Flip,-0.10480000000000,12.73260000000000,33.33710000000000,0.00000000000000,-20.55960000000000,13.84630000000000,0.00000000000000
ruffle.exe,9152,0x0000000000000000,Other,1,0,0,65.33477420000000,0.00000000000000,32.89030000000000,0,Hardware: Legacy Flip,-0.16230000000000,13.19740000000000,33.35510000000000,0.00000000000000,-20.11310000000000,14.10970000000000,0.00000000000000
ruffle.exe,9152,0x0000000000000000,Other,1,0,0,65.37719150000001,0.00000000000000,42.41730000000000,0,Hardware: Legacy Flip,-0.15840000000000,4.09670000000000,33.31660000000000,0.00000000000000,-29.19170000000000,15.62780000000000,0.00000000000000
ruffle.exe,9152,0x0000000000000000,Other,1,0,0,65.40854730000000,0.00000000000000,31.35580000000000,0,Hardware: Legacy Flip,-0.13980000000000,6.09450000000000,33.35360000000000,0.00000000000000,-27.22830000000000,15.53850000000000,0.00000000000000
ruffle.exe,9152,0x0000000000000000,Other,1,0,0,65.44475749999999,0.00000000000000,36.21020000000000,0,Hardware: Legacy Flip,-0.13920000000000,3.23830000000000,33.35400000000000,0.00000000000000,-30.03900000000000,13.90890000000000,0.00000000000000
ruffle.exe,9152,0x0000000000000000,Other,1,0,0,65.47088880000000,0.00000000000000,26.13130000000000,0,Hardware: Legacy Flip,-0.23210000000000,10.42600000000000,33.31900000000000,0.00000000000000,-22.86590000000000,13.86810000000000,0.00000000000000
ruffle.exe,9152,0x0000000000000000,Other,1,0,0,65.70957650000000,0.00000000000000,238.68770000000001,0,Hardware: Legacy Flip,-0.15070000000000,5.10270000000000,233.36440000000002,0.00000000000000,-228.21900000000002,16.65210000000000,0.00000000000000
ruffle.exe,9152,0x0000000000000000,Other,1,0,0,65.73196230000001,0.00000000000000,22.38580000000000,0,Hardware: Legacy Flip,-0.15340000000000,16.09440000000000,33.37750000000000,0.00000000000000,-17.23560000000000,15.97880000000000,0.00000000000000
ruffle.exe,9152,0x0000000000000000,Other,1,0,0,65.75449090000001,0.00000000000000,22.52860000000000,0,Hardware: Legacy Flip,-0.10980000000000,10.17470000000000,16.60890000000000,0.00000000000000,-13.78510000000000,13.51560000000000,0.00000000000000
ruffle.exe,9152,0x0000000000000000,Other,1,0,0,65.78781410000001,0.00000000000000,33.32320000000000,0,Hardware: Legacy Flip,-0.15060000000000,10.20520000000000,33.35370000000000,0.00000000000000,-23.12360000000000,13.96660000000000,0.00000000000000
ruffle.exe,9152,0x0000000000000000,Other,1,0,0,65.82412130000000,0.00000000000000,36.30720000000000,0,Hardware: Legacy Flip,-0.12590000000000,7.20210000000000,33.30410000000000,0.00000000000000,-26.07630000000000,14.33140000000000,0.00000000000000
ruffle.exe,9152,0x0000000000000000,Other,1,0,0,65.85337720000000,0.00000000000000,29.25590000000000,0,Hardware: Legacy Flip,-0.10660000000000,11.29860000000000,33.35240000000000,0.00000000000000,-22.01380000000000,13.94520000000000,0.00000000000000
ruffle.exe,9152,0x0000000000000000,Other,1,0,0,65.89019019999999,0.00000000000000,36.81300000000000,0,Hardware: Legacy Flip,-0.14640000000000,7.87180000000000,33.38620000000000,0.00000000000000,-25.48480000000000,15.77010000000000,0.00000000000000
ruffle.exe,9152,0x0000000000000000,Other,1,0,0,65.92415330000000,0.00000000000000,33.96310000000000,0,Hardware: Legacy Flip,-0.13150000000000,7.28420000000000,33.37550000000000,0.00000000000000,-26.06060000000000,16.07830000000000,0.00000000000000
ruffle.exe,9152,0x0000000000000000,Other,1,0,0,65.96845100000000,0.00000000000000,44.29770000000000,0,Hardware: Legacy Flip,-0.10190000000000,12.95820000000000,49.97170000000001,0.00000000000000,-36.98060000000000,14.31630000000000,0.00000000000000
ruffle.exe,9152,0x0000000000000000,Other,1,0,0,65.98929750000001,0.00000000000000,20.84650000000000,0,Hardware: Legacy Flip,-0.16370000000000,8.72250000000000,16.61080000000000,0.00000000000000,-14.11140000000000,13.72190000000000,0.00000000000000
ruffle.exe,9152,0x0000000000000000,Other,1,0,0,66.02263060000000,0.00000000000000,33.33310000000000,0,Hardware: Legacy Flip,-0.11350000000000,8.71590000000000,33.32650000000000,0.00000000000000,-24.58500000000000,14.27370000000000,0.00000000000000
ruffle.exe,9152,0x0000000000000000,Other,1,0,0,66.06074000000001,0.00000000000000,38.10940000000000,0,Hardware: Legacy Flip,-0.18440000000000,3.95030000000000,33.34380000000000,0.00000000000000,-29.35600000000000,14.17210000000000,0.00000000000000
ruffle.exe,9152,0x0000000000000000,Other,1,0,0,66.08741970000000,0.00000000000000,26.67970000000000,0,Hardware: Legacy Flip,-0.12430000000000,10.60200000000000,33.33140000000000,0.00000000000000,-22.69720000000000,14.19830000000000,0.00000000000000
ruffle.exe,9152,0x0000000000000000,Other,1,0,0,66.12548360000001,0.00000000000000,38.06390000000000,0,Hardware: Legacy Flip,-0.17560000000000,5.88670000000000,33.34860000000000,0.00000000000000,-27.43130000000000,15.39080000000000,0.00000000000000
ruffle.exe,9152,0x0000000000000000,Other,1,0,0,66.15737799999999,0.00000000000000,31.89440000000000,0,Hardware: Legacy Flip,-0.13860000000000,7.33630000000000,33.34400000000000,0.00000000000000,-25.95910000000000,15.33670000000000,0.00000000000000
ruffle.exe,9152,0x0000000000000000,Other,1,0,0,66.18884350000000,0.00000000000000,31.46550000000000,0,Hardware: Legacy Flip,-0.13250000000000,9.20580000000000,33.33500000000000,0.00000000000000,-24.08630000000000,13.52470000000000,0.00000000000000
ruffle.exe,9152,0x0000000000000000,Other,1,0,0,66.22705870000000,0.00000000000000,38.21520000000000,0,Hardware: Legacy Flip,-0.19550000000000,4.33110000000000,33.34050000000000,0.00000000000000,-28.97400000000000,13.91590000000000,0.00000000000000
ruffle.exe,9152,0x0000000000000000,Other,1,0,0,66.25905259999999,0.00000000000000,31.99390000000000,0,Hardware: Legacy Flip,-0.11750000000000,5.64570000000000,33.30850000000000,0.00000000000000,-27.62960000000000,13.52910000000000,0.00000000000000
ruffle.exe,9152,0x0000000000000000,Other,1,0,0,66.28781800000000,0.00000000000000,28.76540000000000,0,Hardware: Legacy Flip,-0.10940000000000,10.25010000000000,33.36980000000001,0.00000000000000,-23.09440000000000,13.42190000000000,0.00000000000000
ruffle.exe,9152,0x0000000000000000,Other,1,0,0,66.32665770000000,0.00000000000000,38.83970000000000,0,Hardware: Legacy Flip,-0.09870000000000,4.70420000000000,33.29380000000000,0.00000000000000,-28.56200000000000,15.45170000000000,0.00000000000000
ruffle.exe,9152,0x0000000000000000,Other,1,0,0,66.35562740000000,0.00000000000000,28.96970000000000,0,Hardware: Legacy Flip,-0.12690000000000,9.07520000000000,33.34070000000000,0.00000000000000,-24.24630000000000,15.09560000000000,0.00000000000000
ruffle.exe,9152,0x0000000000000000,Other,1,0,0,66.38600199999999,0.00000000000000,30.37460000000000,0,Hardware: Legacy Flip,-0.11620000000000,12.05020000000000,33.34960000000000,0.00000000000000,-21.27100000000000,14.40430000000000,0.00000000000000
ruffle.exe,9152,0x0000000000000000,Other,1,0,0,66.41928890000000,0.00000000000000,33.28690000000000,0,Hardware: Legacy Flip,-0.09410000000000,12.09350000000000,33.33020000000000,0.00000000000000,-21.19640000000000,13.73130000000000,0.00000000000000
ruffle.exe,9152,0x0000000000000000,Other,1,0,0,66.46259520000000,0.00000000000000,43.30630000000000,0,Hardware: Legacy Flip,-0.14860000000000,2.13510000000000,33.34790000000000,0.00000000000000,-31.18780000000000,13.56990000000000,0.00000000000000
ruffle.exe,9152,0x0000000000000000,Other,1,0,0,66.68280109999999,0.00000000000000,220.20590000000001,0,Hardware: Legacy Flip,-0.22510000000000,15.41090000000000,233.48170000000002,0.00000000000000,-218.04620000000000,16.54120000000000,0.00000000000000
ruffle.exe,9152,0x0000000000000000,Other,1,0,0,66.70765670000000,0.00000000000000,24.85560000000000,0,Hardware: Legacy Flip,-0.19040000000000,7.11820000000000,16.56290000000000,0.00000000000000,-13.83160000000000,13.42100000000000,0.00000000000000
ruffle.exe,9152,0x0000000000000000,Other,1,0,0,66.73128079999999,0.00000000000000,23.62410000000000,0,Hardware: Legacy Flip,-0.11340000000000,16.81520000000000,33.32110000000000,0.00000000000000,-16.46330000000000,13.53310000000000,0.00000000000000
ruffle.exe,9152,0x0000000000000000,Other,1,0,0,66.76404480000001,0.00000000000000,32.76400000000000,0,Hardware: Legacy Flip,-0.17890000000000,0.71130000000000,16.66010000000000,0.00000000000000,-15.91450000000000,13.83230000000000,0.00000000000000
ruffle.exe,9152,0x0000000000000000,Other,1,0,0,66.79937149999999,0.00000000000000,35.32670000000000,0,Hardware: Legacy Flip,-0.19790000000000,15.42030000000000,50.03570000000001,0.00000000000000,-34.58580000000000,13.86070000000000,0.00000000000000
ruffle.exe,9152,0x0000000000000000,Other,1,0,0,66.84814860000000,0.00000000000000,48.77710000000000,0,Hardware: Legacy Flip,-0.20340000000000,16.61280000000000,49.96960000000000,0.00000000000000,-33.31180000000000,15.37950000000000,0.00000000000000
ruffle.exe,9152,0x0000000000000000,Other,1,0,0,66.87130730000000,0.00000000000000,23.15870000000000,0,Hardware: Legacy Flip,-0.13370000000000,10.14170000000000,16.68760000000000,0.00000000000000,-15.17490000000000,14.83750000000000,0.00000000000000
ruffle.exe,9152,0x0000000000000000,Other,1,0,0,66.89534270000000,0.00000000000000,24.03540000000000,0,Hardware: Legacy Flip,-0.18970000000000,2.77310000000000,16.66680000000000,0.00000000000000,-14.07220000000000,13.64590000000000,0.00000000000000
ruffle.exe,9152,0x0000000000000000,Other,1,0,0,66.93196460000001,0.00000000000000,36.62190000000000,0,Hardware: Legacy Flip,-0.18300000000000,16.14800000000000,49.99680000000000,0.00000000000000,-33.81290000000000,13.64140000000000,0.00000000000000
ruffle.exe,9152,0x0000000000000000,Other,1,0,0,66.96217250000001,0.00000000000000,30.20790000000000,0,Hardware: Legacy Flip,-0.19750000000000,2.64820000000000,16.70810000000000,0.00000000000000,-14.01560000000000,13.51330000000000,0.00000000000000
ruffle.exe,9152,0x0000000000000000,Other,1,0,0,66.99452310000001,0.00000000000000,32.35060000000000,0,Hardware: Legacy Flip,-0.12690000000000,3.61970000000000,33.32210000000000,0.00000000000000,-29.65490000000000,13.65370000000000,0.00000000000000
ruffle.exe,9152,0x0000000000000000,Other,1,0,0,67.02815970000000,0.00000000000000,33.63660000000000,0,Hardware: Legacy Flip,-0.10780000000000,3.26490000000000,33.28180000000000,0.00000000000000,-29.97670000000000,13.55750000000000,0.00000000000000
ruffle.exe,9152,0x0000000000000000,Other,1,0,0,67.06442509999999,0.00000000000000,36.26540000000000,0,Hardware: Legacy Flip,-0.11900000000000,0.29360000000000,33.29410000000000,0.00000000000000,-32.97550000000000,15.12950000000000,0.00000000000000
ruffle.exe,9152,0x0000000000000000,Other,1,0,0,67.09958040000001,0.00000000000000,35.15530000000000,0,Hardware: Legacy Flip,-0.14820000000000,15.25450000000000,50.11620000000000,0.00000000000000,-34.83480000000000,15.22550000000000,0.00000000000000
ruffle.exe,9152,0x0000000000000000,Other,1,0,0,67.12753220000000,0.00000000000000,27.95180000000000,0,Hardware: Legacy Flip,-0.15820000000000,3.91060000000000,16.60790000000000,0.00000000000000,-13.52010000000000,13.13380000000000,0.00000000000000
ruffle.exe,9152,0x0000000000000000,Other,1,0,0,67.16633190000000,0.00000000000000,38.79970000000000,0,Hardware: Legacy Flip,-0.14700000000000,15.13030000000000,50.01940000000000,0.00000000000000,-34.85910000000001,13.65130000000000,0.00000000000000
ruffle.exe,9152,0x0000000000000000,Other,1,0,0,67.19754060000000,0.00000000000000,31.20870000000000,0,Hardware: Legacy Flip,-0.13980000000000,0.54100000000000,16.61940000000000,0.00000000000000,-16.04940000000000,13.59280000000000,0.00000000000000
ruffle.exe,9152,0x0000000000000000,Other,1,0,0,67.22809540000000,0.00000000000000,30.55480000000000,0,Hardware: Legacy Flip,-0.18790000000000,3.38610000000000,33.39990000000000,0.00000000000000,-29.99680000000000,13.56900000000000,0.00000000000000
ruffle.exe,9152,0x0000000000000000,Other,1,0,0,67.26384250000000,0.00000000000000,35.74710000000000,0,Hardware: Legacy Flip,-0.15700000000000,0.97250000000000,33.33350000000000,0.00000000000000,-32.32030000000000,15.21560000000000,0.00000000000000
ruffle.exe,9152,0x0000000000000000,Other,1,0,0,67.29939410000000,0.00000000000000,35.55160000000000,0,Hardware: Legacy Flip,-0.15900000000000,15.46070000000000,50.03980000000000,0.00000000000000,-34.54320000000000,15.32190000000000,0.00000000000000
ruffle.exe,9152,0x0000000000000000,Other,1,0,0,67.33296679999999,0.00000000000000,33.57270000000000,0,Hardware: Legacy Flip,-0.10940000000000,15.16820000000000,33.28020000000000,0.00000000000000,-18.07970000000000,13.47340000000000,0.00000000000000
ruffle.exe,9152,0x0000000000000000,Other,1,0,0,67.36394170000000,0.00000000000000,30.97490000000000,0,Hardware: Legacy Flip,-0.15760000000000,0.86120000000000,16.66790000000000,0.00000000000000,-15.78170000000000,13.47520000000000,0.00000000000000
ruffle.exe,9152,0x0000000000000000,Other,1,0,0,67.39867670000000,0.00000000000000,34.73500000000000,0,Hardware: Legacy Flip,-0.19160000000000,16.38040000000000,50.25420000000000,0.00000000000000,-33.84260000000000,13.85080000000000,0.00000000000000
ruffle.exe,9152,0x0000000000000000,Other,1,0,0,67.43053370000000,0.00000000000000,31.85700000000000,0,Hardware: Legacy Flip,-0.16220000000000,0.92950000000000,16.40610000000000,0.00000000000000,-15.43710000000000,13.49490000000000,0.00000000000000
ruffle.exe,9152,0x0000000000000000,Other,1,0,0,67.46157210000001,0.00000000000000,31.03840000000000,0,Hardware: Legacy Flip,-0.13850000000000,3.23980000000000,33.34870000000000,0.00000000000000,-30.07320000000000,13.53070000000000,0.00000000000000
ruffle.exe,9152,0x0000000000000000,Other,1,0,0,67.66393090000001,0.00000000000000,202.35880000000000,0,Hardware: Legacy Flip,-0.10270000000000,0.88430000000000,200.00330000000000,0.00000000000000,-199.06800000000001,14.40970000000000,0.00000000000000
ruffle.exe,9152,0x0000000000000000,Other,1,0,0,67.68201350000000,0.00000000000000,18.08260000000000,0,Hardware: Legacy Flip,-0.09850000000000,16.21110000000000,33.40940000000001,0.00000000000000,-17.17310000000000,13.38780000000000,0.00000000000000
ruffle.exe,9152,0x0000000000000000,Other,1,0,0,67.71349350000000,0.00000000000000,31.48000000000000,0,Hardware: Legacy Flip,-0.16340000000000,1.37010000000000,16.63900000000000,0.00000000000000,-15.23030000000000,13.69100000000000,0.00000000000000
ruffle.exe,9152,0x0000000000000000,Other,1,0,0,67.75736599999999,0.00000000000000,43.87250000000000,0,Hardware: Legacy Flip,-0.14940000000000,7.51580000000000,50.01820000000000,0.00000000000000,-42.46860000000000,15.63690000000000,0.00000000000000
ruffle.exe,9152,0x0000000000000000,Other,1,0,0,67.79042190000000,0.00000000000000,33.05590000000000,0,Hardware: Legacy Flip,-0.15780000000000,7.77610000000000,33.31620000000000,0.00000000000000,-25.50020000000000,15.39600000000000,0.00000000000000
ruffle.exe,9152,0x0000000000000000,Other,1,0,0,67.81611850000000,0.00000000000000,25.69660000000000,0,Hardware: Legacy Flip,-0.13390000000000,15.38050000000000,33.30100000000000,0.00000000000000,-17.88220000000000,13.57580000000000,0.00000000000000
ruffle.exe,9152,0x0000000000000000,Other,1,0,0,67.84847049999999,0.00000000000000,32.35200000000000,0,Hardware: Legacy Flip,-0.12710000000000,16.40990000000000,33.38140000000000,0.00000000000000,-16.93800000000000,13.64270000000000,0.00000000000000
ruffle.exe,9152,0x0000000000000000,Other,1,0,0,67.87832810000000,0.00000000000000,29.85760000000000,0,Hardware: Legacy Flip,-0.14860000000000,3.18450000000000,16.63220000000000,0.00000000000000,-13.41110000000000,13.10450000000000,0.00000000000000
ruffle.exe,9152,0x0000000000000000,Other,1,0,0,67.91461840000001,0.00000000000000,36.29030000000000,0,Hardware: Legacy Flip,-0.14010000000000,16.91820000000000,50.02400000000000,0.00000000000000,-33.08540000000000,13.72600000000000,0.00000000000000
ruffle.exe,9152,0x0000000000000000,Other,1,0,0,67.95064070000001,0.00000000000000,36.02230000000000,0,Hardware: Legacy Flip,-0.09580000000000,14.21350000000000,33.31760000000000,0.00000000000000,-19.06960000000000,13.54210000000000,0.00000000000000
ruffle.exe,9152,0x0000000000000000,Other,1,0,0,67.98339340000000,0.00000000000000,32.75270000000000,0,Hardware: Legacy Flip,-0.12110000000000,14.80530000000000,33.34450000000000,0.00000000000000,-18.51280000000000,15.28950000000000,0.00000000000000
ruffle.exe,9152,0x0000000000000000,Other,1,0,0,68.01680420000000,0.00000000000000,33.41080000000000,0,Hardware: Legacy Flip,-0.10080000000000,14.73580000000000,33.34130000000000,0.00000000000000,-18.57250000000000,15.19340000000000,0.00000000000000
ruffle.exe,9152,0x0000000000000000,Other,1,0,0,68.05265840000000,0.00000000000000,35.85420000000000,0,Hardware: Legacy Flip,-0.11340000000000,12.24140000000000,33.35980000000000,0.00000000000000,-21.08400000000000,13.53510000000000,0.00000000000000
ruffle.exe,9152,0x0000000000000000,Other,1,0,0,68.07811700000001,0.00000000000000,25.45860000000000,0,Hardware: Legacy Flip,-0.20120000000000,3.42220000000000,16.63940000000000,0.00000000000000,-13.66140000000000,13.27500000000000,0.00000000000000
ruffle.exe,9152,0x0000000000000000,Other,1,0,0,68.12057300000001,0.00000000000000,42.45600000000000,0,Hardware: Legacy Flip,-0.13470000000000,10.98920000000000,50.02300000000000,0.00000000000000,-39.00180000000000,13.68560000000000,0.00000000000000
ruffle.exe,9152,0x0000000000000000,Other,1,0,0,68.15288409999999,0.00000000000000,32.31110000000000,0,Hardware: Legacy Flip,-0.13500000000000,11.99490000000000,33.31680000000000,0.00000000000000,-21.29370000000000,13.83900000000000,0.00000000000000
ruffle.exe,9152,0x0000000000000000,Other,1,0,0,68.18849300000001,0.00000000000000,35.60890000000000,0,Hardware: Legacy Flip,-0.14680000000000,9.71340000000000,33.32740000000000,0.00000000000000,-23.57710000000000,15.49790000000000,0.00000000000000
ruffle.exe,9152,0x0000000000000000,Other,1,0,0,68.22154480000000,0.00000000000000,33.05180000000000,0,Hardware: Legacy Flip,-0.11990000000000,10.02910000000000,33.36750000000000,0.00000000000000,-23.31380000000000,15.36320000000000,0.00000000000000
ruffle.exe,9152,0x0000000000000000,Other,1,0,0,68.25015150000002,0.00000000000000,28.60670000000000,0,Hardware: Legacy Flip,-0.13940000000000,14.72960000000000,33.30720000000000,0.00000000000000,-18.54930000000000,13.84730000000000,0.00000000000000
ruffle.exe,9152,0x0000000000000000,Other,1,0,0,68.28259570000000,0.00000000000000,32.44420000000000,0,Hardware: Legacy Flip,-0.10390000000000,15.60920000000000,33.32380000000000,0.00000000000000,-17.66150000000000,13.54200000000000,0.00000000000000
ruffle.exe,9152,0x0000000000000000,Other,1,0,0,68.31614750000001,0.00000000000000,33.55180000000000,0,Hardware: Legacy Flip,-0.13400000000000,15.56670000000000,33.50930000000000,0.00000000000000,-17.89660000000000,13.74100000000000,0.00000000000000
ruffle.exe,9152,0x0000000000000000,Other,1,0,0,68.35677310000001,0.00000000000000,40.62560000000000,0,Hardware: Legacy Flip,-0.18090000000000,8.12750000000000,33.18640000000000,0.00000000000000,-25.01580000000000,14.35060000000000,0.00000000000000
ruffle.exe,9152,0x0000000000000000,Other,1,0,0,68.38516960000000,0.00000000000000,28.39650000000000,0,Hardware: Legacy Flip,-0.12120000000000,13.04930000000000,33.31830000000000,0.00000000000000,-20.23850000000000,13.59330000000000,0.00000000000000
ruffle.exe,9152,0x0000000000000000,Other,1,0,0,68.42079810000000,0.00000000000000,35.62850000000000,0,Hardware: Legacy Flip,-0.16200000000000,10.76640000000000,33.34560000000000,0.00000000000000,-22.54160000000000,15.58480000000000,0.00000000000000
ruffle.exe,9152,0x0000000000000000,Other,1,0,0,68.45581120000000,0.00000000000000,35.01310000000000,0,Hardware: Legacy Flip,-0.14090000000000,9.12380000000000,33.37050000000000,0.00000000000000,-24.20960000000000,15.60560000000000,0.00000000000000
ruffle.exe,9152,0x0000000000000000,Other,1,0,0,68.67622700000000,0.00000000000000,220.41580000000002,0,Hardware: Legacy Flip,-0.14840000000000,5.35620000000000,216.64820000000000,0.00000000000000,-211.25500000000002,14.62540000000000,0.00000000000000
ruffle.exe,9152,0x0000000000000000,Other,1,0,0,68.69681540000001,0.00000000000000,20.58840000000000,0,Hardware: Legacy Flip,-0.19540000000000,1.46030000000000,16.69250000000000,0.00000000000000,-15.45560000000000,15.05130000000000,0.00000000000000
ruffle.exe,9152,0x0000000000000000,Other,1,0,0,68.72999760000000,0.00000000000000,33.18220000000000,0,Hardware: Legacy Flip,-0.10440000000000,1.59290000000000,33.31480000000000,0.00000000000000,-31.69440000000000,15.63390000000000,0.00000000000000
ruffle.exe,9152,0x0000000000000000,Other,1,0,0,68.75909840000000,0.00000000000000,29.10080000000000,0,Hardware: Legacy Flip,-0.21040000000000,5.84030000000000,33.34820000000000,0.00000000000000,-27.48460000000000,13.97560000000000,0.00000000000000
ruffle.exe,9152,0x0000000000000000,Other,1,0,0,68.79147150000000,0.00000000000000,32.37310000000000,0,Hardware: Legacy Flip,-0.19240000000000,6.81560000000000,33.34840000000001,0.00000000000000,-26.50300000000000,13.81420000000000,0.00000000000000
ruffle.exe,9152,0x0000000000000000,Other,1,0,0,68.82569530000001,0.00000000000000,34.22380000000000,0,Hardware: Legacy Flip,-0.15490000000000,5.92590000000000,33.33410000000000,0.00000000000000,-27.37570000000000,14.01830000000000,0.00000000000000
ruffle.exe,9152,0x0000000000000000,Other,1,0,0,68.86236680000000,0.00000000000000,36.67150000000000,0,Hardware: Legacy Flip,-0.17750000000000,2.60920000000000,33.35480000000000,0.00000000000000,-30.70860000000000,14.01650000000000,0.00000000000000
ruffle.exe,9152,0x0000000000000000,Other,1,0,0,68.89476790000001,0.00000000000000,32.40110000000000,0,Hardware: Legacy Flip,-0.09570000000000,3.47930000000000,33.27120000000000,0.00000000000000,-29.75520000000000,13.70580000000000,0.00000000000000
ruffle.exe,9152,0x0000000000000000,Other,1,0,0,68.92984680000001,0.00000000000000,35.07890000000000,0,Hardware: Legacy Flip,-0.13690000000000,1.74110000000000,33.34070000000000,0.00000000000000,-31.58240000000000,15.89630000000000,0.00000000000000
ruffle.exe,9152,0x0000000000000000,Other,1,0,0,68.96877850000000,0.00000000000000,38.93170000000000,0,Hardware: Legacy Flip,-0.16880000000000,12.85190000000000,50.04250000000000,0.00000000000000,-37.16750000000000,15.75570000000000,0.00000000000000
ruffle.exe,9152,0x0000000000000000,Other,1,0,0,68.99703730000000,0.00000000000000,28.25880000000000,0,Hardware: Legacy Flip,-0.14440000000000,1.22530000000000,16.63220000000000,0.00000000000000,-15.37450000000000,13.95490000000000,0.00000000000000
ruffle.exe,9152,0x0000000000000000,Other,1,0,0,69.02532710000000,0.00000000000000,28.28980000000000,0,Hardware: Legacy Flip,-0.10960000000000,6.30090000000000,33.36540000000000,0.00000000000000,-27.04140000000000,14.16970000000000,0.00000000000000
ruffle.exe,9152,0x0000000000000000,Other,1,0,0,69.05969590000001,0.00000000000000,34.36880000000000,0,Hardware: Legacy Flip,-0.11670000000000,5.25980000000000,33.32770000000000,0.00000000000000,-28.03050000000000,14.04220000000000,0.00000000000000
ruffle.exe,9152,0x0000000000000000,Other,1,0,0,69.09202180000000,0.00000000000000,32.32590000000000,0,Hardware: Legacy Flip,-0.10390000000000,6.26280000000000,33.32890000000000,0.00000000000000,-27.03410000000000,13.87740000000000,0.00000000000000
ruffle.exe,9152,0x0000000000000000,Other,1,0,0,69.12577960000000,0.00000000000000,33.75780000000000,0,Hardware: Legacy Flip,-0.10570000000000,5.85730000000000,33.35230000000000,0.00000000000000,-27.46350000000000,15.92650000000000,0.00000000000000
ruffle.exe,9152,0x0000000000000000,Other,1,0,0,69.16555250000000,0.00000000000000,39.77290000000000,0,Hardware: Legacy Flip,-0.16790000000000,16.07710000000000,49.99270000000000,0.00000000000000,-33.87880000000000,16.12380000000000,0.00000000000000
ruffle.exe,9152,0x0000000000000000,Other,1,0,0,69.19765550000000,0.00000000000000,32.10300000000000,0,Hardware: Legacy Flip,-0.10080000000000,0.59140000000000,16.61730000000000,0.00000000000000,-16.00070000000000,13.86430000000000,0.00000000000000
ruffle.exe,9152,0x0000000000000000,Other,1,0,0,69.22465889999999,0.00000000000000,27.00340000000000,0,Hardware: Legacy Flip,-0.08310000000000,6.98040000000000,33.39240000000000,0.00000000000000,-26.39810000000000,14.03760000000000,0.00000000000000
ruffle.exe,9152,0x0000000000000000,Other,1,0,0,69.25725700000000,0.00000000000000,32.59810000000000,0,Hardware: Legacy Flip,-0.17020000000000,7.70340000000000,33.32110000000000,0.00000000000000,-25.59020000000000,14.29170000000000,0.00000000000000
ruffle.exe,9152,0x0000000000000000,Other,1,0,0,69.29208980000000,0.00000000000000,34.83280000000000,0,Hardware: Legacy Flip,-0.11400000000000,6.21590000000000,33.34530000000000,0.00000000000000,-27.09420000000000,13.99670000000000,0.00000000000000
ruffle.exe,9152,0x0000000000000000,Other,1,0,0,69.32749749999999,0.00000000000000,35.40770000000000,0,Hardware: Legacy Flip,-0.12990000000000,4.13490000000000,33.32670000000000,0.00000000000000,-29.16580000000000,14.18650000000000,0.00000000000000
ruffle.exe,9152,0x0000000000000000,Other,1,0,0,69.36428520000000,0.00000000000000,36.78770000000000,0,Hardware: Legacy Flip,-0.13720000000000,0.64900000000000,33.30180000000000,0.00000000000000,-32.62720000000000,15.83320000000000,0.00000000000000
ruffle.exe,9152,0x0000000000000000,Other,1,0,0,69.39909129999999,0.00000000000000,34.80610000000000,0,Hardware: Legacy Flip,-0.14860000000000,16.08090000000000,50.23800000000000,0.00000000000000,-34.13800000000000,15.81870000000000,0.00000000000000
ruffle.exe,9152,0x0000000000000000,Other,1,0,0,69.42386370000000,0.00000000000000,24.77240000000000,0,Hardware: Legacy Flip,-0.12260000000000,7.78320000000000,16.47470000000000,0.00000000000000,-13.59820000000000,13.30260000000000,0.00000000000000
ruffle.exe,9152,0x0000000000000000,Other,1,0,0,69.46066030000000,0.00000000000000,36.79660000000001,0,Hardware: Legacy Flip,-0.17470000000000,4.33100000000000,33.34440000000000,0.00000000000000,-28.99160000000000,13.67560000000000,0.00000000000000
ruffle.exe,9152,0x0000000000000000,Other,1,0,0,69.69347110000000,0.00000000000000,232.81080000000000,0,Hardware: Legacy Flip,-0.12470000000000,4.89180000000000,233.37160000000000,0.00000000000000,-228.44840000000002,16.15950000000000,0.00000000000000
ruffle.exe,9152,0x0000000000000000,Other,1,0,0,69.71054110000000,0.00000000000000,17.07000000000000,0,Hardware: Legacy Flip,-0.15430000000000,4.53080000000000,16.70900000000000,0.00000000000000,-13.95390000000000,13.55310000000000,0.00000000000000
ruffle.exe,9152,0x0000000000000000,Other,1,0,0,69.74260420000000,0.00000000000000,32.06310000000000,0,Hardware: Legacy Flip,-0.11750000000000,5.79140000000000,33.32370000000000,0.00000000000000,-27.48020000000000,13.64180000000000,0.00000000000000
ruffle.exe,9152,0x0000000000000000,Other,1,0,0,69.77631730000000,0.00000000000000,33.71310000000000,0,Hardware: Legacy Flip,-0.12450000000000,5.38140000000000,33.30310000000000,0.00000000000000,-27.88790000000000,13.60460000000000,0.00000000000000
ruffle.exe,9152,0x0000000000000000,Other,1,0,0,69.81346680000000,0.00000000000000,37.14950000000000,0,Hardware: Legacy Flip,-0.16800000000000,1.58110000000000,33.34920000000000,0.00000000000000,-31.73870000000000,13.77330000000000,0.00000000000000
ruffle.exe,9152,0x0000000000000000,Other,1,0,0,69.84422300000000,0.00000000000000,30.75620000000000,0,Hardware: Legacy Flip,-0.09570000000000,4.08740000000000,33.26250000000000,0.00000000000000,-29.14410000000000,13.43050000000000,0.00000000000000
ruffle.exe,9152,0x0000000000000000,Other,1,0,0,69.87884330000000,0.00000000000000,34.62030000000000,0,Hardware: Legacy Flip,-0.11720000000000,2.84720000000000,33.38010000000000,0.00000000000000,-30.51890000000000,15.27470000000000,0.00000000000000
ruffle.exe,9152,0x0000000000000000,Other,1,0,0,69.91689740000000,0.00000000000000,38.05410000000001,0,Hardware: Legacy Flip,-0.11120000000000,14.84210000000000,50.04900000000000,0.00000000000000,-35.18130000000000,15.43110000000000,0.00000000000000
ruffle.exe,9152,0x0000000000000000,Other,1,0,0,69.94343550000001,0.00000000000000,26.53810000000000,0,Hardware: Legacy Flip,-0.13640000000000,4.91110000000000,16.60710000000000,0.00000000000000,-13.51990000000000,13.23660000000000,0.00000000000000
ruffle.exe,9152,0x0000000000000000,Other,1,0,0,69.97475440000001,0.00000000000000,31.31890000000000,0,Hardware: Legacy Flip,-0.14590000000000,6.92590000000000,33.33370000000000,0.00000000000000,-26.38250000000000,13.55010000000000,0.00000000000000
ruffle.exe,9152,0x0000000000000000,Other,1,0,0,70.01550630000000,0.00000000000000,40.75190000000000,0,Hardware: Legacy Flip,-0.10070000000000,16.32650000000000,50.15250000000000,0.00000000000000,-33.80400000000000,13.77530000000000,0.00000000000000
ruffle.exe,9152,0x0000000000000000,Other,1,0,0,70.04179050000000,0.00000000000000,26.28420000000000,0,Hardware: Legacy Flip,-0.12970000000000,6.59140000000000,16.54910000000000,0.00000000000000,-13.92090000000000,13.20810000000000,0.00000000000000
ruffle.exe,9152,0x0000000000000000,Other,1,0,0,70.08179300000000,0.00000000000000,40.00250000000000,0,Hardware: Legacy Flip,-0.12050000000000,16.59470000000000,50.00580000000000,0.00000000000000,-33.37320000000000,15.27220000000000,0.00000000000000
ruffle.exe,9152,0x0000000000000000,Other,1,0,0,70.11889850000000,0.00000000000000,37.10550000000000,0,Hardware: Legacy Flip,-0.10200000000000,12.80280000000000,33.31360000000000,0.00000000000000,-20.47060000000000,15.52370000000000,0.00000000000000
ruffle.exe,9152,0x0000000000000000,Other,1,0,0,70.14629870000000,0.00000000000000,27.40020000000000,0,Hardware: Legacy Flip,-0.14930000000000,2.09790000000000,16.69530000000000,0.00000000000000,-14.56850000000000,13.53000000000000,0.00000000000000
ruffle.exe,9152,0x0000000000000000,Other,1,0,0,70.17690510000000,0.00000000000000,30.60640000000000,0,Hardware: Legacy Flip,-0.15160000000000,4.86020000000000,33.36870000000000,0.00000000000000,-28.48330000000000,13.71070000000000,0.00000000000000
ruffle.exe,9152,0x0000000000000000,Other,1,0,0,70.21113630000001,0.00000000000000,34.23120000000000,0,Hardware: Legacy Flip,-0.13910000000000,3.91110000000000,33.28210000000000,0.00000000000000,-29.34640000000000,13.79210000000000,0.00000000000000
ruffle.exe,9152,0x0000000000000000,Other,1,0,0,70.23943900000000,0.00000000000000,28.30270000000000,0,Hardware: Legacy Flip,-0.15060000000000,8.94250000000000,33.33410000000000,0.00000000000000,-24.36860000000000,13.54880000000000,0.00000000000000
ruffle.exe,9152,0x0000000000000000,Other,1,0,0,70.27690990000001,0.00000000000000,37.47090000000000,0,Hardware: Legacy Flip,-0.17960000000000,4.80290000000000,33.33130000000000,0.00000000000000,-28.50100000000000,13.80820000000000,0.00000000000000
ruffle.exe,9152,0x0000000000000000,Other,1,0,0,70.33138790000001,0.00000000000000,54.47800000000000,0,Hardware: Legacy Flip,-0.15640000000000,17.01450000000000,66.68960000000000,0.00000000000000,-49.64250000000001,15.69570000000000,0.00000000000000
ruffle.exe,9152,0x0000000000000000,Other,1,0,0,70.35651009999999,0.00000000000000,25.12220000000000,0,Hardware: Legacy Flip,-0.28090000000000,8.59080000000000,16.69850000000000,0.00000000000000,-15.35870000000000,14.89920000000000,0.00000000000000
ruffle.exe,9152,0x0000000000000000,Other,1,0,0,70.38060620000000,0.00000000000000,24.09610000000000,0,Hardware: Legacy Flip,-0.14860000000000,1.11840000000000,16.62370000000000,0.00000000000000,-15.47390000000000,13.41960000000000,0.00000000000000
ruffle.exe,9152,0x0000000000000000,Other,1,0,0,70.41416820000001,0.00000000000000,33.56200000000000,0,Hardware: Legacy Flip,-0.15170000000000,0.89280000000000,33.33640000000000,0.00000000000000,-32.42280000000000,13.76260000000000,0.00000000000000
ruffle.exe,9152,0x0000000000000000,Other,1,0,0,70.44617140000001,0.00000000000000,32.00320000000000,0,Hardware: Legacy Flip,-0.14230000000000,2.23310000000000,33.34350000000000,0.00000000000000,-31.07840000000000,13.53650000000000,0.00000000000000
ruffle.exe,9152,0x0000000000000000,Other,1,0,0,70.67902090000000,0.00000000000000,232.84950000000001,0,Hardware: Legacy Flip,-0.19790000000000,2.74800000000000,233.36440000000002,0.00000000000000,-230.58940000000001,13.56670000000000,0.00000000000000
ruffle.exe,9152,0x0000000000000000,Other,1,0,0,70.71710490000001,0.00000000000000,38.08400000000000,0,Hardware: Legacy Flip,-0.18090000000000,14.78920000000000,50.12520000000000,0.00000000000000,-35.29830000000000,13.71490000000000,0.00000000000000
ruffle.exe,9152,0x0000000000000000,Other,1,0,0,70.73882739999999,0.00000000000000,21.72250000000000,0,Hardware: Legacy Flip,-0.11410000000000,9.61170000000000,16.54500000000000,0.00000000000000,-13.37190000000000,13.12590000000000,0.00000000000000
ruffle.exe,9152,0x0000000000000000,Other,1,0,0,70.76317690000000,0.00000000000000,24.34950000000000,0,Hardware: Legacy Flip,-0.11490000000000,1.92040000000000,16.65820000000000,0.00000000000000,-14.69900000000000,13.55830000000000,0.00000000000000
ruffle.exe,9152,0x0000000000000000,Other,1,0,0,70.79630530000001,0.00000000000000,33.12840000000000,0,Hardware: Legacy Flip,-0.13130000000000,2.13720000000000,33.34520000000000,0.00000000000000,-31.16890000000000,13.44670000000000,0.00000000000000
ruffle.exe,9152,0x0000000000000000,Other,1,0,0,70.83067620000000,0.00000000000000,34.37090000000000,0,Hardware: Legacy Flip,-0.17950000000000,1.10300000000000,33.33670000000000,0.00000000000000,-32.20340000000000,13.58860000000000,0.00000000000000
ruffle.exe,9152,0x0000000000000000,Other,1,0,0,70.86948990000000,0.00000000000000,38.81370000000000,0,Hardware: Legacy Flip,-0.14030000000000,12.31240000000000,50.02310000000000,0.00000000000000,-37.67480000000000,15.31660000000000,0.00000000000000
ruffle.exe,9152,0x0000000000000000,Other,1,0,0,70.90792070000001,0.00000000000000,38.43080000000000,0,Hardware: Legacy Flip,-0.13060000000000,7.22400000000000,33.34240000000000,0.00000000000000,-26.08760000000000,15.18350000000000,0.00000000000000
ruffle.exe,9152,0x0000000000000000,Other,1,0,0,70.93475909999999,0.00000000000000,26.83840000000000,0,Hardware: Legacy Flip,-0.11910000000000,13.68720000000000,33.30160000000000,0.00000000000000,-19.59080000000000,13.57720000000000,0.00000000000000
ruffle.exe,9152,0x0000000000000000,Other,1,0,0,70.96413000000001,0.00000000000000,29.37090000000000,0,Hardware: Legacy Flip,-0.13360000000000,0.98760000000000,16.67130000000000,0.00000000000000,-15.65480000000000,13.64180000000000,0.00000000000000
ruffle.exe,9152,0x0000000000000000,Other,1,0,0,70.99802740000001,0.00000000000000,33.89740000000000,0,Hardware: Legacy Flip,-0.14540000000000,0.42070000000000,33.33050000000000,0.00000000000000,-32.88480000000000,13.73230000000000,0.00000000000000
ruffle.exe,9152,0x0000000000000000,Other,1,0,0,71.03119340000001,0.00000000000000,33.16600000000000,0,Hardware: Legacy Flip,-0.13360000000000,0.56830000000000,33.31360000000000,0.00000000000000,-32.72250000000000,13.72970000000000,0.00000000000000
ruffle.exe,9152,0x0000000000000000,Other,1,0,0,71.06567220000001,0.00000000000000,34.47880000000000,0,Hardware: Legacy Flip,-0.17150000000000,16.15410000000000,50.06460000000001,0.00000000000000,-33.88850000000000,15.37190000000000,0.00000000000000
ruffle.exe,9152,0x0000000000000000,Other,1,0,0,71.09990050000000,0.00000000000000,34.22830000000000,0,Hardware: Legacy Flip,-0.16210000000000,15.22730000000000,33.30150000000000,0.00000000000000,-18.04360000000000,15.40150000000000,0.00000000000000
ruffle.exe,9152,0x0000000000000000,Other,1,0,0,71.13041170000000,0.00000000000000,30.51120000000000,0,Hardware: Legacy Flip,-0.16270000000000,1.41290000000000,16.69680000000000,0.00000000000000,-15.25440000000000,13.68930000000000,0.00000000000000
ruffle.exe,9152,0x0000000000000000,Other,1,0,0,71.17541280000000,0.00000000000000,45.00110000000000,0,Hardware: Legacy Flip,-0.15630000000000,6.52380000000000,50.11200000000000,0.00000000000000,-43.56340000000000,13.45700000000000,0.00000000000000
ruffle.exe,9152,0x0000000000000000,Other,1,0,0,71.19863760000000,0.00000000000000,23.22480000000000,0,Hardware: Legacy Flip,-0.18870000000000,16.53600000000000,33.23700000000000,0.00000000000000,-16.64940000000000,13.70960000000000,0.00000000000000
ruffle.exe,9152,0x0000000000000000,Other,1,0,0,71.23377740000001,0.00000000000000,35.13980000000000,0,Hardware: Legacy Flip,-0.10580000000000,14.68980000000000,33.29360000000000,0.00000000000000,-18.55710000000000,13.65680000000000,0.00000000000000
ruffle.exe,9152,0x0000000000000000,Other,1,0,0,71.26520540000001,0.00000000000000,31.42800000000000,0,Hardware: Legacy Flip,-0.11380000000000,16.63290000000000,33.37110000000000,0.00000000000000,-16.69740000000000,13.50610000000000,0.00000000000000
ruffle.exe,9152,0x0000000000000000,Other,1,0,0,71.30378170000000,0.00000000000000,38.57630000000000,0,Hardware: Legacy Flip,-0.13650000000000,11.37140000000000,33.31480000000000,0.00000000000000,-21.90950000000000,15.86740000000000,0.00000000000000
ruffle.exe,9152,0x0000000000000000,Other,1,0,0,71.33403650000001,0.00000000000000,30.25480000000000,0,Hardware: Legacy Flip,-0.11510000000000,14.46640000000000,33.34980000000000,0.00000000000000,-18.84260000000000,15.45580000000000,0.00000000000000
ruffle.exe,9152,0x0000000000000000,Other,1,0,0,71.36336229999999,0.00000000000000,29.32580000000000,0,Hardware: Legacy Flip,-0.24080000000000,1.82100000000000,16.68040000000000,0.00000000000000,-14.82300000000000,13.80630000000000,0.00000000000000
ruffle.exe,9152,0x0000000000000000,Other,1,0,0,71.39647430000001,0.00000000000000,33.11200000000000,0,Hardware: Legacy Flip,-0.16520000000000,2.08460000000000,33.37560000000000,0.00000000000000,-31.26300000000000,13.86100000000000,0.00000000000000
ruffle.exe,9152,0x0000000000000000,Other,1,0,0,71.43486710000001,0.00000000000000,38.39280000000000,0,Hardware: Legacy Flip,-0.17620000000000,13.67890000000000,49.98710000000001,0.00000000000000,-36.27390000000000,13.90590000000000,0.00000000000000
ruffle.exe,9152,0x0000000000000000,Other,1,0,0,71.46799260000000,0.00000000000000,33.12550000000000,0,Hardware: Legacy Flip,-0.16300000000000,13.84320000000000,33.28980000000000,0.00000000000000,-19.41520000000000,13.86580000000000,0.00000000000000
ruffle.exe,9152,0x0000000000000000,Other,1,0,0,71.72379140000001,0.00000000000000,255.79880000000000,0,Hardware: Legacy Flip,-0.21520000000000,8.09870000000000,250.05430000000001,0.00000000000000,-241.91540000000001,14.07080000000000,0.00000000000000
ruffle.exe,9152,0x0000000000000000,Other,1,0,0,71.74833000000001,0.00000000000000,24.53860000000000,0,Hardware: Legacy Flip,-0.18580000000000,17.07620000000000,33.51610000000000,0.00000000000000,-16.39890000000000,14.04140000000000,0.00000000000000
ruffle.exe,9152,0x0000000000000000,Other,1,0,0,71.77475490000000,0.00000000000000,26.42490000000000,0,Hardware: Legacy Flip,-0.13070000000000,7.15220000000000,16.50090000000000,0.00000000000000,-13.51310000000000,13.20790000000000,0.00000000000000
ruffle.exe,9152,0x0000000000000000,Other,1,0,0,71.80634560000000,0.00000000000000,31.59070000000000,0,Hardware: Legacy Flip,-0.13610000000000,8.85770000000000,33.29620000000000,0.00000000000000,-24.41120000000000,13.81430000000000,0.00000000000000
ruffle.exe,9152,0x0000000000000000,Other,1,0,0,71.84644500000000,0.00000000000000,40.09940000000000,0,Hardware: Legacy Flip,-0.12210000000000,2.06110000000000,33.30280000000000,0.00000000000000,-31.20590000000000,15.58160000000000,0.00000000000000
ruffle.exe,9152,0x0000000000000000,Other,1,0,0,71.87802069999999,0.00000000000000,31.57570000000000,0,Hardware: Legacy Flip,-0.15180000000000,3.85520000000000,33.36980000000001,0.00000000000000,-29.49260000000000,15.50810000000000,0.00000000000000
ruffle.exe,9152,0x0000000000000000,Other,1,0,0,71.90592620000000,0.00000000000000,27.90550000000000,0,Hardware: Legacy Flip,-0.11980000000000,9.28140000000000,33.33170000000000,0.00000000000000,-24.00390000000000,13.75680000000000,0.00000000000000
ruffle.exe,9152,0x0000000000000000,Other,1,0,0,71.94188840000000,0.00000000000000,35.96220000000000,0,Hardware: Legacy Flip,-0.14410000000000,6.64310000000000,33.32390000000000,0.00000000000000,-26.65310000000000,13.77720000000000,0.00000000000000
ruffle.exe,9152,0x0000000000000000,Other,1,0,0,71.97875040000001,0.00000000000000,36.86200000000000,0,Hardware: Legacy Flip,-0.10600000000000,3.11510000000000,33.33400000000000,0.00000000000000,-30.19620000000000,13.72430000000000,0.00000000000000
ruffle.exe,9152,0x0000000000000000,Other,1,0,0,72.00451090000000,0.00000000000000,25.76050000000000,0,Hardware: Legacy Flip,-0.17090000000000,10.75480000000000,33.40020000000000,0.00000000000000,-22.61920000000000,13.88510000000000,0.00000000000000
ruffle.exe,9152,0x0000000000000000,Other,1,0,0,72.05574620000000,0.00000000000000,51.23530000000000,0,Hardware: Legacy Flip,-0.16960000000000,9.50950000000000,49.99000000000000,0.00000000000000,-40.43560000000000,15.70390000000000,0.00000000000000
ruffle.exe,9152,0x0000000000000000,Other,1,0,0,72.08075160000000,0.00000000000000,25.00540000000000,0,Hardware: Legacy Flip,-0.18310000000000,1.19740000000000,16.69330000000000,0.00000000000000,-15.45870000000000,15.05560000000000,0.00000000000000
ruffle.exe,9152,0x0000000000000000,Other,1,0,0,72.10855120000001,0.00000000000000,27.79960000000000,0,Hardware: Legacy Flip,-0.11270000000000,6.69510000000000,33.29730000000000,0.00000000000000,-26.56450000000000,13.71950000000000,0.00000000000000
ruffle.exe,9152,0x0000000000000000,Other,1,0,0,72.14664550000001,0.00000000000000,38.09430000000000,0,Hardware: Legacy Flip,-0.18960000000000,1.92220000000000,33.32140000000000,0.00000000000000,-31.36750000000000,13.98180000000000,0.00000000000000
ruffle.exe,9152,0x0000000000000000,Other,1,0,0,72.17162250000000,0.00000000000000,24.97700000000000,0,Hardware: Legacy Flip,-0.14720000000000,10.28650000000000,33.34130000000000,0.00000000000000,-23.02510000000000,13.82050000000000,0.00000000000000
ruffle.exe,9152,0x0000000000000000,Other,1,0,0,72.20359770000000,0.00000000000000,31.97520000000000,0,Hardware: Legacy Flip,-0.15080000000000,11.65760000000000,33.34630000000000,0.00000000000000,-21.66200000000000,14.00590000000000,0.00000000000000
ruffle.exe,9152,0x0000000000000000,Other,1,0,0,72.23990400000000,0.00000000000000,36.30630000000000,0,Hardware: Legacy Flip,-0.12810000000000,8.66870000000000,33.31740000000000,0.00000000000000,-24.61120000000000,13.82620000000000,0.00000000000000
ruffle.exe,9152,0x0000000000000000,Other,1,0,0,72.27429240000001,0.00000000000000,34.38840000000000,0,Hardware: Legacy Flip,-0.15260000000000,7.61650000000000,33.33620000000000,0.00000000000000,-25.68850000000000,15.58240000000000,0.00000000000000
ruffle.exe,9152,0x0000000000000000,Other,1,0,0,72.30871570000001,0.00000000000000,34.42330000000000,0,Hardware: Legacy Flip,-0.12830000000000,6.58510000000000,33.39190000000000,0.00000000000000,-26.77370000000000,15.57030000000000,0.00000000000000
ruffle.exe,9152,0x0000000000000000,Other,1,0,0,72.34080630000000,0.00000000000000,32.09060000000000,0,Hardware: Legacy Flip,-0.14940000000000,7.79690000000000,33.30240000000000,0.00000000000000,-25.45660000000000,14.13570000000000,0.00000000000000
ruffle.exe,9152,0x0000000000000000,Other,1,0,0,72.37319850000000,0.00000000000000,32.39220000000000,0,Hardware: Legacy Flip,-0.14160000000000,8.72600000000000,33.32130000000000,0.00000000000000,-24.56230000000000,13.80540000000000,0.00000000000000
ruffle.exe,9152,0x0000000000000000,Other,1,0,0,72.40986530000001,0.00000000000000,36.66680000000000,0,Hardware: Legacy Flip,-0.18730000000000,5.40840000000000,33.34920000000000,0.00000000000000,-27.91140000000000,14.00250000000000,0.00000000000000
ruffle.exe,9152,0x0000000000000000,Other,1,0,0,72.44133430000001,0.00000000000000,31.46900000000000,0,Hardware: Legacy Flip,-0.16780000000000,7.26700000000000,33.32760000000000,0.00000000000000,-26.02690000000000,14.21010000000000,0.00000000000000
ruffle.exe,9152,0x0000000000000000,Other,1,0,0,72.47839949999999,0.00000000000000,37.06520000000000,0,Hardware: Legacy Flip,-0.17990000000000,3.57660000000000,33.37480000000000,0.00000000000000,-29.76800000000000,15.86840000000000,0.00000000000000
ruffle.exe,9152,0x0000000000000000,Other,1,0,0,72.72924780000000,0.00000000000000,250.84830000000002,0,Hardware: Legacy Flip,-0.16180000000000,2.68220000000000,249.95390000000000,0.00000000000000,-247.23170000000002,15.04280000000000,0.00000000000000
ruffle.exe,9152,0x0000000000000000,Other,1,0,0,72.75073310000001,0.00000000000000,21.48530000000000,0,Hardware: Legacy Flip,-0.19330000000000,14.62170000000000,33.42480000000000,0.00000000000000,-18.76280000000000,14.30090000000000,0.00000000000000
ruffle.exe,9152,0x0000000000000000,Other,1,0,0,72.77818170000000,0.00000000000000,27.44860000000000,0,Hardware: Legacy Flip,-0.22120000000000,3.85290000000000,16.67980000000000,0.00000000000000,-14.21630000000000,13.75590000000000,0.00000000000000
ruffle.exe,9152,0x0000000000000000,Other,1,0,0,72.81305270000000,0.00000000000000,34.87100000000000,0,Hardware: Legacy Flip,-0.24030000000000,2.24060000000000,33.25870000000000,0.00000000000000,-30.98300000000000,15.75250000000000,0.00000000000000
ruffle.exe,9152,0x0000000000000000,Other,1,0,0,72.84043230000000,0.00000000000000,27.37960000000000,0,Hardware: Legacy Flip,-0.14920000000000,8.19560000000000,33.33460000000000,0.00000000000000,-25.10000000000000,15.89710000000000,0.00000000000000
ruffle.exe,9152,0x0000000000000000,Other,1,0,0,72.87141460000001,0.00000000000000,30.98230000000000,0,Hardware: Legacy Flip,-0.12020000000000,10.54810000000000,33.33480000000000,0.00000000000000,-22.74160000000000,14.02550000000000,0.00000000000000
ruffle.exe,9152,0x0000000000000000,Other,1,0,0,72.90275100000001,0.00000000000000,31.33640000000000,0,Hardware: Legacy Flip,-0.14170000000000,12.53610000000000,33.32440000000000,0.00000000000000,-20.74240000000000,14.06330000000000,0.00000000000000
ruffle.exe,9152,0x0000000000000000,Other,1,0,0,72.94123039999999,0.00000000000000,38.47940000000001,0,Hardware: Legacy Flip,-0.12330000000000,7.41880000000000,33.36210000000000,0.00000000000000,-25.91560000000000,13.74010000000000,0.00000000000000
ruffle.exe,9152,0x0000000000000000,Other,1,0,0,72.97341650000001,0.00000000000000,32.18610000000000,0,Hardware: Legacy Flip,-0.16120000000000,8.68610000000000,33.45340000000000,0.00000000000000,-24.70070000000000,13.75060000000000,0.00000000000000
ruffle.exe,9152,0x0000000000000000,Other,1,0,0,73.00643680000000,0.00000000000000,33.02030000000000,0,Hardware: Legacy Flip,-0.14350000000000,8.87750000000000,33.21170000000000,0.00000000000000,-24.29970000000000,15.26120000000000,0.00000000000000
ruffle.exe,9152,0x0000000000000000,Other,1,0,0,73.04289650000000,0.00000000000000,36.45970000000001,0,Hardware: Legacy Flip,-0.13730000000000,5.77640000000000,33.35860000000000,0.00000000000000,-27.55660000000000,15.62540000000000,0.00000000000000
ruffle.exe,9152,0x0000000000000000,Other,1,0,0,73.07204480000000,0.00000000000000,29.14830000000000,0,Hardware: Legacy Flip,-0.11480000000000,10.49430000000000,33.86620000000000,0.00000000000000,-23.32630000000000,13.50930000000000,0.00000000000000
ruffle.exe,9152,0x0000000000000000,Other,1,0,0,73.10165700000000,0.00000000000000,29.61220000000000,0,Hardware: Legacy Flip,-0.12730000000000,13.63990000000000,32.75780000000000,0.00000000000000,-19.08500000000000,13.49200000000000,0.00000000000000
ruffle.exe,9152,0x0000000000000000,Other,1,0,0,73.13575980000000,0.00000000000000,34.10280000000000,0,Hardware: Legacy Flip,-0.14420000000000,12.88780000000000,33.35070000000000,0.00000000000000,-20.43000000000000,13.86120000000000,0.00000000000000
ruffle.exe,9152,0x0000000000000000,Other,1,0,0,73.17437300000000,0.00000000000000,38.61320000000000,0,Hardware: Legacy Flip,-0.18790000000000,7.65340000000000,33.37880000000000,0.00000000000000,-25.68240000000000,13.72530000000000,0.00000000000000
ruffle.exe,9152,0x0000000000000000,Other,1,0,0,73.20468219999999,0.00000000000000,30.30920000000000,0,Hardware: Legacy Flip,-0.11930000000000,10.67450000000000,33.33030000000000,0.00000000000000,-22.61680000000000,13.54380000000000,0.00000000000000
ruffle.exe,9152,0x0000000000000000,Other,1,0,0,73.24100729999999,0.00000000000000,36.32510000000000,0,Hardware: Legacy Flip,-0.11390000000000,7.64480000000000,33.29540000000000,0.00000000000000,-25.61710000000000,15.34050000000000,0.00000000000000
ruffle.exe,9152,0x0000000000000000,Other,1,0,0,73.27726930000000,0.00000000000000,36.26200000000000,0,Hardware: Legacy Flip,-0.09520000000000,4.70770000000000,33.32490000000000,0.00000000000000,-28.56390000000000,15.48830000000000,0.00000000000000
ruffle.exe,9152,0x0000000000000000,Other,1,0,0,73.30477290000000,0.00000000000000,27.50360000000000,0,Hardware: Legacy Flip,-0.15430000000000,10.56780000000000,33.36370000000000,0.00000000000000,-22.77150000000000,13.66390000000000,0.00000000000000
ruffle.exe,9152,0x0000000000000000,Other,1,0,0,73.33959390000001,0.00000000000000,34.82100000000001,0,Hardware: Legacy Flip,-0.11110000000000,9.08960000000000,33.34280000000000,0.00000000000000,-24.22220000000000,13.72340000000000,0.00000000000000
ruffle.exe,9152,0x0000000000000000,Other,1,0,0,73.37982470000000,0.00000000000000,40.23080000000000,0,Hardware: Legacy Flip,-0.22540000000000,2.17530000000000,33.31650000000000,0.00000000000000,-31.09730000000000,13.89760000000000,0.00000000000000
ruffle.exe,9152,0x0000000000000000,Other,1,0,0,73.40795310000000,0.00000000000000,28.12840000000000,0,Hardware: Legacy Flip,-0.12550000000000,7.38620000000000,33.33930000000000,0.00000000000000,-25.92460000000000,13.50140000000000,0.00000000000000
ruffle.exe,9152,0x0000000000000000,Other,1,0,0,73.44371339999999,0.00000000000000,35.76030000000000,0,Hardware: Legacy Flip,-0.11910000000000,4.95750000000000,33.33160000000000,0.00000000000000,-28.35160000000000,15.40100000000000,0.00000000000000
ruffle.exe,9152,0x0000000000000000,Other,1,0,0,73.47339980000000,0.00000000000000,29.68640000000000,0,Hardware: Legacy Flip,-0.16510000000000,8.64970000000000,33.37860000000000,0.00000000000000,-24.69800000000000,15.46830000000000,0.00000000000000
ruffle.exe,9152,0x0000000000000000,Other,1,0,0,73.65797940000000,0.00000000000000,184.57960000000000,0,Hardware: Legacy Flip,-0.14480000000000,7.38190000000000,183.31180000000001,0.00000000000000,-175.89510000000001,13.74950000000000,0.00000000000000
ruffle.exe,9152,0x0000000000000000,Other,1,0,0,73.68262300000001,0.00000000000000,24.64360000000000,0,Hardware: Legacy Flip,-0.14430000000000,16.09660000000000,33.35830000000000,0.00000000000000,-17.22850000000000,13.52160000000000,0.00000000000000
ruffle.exe,9152,0x0000000000000000,Other,1,0,0,73.71486890000000,0.00000000000000,32.24590000000000,0,Hardware: Legacy Flip,-0.15040000000000,0.48780000000000,16.63710000000000,0.00000000000000,-16.11620000000000,13.82960000000000,0.00000000000000
ruffle.exe,9152,0x0000000000000000,Other,1,0,0,73.75091780000000,0.00000000000000,36.04890000000000,0,Hardware: Legacy Flip,-0.11280000000000,14.45840000000000,50.01950000000000,0.00000000000000,-35.53610000000000,15.35570000000000,0.00000000000000
ruffle.exe,9152,0x0000000000000000,Other,1,0,0,73.79157069999999,0.00000000000000,40.65290000000000,0,Hardware: Legacy Flip,-0.19150000000000,7.15990000000000,33.35440000000000,0.00000000000000,-26.16570000000000,15.46370000000000,0.00000000000000
ruffle.exe,9152,0x0000000000000000,Other,1,0,0,73.81847730000000,0.00000000000000,26.90660000000000,0,Hardware: Legacy Flip,-0.15250000000000,13.55800000000000,33.30470000000000,0.00000000000000,-19.71410000000000,13.60870000000000,0.00000000000000
ruffle.exe,9152,0x0000000000000000,Other,1,0,0,73.84934510000001,0.00000000000000,30.86780000000000,0,Hardware: Legacy Flip,-0.14710000000000,16.03470000000000,33.34450000000000,0.00000000000000,-17.27180000000000,13.75180000000000,0.00000000000000
ruffle.exe,9152,0x0000000000000000,Other,1,0,0,73.88507350000000,0.00000000000000,35.72840000000000,0,Hardware: Legacy Flip,-0.12120000000000,13.63960000000000,33.33330000000000,0.00000000000000,-19.66310000000000,13.58200000000000,0.00000000000000
ruffle.exe,9152,0x0000000000000000,Other,1,0,0,73.91924520000001,0.00000000000000,34.17170000000000,0,Hardware: Legacy Flip,-0.14170000000000,12.80600000000000,33.33810000000000,0.00000000000000,-20.50430000000000,13.81230000000000,0.00000000000000
ruffle.exe,9152,0x0000000000000000,Other,1,0,0,73.95788960000000,0.00000000000000,38.64440000000000,0,Hardware: Legacy Flip,-0.16860000000000,7.52440000000000,33.36280000000000,0.00000000000000,-25.80600000000000,15.45360000000000,0.00000000000000
ruffle.exe,9152,0x0000000000000000,Other,1,0,0,73.99070490000000,0.00000000000000,32.81530000000000,0,Hardware: Legacy Flip,-0.16370000000000,8.04100000000000,33.33190000000000,0.00000000000000,-25.25290000000000,15.44160000000000,0.00000000000000
ruffle.exe,9152,0x0000000000000000,Other,1,0,0,74.01720800000000,0.00000000000000,26.50310000000000,0,Hardware: Legacy Flip,-0.10390000000000,14.83920000000000,33.30130000000000,0.00000000000000,-18.42740000000000,13.68520000000000,0.00000000000000
ruffle.exe,9152,0x0000000000000000,Other,1,0,0,74.05129549999999,0.00000000000000,34.08750000000000,0,Hardware: Legacy Flip,-0.19100000000000,14.14370000000000,33.39200000000000,0.00000000000000,-19.22260000000000,13.67920000000000,0.00000000000000
ruffle.exe,9152,0x0000000000000000,Other,1,0,0,74.08950720000000,0.00000000000000,38.21170000000000,0,Hardware: Legacy Flip,-0.12740000000000,9.26540000000000,33.33340000000000,0.00000000000000,-24.02450000000000,13.65920000000000,0.00000000000000
ruffle.exe,9152,0x0000000000000000,Other,1,0,0,74.12195440000001,0.00000000000000,32.44720000000000,0,Hardware: Legacy Flip,-0.14730000000000,10.11460000000000,33.29640000000000,0.00000000000000,-23.15020000000000,13.86750000000000,0.00000000000000
ruffle.exe,9152,0x0000000000000000,Other,1,0,0,74.15401070000000,0.00000000000000,32.05630000000000,0,Hardware: Legacy Flip,-0.14930000000000,11.39350000000000,33.33520000000000,0.00000000000000,-21.91080000000000,13.71190000000000,0.00000000000000
ruffle.exe,9152,0x0000000000000000,Other,1,0,0,74.18735839999999,0.00000000000000,33.34770000000000,0,Hardware: Legacy Flip,-0.20270000000000,11.41830000000000,33.37250000000000,0.00000000000000,-21.92070000000000,15.54050000000000,0.00000000000000
ruffle.exe,9152,0x0000000000000000,Other,1,0,0,74.22811930000000,0.00000000000000,40.76090000000000,0,Hardware: Legacy Flip,-0.16890000000000,3.95210000000000,33.29470000000000,0.00000000000000,-29.30690000000000,15.41950000000000,0.00000000000000
ruffle.exe,9152,0x0000000000000000,Other,1,0,0,74.25075690000000,0.00000000000000,22.63760000000000,0,Hardware: Legacy Flip,-0.16890000000000,14.65340000000000,33.33890000000000,0.00000000000000,-18.66150000000000,13.72300000000000,0.00000000000000
ruffle.exe,9152,0x0000000000000000,Other,1,0,0,74.28323460000000,0.00000000000000,32.47770000000000,0,Hardware: Legacy Flip,-0.14960000000000,15.51880000000000,33.34310000000000,0.00000000000000,-17.79600000000000,13.60280000000000,0.00000000000000
ruffle.exe,9152,0x0000000000000000,Other,1,0,0,74.31697020000000,0.00000000000000,33.73560000000001,0,Hardware: Legacy Flip,-0.13220000000000,15.11210000000000,33.32890000000000,0.00000000000000,-18.18650000000000,13.83730000000000,0.00000000000000
ruffle.exe,9152,0x0000000000000000,Other,1,0,0,74.35057550000001,0.00000000000000,33.60530000000000,0,Hardware: Legacy Flip,-0.17430000000000,14.90240000000000,33.39560000000000,0.00000000000000,-18.46870000000000,13.67870000000000,0.00000000000000
ruffle.exe,9152,0x0000000000000000,Other,1,0,0,74.38916890000000,0.00000000000000,38.59340000000000,0,Hardware: Legacy Flip,-0.15630000000000,9.59050000000000,33.28150000000000,0.00000000000000,-23.65700000000000,15.48410000000000,0.00000000000000
ruffle.exe,9152,0x0000000000000000,Other,1,0,0,74.42312500000000,0.00000000000000,33.95610000000000,0,Hardware: Legacy Flip,-0.11020000000000,8.94750000000000,33.31310000000000,0.00000000000000,-24.33850000000000,15.39650000000000,0.00000000000000
ruffle.exe,9152,0x0000000000000000,Other,1,0,0,74.44957070000000,0.00000000000000,26.44570000000000,0,Hardware: Legacy Flip,-0.14070000000000,15.86030000000000,33.35850000000000,0.00000000000000,-17.45050000000000,13.58040000000000,0.00000000000000
ruffle.exe,9152,0x0000000000000000,Other,1,0,0,74.72075819999999,0.00000000000000,271.18750000000000,0,Hardware: Legacy Flip,-0.14760000000000,11.38150000000000,266.70870000000002,0.00000000000000,-255.28510000000000,13.86740000000000,0.00000000000000
ruffle.exe,9152,0x0000000000000000,Other,1,0,0,74.75166080000000,0.00000000000000,30.90260000000000,0,Hardware: Legacy Flip,-0.12140000000000,13.80150000000000,33.32260000000000,0.00000000000000,-19.49030000000000,15.57690000000000,0.00000000000000
ruffle.exe,9152,0x0000000000000000,Other,1,0,0,74.77846330000000,0.00000000000000,26.80250000000000,0,Hardware: Legacy Flip,-0.15590000000000,3.67710000000000,16.67810000000000,0.00000000000000,-15.41890000000000,15.02960000000000,0.00000000000000
ruffle.exe,9152,0x0000000000000000,Other,1,0,0,74.80388990000000,0.00000000000000,25.42660000000000,0,Hardware: Legacy Flip,-0.14290000000000,11.56690000000000,33.31640000000000,0.00000000000000,-21.71590000000000,13.67230000000000,0.00000000000000
ruffle.exe,9152,0x0000000000000000,Other,1,0,0,74.83208900000001,0.00000000000000,28.19910000000000,0,Hardware: Legacy Flip,-0.14080000000000,16.73730000000000,33.36950000000000,0.00000000000000,-16.59980000000000,13.76660000000000,0.00000000000000
ruffle.exe,9152,0x0000000000000000,Other,1,0,0,74.86395430000000,0.00000000000000,31.86530000000000,0,Hardware: Legacy Flip,-0.14790000000000,1.52780000000000,16.65580000000000,0.00000000000000,-15.09820000000000,13.73620000000000,0.00000000000000
ruffle.exe,9152,0x0000000000000000,Other,1,0,0,74.89886240000000,0.00000000000000,34.90810000000000,0,Hardware: Legacy Flip,-0.19790000000000,16.69550000000000,50.07580000000000,0.00000000000000,-33.35460000000000,13.91700000000000,0.00000000000000
ruffle.exe,9152,0x0000000000000000,Other,1,0,0,74.93117669999999,0.00000000000000,32.31430000000000,0,Hardware: Legacy Flip,-0.22060000000000,0.97900000000000,16.59780000000000,0.00000000000000,-15.58430000000000,15.18340000000000,0.00000000000000
ruffle.exe,9152,0x0000000000000000,Other,1,0,0,74.96309200000000,0.00000000000000,31.91530000000000,0,Hardware: Legacy Flip,-0.11060000000000,2.38580000000000,33.32210000000000,0.00000000000000,-30.90390000000000,15.35030000000000,0.00000000000000
ruffle.exe,9152,0x0000000000000000,Other,1,0,0,74.98986380000001,0.00000000000000,26.77180000000000,0,Hardware: Legacy Flip,-0.18670000000000,8.97650000000000,33.36250000000000,0.00000000000000,-24.35840000000000,13.96650000000000,0.00000000000000
ruffle.exe,9152,0x0000000000000000,Other,1,0,0,75.02345819999999,0.00000000000000,33.59440000000000,0,Hardware: Legacy Flip,-0.13710000000000,8.74740000000000,33.36530000000000,0.00000000000000,-24.58590000000000,14.03100000000000,0.00000000000000
ruffle.exe,9152,0x0000000000000000,Other,1,0,0,75.06122820000000,0.00000000000000,37.77000000000000,0,Hardware: Legacy Flip,-0.11360000000000,4.24530000000000,33.26790000000000,0.00000000000000,-28.98450000000000,13.49900000000000,0.00000000000000
ruffle.exe,9152,0x0000000000000000,Other,1,0,0,75.08869960000001,0.00000000000000,27.47140000000000,0,Hardware: Legacy Flip,-0.13030000000000,10.12920000000000,33.35530000000000,0.00000000000000,-23.19420000000000,13.63810000000000,0.00000000000000
ruffle.exe,9152,0x0000000000000000,Other,1,0,0,75.13001740000000,0.00000000000000,41.31780000000001,0,Hardware: Legacy Flip,-0.17090000000000,2.17500000000000,33.36360000000000,0.00000000000000,-31.15470000000000,14.27320000000000,0.00000000000000
ruffle.exe,9152,0x0000000000000000,Other,1,0,0,75.16121200000001,0.00000000000000,31.19460000000000,0,Hardware: Legacy Flip,-0.13160000000000,4.30960000000000,33.32920000000000,0.00000000000000,-28.96940000000000,15.41200000000000,0.00000000000000
ruffle.exe,9152,0x0000000000000000,Other,1,0,0,75.19299450000000,0.00000000000000,31.78250000000000,0,Hardware: Legacy Flip,-0.12150000000000,5.82640000000000,33.29930000000000,0.00000000000000,-27.42370000000000,15.39470000000000,0.00000000000000
ruffle.exe,9152,0x0000000000000000,Other,1,0,0,75.22440570000001,0.00000000000000,31.41120000000000,0,Hardware: Legacy Flip,-0.14100000000000,7.77710000000000,33.36190000000000,0.00000000000000,-25.55400000000000,13.95760000000000,0.00000000000000
ruffle.exe,9152,0x0000000000000000,Other,1,0,0,75.25539580000000,0.00000000000000,30.99010000000000,0,Hardware: Legacy Flip,-0.11020000000000,10.11400000000000,33.32700000000000,0.00000000000000,-23.18460000000000,13.60810000000000,0.00000000000000
ruffle.exe,9152,0x0000000000000000,Other,1,0,0,75.29210510000000,0.00000000000000,36.70930000000000,0,Hardware: Legacy Flip,-0.14540000000000,6.73430000000000,33.32960000000000,0.00000000000000,-26.56760000000000,13.76730000000000,0.00000000000000
ruffle.exe,9152,0x0000000000000000,Other,1,0,0,75.32619040000000,0.00000000000000,34.08530000000000,0,Hardware: Legacy Flip,-0.16620000000000,6.02690000000000,33.37790000000000,0.00000000000000,-27.31500000000000,14.12130000000000,0.00000000000000
ruffle.exe,9152,0x0000000000000000,Other,1,0,0,75.36412209999999,0.00000000000000,37.93170000000000,0,Hardware: Legacy Flip,-0.13870000000000,1.37650000000000,33.28130000000000,0.00000000000000,-31.86130000000000,15.63200000000000,0.00000000000000
ruffle.exe,9152,0x0000000000000000,Other,1,0,0,75.40094210000001,0.00000000000000,36.82000000000000,0,Hardware: Legacy Flip,-0.09370000000000,14.58130000000000,50.02480000000000,0.00000000000000,-35.41630000000000,15.36280000000000,0.00000000000000
ruffle.exe,9152,0x0000000000000000,Other,1,0,0,75.42719340000001,0.00000000000000,26.25130000000000,0,Hardware: Legacy Flip,-0.18950000000000,5.03360000000000,16.70360000000000,0.00000000000000,-13.97650000000000,13.56030000000000,0.00000000000000
ruffle.exe,9152,0x0000000000000000,Other,1,0,0,75.45769199999999,0.00000000000000,30.49860000000000,0,Hardware: Legacy Flip,-0.17030000000000,7.81480000000000,33.27980000000000,0.00000000000000,-25.42200000000000,13.88970000000000,0.00000000000000
ruffle.exe,9152,0x0000000000000000,Other,1,0,0,75.68301050000001,0.00000000000000,225.31850000000000,0,Hardware: Legacy Flip,-0.13490000000000,15.86890000000000,233.37260000000001,0.00000000000000,-217.47490000000002,15.65240000000000,0.00000000000000
ruffle.exe,9152,0x0000000000000000,Other,1,0,0,75.70264419999999,0.00000000000000,19.63370000000000,0,Hardware: Legacy Flip,-0.14890000000000,12.91620000000000,16.68100000000000,0.00000000000000,-15.53420000000000,15.22910000000000,0.00000000000000
ruffle.exe,9152,0x0000000000000000,Other,1,0,0,75.71990640000001,0.00000000000000,17.26220000000000,0,Hardware: Legacy Flip,-0.11300000000000,12.30020000000000,16.64620000000000,0.00000000000000,-13.58680000000000,13.29620000000000,0.00000000000000
ruffle.exe,9152,0x0000000000000000,Other,1,0,0,75.74573549999999,0.00000000000000,25.82910000000000,0,Hardware: Legacy Flip,-0.10980000000000,3.12770000000000,16.65660000000000,0.00000000000000,-13.64010000000000,13.31600000000000,0.00000000000000
ruffle.exe,9152,0x0000000000000000,Other,1,0,0,75.77874480000000,0.00000000000000,33.00930000000000,0,Hardware: Legacy Flip,-0.10950000000000,3.47070000000000,33.35230000000000,0.00000000000000,-29.86140000000000,13.92550000000000,0.00000000000000
ruffle.exe,9152,0x0000000000000000,Other,1,0,0,75.81191079999999,0.00000000000000,33.16600000000000,0,Hardware: Legacy Flip,-0.15380000000000,3.64690000000000,33.34220000000000,0.00000000000000,-29.67250000000000,13.95450000000000,0.00000000000000
ruffle.exe,9152,0x0000000000000000,Other,1,0,0,75.84854780000001,0.00000000000000,36.63700000000000,0,Hardware: Legacy Flip,-0.18090000000000,16.97630000000000,49.96640000000000,0.00000000000000,-32.96650000000000,15.80080000000000,0.00000000000000
ruffle.exe,9152,0x0000000000000000,Other,1,0,0,75.88715570000001,0.00000000000000,38.60790000000000,0,Hardware: Legacy Flip,-0.12040000000000,11.75700000000000,33.38860000000000,0.00000000000000,-21.60450000000000,15.73880000000000,0.00000000000000
ruffle.exe,9152,0x0000000000000000,Other,1,0,0,75.91241280000001,0.00000000000000,25.25710000000000,0,Hardware: Legacy Flip,-0.19430000000000,3.19670000000000,16.69680000000000,0.00000000000000,-13.80770000000000,13.46680000000000,0.00000000000000
ruffle.exe,9152,0x0000000000000000,Other,1,0,0,75.95040630000000,0.00000000000000,37.99350000000000,0,Hardware: Legacy Flip,-0.24800000000000,15.15070000000000,49.94750000000001,0.00000000000000,-34.76570000000000,14.26600000000000,0.00000000000000
ruffle.exe,9152,0x0000000000000000,Other,1,0,0,75.98508440000001,0.00000000000000,34.67810000000000,0,Hardware: Legacy Flip,-0.13260000000000,13.81870000000000,33.34610000000000,0.00000000000000,-19.49900000000000,14.06030000000000,0.00000000000000
ruffle.exe,9152,0x0000000000000000,Other,1,0,0,76.01244810000000,0.00000000000000,27.36370000000000,0,Hardware: Legacy Flip,-0.10650000000000,3.14160000000000,16.68660000000000,0.00000000000000,-13.75670000000000,13.51260000000000,0.00000000000000
ruffle.exe,9152,0x0000000000000000,Other,1,0,0,76.05211090000000,0.00000000000000,39.66280000000000,0,Hardware: Legacy Flip,-0.13120000000000,13.45760000000000,49.97880000000000,0.00000000000000,-36.49680000000000,14.09850000000000,0.00000000000000
ruffle.exe,9152,0x0000000000000000,Other,1,0,0,76.08308900000002,0.00000000000000,30.97810000000000,0,Hardware: Legacy Flip,-0.12590000000000,15.81120000000000,33.33170000000000,0.00000000000000,-17.48530000000000,15.78210000000000,0.00000000000000
ruffle.exe,9152,0x0000000000000000,Other,1,0,0,76.11721720000000,0.00000000000000,34.12820000000000,0,Hardware: Legacy Flip,-0.10100000000000,15.09310000000000,33.41010000000000,0.00000000000000,-18.27770000000000,15.65740000000000,0.00000000000000
ruffle.exe,9152,0x0000000000000000,Other,1,0,0,76.15250999999999,0.00000000000000,35.29280000000000,0,Hardware: Legacy Flip,-0.15290000000000,13.07680000000000,33.27650000000000,0.00000000000000,-20.16140000000000,14.12360000000000,0.00000000000000
ruffle.exe,9152,0x0000000000000000,Other,1,0,0,76.18335820000000,0.00000000000000,30.84820000000000,0,Hardware: Legacy Flip,-0.10590000000000,15.77800000000000,33.54940000000000,0.00000000000000,-17.73950000000000,14.08900000000000,0.00000000000000
ruffle.exe,9152,0x0000000000000000,Other,1,0,0,76.21602750000000,0.00000000000000,32.66930000000000,0,Hardware: Legacy Flip,-0.13710000000000,16.24410000000000,33.13540000000000,0.00000000000000,-16.84170000000000,14.19050000000000,0.00000000000000
ruffle.exe,9152,0x0000000000000000,Other,1,0,0,76.24708869999999,0.00000000000000,31.06120000000000,0,Hardware: Legacy Flip,-0.20670000000000,1.85840000000000,16.67550000000000,0.00000000000000,-14.78400000000000,13.83310000000000,0.00000000000000
ruffle.exe,9152,0x0000000000000000,Other,1,0,0,76.28896290000000,0.00000000000000,41.87420000000000,0,Hardware: Legacy Flip,-0.10130000000000,9.92820000000000,49.94400000000000,0.00000000000000,-39.98240000000000,15.27530000000000,0.00000000000000
ruffle.exe,9152,0x0000000000000000,Other,1,0,0,76.32018490000000,0.00000000000000,31.22200000000000,0,Hardware: Legacy Flip,-0.12790000000000,12.08380000000000,33.37760000000000,0.00000000000000,-21.26470000000000,15.20800000000000,0.00000000000000
ruffle.exe,9152,0x0000000000000000,Other,1,0,0,76.34643120000001,0.00000000000000,26.24630000000000,0,Hardware: Legacy Flip,-0.17180000000000,2.60670000000000,16.76920000000000,0.00000000000000,-14.13540000000000,13.47580000000000,0.00000000000000
ruffle.exe,9152,0x0000000000000000,Other,1,0,0,76.37863270000000,0.00000000000000,32.20150000000000,0,Hardware: Legacy Flip,-0.12300000000000,3.61420000000000,33.20900000000000,0.00000000000000,-29.56030000000000,13.58290000000000,0.00000000000000
ruffle.exe,9152,0x0000000000000000,Other,1,0,0,76.41077790000000,0.00000000000000,32.14520000000000,0,Hardware: Legacy Flip,-0.11410000000000,4.82110000000000,33.35210000000000,0.00000000000000,-28.50830000000000,13.49540000000000,0.00000000000000
ruffle.exe,9152,0x0000000000000000,Other,1,0,0,76.44879870000000,0.00000000000000,38.02080000000000,0,Hardware: Legacy Flip,-0.15880000000000,16.81850000000000,50.01820000000000,0.00000000000000,-33.17660000000000,13.69860000000000,0.00000000000000
ruffle.exe,9152,0x0000000000000000,Other,1,0,0,76.69048239999999,0.00000000000000,241.68370000000002,0,Hardware: Legacy Flip,-0.14570000000000,8.54870000000000,233.41390000000001,0.00000000000000,-224.82920000000001,13.82510000000000,0.00000000000000
ruffle.exe,9152,0x0000000000000000,Other,1,0,0,76.71102350000000,0.00000000000000,20.54110000000000,0,Hardware: Legacy Flip,-0.15570000000000,4.59830000000000,16.59070000000000,0.00000000000000,-13.50750000000000,13.15560000000000,0.00000000000000
ruffle.exe,9152,0x0000000000000000,Other,1,0,0,76.73012880000000,0.00000000000000,19.10530000000000,0,Hardware: Legacy Flip,-0.14930000000000,2.14340000000000,16.65040000000000,0.00000000000000,-14.48290000000000,13.57390000000000,0.00000000000000
ruffle.exe,9152,0x0000000000000000,Other,1,0,0,76.76270819999999,0.00000000000000,32.57940000000000,0,Hardware: Legacy Flip,-0.13420000000000,2.92190000000000,33.35790000000000,0.00000000000000,-30.41680000000000,15.19470000000000,0.00000000000000
ruffle.exe,9152,0x0000000000000000,Other,1,0,0,76.79027929999999,0.00000000000000,27.57110000000000,0,Hardware: Legacy Flip,-0.10810000000000,8.68250000000000,33.33170000000000,0.00000000000000,-24.62030000000000,15.16080000000000,0.00000000000000
ruffle.exe,9152,0x0000000000000000,Other,1,0,0,76.82144240000000,0.00000000000000,31.16310000000000,0,Hardware: Legacy Flip,-0.11230000000000,10.87520000000000,33.35580000000000,0.00000000000000,-22.45130000000000,13.62170000000000,0.00000000000000
ruffle.exe,9152,0x0000000000000000,Other,1,0,0,76.85626440000000,0.00000000000000,34.82200000000000,0,Hardware: Legacy Flip,-0.11490000000000,9.49200000000000,33.43880000000000,0.00000000000000,-23.91560000000000,13.49790000000000,0.00000000000000
ruffle.exe,9152,0x0000000000000000,Other,1,0,0,76.88888349999999,0.00000000000000,32.61910000000000,0,Hardware: Legacy Flip,-0.14770000000000,10.09250000000000,33.21960000000000,0.00000000000000,-23.08800000000000,13.65970000000000,0.00000000000000
ruffle.exe,9152,0x0000000000000000,Other,1,0,0,76.92348390000001,0.00000000000000,34.60040000000000,0,Hardware: Legacy Flip,-0.13310000000000,8.81910000000000,33.32700000000000,0.00000000000000,-24.48070000000000,13.68020000000000,0.00000000000000
ruffle.exe,9152,0x0000000000000000,Other,1,0,0,76.96136940000000,0.00000000000000,37.88550000000000,0,Hardware: Legacy Flip,-0.14140000000000,4.27180000000000,33.33820000000000,0.00000000000000,-29.04270000000000,13.72650000000000,0.00000000000000
ruffle.exe,9152,0x0000000000000000,Other,1,0,0,76.99677930000000,0.00000000000000,35.40990000000000,0,Hardware: Legacy Flip,-0.15690000000000,2.21400000000000,33.35210000000000,0.00000000000000,-31.11010000000000,15.24980000000000,0.00000000000000
ruffle.exe,9152,0x0000000000000000,Other,1,0,0,77.03779350000001,0.00000000000000,41.01420000000000,0,Hardware: Legacy Flip,-0.16700000000000,11.25960000000000,50.05980000000000,0.00000000000000,-38.77950000000000,15.95070000000000,0.00000000000000
ruffle.exe,9152,0x0000000000000000,Other,1,0,0,77.05594760000000,0.00000000000000,18.15410000000000,0,Hardware: Legacy Flip,-0.14450000000000,9.79820000000000,16.69270000000000,0.00000000000000,-13.63500000000000,13.26560000000000,0.00000000000000
ruffle.exe,9152,0x0000000000000000,Other,1,0,0,77.09552660000000,0.00000000000000,39.57900000000000,0,Hardware: Legacy Flip,-0.12300000000000,3.47800000000000,33.25880000000000,0.00000000000000,-29.74010000000000,13.60670000000000,0.00000000000000
ruffle.exe,9152,0x0000000000000000,Other,1,0,0,77.12170440000000,0.00000000000000,26.17780000000000,0,Hardware: Legacy Flip,-0.15800000000000,10.62350000000000,33.32330000000000,0.00000000000000,-22.68130000000000,13.68980000000000,0.00000000000000
ruffle.exe,9152,0x0000000000000000,Other,1,0,0,77.15810110000000,0.00000000000000,36.39670000000000,0,Hardware: Legacy Flip,-0.10800000000000,7.56430000000000,33.33750000000000,0.00000000000000,-25.74520000000000,13.73650000000000,0.00000000000000
ruffle.exe,9152,0x0000000000000000,Other,1,0,0,77.19132690000001,0.00000000000000,33.22580000000000,0,Hardware: Legacy Flip,-0.09990000000000,7.68110000000000,33.34260000000000,0.00000000000000,-25.62760000000000,15.27270000000000,0.00000000000000
ruffle.exe,9152,0x0000000000000000,Other,1,0,0,77.22422710000001,0.00000000000000,32.90020000000000,0,Hardware: Legacy Flip,-0.11720000000000,8.12010000000000,33.33920000000000,0.00000000000000,-25.17200000000000,15.52940000000000,0.00000000000000
ruffle.exe,9152,0x0000000000000000,Other,1,0,0,77.25469570000000,0.00000000000000,30.46860000000000,0,Hardware: Legacy Flip,-0.14970000000000,11.00000000000000,33.34850000000000,0.00000000000000,-22.31860000000000,13.79190000000000,0.00000000000000
ruffle.exe,9152,0x0000000000000000,Other,1,0,0,77.29239130000001,0.00000000000000,37.69560000000000,0,Hardware: Legacy Flip,-0.11520000000000,6.60860000000000,33.30420000000000,0.00000000000000,-26.66510000000000,13.49030000000000,0.00000000000000
ruffle.exe,9152,0x0000000000000000,Other,1,0,0,77.32602039999999,0.00000000000000,33.62910000000000,0,Hardware: Legacy Flip,-0.15340000000000,6.33490000000000,33.35540000000000,0.00000000000000,-26.99300000000000,13.64210000000000,0.00000000000000
ruffle.exe,9152,0x0000000000000000,Other,1,0,0,77.36079530000001,0.00000000000000,34.77490000000000,0,Hardware: Legacy Flip,-0.14560000000000,4.92200000000000,33.36200000000000,0.00000000000000,-28.41040000000000,13.72150000000000,0.00000000000000
ruffle.exe,9152,0x0000000000000000,Other,1,0,0,77.38714150000000,0.00000000000000,26.34620000000000,0,Hardware: Legacy Flip,-0.10340000000000,11.86690000000000,33.29110000000000,0.00000000000000,-21.39080000000000,13.65400000000000,0.00000000000000
ruffle.exe,9152,0x0000000000000000,Other,1,0,0,77.43347030000000,0.00000000000000,46.32880000000000,0,Hardware: Legacy Flip,-0.12490000000000,15.63270000000000,50.09460000000000,0.00000000000000,-34.43640000000000,15.47270000000000,0.00000000000000
ruffle.exe,9152,0x0000000000000000,Other,1,0,0,77.46165910000001,0.00000000000000,28.18880000000000,0,Hardware: Legacy Flip,-0.14030000000000,4.22320000000000,16.77930000000000,0.00000000000000,-15.30440000000000,14.96680000000000,0.00000000000000
ruffle.exe,9152,0x0000000000000000,Other,1,0,0,77.67647749999999,0.00000000000000,214.81840000000000,0,Hardware: Legacy Flip,-0.15390000000000,5.99700000000000,216.59220000000002,0.00000000000000,-210.56010000000001,14.68460000000000,0.00000000000000
ruffle.exe,9152,0x0000000000000000,Other,1,0,0,77.70729630000001,0.00000000000000,30.81880000000000,0,Hardware: Legacy Flip,-0.20430000000000,8.42530000000000,33.24710000000000,0.00000000000000,-24.77280000000000,15.66240000000000,0.00000000000000
ruffle.exe,9152,0x0000000000000000,Other,1,0,0,77.74254950000000,0.00000000000000,35.25320000000000,0,Hardware: Legacy Flip,-0.16690000000000,6.53100000000000,33.35890000000000,0.00000000000000,-26.77390000000000,15.52480000000000,0.00000000000000
ruffle.exe,9152,0x0000000000000000,Other,1,0,0,77.76177559999999,0.00000000000000,19.22610000000000,0,Hardware: Legacy Flip,-0.21860000000000,3.95630000000000,16.65140000000000,0.00000000000000,-13.62390000000000,13.24530000000000,0.00000000000000
ruffle.exe,9152,0x0000000000000000,Other,1,0,0,77.79077080000000,0.00000000000000,28.99520000000000,0,Hardware: Legacy Flip,-0.10480000000000,8.30890000000000,33.34780000000000,0.00000000000000,-25.00950000000000,13.80990000000000,0.00000000000000
ruffle.exe,9152,0x0000000000000000,Other,1,0,0,77.82312690000001,0.00000000000000,32.35610000000000,0,Hardware: Legacy Flip,-0.14170000000000,9.28970000000000,33.33690000000000,0.00000000000000,-24.01350000000000,13.72400000000000,0.00000000000000
ruffle.exe,9152,0x0000000000000000,Other,1,0,0,77.85615210000000,0.00000000000000,33.02520000000000,0,Hardware: Legacy Flip,-0.22590000000000,9.62490000000000,33.36040000000000,0.00000000000000,-23.70730000000000,13.82870000000000,0.00000000000000
ruffle.exe,9152,0x0000000000000000,Other,1,0,0,77.89121030000001,0.00000000000000,35.05820000000000,0,Hardware: Legacy Flip,-0.16880000000000,7.88550000000000,33.31880000000000,0.00000000000000,-25.39330000000000,13.86610000000000,0.00000000000000
ruffle.exe,9152,0x0000000000000000,Other,1,0,0,77.92534920000000,0.00000000000000,34.13890000000000,0,Hardware: Legacy Flip,-0.11800000000000,7.14460000000000,33.39800000000000,0.00000000000000,-26.22310000000000,15.30860000000000,0.00000000000000
ruffle.exe,9152,0x0000000000000000,Other,1,0,0,77.95779540000001,0.00000000000000,32.44620000000000,0,Hardware: Legacy Flip,-0.10180000000000,7.93920000000000,33.24080000000000,0.00000000000000,-25.25470000000000,15.46750000000000,0.00000000000000
ruffle.exe,9152,0x0000000000000000,Other,1,0,0,77.98562290000001,0.00000000000000,27.82750000000000,0,Hardware: Legacy Flip,-0.11680000000000,13.44310000000000,33.33140000000000,0.00000000000000,-19.84990000000000,13.68620000000000,0.00000000000000
ruffle.exe,9152,0x0000000000000000,Other,1,0,0,78.01818410000000,0.00000000000000,32.56120000000000,0,Hardware: Legacy Flip,-0.18790000000000,14.20850000000000,33.32660000000000,0.00000000000000,-19.09390000000000,13.68650000000000,0.00000000000000
ruffle.exe,9152,0x0000000000000000,Other,1,0,0,78.05559040000000,0.00000000000000,37.40630000000000,0,Hardware: Legacy Flip,-0.14270000000000,10.23520000000000,33.43300000000000,0.00000000000000,-23.16780000000000,13.86440000000000,0.00000000000000
ruffle.exe,9152,0x0000000000000000,Other,1,0,0,78.09392889999999,0.00000000000000,38.33850000000000,0,Hardware: Legacy Flip,-0.14440000000000,5.17210000000000,33.27540000000000,0.00000000000000,-28.06510000000000,14.04840000000000,0.00000000000000
ruffle.exe,9152,0x0000000000000000,Other,1,0,0,78.13013940000000,0.00000000000000,36.21050000000000,0,Hardware: Legacy Flip,-0.16830000000000,2.29290000000000,33.33130000000000,0.00000000000000,-30.99970000000000,15.43200000000000,0.00000000000000
ruffle.exe,9152,0x0000000000000000,Other,1,0,0,78.16126790000001,0.00000000000000,31.12850000000000,0,Hardware: Legacy Flip,-0.13260000000000,4.50170000000000,33.33730000000000,0.00000000000000,-28.80600000000000,15.42540000000000,0.00000000000000
ruffle.exe,9152,0x0000000000000000,Other,1,0,0,78.19021270000000,0.00000000000000,28.94480000000000,0,Hardware: Legacy Flip,-0.15350000000000,8.88820000000000,33.33130000000000,0.00000000000000,-24.41200000000000,13.69640000000000,0.00000000000000
ruffle.exe,9152,0x0000000000000000,Other,1,0,0,78.22503350000001,0.00000000000000,34.82080000000000,0,Hardware: Legacy Flip,-0.10120000000000,7.37700000000000,33.30960000000000,0.00000000000000,-25.90330000000000,13.67130000000000,0.00000000000000
ruffle.exe,9152,0x0000000000000000,Other,1,0,0,78.25123500000001,0.00000000000000,26.20150000000000,0,Hardware: Legacy Flip,-0.15490000000000,14.58840000000000,33.41290000000000,0.00000000000000,-18.78670000000000,13.69940000000000,0.00000000000000
ruffle.exe,9152,0x0000000000000000,Other,1,0,0,78.28584269999999,0.00000000000000,34.60770000000000,0,Hardware: Legacy Flip,-0.14590000000000,13.31440000000000,33.33370000000000,0.00000000000000,-19.98450000000000,13.96940000000000,0.00000000000000
ruffle.exe,9152,0x0000000000000000,Other,1,0,0,78.32071570000001,0.00000000000000,34.87300000000000,0,Hardware: Legacy Flip,-0.12030000000000,11.73160000000000,33.29020000000000,0.00000000000000,-21.53020000000000,13.57490000000000,0.00000000000000
ruffle.exe,9152,0x0000000000000000,Other,1,0,0,78.35976520000000,0.00000000000000,39.04950000000000,0,Hardware: Legacy Flip,-0.14900000000000,6.08630000000000,33.40420000000000,0.00000000000000,-27.28540000000000,15.47780000000000,0.00000000000000
ruffle.exe,9152,0x0000000000000000,Other,1,0,0,78.39410520000001,0.00000000000000,34.34000000000000,0,Hardware: Legacy Flip,-0.20200000000000,5.02690000000000,33.28060000000000,0.00000000000000,-28.21240000000000,15.94200000000000,0.00000000000000
ruffle.exe,9152,0x0000000000000000,Other,1,0,0,78.42439260000000,0.00000000000000,30.28740000000000,0,Hardware: Legacy Flip,-0.09610000000000,8.06390000000000,33.32440000000000,0.00000000000000,-25.20800000000000,13.81040000000000,0.00000000000000
ruffle.exe,9152,0x0000000000000000,Other,1,0,0,78.45082550000001,0.00000000000000,26.43290000000000,0,Hardware: Legacy Flip,-0.19820000000000,14.99730000000000,33.36630000000000,0.00000000000000,-18.33270000000000,13.85870000000000,0.00000000000000
ruffle.exe,9152,0x0000000000000000,Other,1,0,0,78.68675550000000,0.00000000000000,235.93000000000001,0,Hardware: Legacy Flip,-0.18500000000000,12.38760000000000,233.32030000000000,0.00000000000000,-220.89480000000000,16.53370000000000,0.00000000000000
ruffle.exe,9152,0x0000000000000000,Other,1,0,0,78.70458030000000,0.00000000000000,17.82480000000000,0,Hardware: Legacy Flip,-0.17730000000000,11.26340000000000,16.70060000000000,0.00000000000000,-13.79920000000000,13.40020000000000,0.00000000000000
ruffle.exe,9152,0x0000000000000000,Other,1,0,0,78.72757200000000,0.00000000000000,22.99170000000000,0,Hardware: Legacy Flip,-0.11290000000000,4.94050000000000,16.66880000000000,0.00000000000000,-13.63430000000000,13.34070000000000,0.00000000000000
ruffle.exe,9152,0x0000000000000000,Other,1,0,0,78.75789460000000,0.00000000000000,30.32260000000000,0,Hardware: Legacy Flip,-0.14880000000000,7.90550000000000,33.28760000000000,0.00000000000000,-25.34830000000000,13.90940000000000,0.00000000000000
ruffle.exe,9152,0x0000000000000000,Other,1,0,0,78.78651060000000,0.00000000000000,28.61600000000000,0,Hardware: Legacy Flip,-0.12590000000000,12.68600000000000,33.39650000000000,0.00000000000000,-20.68110000000000,13.59750000000000,0.00000000000000
ruffle.exe,9152,0x0000000000000000,Other,1,0,0,78.82140550000000,0.00000000000000,34.89490000000000,0,Hardware: Legacy Flip,-0.15250000000000,11.18370000000000,33.39260000000000,0.00000000000000,-22.17370000000000,13.98690000000000,0.00000000000000
ruffle.exe,9152,0x0000000000000000,Other,1,0,0,78.85560249999999,0.00000000000000,34.19700000000000,0,Hardware: Legacy Flip,-0.11700000000000,10.24450000000000,33.25780000000000,0.00000000000000,-22.98400000000000,15.61850000000000,0.00000000000000
ruffle.exe,9152,0x0000000000000000,Other,1,0,0,78.89005779999999,0.00000000000000,34.45530000000000,0,Hardware: Legacy Flip,-0.12680000000000,9.16060000000000,33.37140000000000,0.00000000000000,-24.18290000000000,15.52750000000000,0.00000000000000
ruffle.exe,9152,0x0000000000000000,Other,1,0,0,78.91806310000000,0.00000000000000,28.00530000000000,0,Hardware: Legacy Flip,-0.15340000000000,14.42160000000000,33.26630000000000,0.00000000000000,-18.81430000000000,13.76230000000000,0.00000000000000
ruffle.exe,9152,0x0000000000000000,Other,1,0,0,78.95576660000000,0.00000000000000,37.70350000000001,0,Hardware: Legacy Flip,-0.12450000000000,10.06140000000000,33.34330000000000,0.00000000000000,-23.25980000000000,13.94760000000000,0.00000000000000
ruffle.exe,9152,0x0000000000000000,Other,1,0,0,78.98442960000000,0.00000000000000,28.66300000000000,0,Hardware: Legacy Flip,-0.14790000000000,14.71070000000000,33.31230000000000,0.00000000000000,-18.56830000000000,13.75640000000000,0.00000000000000
ruffle.exe,9152,0x0000000000000000,Other,1,0,0,79.02080160000001,0.00000000000000,36.37200000000000,0,Hardware: Legacy Flip,-0.12010000000000,11.72880000000000,33.39010000000000,0.00000000000000,-21.63220000000000,13.82340000000000,0.00000000000000
ruffle.exe,9152,0x0000000000000000,Other,1,0,0,79.05995000000000,0.00000000000000,39.14840000000000,0,Hardware: Legacy Flip,-0.14500000000000,5.91550000000000,33.33510000000000,0.00000000000000,-27.38740000000000,15.84310000000000,0.00000000000000
ruffle.exe,9152,0x0000000000000000,Other,1,0,0,79.09509430000000,0.00000000000000,35.14430000000000,0,Hardware: Legacy Flip,-0.10990000000000,4.06090000000000,33.28970000000000,0.00000000000000,-29.18250000000000,15.64640000000000,0.00000000000000
ruffle.exe,9152,0x0000000000000000,Other,1,0,0,79.12266120000001,0.00000000000000,27.56690000000000,0,Hardware: Legacy Flip,-0.12440000000000,9.86110000000000,33.36710000000000,0.00000000000000,-23.47380000000000,14.06430000000000,0.00000000000000
ruffle.exe,9152,0x0000000000000000,Other,1,0,0,79.15817720000001,0.00000000000000,35.51600000000000,0,Hardware: Legacy Flip,-0.11900000000000,7.65480000000000,33.30970000000000,0.00000000000000,-25.62410000000000,14.09770000000000,0.00000000000000
ruffle.exe,9152,0x0000000000000000,Other,1,0,0,79.19591079999999,0.00000000000000,37.73360000000000,0,Hardware: Legacy Flip,-0.14920000000000,3.34030000000000,33.41910000000000,0.00000000000000,-30.05340000000000,14.15300000000000,0.00000000000000
ruffle.exe,9152,0x0000000000000000,Other,1,0,0,79.22049840000000,0.00000000000000,24.58760000000000,0,Hardware: Legacy Flip,-0.12460000000000,12.02440000000000,33.27170000000000,0.00000000000000,-21.20570000000000,14.05990000000000,0.00000000000000
ruffle.exe,9152,0x0000000000000000,Other,1,0,0,79.25226030000000,0.00000000000000,31.76190000000000,0,Hardware: Legacy Flip,-0.14760000000000,13.59300000000000,33.33050000000000,0.00000000000000,-19.69780000000000,14.09390000000000,0.00000000000000
ruffle.exe,9152,0x0000000000000000,Other,1,0,0,79.29868279999999,0.00000000000000,46.42250000000000,0,Hardware: Legacy Flip,-0.14200000000000,0.48260000000000,33.31210000000000,0.00000000000000,-32.80170000000000,15.65610000000000,0.00000000000000
ruffle.exe,9152,0x0000000000000000,Other,1,0,0,79.32221430000001,0.00000000000000,23.53150000000000,0,Hardware: Legacy Flip,-0.17170000000000,10.31040000000000,33.35930000000000,0.00000000000000,-23.02550000000000,15.50530000000000,0.00000000000000
ruffle.exe,9152,0x0000000000000000,Other,1,0,0,79.35362470000000,0.00000000000000,31.41040000000000,0,Hardware: Legacy Flip,-0.11590000000000,12.29560000000000,33.39560000000000,0.00000000000000,-21.06670000000000,13.97880000000000,0.00000000000000
ruffle.exe,9152,0x0000000000000000,Other,1,0,0,79.38400650000000,0.00000000000000,30.38180000000000,0,Hardware: Legacy Flip,-0.13560000000000,15.26340000000000,33.34960000000000,0.00000000000000,-18.04070000000000,14.07500000000000,0.00000000000000
ruffle.exe,9152,0x0000000000000000,Other,1,0,0,79.42212510000000,0.00000000000000,38.11860000000000,0,Hardware: Legacy Flip,-0.12420000000000,10.44200000000000,33.29720000000000,0.00000000000000,-22.82140000000000,14.21560000000000,0.00000000000000
ruffle.exe,9152,0x0000000000000000,Other,1,0,0,79.45304910000000,0.00000000000000,30.92400000000000,0,Hardware: Legacy Flip,-0.18070000000000,12.85590000000000,33.33790000000000,0.00000000000000,-20.44300000000000,14.26620000000000,0.00000000000000
ruffle.exe,9152,0x0000000000000000,Other,1,0,0,79.66738010000000,0.00000000000000,214.33100000000002,0,Hardware: Legacy Flip,-0.18590000000000,15.26960000000000,216.74470000000002,0.00000000000000,-201.42160000000001,14.55200000000000,0.00000000000000
ruffle.exe,9152,0x0000000000000000,Other,1,0,0,79.69141790000000,0.00000000000000,24.03780000000000,0,Hardware: Legacy Flip,-0.14870000000000,7.83970000000000,16.60790000000000,0.00000000000000,-13.51550000000000,13.11050000000000,0.00000000000000
ruffle.exe,9152,0x0000000000000000,Other,1,0,0,79.71974370000001,0.00000000000000,28.32580000000000,0,Hardware: Legacy Flip,-0.18310000000000,12.82790000000000,33.31400000000000,0.00000000000000,-20.44490000000000,13.63600000000000,0.00000000000000
ruffle.exe,9152,0x0000000000000000,Other,1,0,0,79.75158670000000,0.00000000000000,31.84300000000000,0,Hardware: Legacy Flip,-0.14640000000000,14.38620000000000,33.40130000000000,0.00000000000000,-18.97580000000000,13.45560000000000,0.00000000000000
ruffle.exe,9152,0x0000000000000000,Other,1,0,0,79.78547080000000,0.00000000000000,33.88410000000000,0,Hardware: Legacy Flip,-0.14870000000000,13.76260000000000,33.26050000000000,0.00000000000000,-19.45260000000000,15.30320000000000,0.00000000000000
ruffle.exe,9152,0x0000000000000000,Other,1,0,0,79.82307469999999,0.00000000000000,37.60390000000000,0,Hardware: Legacy Flip,-0.19890000000000,9.60500000000000,33.44630000000000,0.00000000000000,-23.78890000000000,15.53070000000000,0.00000000000000
ruffle.exe,9152,0x0000000000000000,Other,1,0,0,79.86188460000001,0.00000000000000,38.80990000000000,0,Hardware: Legacy Flip,-0.16680000000000,4.02370000000000,33.22860000000000,0.00000000000000,-29.16280000000000,13.76100000000000,0.00000000000000
ruffle.exe,9152,0x0000000000000000,Other,1,0,0,79.88189780000000,0.00000000000000,20.01320000000000,0,Hardware: Legacy Flip,-0.11540000000000,0.65800000000000,16.64750000000000,0.00000000000000,-15.95940000000000,13.40970000000000,0.00000000000000
ruffle.exe,9152,0x0000000000000000,Other,1,0,0,79.91420410000001,0.00000000000000,32.30630000000000,0,Hardware: Legacy Flip,-0.13600000000000,1.73060000000000,33.37890000000000,0.00000000000000,-31.62890000000000,13.64070000000000,0.00000000000000
ruffle.exe,9152,0x0000000000000000,Other,1,0,0,79.95521690000000,0.00000000000000,41.01280000000000,0,Hardware: Legacy Flip,-0.13120000000000,10.71290000000000,49.99510000000000,0.00000000000000,-39.25990000000000,13.58410000000000,0.00000000000000
ruffle.exe,9152,0x0000000000000000,Other,1,0,0,79.98511030000000,0.00000000000000,29.89340000000000,0,Hardware: Legacy Flip,-0.11780000000000,14.25230000000000,33.43280000000000,0.00000000000000,-19.14980000000000,15.16370000000000,0.00000000000000
ruffle.exe,9152,0x0000000000000000,Other,1,0,0,80.01607860000000,0.00000000000000,30.96830000000000,0,Hardware: Legacy Flip,-0.13330000000000,16.50900000000000,33.22500000000000,0.00000000000000,-16.68440000000000,15.44610000000000,0.00000000000000
ruffle.exe,9152,0x0000000000000000,Other,1,0,0,80.04704930000000,0.00000000000000,30.97070000000000,0,Hardware: Legacy Flip,-0.12360000000000,2.20840000000000,16.67010000000000,0.00000000000000,-14.42500000000000,13.49580000000000,0.00000000000000
ruffle.exe,9152,0x0000000000000000,Other,1,0,0,80.08422950000001,0.00000000000000,37.18020000000000,0,Hardware: Legacy Flip,-0.14820000000000,15.02970000000000,50.00150000000000,0.00000000000000,-34.94610000000000,13.53570000000000,0.00000000000000
ruffle.exe,9152,0x0000000000000000,Other,1,0,0,80.11814300000000,0.00000000000000,33.91350000000000,0,Hardware: Legacy Flip,-0.11320000000000,14.47850000000000,33.36230000000000,0.00000000000000,-18.84630000000000,13.70410000000000,0.00000000000000
ruffle.exe,9152,0x0000000000000000,Other,1,0,0,80.15043200000001,0.00000000000000,32.28900000000000,0,Hardware: Legacy Flip,-0.09960000000000,15.48820000000000,33.29870000000000,0.00000000000000,-17.77610000000000,13.64280000000000,0.00000000000000
ruffle.exe,9152,0x0000000000000000,Other,1,0,0,80.17979080000001,0.00000000000000,29.35880000000000,0,Hardware: Legacy Flip,-0.16230000000000,2.83610000000000,16.70670000000000,0.00000000000000,-13.84120000000000,13.43700000000000,0.00000000000000
ruffle.exe,9152,0x0000000000000000,Other,1,0,0,80.22128970000000,0.00000000000000,41.49890000000000,0,Hardware: Legacy Flip,-0.15960000000000,11.36970000000000,50.03250000000000,0.00000000000000,-38.63350000000001,15.56230000000000,0.00000000000000
ruffle.exe,9152,0x0000000000000000,Other,1,0,0,80.25183570000000,0.00000000000000,30.54600000000000,0,Hardware: Legacy Flip,-0.17630000000000,14.11410000000000,33.29040000000000,0.00000000000000,-19.13700000000000,15.38080000000000,0.00000000000000
ruffle.exe,9152,0x0000000000000000,Other,1,0,0,80.28354770000000,0.00000000000000,31.71200000000000,0,Hardware: Legacy Flip,-0.08930000000000,15.72840000000000,33.32630000000000,0.00000000000000,-17.56950000000000,13.37260000000000,0.00000000000000
ruffle.exe,9152,0x0000000000000000,Other,1,0,0,80.31282030000001,0.00000000000000,29.27260000000000,0,Hardware: Legacy Flip,-0.11410000000000,3.13930000000000,16.68350000000000,0.00000000000000,-13.51520000000000,13.24450000000000,0.00000000000000
ruffle.exe,9152,0x0000000000000000,Other,1,0,0,80.34811440000001,0.00000000000000,35.29410000000000,0,Hardware: Legacy Flip,-0.13000000000000,1.15250000000000,33.30730000000001,0.00000000000000,-32.12970000000000,13.50240000000000,0.00000000000000
ruffle.exe,9152,0x0000000000000000,Other,1,0,0,80.38110900000000,0.00000000000000,32.99460000000000,0,Hardware: Legacy Flip,-0.11860000000000,1.49930000000000,33.34140000000000,0.00000000000000,-31.82150000000000,13.51440000000000,0.00000000000000
ruffle.exe,9152,0x0000000000000000,Other,1,0,0,80.41624790000000,0.00000000000000,35.13890000000000,0,Hardware: Legacy Flip,-0.12660000000000,16.40360000000000,50.04320000000001,0.00000000000000,-33.61540000000000,15.42060000000000,0.00000000000000
ruffle.exe,9152,0x0000000000000000,Other,1,0,0,80.45430139999999,0.00000000000000,38.05350000000000,0,Hardware: Legacy Flip,-0.16910000000000,11.68840000000000,33.33830000000000,0.00000000000000,-21.61710000000000,15.40910000000000,0.00000000000000
ruffle.exe,9152,0x0000000000000000,Other,1,0,0,80.66803580000000,0.00000000000000,213.73440000000002,0,Hardware: Legacy Flip,-0.20220000000000,14.62330000000000,216.66930000000002,0.00000000000000,-202.01980000000000,14.49480000000000,0.00000000000000
ruffle.exe,9152,0x0000000000000000,Other,1,0,0,80.70003419999999,0.00000000000000,31.99840000000000,0,Hardware: Legacy Flip,-0.17110000000000,15.93810000000000,33.31320000000000,0.00000000000000,-17.33860000000000,15.49130000000000,0.00000000000000
ruffle.exe,9152,0x0000000000000000,Other,1,0,0,80.72006329999999,0.00000000000000,20.02910000000000,0,Hardware: Legacy Flip,-0.12610000000000,12.58080000000000,16.67180000000000,0.00000000000000,-13.71340000000000,13.38520000000000,0.00000000000000
ruffle.exe,9152,0x0000000000000000,Other,1,0,0,80.75251770000000,0.00000000000000,32.45440000000000,0,Hardware: Legacy Flip,-0.13200000000000,13.51290000000000,33.38650000000000,0.00000000000000,-19.84150000000000,13.51320000000000,0.00000000000000
ruffle.exe,9152,0x0000000000000000,Other,1,0,0,80.78132959999999,0.00000000000000,28.81190000000000,0,Hardware: Legacy Flip,-0.12600000000000,1.29860000000000,16.59760000000000,0.00000000000000,-15.26950000000000,13.53360000000000,0.00000000000000
ruffle.exe,9152,0x0000000000000000,Other,1,0,0,80.81715890000000,0.00000000000000,35.82930000000000,0,Hardware: Legacy Flip,-0.16700000000000,15.52590000000000,50.05660000000000,0.00000000000000,-34.51340000000000,13.81050000000000,0.00000000000000
ruffle.exe,9152,0x0000000000000000,Other,1,0,0,80.85229649999999,0.00000000000000,35.13760000000000,0,Hardware: Legacy Flip,-0.18580000000000,13.67790000000000,33.28960000000000,0.00000000000000,-19.57810000000000,15.38210000000000,0.00000000000000
ruffle.exe,9152,0x0000000000000000,Other,1,0,0,80.88752730000000,0.00000000000000,35.23080000000000,0,Hardware: Legacy Flip,-0.10700000000000,11.79100000000000,33.34390000000000,0.00000000000000,-21.51350000000000,15.28210000000000,0.00000000000000
ruffle.exe,9152,0x0000000000000000,Other,1,0,0,80.91327530000000,0.00000000000000,25.74800000000000,0,Hardware: Legacy Flip,-0.17230000000000,2.75270000000000,16.70970000000000,0.00000000000000,-13.92010000000000,13.52800000000000,0.00000000000000
ruffle.exe,9152,0x0000000000000000,Other,1,0,0,80.95114890000001,0.00000000000000,37.87360000000000,0,Hardware: Legacy Flip,-0.10050000000000,14.84400000000000,49.96490000000000,0.00000000000000,-35.08770000000001,13.61210000000000,0.00000000000000
ruffle.exe,9152,0x0000000000000000,Other,1,0,0,80.98677650000000,0.00000000000000,35.62760000000000,0,Hardware: Legacy Flip,-0.10660000000000,12.57770000000000,33.36130000000000,0.00000000000000,-20.75660000000000,14.01420000000000,0.00000000000000
ruffle.exe,9152,0x0000000000000000,Other,1,0,0,81.01545100000000,0.00000000000000,28.67450000000000,0,Hardware: Legacy Flip,-0.12730000000000,0.79580000000000,16.89260000000000,0.00000000000000,-16.05820000000000,13.81200000000000,0.00000000000000
ruffle.exe,9152,0x0000000000000000,Other,1,0,0,81.04777670000000,0.00000000000000,32.32570000000000,0,Hardware: Legacy Flip,-0.09780000000000,1.52340000000000,33.05330000000000,0.00000000000000,-31.51130000000000,13.67410000000000,0.00000000000000
ruffle.exe,9152,0x0000000000000000,Other,1,0,0,81.08292090000000,0.00000000000000,35.14420000000000,0,Hardware: Legacy Flip,-0.22950000000000,16.44010000000000,50.06090000000000,0.00000000000000,-33.59960000000000,15.57120000000000,0.00000000000000
ruffle.exe,9152,0x0000000000000000,Other,1,0,0,81.11810390000001,0.00000000000000,35.18300000000000,0,Hardware: Legacy Flip,-0.11950000000000,14.59260000000000,33.33550000000000,0.00000000000000,-18.70000000000000,15.50840000000000,0.00000000000000
ruffle.exe,9152,0x0000000000000000,Other,1,0,0,81.14605680000001,0.00000000000000,27.95290000000000,0,Hardware: Legacy Flip,-0.13520000000000,3.31710000000000,16.67740000000000,0.00000000000000,-13.57370000000000,13.27820000000000,0.00000000000000
ruffle.exe,9152,0x0000000000000000,Other,1,0,0,81.18165930000001,0.00000000000000,35.60250000000000,0,Hardware: Legacy Flip,-0.20370000000000,1.06330000000000,33.34870000000000,0.00000000000000,-32.26200000000000,13.83600000000000,0.00000000000000
ruffle.exe,9152,0x0000000000000000,Other,1,0,0,81.21831350000001,0.00000000000000,36.65420000000000,0,Hardware: Legacy Flip,-0.15680000000000,14.40740000000000,49.99830000000000,0.00000000000000,-35.56410000000000,13.94180000000000,0.00000000000000
ruffle.exe,9152,0x0000000000000000,Other,1,0,0,81.24919820000000,0.00000000000000,30.88470000000000,0,Hardware: Legacy Flip,-0.14270000000000,16.81840000000000,33.29570000000000,0.00000000000000,-16.44150000000000,13.68100000000000,0.00000000000000
ruffle.exe,9152,0x0000000000000000,Other,1,0,0,81.30164690000001,0.00000000000000,52.44870000000000,0,Hardware: Legacy Flip,-0.17210000000000,14.49770000000000,50.12800000000000,0.00000000000000,-35.59920000000000,15.82720000000000,0.00000000000000
ruffle.exe,9152,0x0000000000000000,Other,1,0,0,81.32530680000001,0.00000000000000,23.65990000000000,0,Hardware: Legacy Flip,-0.16870000000000,7.39380000000000,16.55600000000000,0.00000000000000,-15.44000000000000,15.10800000000000,0.00000000000000
ruffle.exe,9152,0x0000000000000000,Other,1,0,0,81.34867870000001,0.00000000000000,23.37190000000000,0,Hardware: Legacy Flip,-0.12850000000000,0.65280000000000,16.63090000000000,0.00000000000000,-15.94320000000000,13.79340000000000,0.00000000000000
ruffle.exe,9152,0x0000000000000000,Other,1,0,0,81.37882330000001,0.00000000000000,30.14460000000000,0,Hardware: Legacy Flip,-0.11410000000000,3.93560000000000,33.42740000000000,0.00000000000000,-29.47690000000000,13.62930000000000,0.00000000000000
ruffle.exe,9152,0x0000000000000000,Other,1,0,0,81.41647610000000,0.00000000000000,37.65280000000000,0,Hardware: Legacy Flip,-0.12720000000000,16.22600000000000,49.94320000000000,0.00000000000000,-33.67600000000000,13.77810000000000,0.00000000000000
ruffle.exe,9152,0x0000000000000000,Other,1,0,0,81.44995660000001,0.00000000000000,33.48050000000000,0,Hardware: Legacy Flip,-0.13390000000000,16.09330000000000,33.34780000000000,0.00000000000000,-17.22400000000000,13.84180000000000,0.00000000000000
ruffle.exe,9152,0x0000000000000000,Other,1,0,0,81.67823720000000,0.00000000000000,228.28060000000002,0,Hardware: Legacy Flip,-0.15620000000000,4.54280000000000,216.73010000000002,0.00000000000000,-212.15660000000000,14.44420000000000,0.00000000000000
ruffle.exe,9152,0x0000000000000000,Other,1,0,0,81.69855070000001,0.00000000000000,20.31350000000000,0,Hardware: Legacy Flip,-0.18310000000000,0.83770000000000,16.60840000000000,0.00000000000000,-15.72150000000000,14.01600000000000,0.00000000000000
ruffle.exe,9152,0x0000000000000000,Other,1,0,0,81.72451270000001,0.00000000000000,25.96200000000000,0,Hardware: Legacy Flip,-0.13130000000000,8.31800000000000,33.44230000000000,0.00000000000000,-25.08740000000000,13.78470000000000,0.00000000000000
ruffle.exe,9152,0x0000000000000000,Other,1,0,0,81.75678210000000,0.00000000000000,32.26940000000000,0,Hardware: Legacy Flip,-0.14560000000000,9.31890000000000,33.27030000000000,0.00000000000000,-23.90070000000000,13.48700000000000,0.00000000000000
ruffle.exe,9152,0x0000000000000000,Other,1,0,0,81.79308290000000,0.00000000000000,36.30080000000000,0,Hardware: Legacy Flip,-0.13630000000000,6.32840000000000,33.31030000000001,0.00000000000000,-26.95480000000000,15.47530000000000,0.00000000000000
ruffle.exe,9152,0x0000000000000000,Other,1,0,0,81.82859450000001,0.00000000000000,35.51160000000000,0,Hardware: Legacy Flip,-0.18410000000000,4.17180000000000,33.35500000000000,0.00000000000000,-29.15410000000000,15.66320000000000,0.00000000000000
ruffle.exe,9152,0x0000000000000000,Other,1,0,0,81.85683560000001,0.00000000000000,28.24110000000000,0,Hardware: Legacy Flip,-0.12310000000000,9.24570000000000,33.31500000000000,0.00000000000000,-24.03360000000000,13.61090000000000,0.00000000000000
ruffle.exe,9152,0x0000000000000000,Other,1,0,0,81.88731330000000,0.00000000000000,30.47770000000000,0,Hardware: Legacy Flip,-0.12010000000000,12.11650000000000,33.34850000000000,0.00000000000000,-21.18960000000000,13.91710000000000,0.00000000000000
ruffle.exe,9152,0x0000000000000000,Other,1,0,0,81.93370600000000,0.00000000000000,46.39270000000000,0,Hardware: Legacy Flip,-0.17220000000000,15.79830000000000,50.07450000000000,0.00000000000000,-34.25000000000000,13.90110000000000,0.00000000000000
ruffle.exe,9152,0x0000000000000000,Other,1,0,0,81.95573810000000,0.00000000000000,22.03210000000000,0,Hardware: Legacy Flip,-0.12090000000000,10.36280000000000,16.59660000000000,0.00000000000000,-13.38930000000000,13.15140000000000,0.00000000000000
ruffle.exe,9152,0x0000000000000000,Other,1,0,0,81.99226880000001,0.00000000000000,36.53070000000000,0,Hardware: Legacy Flip,-0.10120000000000,7.16770000000000,33.33560000000000,0.00000000000000,-26.14310000000000,14.03780000000000,0.00000000000000
ruffle.exe,9152,0x0000000000000000,Other,1,0,0,82.02487140000001,0.00000000000000,32.60260000000000,0,Hardware: Legacy Flip,-0.13230000000000,7.88220000000000,33.31710000000000,0.00000000000000,-25.40470000000000,15.35190000000000,0.00000000000000
ruffle.exe,9152,0x0000000000000000,Other,1,0,0,82.05740519999999,0.00000000000000,32.53380000000000,0,Hardware: Legacy Flip,-0.12430000000000,8.71690000000000,33.36850000000000,0.00000000000000,-24.19120000000000,15.18350000000000,0.00000000000000
ruffle.exe,9152,0x0000000000000000,Other,1,0,0,82.08741019999999,0.00000000000000,30.00500000000000,0,Hardware: Legacy Flip,-0.10470000000000,12.02050000000000,33.30860000000000,0.00000000000000,-21.24200000000000,13.86800000000000,0.00000000000000
ruffle.exe,9152,0x0000000000000000,Other,1,0,0,82.12291350000000,0.00000000000000,35.50330000000000,0,Hardware: Legacy Flip,-0.13710000000000,9.85450000000000,33.33730000000000,0.00000000000000,-23.45720000000000,13.68020000000000,0.00000000000000
ruffle.exe,9152,0x0000000000000000,Other,1,0,0,82.15941950000000,0.00000000000000,36.50600000000000,0,Hardware: Legacy Flip,-0.16760000000000,6.68550000000000,33.33700000000000,0.00000000000000,-26.62420000000000,13.96540000000000,0.00000000000000
ruffle.exe,9152,0x0000000000000000,Other,1,0,0,82.19375169999999,0.00000000000000,34.33220000000000,0,Hardware: Legacy Flip,-0.09570000000000,5.69030000000000,33.33700000000000,0.00000000000000,-27.61730000000000,13.72540000000000,0.00000000000000
ruffle.exe,9152,0x0000000000000000,Other,1,0,0,82.22382880000001,0.00000000000000,30.07710000000000,0,Hardware: Legacy Flip,-0.15250000000000,9.01600000000000,33.40280000000000,0.00000000000000,-24.35260000000000,15.47670000000000,0.00000000000000
ruffle.exe,9152,0x0000000000000000,Other,1,0,0,82.25840750000000,0.00000000000000,34.57870000000000,0,Hardware: Legacy Flip,-0.16060000000000,7.82800000000000,33.39070000000000,0.00000000000000,-25.53900000000000,15.65180000000000,0.00000000000000
ruffle.exe,9152,0x0000000000000000,Other,1,0,0,82.29145299999999,0.00000000000000,33.04550000000000,0,Hardware: Legacy Flip,-0.12520000000000,7.99120000000000,33.20870000000000,0.00000000000000,-25.18170000000000,13.99370000000000,0.00000000000000
ruffle.exe,9152,0x0000000000000000,Other,1,0,0,82.32386250000000,0.00000000000000,32.40950000000000,0,Hardware: Legacy Flip,-0.16980000000000,8.98090000000000,33.39920000000000,0.00000000000000,-24.38820000000000,14.01270000000000,0.00000000000000
ruffle.exe,9152,0x0000000000000000,Other,1,0,0,82.35332840000000,0.00000000000000,29.46590000000000,0,Hardware: Legacy Flip,-0.13510000000000,12.79090000000000,33.27590000000000,0.00000000000000,-20.44810000000000,13.87950000000000,0.00000000000000
ruffle.exe,9152,0x0000000000000000,Other,1,0,0,82.39138420000000,0.00000000000000,38.05580000000000,0,Hardware: Legacy Flip,-0.10350000000000,8.09370000000000,33.35860000000000,0.00000000000000,-25.23150000000000,14.11750000000000,0.00000000000000
ruffle.exe,9152,0x0000000000000000,Other,1,0,0,82.42136870000000,0.00000000000000,29.98450000000000,0,Hardware: Legacy Flip,-0.14140000000000,11.52300000000000,33.41380000000000,0.00000000000000,-21.85560000000000,13.80650000000000,0.00000000000000
ruffle.exe,9152,0x0000000000000000,Other,1,0,0,82.46040160000000,0.00000000000000,39.03290000000001,0,Hardware: Legacy Flip,-0.18180000000000,5.78490000000000,33.29480000000000,0.00000000000000,-27.47620000000000,15.75500000000000,0.00000000000000
ruffle.exe,9152,0x0000000000000000,Other,1,0,0,82.67253260000001,0.00000000000000,212.13100000000000,0,Hardware: Legacy Flip,-0.15610000000000,10.28000000000000,216.62610000000001,0.00000000000000,-206.31740000000002,14.73590000000000,0.00000000000000
ruffle.exe,9152,0x0000000000000000,Other,1,0,0,82.69852650000001,0.00000000000000,25.99390000000000,0,Hardware: Legacy Flip,-0.12570000000000,0.94760000000000,16.66150000000000,0.00000000000000,-15.67660000000000,15.38480000000000,0.00000000000000
ruffle.exe,9152,0x0000000000000000,Other,1,0,0,82.72620620000001,0.00000000000000,27.67970000000000,0,Hardware: Legacy Flip,-0.15750000000000,6.62790000000000,33.36000000000000,0.00000000000000,-26.70530000000000,14.14610000000000,0.00000000000000
ruffle.exe,9152,0x0000000000000000,Other,1,0,0,82.76207740000000,0.00000000000000,35.87120000000000,0,Hardware: Legacy Flip,-0.16590000000000,4.22510000000000,33.46840000000000,0.00000000000000,-29.20900000000000,13.99830000000000,0.00000000000000
ruffle.exe,9152,0x0000000000000000,Other,1,0,0,82.79272999999999,0.00000000000000,30.65260000000000,0,Hardware: Legacy Flip,-0.14220000000000,6.82470000000000,33.25220000000000,0.00000000000000,-26.37590000000000,13.57480000000000,0.00000000000000
ruffle.exe,9152,0x0000000000000000,Other,1,0,0,82.82235760000000,0.00000000000000,29.62760000000000,0,Hardware: Legacy Flip,-0.11810000000000,10.48450000000000,33.28740000000000,0.00000000000000,-22.77290000000000,13.38460000000000,0.00000000000000
ruffle.exe,9152,0x0000000000000000,Other,1,0,0,82.85352880000001,0.00000000000000,31.17120000000000,0,Hardware: Legacy Flip,-0.12010000000000,12.62760000000000,33.31430000000000,0.00000000000000,-20.65900000000000,13.59240000000000,0.00000000000000
ruffle.exe,9152,0x0000000000000000,Other,1,0,0,82.89614230000001,0.00000000000000,42.61350000000000,0,Hardware: Legacy Flip,-0.15170000000000,3.35280000000000,33.33870000000000,0.00000000000000,-29.96200000000000,15.32090000000000,0.00000000000000
ruffle.exe,9152,0x0000000000000000,Other,1,0,0,82.92656960000001,0.00000000000000,30.42730000000000,0,Hardware: Legacy Flip,-0.15740000000000,6.30080000000000,33.37530000000000,0.00000000000000,-27.03000000000000,15.26870000000000,0.00000000000000
ruffle.exe,9152,0x0000000000000000,Other,1,0,0,82.96259720000000,0.00000000000000,36.02760000000000,0,Hardware: Legacy Flip,-0.11460000000000,3.56950000000000,33.29630000000000,0.00000000000000,-29.69580000000000,13.55790000000000,0.00000000000000
ruffle.exe,9152,0x0000000000000000,Other,1,0,0,82.98943080000001,0.00000000000000,26.83360000000000,0,Hardware: Legacy Flip,-0.10840000000000,10.08770000000000,33.35180000000000,0.00000000000000,-23.23840000000000,13.50210000000000,0.00000000000000
ruffle.exe,9152,0x0000000000000000,Other,1,0,0,83.02052560000000,0.00000000000000,31.09480000000000,0,Hardware: Legacy Flip,-0.10870000000000,12.29720000000000,33.30430000000000,0.00000000000000,-20.96820000000000,13.44680000000000,0.00000000000000
ruffle.exe,9152,0x0000000000000000,Other,1,0,0,83.05920220000000,0.00000000000000,38.67660000000000,0,Hardware: Legacy Flip,-0.14410000000000,7.02070000000000,33.40010000000000,0.00000000000000,-26.34880000000000,13.83160000000000,0.00000000000000
ruffle.exe,9152,0x0000000000000000,Other,1,0,0,83.09389179999999,0.00000000000000,34.68960000000000,0,Hardware: Legacy Flip,-0.09080000000000,5.61560000000000,33.28450000000000,0.00000000000000,-27.62100000000000,15.30170000000000,0.00000000000000
ruffle.exe,9152,0x0000000000000000,Other,1,0,0,83.12344960000001,0.00000000000000,29.55780000000000,0,Hardware: Legacy Flip,-0.15920000000000,9.42670000000000,33.36890000000000,0.00000000000000,-23.92250000000000,15.03590000000000,0.00000000000000
ruffle.exe,9152,0x0000000000000000,Other,1,0,0,83.16211629999999,0.00000000000000,38.66670000000000,0,Hardware: Legacy Flip,-0.15520000000000,4.10100000000000,33.34100000000000,0.00000000000000,-29.20310000000000,13.49840000000000,0.00000000000000
ruffle.exe,9152,0x0000000000000000,Other,1,0,0,83.19232760000001,0.00000000000000,30.21130000000000,0,Hardware: Legacy Flip,-0.16610000000000,7.20070000000000,33.31100000000000,0.00000000000000,-26.08120000000000,13.59390000000000,0.00000000000000
ruffle.exe,9152,0x0000000000000000,Other,1,0,0,83.22539000000000,0.00000000000000,33.06240000000000,0,Hardware: Legacy Flip,-0.11270000000000,7.46720000000000,33.32890000000000,0.00000000000000,-25.84090000000000,13.45820000000000,0.00000000000000
ruffle.exe,9152,0x0000000000000000,Other,1,0,0,83.25601430000000,0.00000000000000,30.62430000000000,0,Hardware: Legacy Flip,-0.09740000000000,10.18900000000000,33.34610000000000,0.00000000000000,-23.11830000000000,13.38950000000000,0.00000000000000
ruffle.exe,9152,0x0000000000000000,Other,1,0,0,83.28949410000000,0.00000000000000,33.47980000000000,0,Hardware: Legacy Flip,-0.15760000000000,10.09150000000000,33.38230000000000,0.00000000000000,-23.25170000000000,13.94450000000000,0.00000000000000
ruffle.exe,9152,0x0000000000000000,Other,1,0,0,83.32526600000000,0.00000000000000,35.77190000000000,0,Hardware: Legacy Flip,-0.08910000000000,7.59490000000000,33.27530000000000,0.00000000000000,-25.64860000000000,15.18680000000000,0.00000000000000
ruffle.exe,9152,0x0000000000000000,Other,1,0,0,83.35953450000000,0.00000000000000,34.26850000000000,0,Hardware: Legacy Flip,-0.11910000000000,6.67830000000000,33.35190000000000,0.00000000000000,-26.65080000000000,15.20400000000000,0.00000000000000
ruffle.exe,9152,0x0000000000000000,Other,1,0,0,83.39483969999999,0.00000000000000,35.30520000000000,0,Hardware: Legacy Flip,-0.11960000000000,4.73280000000000,33.35970000000000,0.00000000000000,-28.60190000000000,13.95110000000000,0.00000000000000
ruffle.exe,9152,0x0000000000000000,Other,1,0,0,83.42230430000001,0.00000000000000,27.46460000000000,0,Hardware: Legacy Flip,-0.20080000000000,10.59510000000000,33.32690000000000,0.00000000000000,-22.70600000000000,13.64220000000000,0.00000000000000
ruffle.exe,9152,0x0000000000000000,Other,1,0,0,83.46525180000000,0.00000000000000,42.94750000000001,0,Hardware: Legacy Flip,-0.14880000000000,1.01390000000000,33.36630000000000,0.00000000000000,-32.32010000000000,13.74210000000000,0.00000000000000
ruffle.exe,9152,0x0000000000000000,Other,1,0,0,83.68688770000001,0.00000000000000,221.63590000000002,0,Hardware: Legacy Flip,-0.16020000000000,12.75060000000000,233.37260000000001,0.00000000000000,-220.58910000000000,16.43990000000000,0.00000000000000
ruffle.exe,9152,0x0000000000000000,Other,1,0,0,83.70781600000001,0.00000000000000,20.92830000000000,0,Hardware: Legacy Flip,-0.08110000000000,8.40760000000000,16.58530000000000,0.00000000000000,-13.28110000000000,13.08980000000000,0.00000000000000
ruffle.exe,9152,0x0000000000000000,Other,1,0,0,83.74128550000000,0.00000000000000,33.46950000000000,0,Hardware: Legacy Flip,-0.15960000000000,8.30060000000000,33.36250000000000,0.00000000000000,-25.03820000000000,13.75540000000000,0.00000000000000
ruffle.exe,9152,0x0000000000000000,Other,1,0,0,83.77137040000000,0.00000000000000,30.08490000000000,0,Hardware: Legacy Flip,-0.10870000000000,11.56490000000000,33.34920000000000,0.00000000000000,-21.75080000000000,13.50440000000000,0.00000000000000
ruffle.exe,9152,0x0000000000000000,Other,1,0,0,83.80771810000000,0.00000000000000,36.34770000000000,0,Hardware: Legacy Flip,-0.10830000000000,8.52660000000000,33.30940000000000,0.00000000000000,-24.74450000000000,13.49250000000000,0.00000000000000
ruffle.exe,9152,0x0000000000000000,Other,1,0,0,83.84197150000000,0.00000000000000,34.25340000000000,0,Hardware: Legacy Flip,-0.24270000000000,7.92300000000000,33.64980000000000,0.00000000000000,-25.69190000000000,13.68250000000000,0.00000000000000
ruffle.exe,9152,0x0000000000000000,Other,1,0,0,83.88359750000001,0.00000000000000,41.62600000000000,0,Hardware: Legacy Flip,-0.15360000000000,16.03880000000000,49.74180000000000,0.00000000000000,-33.66220000000000,15.42350000000000,0.00000000000000
ruffle.exe,9152,0x0000000000000000,Other,1,0,0,83.90786030000000,0.00000000000000,24.26280000000000,0,Hardware: Legacy Flip,-0.14750000000000,8.40910000000000,16.63310000000000,0.00000000000000,-15.41160000000000,15.12610000000000,0.00000000000000
ruffle.exe,9152,0x0000000000000000,Other,1,0,0,83.94100040000001,0.00000000000000,33.14010000000000,0,Hardware: Legacy Flip,-0.12940000000000,8.62210000000000,33.35310000000000,0.00000000000000,-24.70600000000000,13.64450000000000,0.00000000000000
ruffle.exe,9152,0x0000000000000000,Other,1,0,0,83.97593380000001,0.00000000000000,34.93340000000000,0,Hardware: Legacy Flip,-0.14780000000000,6.98660000000000,33.29790000000000,0.00000000000000,-26.28960000000000,13.71940000000000,0.00000000000000
ruffle.exe,9152,0x0000000000000000,Other,1,0,0,84.00357230000000,0.00000000000000,27.63850000000000,0,Hardware: Legacy Flip,-0.12380000000000,12.76560000000000,33.41750000000000,0.00000000000000,-20.63300000000000,13.64750000000000,0.00000000000000
ruffle.exe,9152,0x0000000000000000,Other,1,0,0,84.05404070000000,0.00000000000000,50.46840000000000,0,Hardware: Legacy Flip,-0.11570000000000,12.27410000000000,49.97690000000000,0.00000000000000,-37.65350000000000,13.54700000000000,0.00000000000000
ruffle.exe,9152,0x0000000000000000,Other,1,0,0,84.08102160000000,0.00000000000000,26.98090000000000,0,Hardware: Legacy Flip,-0.09070000000000,1.85940000000000,16.56620000000000,0.00000000000000,-15.04180000000000,14.87360000000000,0.00000000000000
ruffle.exe,9152,0x0000000000000000,Other,1,0,0,84.10623470000000,0.00000000000000,25.21310000000000,0,Hardware: Legacy Flip,-0.12990000000000,10.07750000000000,33.43120000000000,0.00000000000000,-23.33500000000000,15.41000000000000,0.00000000000000
ruffle.exe,9152,0x0000000000000000,Other,1,0,0,84.14433840000000,0.00000000000000,38.10370000000000,0,Hardware: Legacy Flip,-0.16710000000000,5.52000000000000,33.54620000000000,0.00000000000000,-27.99050000000000,13.79450000000000,0.00000000000000
ruffle.exe,9152,0x0000000000000000,Other,1,0,0,84.17238100000000,0.00000000000000,28.04260000000000,0,Hardware: Legacy Flip,-0.10010000000000,10.57190000000000,33.09450000000000,0.00000000000000,-22.48450000000000,13.83730000000000,0.00000000000000
ruffle.exe,9152,0x0000000000000000,Other,1,0,0,84.21060170000000,0.00000000000000,38.22070000000000,0,Hardware: Legacy Flip,-0.15480000000000,5.70780000000000,33.35660000000000,0.00000000000000,-27.62410000000000,13.70870000000000,0.00000000000000
ruffle.exe,9152,0x0000000000000000,Other,1,0,0,84.23826600000001,0.00000000000000,27.66430000000000,0,Hardware: Legacy Flip,-0.12490000000000,11.38020000000000,33.33670000000000,0.00000000000000,-21.93000000000000,13.66530000000000,0.00000000000000
ruffle.exe,9152,0x0000000000000000,Other,1,0,0,84.27808450000001,0.00000000000000,39.81850000000000,0,Hardware: Legacy Flip,-0.15820000000000,4.88250000000000,33.32080000000000,0.00000000000000,-28.41540000000000,13.80830000000000,0.00000000000000
ruffle.exe,9152,0x0000000000000000,Other,1,0,0,84.30599300000000,0.00000000000000,27.90850000000000,0,Hardware: Legacy Flip,-0.13050000000000,10.34240000000000,33.36840000000000,0.00000000000000,-22.99540000000000,15.55330000000000,0.00000000000000
ruffle.exe,9152,0x0000000000000000,Other,1,0,0,84.34916130000001,0.00000000000000,43.16830000000000,0,Hardware: Legacy Flip,-0.15280000000000,0.48350000000000,33.30940000000000,0.00000000000000,-32.79030000000000,15.67130000000000,0.00000000000000
ruffle.exe,9152,0x0000000000000000,Other,1,0,0,84.37783050000000,0.00000000000000,28.66920000000000,0,Hardware: Legacy Flip,-0.10600000000000,5.14190000000000,33.32760000000000,0.00000000000000,-28.16110000000000,13.74710000000000,0.00000000000000
ruffle.exe,9152,0x0000000000000000,Other,1,0,0,84.41002390000000,0.00000000000000,32.19340000000000,0,Hardware: Legacy Flip,-0.24590000000000,6.32230000000000,33.37380000000000,0.00000000000000,-27.01910000000000,13.89600000000000,0.00000000000000
ruffle.exe,9152,0x0000000000000000,Other,1,0,0,84.43776160000000,0.00000000000000,27.73770000000000,0,Hardware: Legacy Flip,-0.18780000000000,11.91300000000000,33.32840000000000,0.00000000000000,-21.38750000000000,13.81080000000000,0.00000000000000
ruffle.exe,9152,0x0000000000000000,Other,1,0,0,84.47677469999999,0.00000000000000,39.01310000000000,0,Hardware: Legacy Flip,-0.14200000000000,6.20160000000000,33.30170000000000,0.00000000000000,-27.07040000000000,13.97720000000000,0.00000000000000
ruffle.exe,9152,0x0000000000000000,Other,1,0,0,84.61050320000001,0.00000000000000,133.72850000000000,0,Hardware: Legacy Flip,-0.14360000000000,5.88170000000000,133.40860000000001,0.00000000000000,-127.50080000000001,14.51210000000000,0.00000000000000
ruffle.exe,9152,0x0000000000000000,Other,1,0,0,84.62697470000001,0.00000000000000,16.47150000000000,0,Hardware: Legacy Flip,-0.15100000000000,6.10380000000000,16.69360000000000,0.00000000000000,-13.79370000000000,13.51030000000000,0.00000000000000
ruffle.exe,9152,0x0000000000000000,Other,1,0,0,84.64353350000000,0.00000000000000,16.55880000000000,0,Hardware: Legacy Flip,-0.11850000000000,6.11850000000000,16.57350000000000,0.00000000000000,-13.73730000000000,13.50290000000000,0.00000000000000
ruffle.exe,9152,0x0000000000000000,Other,1,0,0,84.67078830000000,0.00000000000000,27.25480000000000,0,Hardware: Legacy Flip,-0.14990000000000,12.20370000000000,33.34000000000000,0.00000000000000,-21.10150000000000,13.83100000000000,0.00000000000000
ruffle.exe,9152,0x0000000000000000,Other,1,0,0,84.70284480000001,0.00000000000000,32.05650000000000,0,Hardware: Legacy Flip,-0.12510000000000,13.48520000000000,33.33800000000000,0.00000000000000,-19.81150000000000,13.91850000000000,0.00000000000000
ruffle.exe,9152,0x0000000000000000,Other,1,0,0,84.74402080000000,0.00000000000000,41.17600000000000,0,Hardware: Legacy Flip,-0.14790000000000,5.63660000000000,33.32740000000000,0.00000000000000,-27.66120000000000,15.52170000000000,0.00000000000000
ruffle.exe,9152,0x0000000000000000,Other,1,0,0,84.77834520000000,0.00000000000000,34.32440000000000,0,Hardware: Legacy Flip,-0.16330000000000,4.64640000000000,33.33420000000000,0.00000000000000,-28.65420000000000,15.61900000000000,0.00000000000000
ruffle.exe,9152,0x0000000000000000,Other,1,0,0,84.81024670000001,0.00000000000000,31.90150000000000,0,Hardware: Legacy Flip,-0.13050000000000,6.09740000000000,33.35250000000000,0.00000000000000,-27.21400000000000,14.19850000000000,0.00000000000000
ruffle.exe,9152,0x0000000000000000,Other,1,0,0,84.84286259999999,0.00000000000000,32.61590000000000,0,Hardware: Legacy Flip,-0.14180000000000,6.78160000000000,33.30010000000000,0.00000000000000,-26.49340000000000,13.87640000000000,0.00000000000000
ruffle.exe,9152,0x0000000000000000,Other,1,0,0,84.87398850000001,0.00000000000000,31.12590000000000,0,Hardware: Legacy Flip,-0.16890000000000,9.01770000000000,33.36200000000000,0.00000000000000,-24.30970000000000,13.86610000000000,0.00000000000000
ruffle.exe,9152,0x0000000000000000,Other,1,0,0,84.90830390000001,0.00000000000000,34.31540000000000,0,Hardware: Legacy Flip,-0.10410000000000,8.07410000000000,33.37180000000000,0.00000000000000,-25.27130000000000,13.93680000000000,0.00000000000000
ruffle.exe,9152,0x0000000000000000,Other,1,0,0,84.94999039999999,0.00000000000000,41.68650000000000,0,Hardware: Legacy Flip,-0.10940000000000,16.50290000000000,50.11530000000000,0.00000000000000,-33.58200000000000,15.49850000000000,0.00000000000000
ruffle.exe,9152,0x0000000000000000,Other,1,0,0,84.97858900000001,0.00000000000000,28.59860000000000,0,Hardware: Legacy Flip,-0.17170000000000,4.47890000000000,16.57460000000000,0.00000000000000,-15.74840000000000,15.32030000000000,0.00000000000000
ruffle.exe,9152,0x0000000000000000,Other,1,0,0,85.01235740000000,0.00000000000000,33.76840000000000,0,Hardware: Legacy Flip,-0.12300000000000,3.96280000000000,33.25230000000000,0.00000000000000,-29.25390000000000,13.91700000000000,0.00000000000000
ruffle.exe,9152,0x0000000000000000,Other,1,0,0,85.04226059999999,0.00000000000000,29.90320000000000,0,Hardware: Legacy Flip,-0.22150000000000,7.41620000000000,33.35660000000000,0.00000000000000,-25.91430000000000,13.88470000000000,0.00000000000000
ruffle.exe,9152,0x0000000000000000,Other,1,0,0,85.07300350000001,0.00000000000000,30.74290000000000,0,Hardware: Legacy Flip,-0.18470000000000,10.03120000000000,33.35790000000000,0.00000000000000,-23.29420000000000,13.90520000000000,0.00000000000000
ruffle.exe,9152,0x0000000000000000,Other,1,0,0,85.10828030000000,0.00000000000000,35.27680000000000,0,Hardware: Legacy Flip,-0.08980000000000,8.09670000000000,33.34230000000000,0.00000000000000,-25.21360000000000,13.71700000000000,0.00000000000000
ruffle.exe,9152,0x0000000000000000,Other,1,0,0,85.14259919999999,0.00000000000000,34.31890000000000,0,Hardware: Legacy Flip,-0.18780000000000,7.14330000000000,33.36550000000000,0.00000000000000,-26.19440000000000,13.81730000000000,0.00000000000000
ruffle.exe,9152,0x0000000000000000,Other,1,0,0,85.17653580000000,0.00000000000000,33.93660000000000,0,Hardware: Legacy Flip,-0.16120000000000,6.49140000000000,33.28470000000000,0.00000000000000,-26.76470000000000,15.45060000000000,0.00000000000000
ruffle.exe,9152,0x0000000000000000,Other,1,0,0,85.21132150000001,0.00000000000000,34.78570000000000,0,Hardware: Legacy Flip,-0.16320000000000,5.04250000000000,33.33680000000000,0.00000000000000,-28.26550000000000,15.69410000000000,0.00000000000000
ruffle.exe,9152,0x0000000000000000,Other,1,0,0,85.23758610000000,0.00000000000000,26.26460000000000,0,Hardware: Legacy Flip,-0.14150000000000,12.12170000000000,33.34380000000000,0.00000000000000,-21.18960000000000,13.97110000000000,0.00000000000000
ruffle.exe,9152,0x0000000000000000,Other,1,0,0,85.27535440000000,0.00000000000000,37.76830000000000,0,Hardware: Legacy Flip,-0.15740000000000,7.68760000000000,33.33420000000000,0.00000000000000,-25.61550000000000,13.65200000000000,0.00000000000000
ruffle.exe,9152,0x0000000000000000,Other,1,0,0,85.30362410000001,0.00000000000000,28.26970000000000,0,Hardware: Legacy Flip,-0.14480000000000,12.76080000000000,33.34290000000000,0.00000000000000,-20.56440000000000,13.83370000000000,0.00000000000000
ruffle.exe,9152,0x0000000000000000,Other,1,0,0,85.34123490000000,0.00000000000000,37.61080000000000,0,Hardware: Legacy Flip,-0.20390000000000,8.55300000000000,33.40300000000000,0.00000000000000,-24.80950000000000,13.95740000000000,0.00000000000000
ruffle.exe,9152,0x0000000000000000,Other,1,0,0,85.38642260000000,0.00000000000000,45.18770000000000,0,Hardware: Legacy Flip,-0.11840000000000,13.31720000000000,49.95190000000000,0.00000000000000,-36.59720000000000,15.46640000000000,0.00000000000000
ruffle.exe,9152,0x0000000000000000,Other,1,0,0,85.41148149999999,0.00000000000000,25.05890000000000,0,Hardware: Legacy Flip,-0.11700000000000,4.91840000000000,16.66010000000000,0.00000000000000,-15.30060000000000,15.13490000000000,0.00000000000000
ruffle.exe,9152,0x0000000000000000,Other,1,0,0,85.43826150000000,0.00000000000000,26.78000000000000,0,Hardware: Legacy Flip,-0.10740000000000,11.48830000000000,33.34990000000000,0.00000000000000,-21.81580000000000,13.84160000000000,0.00000000000000
ruffle.exe,9152,0x0000000000000000,Other,1,0,0,85.48000370000000,0.00000000000000,41.74220000000000,0,Hardware: Legacy Flip,-0.20010000000000,3.06460000000000,33.31850000000000,0.00000000000000,-30.22430000000000,14.01260000000000,0.00000000000000
ruffle.exe,9152,0x0000000000000000,Other,1,0,0,85.61398699999999,0.00000000000000,133.98330000000001,0,Hardware: Legacy Flip,-0.12540000000000,2.42230000000000,133.34100000000001,0.00000000000000,-130.89440000000002,14.84410000000000,0.00000000000000
ruffle.exe,9152,0x0000000000000000,Other,1,0,0,85.63225419999999,0.00000000000000,18.26720000000000,0,Hardware: Legacy Flip,-0.11670000000000,0.79200000000000,16.63690000000000,0.00000000000000,-15.81430000000000,15.53940000000000,0.00000000000000
ruffle.exe,9152,0x0000000000000000,Other,1,0,0,85.64954600000000,0.00000000000000,17.29180000000000,0,Hardware: Legacy Flip,-0.12300000000000,16.89090000000000,33.39070000000000,0.00000000000000,-16.48440000000000,15.41280000000000,0.00000000000000
ruffle.exe,9152,0x0000000000000000,Other,1,0,0,85.67450880000000,0.00000000000000,24.96280000000000,0,Hardware: Legacy Flip,-0.12790000000000,8.60890000000000,16.68080000000000,0.00000000000000,-13.74910000000000,13.44870000000000,0.00000000000000
ruffle.exe,9152,0x0000000000000000,Other,1,0,0,85.71016380000000,0.00000000000000,35.65500000000000,0,Hardware: Legacy Flip,-0.13730000000000,6.30560000000000,33.35170000000000,0.00000000000000,-27.00900000000000,14.12470000000000,0.00000000000000
ruffle.exe,9152,0x0000000000000000,Other,1,0,0,85.74542680000000,0.00000000000000,35.26300000000001,0,Hardware: Legacy Flip,-0.13040000000000,4.37270000000000,33.33010000000000,0.00000000000000,-28.92650000000000,13.89600000000000,0.00000000000000
ruffle.exe,9152,0x0000000000000000,Other,1,0,0,85.77360170000000,0.00000000000000,28.17490000000000,0,Hardware: Legacy Flip,-0.14690000000000,9.43430000000000,33.23650000000000,0.00000000000000,-23.75340000000000,14.10190000000000,0.00000000000000
ruffle.exe,9152,0x0000000000000000,Other,1,0,0,85.80646589999999,0.00000000000000,32.86420000000000,0,Hardware: Legacy Flip,-0.12960000000000,9.97380000000000,33.40370000000000,0.00000000000000,-23.39870000000000,15.84900000000000,0.00000000000000
ruffle.exe,9152,0x0000000000000000,Other,1,0,0,85.85070630000001,0.00000000000000,44.24040000000000,0,Hardware: Legacy Flip,-0.18480000000000,15.73350000000000,50.00010000000000,0.00000000000000,-34.21880000000000,15.79220000000000,0.00000000000000
ruffle.exe,9152,0x0000000000000000,Other,1,0,0,85.87236350000001,0.00000000000000,21.65720000000000,0,Hardware: Legacy Flip,-0.09960000000000,10.75610000000000,16.67980000000000,0.00000000000000,-13.83550000000000,13.57890000000000,0.00000000000000
ruffle.exe,9152,0x0000000000000000,Other,1,0,0,85.90429320000000,0.00000000000000,31.92970000000000,0,Hardware: Legacy Flip,-0.08060000000000,12.18580000000000,33.35940000000000,0.00000000000000,-21.14220000000000,13.95030000000000,0.00000000000000
ruffle.exe,9152,0x0000000000000000,Other,1,0,0,85.94518350000000,0.00000000000000,40.89030000000000,0,Hardware: Legacy Flip,-0.15700000000000,4.61670000000000,33.32120000000000,0.00000000000000,-28.67720000000000,14.09440000000000,0.00000000000000
ruffle.exe,9152,0x0000000000000000,Other,1,0,0,85.97157129999999,0.00000000000000,26.38780000000000,0,Hardware: Legacy Flip,-0.14830000000000,11.53880000000000,33.30990000000000,0.00000000000000,-21.73020000000000,14.09950000000000,0.00000000000000
ruffle.exe,9152,0x0000000000000000,Other,1,0,0,86.00508960000001,0.00000000000000,33.51830000000000,0,Hardware: Legacy Flip,-0.14330000000000,11.38540000000000,33.36490000000000,0.00000000000000,-21.95860000000000,13.60300000000000,0.00000000000000
ruffle.exe,9152,0x0000000000000000,Other,1,0,0,86.05857469999999,0.00000000000000,53.48510000000000,0,Hardware: Legacy Flip,-0.11400000000000,7.91790000000000,50.01760000000000,0.00000000000000,-42.07570000000000,15.13160000000000,0.00000000000000
ruffle.exe,9152,0x0000000000000000,Other,1,0,0,86.07721030000000,0.00000000000000,18.63560000000000,0,Hardware: Legacy Flip,-0.12120000000000,5.89930000000000,16.61700000000000,0.00000000000000,-14.92450000000000,14.66910000000000,0.00000000000000
ruffle.exe,9152,0x0000000000000000,Other,1,0,0,86.10350090000000,0.00000000000000,26.29060000000000,0,Hardware: Legacy Flip,-0.14410000000000,12.97910000000000,33.37040000000000,0.00000000000000,-20.36150000000000,13.62590000000000,0.00000000000000
ruffle.exe,9152,0x0000000000000000,Other,1,0,0,86.14196040000000,0.00000000000000,38.45950000000000,0,Hardware: Legacy Flip,-0.13080000000000,7.89690000000000,33.37730000000000,0.00000000000000,-25.45230000000000,13.46260000000000,0.00000000000000
ruffle.exe,9152,0x0000000000000000,Other,1,0,0,86.17566150000000,0.00000000000000,33.70110000000000,0,Hardware: Legacy Flip,-0.15830000000000,7.58400000000000,33.38820000000000,0.00000000000000,-25.77910000000000,13.78720000000000,0.00000000000000
ruffle.exe,9152,0x0000000000000000,Other,1,0,0,86.20659930000001,0.00000000000000,30.93780000000000,0,Hardware: Legacy Flip,-0.14000000000000,9.86640000000000,33.22020000000000,0.00000000000000,-23.29930000000000,13.72600000000000,0.00000000000000
ruffle.exe,9152,0x0000000000000000,Other,1,0,0,86.23943910000000,0.00000000000000,32.83980000000000,0,Hardware: Legacy Flip,-0.13140000000000,10.39780000000000,33.37120000000000,0.00000000000000,-22.94930000000000,15.17390000000000,0.00000000000000
ruffle.exe,9152,0x0000000000000000,Other,1,0,0,86.28321630000001,0.00000000000000,43.77720000000000,0,Hardware: Legacy Flip,-0.20600000000000,16.65270000000000,50.03210000000000,0.00000000000000,-33.35400000000000,15.32390000000000,0.00000000000000
ruffle.exe,9152,0x0000000000000000,Other,1,0,0,86.31104100000000,0.00000000000000,27.82470000000000,0,Hardware: Legacy Flip,-0.12400000000000,5.43070000000000,16.60270000000000,0.00000000000000,-13.63960000000000,13.34350000000000,0.00000000000000
ruffle.exe,9152,0x0000000000000000,Other,1,0,0,86.33570829999999,0.00000000000000,24.66730000000000,0,Hardware: Legacy Flip,-0.12680000000000,14.15440000000000,33.39100000000000,0.00000000000000,-19.21400000000000,13.59730000000000,0.00000000000000
ruffle.exe,9152,0x0000000000000000,Other,1,0,0,86.36942930000001,0.00000000000000,33.72100000000000,0,Hardware: Legacy Flip,-0.17990000000000,13.79230000000000,33.35890000000000,0.00000000000000,-19.53220000000000,13.74100000000000,0.00000000000000
ruffle.exe,9152,0x0000000000000000,Other,1,0,0,86.40266920000001,0.00000000000000,33.23990000000000,0,Hardware: Legacy Flip,-0.15290000000000,13.82820000000000,33.27580000000000,0.00000000000000,-19.40830000000000,13.78060000000000,0.00000000000000
ruffle.exe,9152,0x0000000000000000,Other,1,0,0,86.43615000000000,0.00000000000000,33.48080000000000,0,Hardware: Legacy Flip,-0.13080000000000,13.70470000000000,33.35730000000000,0.00000000000000,-19.62430000000000,13.39130000000000,0.00000000000000
ruffle.exe,9152,0x0000000000000000,Other,1,0,0,86.48033909999999,0.00000000000000,44.18910000000000,0,Hardware: Legacy Flip,-0.15240000000000,2.83200000000000,33.31640000000000,0.00000000000000,-30.46130000000000,15.35170000000000,0.00000000000000
ruffle.exe,9152,0x0000000000000000,Other,1,0,0,86.67343720000000,0.00000000000000,193.09810000000002,0,Hardware: Legacy Flip,-0.17950000000000,9.81400000000000,200.08010000000002,0.00000000000000,-190.23960000000000,14.66610000000000,0.00000000000000
ruffle.exe,9152,0x0000000000000000,Other,1,0,0,86.69727840000000,0.00000000000000,23.84120000000000,0,Hardware: Legacy Flip,-0.17500000000000,2.57690000000000,16.60410000000000,0.00000000000000,-15.33660000000000,14.87110000000000,0.00000000000000
ruffle.exe,9152,0x0000000000000000,Other,1,0,0,86.71674390000000,0.00000000000000,19.46550000000000,0,Hardware: Legacy Flip,-0.14810000000000,16.41990000000000,33.30850000000000,0.00000000000000,-16.83530000000000,15.56400000000000,0.00000000000000
ruffle.exe,9152,0x0000000000000000,Other,1,0,0,86.74695760000000,0.00000000000000,30.21370000000000,0,Hardware: Legacy Flip,-0.14890000000000,2.89490000000000,16.68870000000000,0.00000000000000,-13.76400000000000,13.41450000000000,0.00000000000000
ruffle.exe,9152,0x0000000000000000,Other,1,0,0,86.77738770000001,0.00000000000000,30.43010000000000,0,Hardware: Legacy Flip,-0.14380000000000,5.81400000000000,33.34920000000000,0.00000000000000,-27.50040000000000,13.61450000000000,0.00000000000000
ruffle.exe,9152,0x0000000000000000,Other,1,0,0,86.80673089999999,0.00000000000000,29.34320000000000,0,Hardware: Legacy Flip,-0.12010000000000,9.80660000000000,33.33580000000000,0.00000000000000,-23.49530000000000,13.73840000000000,0.00000000000000
ruffle.exe,9152,0x0000000000000000,Other,1,0,0,86.83687239999999,0.00000000000000,30.14150000000000,0,Hardware: Legacy Flip,-0.11310000000000,12.99250000000000,33.32740000000000,0.00000000000000,-20.30340000000000,13.55120000000000,0.00000000000000
ruffle.exe,9152,0x0000000000000000,Other,1,0,0,86.87674430000001,0.00000000000000,39.87190000000000,0,Hardware: Legacy Flip,-0.16090000000000,6.49000000000000,33.36940000000000,0.00000000000000,-26.85410000000000,13.84880000000000,0.00000000000000
ruffle.exe,9152,0x0000000000000000,Other,1,0,0,86.91789040000000,0.00000000000000,41.14610000000000,0,Hardware: Legacy Flip,-0.15960000000000,15.31400000000000,49.97010000000000,0.00000000000000,-34.61760000000000,15.55080000000000,0.00000000000000
ruffle.exe,9152,0x0000000000000000,Other,1,0,0,86.95493290000000,0.00000000000000,37.04250000000000,0,Hardware: Legacy Flip,-0.16420000000000,11.58680000000000,33.31530000000000,0.00000000000000,-21.69820000000000,15.65090000000000,0.00000000000000
ruffle.exe,9152,0x0000000000000000,Other,1,0,0,86.98482910000000,0.00000000000000,29.89620000000000,0,Hardware: Legacy Flip,-0.13130000000000,15.05470000000000,33.36410000000000,0.00000000000000,-18.23070000000000,13.47430000000000,0.00000000000000
ruffle.exe,9152,0x0000000000000000,Other,1,0,0,87.00966540000000,0.00000000000000,24.83630000000000,0,Hardware: Legacy Flip,-0.13440000000000,6.87550000000000,16.65710000000000,0.00000000000000,-13.50900000000000,13.23900000000000,0.00000000000000
ruffle.exe,9152,0x0000000000000000,Other,1,0,0,87.04276100000000,0.00000000000000,33.09560000000000,0,Hardware: Legacy Flip,-0.13640000000000,7.12240000000000,33.34250000000000,0.00000000000000,-26.18010000000000,13.63800000000000,0.00000000000000
ruffle.exe,9152,0x0000000000000000,Other,1,0,0,87.07555150000000,0.00000000000000,32.79050000000000,0,Hardware: Legacy Flip,-0.13580000000000,7.64920000000000,33.31730000000000,0.00000000000000,-25.63150000000000,13.68210000000000,0.00000000000000
ruffle.exe,9152,0x0000000000000000,Other,1,0,0,87.11472520000001,0.00000000000000,39.17370000000000,0,Hardware: Legacy Flip,-0.15150000000000,1.82410000000000,33.34860000000000,0.00000000000000,-31.47910000000000,15.40890000000000,0.00000000000000
ruffle.exe,9152,0x0000000000000000,Other,1,0,0,87.14800380000001,0.00000000000000,33.27860000000000,0,Hardware: Legacy Flip,-0.20070000000000,1.88990000000000,33.34440000000000,0.00000000000000,-31.41800000000000,15.56930000000000,0.00000000000000
ruffle.exe,9152,0x0000000000000000,Other,1,0,0,87.17928560000000,0.00000000000000,31.28180000000000,0,Hardware: Legacy Flip,-0.16690000000000,3.93220000000000,33.32410000000000,0.00000000000000,-29.35080000000000,13.77090000000000,0.00000000000000
ruffle.exe,9152,0x0000000000000000,Other,1,0,0,87.21230500000000,0.00000000000000,33.01940000000000,0,Hardware: Legacy Flip,-0.17240000000000,4.26680000000000,33.35400000000000,0.00000000000000,-29.05830000000000,13.94490000000000,0.00000000000000
ruffle.exe,9152,0x0000000000000000,Other,1,0,0,87.24259720000001,0.00000000000000,30.29220000000000,0,Hardware: Legacy Flip,-0.11600000000000,7.28270000000000,33.30810000000000,0.00000000000000,-25.97340000000000,13.50670000000000,0.00000000000000
ruffle.exe,9152,0x0000000000000000,Other,1,0,0,87.27292560000001,0.00000000000000,30.32840000000000,0,Hardware: Legacy Flip,-0.13780000000000,10.28910000000000,33.33480000000000,0.00000000000000,-23.02310000000000,13.55330000000000,0.00000000000000
ruffle.exe,9152,0x0000000000000000,Other,1,0,0,87.30627100000000,0.00000000000000,33.34540000000001,0,Hardware: Legacy Flip,-0.12600000000000,10.29610000000000,33.35240000000000,0.00000000000000,-23.01910000000000,13.87350000000000,0.00000000000000
ruffle.exe,9152,0x0000000000000000,Other,1,0,0,87.34282130000000,0.00000000000000,36.55030000000000,0,Hardware: Legacy Flip,-0.14740000000000,7.05950000000000,33.31370000000000,0.00000000000000,-26.22560000000000,15.56310000000000,0.00000000000000
ruffle.exe,9152,0x0000000000000000,Other,1,0,0,87.37542860000001,0.00000000000000,32.60730000000000,0,Hardware: Legacy Flip,-0.12540000000000,7.80300000000000,33.35080000000000,0.00000000000000,-25.51560000000000,15.46950000000000,0.00000000000000
ruffle.exe,9152,0x0000000000000000,Other,1,0,0,87.40771280000000,0.00000000000000,32.28420000000000,0,Hardware: Legacy Flip,-0.14960000000000,8.85490000000000,33.33610000000000,0.00000000000000,-24.43680000000000,14.02470000000000,0.00000000000000
ruffle.exe,9152,0x0000000000000000,Other,1,0,0,87.44028960000000,0.00000000000000,32.57680000000000,0,Hardware: Legacy Flip,-0.17680000000000,9.64230000000000,33.36420000000000,0.00000000000000,-23.68800000000000,13.88470000000000,0.00000000000000
ruffle.exe,9152,0x0000000000000000,Other,1,0,0,87.47398059999999,0.00000000000000,33.69100000000000,0,Hardware: Legacy Flip,-0.19110000000000,9.27010000000000,33.31880000000000,0.00000000000000,-24.01500000000000,13.91350000000000,0.00000000000000
ruffle.exe,9152,0x0000000000000000,Other,1,0,0,87.71326230000001,0.00000000000000,239.28170000000000,0,Hardware: Legacy Flip,-0.13830000000000,3.32200000000000,233.33360000000002,0.00000000000000,-229.97310000000002,14.67410000000000,0.00000000000000
ruffle.exe,9152,0x0000000000000000,Other,1,0,0,87.73066250000001,0.00000000000000,17.40020000000000,0,Hardware: Legacy Flip,-0.09510000000000,2.57320000000000,16.65140000000000,0.00000000000000,-14.05070000000000,13.40730000000000,0.00000000000000
ruffle.exe,9152,0x0000000000000000,Other,1,0,0,87.75813430000001,0.00000000000000,27.47180000000000,0,Hardware: Legacy Flip,-0.12270000000000,8.46670000000000,33.36530000000000,0.00000000000000,-24.88400000000000,13.72360000000000,0.00000000000000
ruffle.exe,9152,0x0000000000000000,Other,1,0,0,87.78784089999999,0.00000000000000,29.70660000000000,0,Hardware: Legacy Flip,-0.13260000000000,12.12810000000000,33.36800000000000,0.00000000000000,-21.19930000000000,13.96500000000000,0.00000000000000
ruffle.exe,9152,0x0000000000000000,Other,1,0,0,87.82242210000000,0.00000000000000,34.58120000000000,0,Hardware: Legacy Flip,-0.13890000000000,10.83510000000000,33.28820000000000,0.00000000000000,-22.41230000000000,13.95570000000000,0.00000000000000
ruffle.exe,9152,0x0000000000000000,Other,1,0,0,87.86235360000001,0.00000000000000,39.93150000000000,0,Hardware: Legacy Flip,-0.09890000000000,4.24400000000000,33.34040000000000,0.00000000000000,-29.05510000000000,15.59930000000000,0.00000000000000
ruffle.exe,9152,0x0000000000000000,Other,1,0,0,87.89392900000000,0.00000000000000,31.57540000000000,0,Hardware: Legacy Flip,-0.13520000000000,6.04280000000000,33.37420000000000,0.00000000000000,-27.31280000000000,15.61970000000000,0.00000000000000
ruffle.exe,9152,0x0000000000000000,Other,1,0,0,87.92442600000001,0.00000000000000,30.49700000000000,0,Hardware: Legacy Flip,-0.09290000000000,8.85740000000000,33.31160000000000,0.00000000000000,-24.42760000000000,13.92980000000000,0.00000000000000
ruffle.exe,9152,0x0000000000000000,Other,1,0,0,87.95689419999999,0.00000000000000,32.46820000000000,0,Hardware: Legacy Flip,-0.12580000000000,9.74560000000000,33.35640000000000,0.00000000000000,-23.59160000000000,13.63470000000000,0.00000000000000
ruffle.exe,9152,0x0000000000000000,Other,1,0,0,87.98936100000000,0.00000000000000,32.46680000000000,0,Hardware: Legacy Flip,-0.12510000000000,10.61360000000000,33.33480000000000,0.00000000000000,-22.69720000000000,14.02760000000000,0.00000000000000
ruffle.exe,9152,0x0000000000000000,Other,1,0,0,88.02070420000000,0.00000000000000,31.34320000000000,0,Hardware: Legacy Flip,-0.11860000000000,12.58950000000000,33.31910000000000,0.00000000000000,-20.69160000000000,13.89870000000000,0.00000000000000
ruffle.exe,9152,0x0000000000000000,Other,1,0,0,88.05942110000001,0.00000000000000,38.71690000000000,0,Hardware: Legacy Flip,-0.10720000000000,7.19940000000000,33.32680000000000,0.00000000000000,-26.09230000000000,15.66900000000000,0.00000000000000
ruffle.exe,9152,0x0000000000000000,Other,1,0,0,88.09079930000000,0.00000000000000,31.37820000000000,0,Hardware: Legacy Flip,-0.12670000000000,9.18640000000000,33.36520000000000,0.00000000000000,-24.13370000000000,15.61290000000000,0.00000000000000
ruffle.exe,9152,0x0000000000000000,Other,1,0,0,88.13239230000001,0.00000000000000,41.59300000000000,0,Hardware: Legacy Flip,-0.17130000000000,0.91190000000000,33.31850000000000,0.00000000000000,-32.38170000000000,14.05380000000000,0.00000000000000
ruffle.exe,9152,0x0000000000000000,Other,1,0,0,88.15781670000000,0.00000000000000,25.42440000000000,0,Hardware: Legacy Flip,-0.11860000000000,8.81320000000000,33.32570000000000,0.00000000000000,-24.48480000000000,13.79580000000000,0.00000000000000
ruffle.exe,9152,0x0000000000000000,Other,1,0,0,88.18697580000000,0.00000000000000,29.15910000000000,0,Hardware: Legacy Flip,-0.09590000000000,13.02350000000000,33.36940000000000,0.00000000000000,-20.31500000000000,13.85520000000000,0.00000000000000
ruffle.exe,9152,0x0000000000000000,Other,1,0,0,88.22099100000000,0.00000000000000,34.01520000000000,0,Hardware: Legacy Flip,-0.13520000000000,12.32830000000000,33.32000000000000,0.00000000000000,-20.96150000000000,13.72100000000000,0.00000000000000
ruffle.exe,9152,0x0000000000000000,Other,1,0,0,88.25375240000000,0.00000000000000,32.76140000000000,0,Hardware: Legacy Flip,-0.12720000000000,12.88310000000000,33.31620000000000,0.00000000000000,-20.40760000000000,13.89330000000000,0.00000000000000
ruffle.exe,9152,0x0000000000000000,Other,1,0,0,88.29430980000001,0.00000000000000,40.55740000000000,0,Hardware: Legacy Flip,-0.10280000000000,5.66160000000000,33.33590000000000,0.00000000000000,-27.65040000000000,15.54160000000000,0.00000000000000
ruffle.exe,9152,0x0000000000000000,Other,1,0,0,88.32364109999999,0.00000000000000,29.33130000000000,0,Hardware: Legacy Flip,-0.10130000000000,9.70120000000000,33.37090000000000,0.00000000000000,-23.64560000000000,15.46550000000000,0.00000000000000
ruffle.exe,9152,0x0000000000000000,Other,1,0,0,88.35320030000000,0.00000000000000,29.55920000000000,0,Hardware: Legacy Flip,-0.14880000000000,13.59150000000000,33.44950000000000,0.00000000000000,-19.80280000000000,13.92720000000000,0.00000000000000
ruffle.exe,9152,0x0000000000000000,Other,1,0,0,88.38628990000001,0.00000000000000,33.08960000000000,0,Hardware: Legacy Flip,-0.09470000000000,13.68970000000000,33.18780000000000,0.00000000000000,-19.46950000000000,13.89760000000000,0.00000000000000
ruffle.exe,9152,0x0000000000000000,Other,1,0,0,88.42438060000001,0.00000000000000,38.09070000000001,0,Hardware: Legacy Flip,-0.15240000000000,8.95220000000000,33.35320000000000,0.00000000000000,-24.37200000000000,13.98060000000000,0.00000000000000
ruffle.exe,9152,0x0000000000000000,Other,1,0,0,88.45499010000000,0.00000000000000,30.60950000000000,0,Hardware: Legacy Flip,-0.16420000000000,11.68160000000000,33.33890000000000,0.00000000000000,-21.63140000000000,13.89750000000000,0.00000000000000
ruffle.exe,9152,0x0000000000000000,Other,1,0,0,88.73510930000000,0.00000000000000,280.11920000000003,0,Hardware: Legacy Flip,-0.11800000000000,14.93620000000000,283.37380000000002,0.00000000000000,-268.40809999999999,14.55150000000000,0.00000000000000
ruffle.exe,9152,0x0000000000000000,Other,1,0,0,88.75365820000000,0.00000000000000,18.54890000000000,0,Hardware: Legacy Flip,-0.19960000000000,13.13770000000000,16.75040000000000,0.00000000000000,-14.00070000000000,13.58680000000000,0.00000000000000
ruffle.exe,9152,0x0000000000000000,Other,1,0,0,88.77571000000000,0.00000000000000,22.05180000000000,0,Hardware: Legacy Flip,-0.12950000000000,7.70590000000000,16.62000000000000,0.00000000000000,-13.99010000000000,13.57750000000000,0.00000000000000
ruffle.exe,9152,0x0000000000000000,Other,1,0,0,88.81201440000000,0.00000000000000,36.30440000000000,0,Hardware: Legacy Flip,-0.12380000000000,4.69390000000000,33.29240000000000,0.00000000000000,-28.53930000000000,15.62450000000000,0.00000000000000
ruffle.exe,9152,0x0000000000000000,Other,1,0,0,88.84573560000000,0.00000000000000,33.72120000000000,0,Hardware: Legacy Flip,-0.13580000000000,4.35360000000000,33.38090000000000,0.00000000000000,-28.99720000000000,15.57540000000000,0.00000000000000
ruffle.exe,9152,0x0000000000000000,Other,1,0,0,88.87755050000000,0.00000000000000,31.81490000000000,0,Hardware: Legacy Flip,-0.15100000000000,5.84180000000000,33.30310000000000,0.00000000000000,-27.43160000000000,14.21700000000000,0.00000000000000
ruffle.exe,9152,0x0000000000000000,Other,1,0,0,88.90883140000000,0.00000000000000,31.28090000000000,0,Hardware: Legacy Flip,-0.17820000000000,7.96160000000000,33.40070000000000,0.00000000000000,-25.39590000000000,14.07340000000000,0.00000000000000
ruffle.exe,9152,0x0000000000000000,Other,1,0,0,88.93970519999999,0.00000000000000,30.87380000000000,0,Hardware: Legacy Flip,-0.14830000000000,10.34670000000000,33.25890000000000,0.00000000000000,-22.86890000000000,13.96330000000000,0.00000000000000
ruffle.exe,9152,0x0000000000000000,Other,1,0,0,88.97630420000000,0.00000000000000,36.59900000000000,0,Hardware: Legacy Flip,-0.19320000000000,7.08630000000000,33.33860000000000,0.00000000000000,-26.22450000000000,14.20230000000000,0.00000000000000
ruffle.exe,9152,0x0000000000000000,Other,1,0,0,89.01184640000000,0.00000000000000,35.54220000000000,0,Hardware: Legacy Flip,-0.11930000000000,4.89030000000000,33.34620000000000,0.00000000000000,-28.41870000000000,15.58110000000000,0.00000000000000
ruffle.exe,9152,0x0000000000000000,Other,1,0,0,89.04935060000001,0.00000000000000,37.50420000000000,0,Hardware: Legacy Flip,-0.14920000000000,0.68270000000000,33.29660000000001,0.00000000000000,-32.58650000000000,15.64840000000000,0.00000000000000
ruffle.exe,9152,0x0000000000000000,Other,1,0,0,89.07368740000000,0.00000000000000,24.33680000000000,0,Hardware: Legacy Flip,-0.14460000000000,9.70410000000000,33.35820000000000,0.00000000000000,-23.62140000000000,14.02160000000000,0.00000000000000
ruffle.exe,9152,0x0000000000000000,Other,1,0,0,89.10998880000001,0.00000000000000,36.30140000000000,0,Hardware: Legacy Flip,-0.14340000000000,6.73640000000000,33.33370000000000,0.00000000000000,-26.56090000000000,13.81480000000000,0.00000000000000
ruffle.exe,9152,0x0000000000000000,Other,1,0,0,89.13791929999999,0.00000000000000,27.93050000000000,0,Hardware: Legacy Flip,-0.11320000000000,12.14520000000000,33.33930000000000,0.00000000000000,-21.16310000000000,13.95380000000000,0.00000000000000
ruffle.exe,9152,0x0000000000000000,Other,1,0,0,89.17316169999999,0.00000000000000,35.24240000000000,0,Hardware: Legacy Flip,-0.15730000000000,10.25880000000000,33.35600000000000,0.00000000000000,-23.04830000000000,14.25910000000000,0.00000000000000
ruffle.exe,9152,0x0000000000000000,Other,1,0,0,89.20672900000001,0.00000000000000,33.56730000000000,0,Hardware: Legacy Flip,-0.10650000000000,9.99850000000000,33.30700000000000,0.00000000000000,-23.27210000000000,13.88710000000000,0.00000000000000
ruffle.exe,9152,0x0000000000000000,Other,1,0,0,89.24140620000000,0.00000000000000,34.67720000000000,0,Hardware: Legacy Flip,-0.19850000000000,8.65850000000000,33.33720000000000,0.00000000000000,-24.65320000000000,15.73840000000000,0.00000000000000
ruffle.exe,9152,0x0000000000000000,Other,1,0,0,89.28314710000001,0.00000000000000,41.74090000000000,0,Hardware: Legacy Flip,-0.14730000000000,17.02350000000000,50.10590000000001,0.00000000000000,-33.05480000000000,15.36230000000000,0.00000000000000
ruffle.exe,9152,0x0000000000000000,Other,1,0,0,89.31031080000001,0.00000000000000,27.16370000000000,0,Hardware: Legacy Flip,-0.13000000000000,6.42740000000000,16.56760000000000,0.00000000000000,-13.13610000000000,12.83250000000000,0.00000000000000
ruffle.exe,9152,0x0000000000000000,Other,1,0,0,89.33758450000001,0.00000000000000,27.27370000000000,0,Hardware: Legacy Flip,-0.10870000000000,12.48690000000000,33.33320000000001,0.00000000000000,-20.81910000000000,13.22740000000000,0.00000000000000
ruffle.exe,9152,0x0000000000000000,Other,1,0,0,89.38037760000000,0.00000000000000,42.79310000000000,0,Hardware: Legacy Flip,-0.16920000000000,3.04540000000000,33.35160000000000,0.00000000000000,-30.25490000000000,13.58960000000000,0.00000000000000
ruffle.exe,9152,0x0000000000000000,Other,1,0,0,89.40732880000000,0.00000000000000,26.95120000000000,0,Hardware: Legacy Flip,-0.17700000000000,9.40460000000000,33.31040000000000,0.00000000000000,-23.87970000000000,13.55810000000000,0.00000000000000
ruffle.exe,9152,0x0000000000000000,Other,1,0,0,89.44303370000000,0.00000000000000,35.70490000000000,0,Hardware: Legacy Flip,-0.09760000000000,7.05330000000000,33.35360000000000,0.00000000000000,-26.25700000000000,14.99850000000000,0.00000000000000
ruffle.exe,9152,0x0000000000000000,Other,1,0,0,89.47519610000001,0.00000000000000,32.16240000000000,0,Hardware: Legacy Flip,-0.14590000000000,8.24660000000000,33.35570000000000,0.00000000000000,-25.05480000000000,15.60830000000000,0.00000000000000
ruffle.exe,9152,0x0000000000000000,Other,1,0,0,89.71797190000001,0.00000000000000,242.77580000000000,0,Hardware: Legacy Flip,-0.09950000000000,15.49450000000000,250.02370000000002,0.00000000000000,-234.46630000000002,14.19850000000000,0.00000000000000
ruffle.exe,9152,0x0000000000000000,Other,1,0,0,89.73813860000001,0.00000000000000,20.16670000000000,0,Hardware: Legacy Flip,-0.15860000000000,12.01420000000000,16.68640000000000,0.00000000000000,-13.36030000000000,13.00250000000000,0.00000000000000
ruffle.exe,9152,0x0000000000000000,Other,1,0,0,89.76566460000001,0.00000000000000,27.52600000000000,0,Hardware: Legacy Flip,-0.16540000000000,1.13810000000000,16.64990000000000,0.00000000000000,-15.45380000000000,15.10190000000000,0.00000000000000
ruffle.exe,9152,0x0000000000000000,Other,1,0,0,89.80095350000001,0.00000000000000,35.28890000000000,0,Hardware: Legacy Flip,-0.14780000000000,15.82760000000000,49.97840000000000,0.00000000000000,-34.10390000000000,15.34120000000000,0.00000000000000
ruffle.exe,9152,0x0000000000000000,Other,1,0,0,89.83202980000000,0.00000000000000,31.07630000000000,0,Hardware: Legacy Flip,-0.10390000000000,1.39920000000000,16.64790000000000,0.00000000000000,-15.15790000000000,13.36780000000000,0.00000000000000
ruffle.exe,9152,0x0000000000000000,Other,1,0,0,89.88358980000001,0.00000000000000,51.56000000000000,0,Hardware: Legacy Flip,-0.14850000000000,16.60880000000000,66.76960000000000,0.00000000000000,-50.13270000000000,13.81470000000000,0.00000000000000
ruffle.exe,9152,0x0000000000000000,Other,1,0,0,89.90284370000001,0.00000000000000,19.25390000000000,0,Hardware: Legacy Flip,-0.17050000000000,13.97000000000000,16.61510000000000,0.00000000000000,-13.53590000000000,13.12000000000000,0.00000000000000
ruffle.exe,9152,0x0000000000000000,Other,1,0,0,89.93376250000000,0.00000000000000,30.91880000000000,0,Hardware: Legacy Flip,-0.13110000000000,16.39380000000000,33.34260000000000,0.00000000000000,-16.91840000000000,13.46310000000000,0.00000000000000
ruffle.exe,9152,0x0000000000000000,Other,1,0,0,89.96965110000001,0.00000000000000,35.88860000000000,0,Hardware: Legacy Flip,-0.15720000000000,13.80760000000000,33.30240000000000,0.00000000000000,-19.45420000000000,15.48170000000000,0.00000000000000
ruffle.exe,9152,0x0000000000000000,Other,1,0,0,90.00131759999999,0.00000000000000,31.66650000000000,0,Hardware: Legacy Flip,-0.12650000000000,15.49400000000000,33.35290000000000,0.00000000000000,-17.82320000000000,15.21120000000000,0.00000000000000
ruffle.exe,9152,0x0000000000000000,Other,1,0,0,90.02814479999999,0.00000000000000,26.82720000000000,0,Hardware: Legacy Flip,-0.11230000000000,5.32830000000000,16.66150000000000,0.00000000000000,-13.35810000000000,13.06630000000000,0.00000000000000
ruffle.exe,9152,0x0000000000000000,Other,1,0,0,90.06019300000000,0.00000000000000,32.04820000000000,0,Hardware: Legacy Flip,-0.11950000000000,6.59810000000000,33.31800000000000,0.00000000000000,-26.69250000000000,13.57330000000000,0.00000000000000
ruffle.exe,9152,0x0000000000000000,Other,1,0,0,90.09390700000000,0.00000000000000,33.71400000000000,0,Hardware: Legacy Flip,-0.16870000000000,6.24770000000000,33.36360000000000,0.00000000000000,-27.09000000000000,13.68270000000000,0.00000000000000
ruffle.exe,9152,0x0000000000000000,Other,1,0,0,90.13139420000000,0.00000000000000,37.48720000000000,0,Hardware: Legacy Flip,-0.11270000000000,2.04010000000000,33.27960000000000,0.00000000000000,-31.21110000000000,13.49710000000000,0.00000000000000
ruffle.exe,9152,0x0000000000000000,Other,1,0,0,90.17458280000001,0.00000000000000,43.18860000000000,0,Hardware: Legacy Flip,-0.17180000000000,8.91250000000000,50.06100000000000,0.00000000000000,-41.13050000000000,13.64840000000000,0.00000000000000
ruffle.exe,9152,0x0000000000000000,Other,1,0,0,90.20215430000000,0.00000000000000,27.57150000000000,0,Hardware: Legacy Flip,-0.14590000000000,14.84180000000000,33.50080000000000,0.00000000000000,-18.62940000000000,15.39010000000000,0.00000000000000
ruffle.exe,9152,0x0000000000000000,Other,1,0,0,90.23549400000000,0.00000000000000,33.33970000000000,0,Hardware: Legacy Flip,-0.13670000000000,14.65910000000000,33.15700000000000,0.00000000000000,-18.46730000000000,15.15420000000000,0.00000000000000
ruffle.exe,9152,0x0000000000000000,Other,1,0,0,90.27039880000000,0.00000000000000,34.90480000000000,0,Hardware: Legacy Flip,-0.09230000000000,13.08210000000000,33.32780000000000,0.00000000000000,-20.21550000000000,13.59670000000000,0.00000000000000
ruffle.exe,9152,0x0000000000000000,Other,1,0,0,90.31600340000000,0.00000000000000,45.60460000000000,0,Hardware: Legacy Flip,-0.15490000000000,0.80550000000000,33.32800000000000,0.00000000000000,-32.49840000000000,13.64340000000000,0.00000000000000
ruffle.exe,9152,0x0000000000000000,Other,1,0,0,90.33565440000000,0.00000000000000,19.65100000000000,0,Hardware: Legacy Flip,-0.09840000000000,14.57220000000000,33.41770000000000,0.00000000000000,-18.81790000000000,13.56950000000000,0.00000000000000
ruffle.exe,9152,0x0000000000000000,Other,1,0,0,90.35935390000000,0.00000000000000,23.69950000000000,0,Hardware: Legacy Flip,-0.09200000000000,7.46150000000000,16.58880000000000,0.00000000000000,-13.37490000000000,13.15400000000000,0.00000000000000
ruffle.exe,9152,0x0000000000000000,Other,1,0,0,90.39931030000000,0.00000000000000,39.95640000000000,0,Hardware: Legacy Flip,-0.10910000000000,0.88740000000000,33.38230000000000,0.00000000000000,-32.46140000000000,15.27660000000000,0.00000000000000
ruffle.exe,9152,0x0000000000000000,Other,1,0,0,90.43392910000000,0.00000000000000,34.61880000000000,0,Hardware: Legacy Flip,-0.09000000000000,16.32970000000000,50.06110000000000,0.00000000000000,-33.70090000000000,15.24400000000000,0.00000000000000
ruffle.exe,9152,0x0000000000000000,Other,1,0,0,90.46029690000000,0.00000000000000,26.36780000000000,0,Hardware: Legacy Flip,-0.18230000000000,6.55340000000000,16.59150000000000,0.00000000000000,-13.59490000000000,13.22020000000000,0.00000000000000
ruffle.exe,9152,0x0000000000000000,Other,1,0,0,90.65903050000000,0.00000000000000,198.73360000000000,0,Hardware: Legacy Flip,-0.15470000000000,7.88380000000000,200.06400000000002,0.00000000000000,-192.12660000000000,14.30620000000000,0.00000000000000
ruffle.exe,9152,0x0000000000000000,Other,1,0,0,90.69039520000000,0.00000000000000,31.36470000000000,0,Hardware: Legacy Flip,-0.10490000000000,9.80480000000000,33.28570000000000,0.00000000000000,-23.45360000000000,13.58860000000000,0.00000000000000
ruffle.exe,9152,0x0000000000000000,Other,1,0,0,90.72427480000000,0.00000000000000,33.87960000000000,0,Hardware: Legacy Flip,-0.17990000000000,9.28440000000000,33.35920000000000,0.00000000000000,-24.05110000000000,15.36170000000000,0.00000000000000
ruffle.exe,9152,0x0000000000000000,Other,1,0,0,90.75410720000001,0.00000000000000,29.83240000000000,0,Hardware: Legacy Flip,-0.09950000000000,12.75840000000000,33.30640000000000,0.00000000000000,-20.51420000000000,15.62110000000000,0.00000000000000
ruffle.exe,9152,0x0000000000000000,Other,1,0,0,90.78423160000000,0.00000000000000,30.12440000000000,0,Hardware: Legacy Flip,-0.39200000000000,16.01950000000000,33.38550000000000,0.00000000000000,-17.33960000000000,13.60100000000000,0.00000000000000
ruffle.exe,9152,0x0000000000000000,Other,1,0,0,90.81743829999999,0.00000000000000,33.20670000000000,0,Hardware: Legacy Flip,-0.13740000000000,16.23280000000000,33.42000000000000,0.00000000000000,-17.14960000000000,13.87920000000000,0.00000000000000
ruffle.exe,9152,0x0000000000000000,Other,1,0,0,90.85667470000000,0.00000000000000,39.23640000000000,0,Hardware: Legacy Flip,-0.10710000000000,10.17430000000000,33.17790000000000,0.00000000000000,-22.95020000000000,13.80830000000000,0.00000000000000
ruffle.exe,9152,0x0000000000000000,Other,1,0,0,90.89198910000000,0.00000000000000,35.31440000000000,0,Hardware: Legacy Flip,-0.27540000000000,8.21960000000000,33.35970000000000,0.00000000000000,-25.10830000000000,13.78500000000000,0.00000000000000
ruffle.exe,9152,0x0000000000000000,Other,1,0,0,90.92239260000001,0.00000000000000,30.40350000000000,0,Hardware: Legacy Flip,-0.13320000000000,11.15340000000000,33.33730000000000,0.00000000000000,-22.14990000000000,15.42000000000000,0.00000000000000
ruffle.exe,9152,0x0000000000000000,Other,1,0,0,90.95551230000001,0.00000000000000,33.11970000000000,0,Hardware: Legacy Flip,-0.13910000000000,11.39260000000000,33.35890000000000,0.00000000000000,-21.94230000000000,15.74010000000000,0.00000000000000
ruffle.exe,9152,0x0000000000000000,Other,1,0,0,90.98847590000001,0.00000000000000,32.96360000000000,0,Hardware: Legacy Flip,-0.11470000000000,11.72700000000000,33.29800000000000,0.00000000000000,-21.54860000000000,13.73600000000000,0.00000000000000
ruffle.exe,9152,0x0000000000000000,Other,1,0,0,91.01669450000000,0.00000000000000,28.21860000000000,0,Hardware: Legacy Flip,-0.19720000000000,16.87230000000000,33.36390000000000,0.00000000000000,-16.46440000000000,13.97350000000000,0.00000000000000
ruffle.exe,9152,0x0000000000000000,Other,1,0,0,91.05691720000000,0.00000000000000,40.22270000000000,0,Hardware: Legacy Flip,-0.19850000000000,9.98750000000000,33.33790000000000,0.00000000000000,-23.31540000000000,14.12430000000000,0.00000000000000
ruffle.exe,9152,0x0000000000000000,Other,1,0,0,91.09103990000000,0.00000000000000,34.12270000000000,0,Hardware: Legacy Flip,-0.12290000000000,9.24430000000000,33.37950000000000,0.00000000000000,-24.09590000000000,13.70950000000000,0.00000000000000
ruffle.exe,9152,0x0000000000000000,Other,1,0,0,91.12232520000001,0.00000000000000,31.28530000000000,0,Hardware: Legacy Flip,-0.12770000000000,11.25300000000000,33.29400000000000,0.00000000000000,-22.00710000000000,13.70000000000000,0.00000000000000
ruffle.exe,9152,0x0000000000000000,Other,1,0,0,91.16363590000000,0.00000000000000,41.31070000000000,0,Hardware: Legacy Flip,-0.10380000000000,3.25040000000000,33.30810000000000,0.00000000000000,-30.02740000000000,15.64790000000000,0.00000000000000
ruffle.exe,9152,0x0000000000000000,Other,1,0,0,91.18839280000000,0.00000000000000,24.75690000000000,0,Hardware: Legacy Flip,-0.10990000000000,11.86610000000000,33.37260000000000,0.00000000000000,-21.48530000000000,15.50290000000000,0.00000000000000
ruffle.exe,9152,0x0000000000000000,Other,1,0,0,91.21863110000000,0.00000000000000,30.23830000000000,0,Hardware: Legacy Flip,-0.14640000000000,15.01090000000000,33.38310000000000,0.00000000000000,-18.34570000000000,13.73920000000000,0.00000000000000
ruffle.exe,9152,0x0000000000000000,Other,1,0,0,91.25346560000000,0.00000000000000,34.83450000000000,0,Hardware: Legacy Flip,-0.09770000000000,13.42820000000000,33.25180000000000,0.00000000000000,-19.78880000000000,13.95900000000000,0.00000000000000
ruffle.exe,9152,0x0000000000000000,Other,1,0,0,91.28848800000000,0.00000000000000,35.02240000000000,0,Hardware: Legacy Flip,-0.13540000000000,11.75780000000000,33.35200000000000,0.00000000000000,-21.55820000000000,14.05500000000000,0.00000000000000
ruffle.exe,9152,0x0000000000000000,Other,1,0,0,91.31847280000001,0.00000000000000,29.98480000000000,0,Hardware: Legacy Flip,-0.13410000000000,15.10250000000000,33.32950000000000,0.00000000000000,-18.20340000000000,13.75190000000000,0.00000000000000
ruffle.exe,9152,0x0000000000000000,Other,1,0,0,91.35626669999999,0.00000000000000,37.79390000000000,0,Hardware: Legacy Flip,-0.17540000000000,10.67240000000000,33.36380000000000,0.00000000000000,-22.66590000000000,15.87870000000000,0.00000000000000
ruffle.exe,9152,0x0000000000000000,Other,1,0,0,91.39633580000000,0.00000000000000,40.06910000000000,0,Hardware: Legacy Flip,-0.19810000000000,3.92050000000000,33.31720000000000,0.00000000000000,-29.36320000000000,16.39000000000000,0.00000000000000
ruffle.exe,9152,0x0000000000000000,Other,1,0,0,91.42340070000000,0.00000000000000,27.06490000000000,0,Hardware: Legacy Flip,-0.13000000000000,10.19200000000000,33.33640000000000,0.00000000000000,-23.10900000000000,13.97040000000000,0.00000000000000
ruffle.exe,9152,0x0000000000000000,Other,1,0,0,91.45345720000000,0.00000000000000,30.05650000000000,0,Hardware: Legacy Flip,-0.18640000000000,13.50470000000000,33.36920000000000,0.00000000000000,-19.83260000000000,14.20480000000000,0.00000000000000
ruffle.exe,9152,0x0000000000000000,Other,1,0,0,91.72998170000001,0.00000000000000,276.52449999999999,0,Hardware: Legacy Flip,-0.15780000000000,3.65530000000000,266.67509999999999,0.00000000000000,-262.98900000000003,15.87230000000000,0.00000000000000
ruffle.exe,9152,0x0000000000000000,Other,1,0,0,91.75215200000001,0.00000000000000,22.17030000000000,0,Hardware: Legacy Flip,-0.19140000000000,14.94580000000000,33.46080000000000,0.00000000000000,-18.48340000000000,14.03210000000000,0.00000000000000
ruffle.exe,9152,0x0000000000000000,Other,1,0,0,91.77638680000000,0.00000000000000,24.23480000000000,0,Hardware: Legacy Flip,-0.14600000000000,7.27730000000000,16.56630000000000,0.00000000000000,-13.65960000000000,13.32430000000000,0.00000000000000
ruffle.exe,9152,0x0000000000000000,Other,1,0,0,91.79403970000000,0.00000000000000,17.65290000000000,0,Hardware: Legacy Flip,-0.12740000000000,6.26470000000000,16.64030000000000,0.00000000000000,-13.75190000000000,13.42520000000000,0.00000000000000
ruffle.exe,9152,0x0000000000000000,Other,1,0,0,91.83093970000000,0.00000000000000,36.90000000000000,0,Hardware: Legacy Flip,-0.10530000000000,2.65730000000000,33.29260000000000,0.00000000000000,-30.60630000000000,13.96440000000000,0.00000000000000
ruffle.exe,9152,0x0000000000000000,Other,1,0,0,91.86776720000000,0.00000000000000,36.82750000000000,0,Hardware: Legacy Flip,-0.18990000000000,15.86330000000000,50.03350000000000,0.00000000000000,-34.13550000000000,15.79470000000000,0.00000000000000
ruffle.exe,9152,0x0000000000000000,Other,1,0,0,91.90349220000000,0.00000000000000,35.72500000000000,0,Hardware: Legacy Flip,-0.15280000000000,13.52570000000000,33.38740000000000,0.00000000000000,-19.82740000000000,15.57240000000000,0.00000000000000
ruffle.exe,9152,0x0000000000000000,Other,1,0,0,91.92776810000001,0.00000000000000,24.27590000000000,0,Hardware: Legacy Flip,-0.09970000000000,5.86140000000000,16.61160000000000,0.00000000000000,-13.75020000000000,13.49760000000000,0.00000000000000
ruffle.exe,9152,0x0000000000000000,Other,1,0,0,91.96149830000000,0.00000000000000,33.73020000000000,0,Hardware: Legacy Flip,-0.13740000000000,5.49220000000000,33.36100000000000,0.00000000000000,-27.83060000000000,13.88820000000000,0.00000000000000
ruffle.exe,9152,0x0000000000000000,Other,1,0,0,91.99447180000000,0.00000000000000,32.97350000000000,0,Hardware: Legacy Flip,-0.13870000000000,5.85490000000000,33.33620000000000,0.00000000000000,-27.45870000000000,13.75560000000000,0.00000000000000
ruffle.exe,9152,0x0000000000000000,Other,1,0,0,92.02690980000000,0.00000000000000,32.43800000000000,0,Hardware: Legacy Flip,-0.13770000000000,6.78550000000000,33.36860000000000,0.00000000000000,-26.55360000000000,13.90370000000000,0.00000000000000
ruffle.exe,9152,0x0000000000000000,Other,1,0,0,92.03875040000001,0.00000000000000,11.84060000000000,0,Hardware: Legacy Flip,-0.13230000000000,11.55090000000000,16.60600000000000,0.00000000000000,-11.52670000000000,9.88680000000000,0.00000000000000
ruffle.exe,9152,0x0000000000000000,Other,-1,0,0,92.10212380000000,0.00000000000000,63.37340000000000,0,Composed: Copy with GPU GDI,1.27530000000000,31.56830000000000,83.39080000000000,0.00000000000000,-51.77670000000001,15.03050000000000,0.00000000000000
ruffle.exe,9152,0x0000000000000000,Other,-1,0,0,92.14241790000000,0.00000000000000,40.29410000000000,0,Composed: Copy with GPU GDI,1.28370000000000,7.96660000000000,16.69240000000000,0.00000000000000,-15.94300000000000,16.24250000000000,0.00000000000000
ruffle.exe,9152,0x0000000000000000,Other,-1,0,0,92.17095320000000,0.00000000000000,28.53530000000000,0,Composed: Copy with GPU GDI,1.32820000000000,29.46560000000000,50.03430000000000,0.00000000000000,-15.79550000000000,14.84290000000000,0.00000000000000
ruffle.exe,9152,0x0000000000000000,Other,-1,0,0,92.21414609999999,0.00000000000000,43.19290000000000,0,Composed: Copy with GPU GDI,1.26880000000000,19.49840000000000,33.22570000000000,0.00000000000000,-17.60950000000000,15.02010000000000,0.00000000000000
ruffle.exe,9152,0x0000000000000000,Other,-1,0,0,92.25452180000001,0.00000000000000,40.37570000000000,0,Composed: Copy with GPU GDI,1.29210000000000,29.19620000000000,50.07350000000000,0.00000000000000,-15.23030000000000,14.67010000000000,0.00000000000000
ruffle.exe,9152,0x0000000000000000,Other,-1,0,0,92.28048010000001,0.00000000000000,25.95830000000000,0,Composed: Copy with GPU GDI,1.38140000000000,19.84370000000000,16.60580000000000,0.00000000000000,-16.79310000000000,14.75970000000000,0.00000000000000
ruffle.exe,9152,0x0000000000000000,Other,-1,0,0,92.31973340000000,0.00000000000000,39.25330000000000,0,Composed: Copy with GPU GDI,1.19910000000000,30.61090000000000,50.02050000000001,0.00000000000000,-16.76020000000000,16.17180000000000,0.00000000000000
ruffle.exe,9152,0x0000000000000000,Other,-1,0,0,92.34755340000001,0.00000000000000,27.82000000000000,0,Composed: Copy with GPU GDI,1.44190000000000,19.47550000000000,16.68460000000000,0.00000000000000,-18.83060000000000,16.93170000000000,0.00000000000000
ruffle.exe,9152,0x0000000000000000,Other,-1,0,0,92.38141220000001,0.00000000000000,33.85880000000000,0,Composed: Copy with GPU GDI,1.28020000000000,18.95760000000000,33.34090000000000,0.00000000000000,-14.51030000000000,14.76520000000000,0.00000000000000
ruffle.exe,9152,0x0000000000000000,Other,-1,0,0,92.41433610000000,0.00000000000000,32.92390000000000,0,Composed: Copy with GPU GDI,1.29210000000000,52.70680000000000,66.67310000000001,0.00000000000000,-14.83770000000000,14.56130000000000,0.00000000000000
ruffle.exe,9152,0x0000000000000000,Other,-1,0,0,92.45605929999999,0.00000000000000,41.72320000000000,0,Composed: Copy with GPU GDI,1.07320000000000,27.61700000000000,16.63340000000000,0.00000000000000,-18.76500000000000,15.02420000000000,0.00000000000000
ruffle.exe,9152,0x0000000000000000,Other,1,0,0,92.84045770000000,0.00000000000000,384.39840000000004,0,Hardware: Legacy Flip,-31.92470000000000,9.92010000000000,366.70150000000001,0.00000000000000,-46.14670000000000,14.06660000000000,0.00000000000000
ruffle.exe,9152,0x0000000000000000,Other,1,0,0,92.88597090000000,0.00000000000000,45.51320000000000,0,Hardware: Legacy Flip,-0.16340000000000,14.47890000000000,50.07200000000000,0.00000000000000,-35.55170000000000,16.13060000000000,0.00000000000000
ruffle.exe,9152,0x0000000000000000,Other,1,0,0,92.92129160000000,0.00000000000000,35.32070000000000,0,Hardware: Legacy Flip,-0.17670000000000,12.46300000000000,33.30480000000000,0.00000000000000,-20.81040000000000,16.01940000000000,0.00000000000000
ruffle.exe,9152,0x0000000000000000,Other,1,0,0,92.94247600000000,0.00000000000000,21.18440000000000,0,Hardware: Legacy Flip,-0.16460000000000,7.94340000000000,16.66480000000000,0.00000000000000,-13.85530000000000,13.49100000000000,0.00000000000000
ruffle.exe,9152,0x0000000000000000,Other,1,0,0,92.97195190000001,0.00000000000000,29.47590000000000,0,Hardware: Legacy Flip,-0.16730000000000,11.81530000000000,33.34780000000000,0.00000000000000,-21.49460000000000,13.69440000000000,0.00000000000000
ruffle.exe,9152,0x0000000000000000,Other,1,0,0,93.00788790000000,0.00000000000000,35.93600000000000,0,Hardware: Legacy Flip,-0.16450000000000,9.22030000000000,33.34100000000000,0.00000000000000,-24.08860000000000,13.47820000000000,0.00000000000000
ruffle.exe,9152,0x0000000000000000,Other,1,0,0,93.04040410000000,0.00000000000000,32.51620000000000,0,Hardware: Legacy Flip,-0.19430000000000,10.01280000000000,33.30870000000000,0.00000000000000,-23.26090000000000,13.62330000000000,0.00000000000000
ruffle.exe,9152,0x0000000000000000,Other,1,0,0,93.07716839999999,0.00000000000000,36.76430000000000,0,Hardware: Legacy Flip,-0.14530000000000,6.56610000000000,33.31760000000000,0.00000000000000,-26.71930000000000,15.25210000000000,0.00000000000000
ruffle.exe,9152,0x0000000000000000,Other,1,0,0,93.10698549999999,0.00000000000000,29.81710000000000,0,Hardware: Legacy Flip,-0.15300000000000,10.08890000000000,33.33990000000000,0.00000000000000,-23.21510000000000,15.28160000000000,0.00000000000000
ruffle.exe,9152,0x0000000000000000,Other,1,0,0,93.13860870000001,0.00000000000000,31.62320000000000,0,Hardware: Legacy Flip,-0.14460000000000,11.82880000000000,33.36310000000000,0.00000000000000,-21.50810000000000,13.39320000000000,0.00000000000000
ruffle.exe,9152,0x0000000000000000,Other,1,0,0,93.17133199999999,0.00000000000000,32.72330000000000,0,Hardware: Legacy Flip,-0.11650000000000,12.42210000000000,33.31660000000000,0.00000000000000,-20.86890000000000,13.47790000000000,0.00000000000000
ruffle.exe,9152,0x0000000000000000,Other,1,0,0,93.20431850000000,0.00000000000000,32.98650000000000,0,Hardware: Legacy Flip,-0.10990000000000,12.81300000000000,33.37740000000000,0.00000000000000,-20.52880000000000,13.44160000000000,0.00000000000000
ruffle.exe,9152,0x0000000000000000,Other,1,0,0,93.23451290000000,0.00000000000000,30.19440000000000,0,Hardware: Legacy Flip,-0.14370000000000,15.89730000000000,33.27870000000000,0.00000000000000,-17.34820000000000,13.43470000000000,0.00000000000000
ruffle.exe,9152,0x0000000000000000,Other,1,0,0,93.26590380000000,0.00000000000000,31.39090000000000,0,Hardware: Legacy Flip,-0.18720000000000,1.17750000000000,16.67110000000000,0.00000000000000,-15.46600000000000,13.59820000000000,0.00000000000000
ruffle.exe,9152,0x0000000000000000,Other,1,0,0,93.30984910000001,0.00000000000000,43.94530000000000,0,Hardware: Legacy Flip,-0.13800000000000,7.30590000000000,50.07370000000000,0.00000000000000,-42.73950000000000,15.02890000000000,0.00000000000000
ruffle.exe,9152,0x0000000000000000,Other,1,0,0,93.33911700000000,0.00000000000000,29.26790000000000,0,Hardware: Legacy Flip,-0.14410000000000,11.31790000000000,33.27990000000000,0.00000000000000,-21.92920000000000,15.21590000000000,0.00000000000000
ruffle.exe,9152,0x0000000000000000,Other,1,0,0,93.36884070000001,0.00000000000000,29.72370000000000,0,Hardware: Legacy Flip,-0.15500000000000,14.93150000000000,33.33730000000000,0.00000000000000,-18.37700000000000,13.84650000000000,0.00000000000000
ruffle.exe,9152,0x0000000000000000,Other,1,0,0,93.40340660000001,0.00000000000000,34.56590000000000,0,Hardware: Legacy Flip,-0.17210000000000,13.70010000000000,33.33450000000000,0.00000000000000,-19.60040000000000,13.57720000000000,0.00000000000000
ruffle.exe,9152,0x0000000000000000,Other,1,0,0,93.43930480000000,0.00000000000000,35.89820000000000,0,Hardware: Legacy Flip,-0.11600000000000,11.12540000000000,33.32350000000000,0.00000000000000,-22.16970000000000,13.29310000000000,0.00000000000000
ruffle.exe,9152,0x0000000000000000,Other,1,0,0,93.46953350000001,0.00000000000000,30.22870000000000,0,Hardware: Legacy Flip,-0.14320000000000,14.24690000000000,33.35020000000000,0.00000000000000,-19.07290000000000,13.60760000000000,0.00000000000000
ruffle.exe,9152,0x0000000000000000,Other,-1,0,0,93.68535210000000,0.00000000000000,215.81860000000000,0,Composed: Copy with GPU GDI,1.34300000000000,48.51790000000000,250.08960000000002,0.00000000000000,-201.53280000000001,15.63000000000000,0.00000000000000
ruffle.exe,9152,0x0000000000000000,Other,-1,0,0,93.72278299999999,0.00000000000000,37.43090000000000,0,Composed: Copy with GPU GDI,1.24680000000000,27.68530000000000,16.59830000000000,0.00000000000000,-14.69910000000000,14.10400000000000,0.00000000000000
ruffle.exe,9152,0x0000000000000000,Other,-1,0,0,93.75039160000000,0.00000000000000,27.60860000000000,0,Composed: Copy with GPU GDI,1.31400000000000,16.85990000000000,16.78320000000000,0.00000000000000,-15.27890000000000,14.40510000000000,0.00000000000000
ruffle.exe,9152,0x0000000000000000,Other,-1,0,0,93.77990249999999,0.00000000000000,29.51090000000000,0,Composed: Copy with GPU GDI,1.05290000000000,20.59520000000000,33.24620000000000,0.00000000000000,-13.56010000000000,13.91190000000000,0.00000000000000
ruffle.exe,9152,0x0000000000000000,Other,-1,0,0,93.81143880000000,0.00000000000000,31.53630000000000,0,Composed: Copy with GPU GDI,1.26320000000000,5.70720000000000,16.64830000000000,0.00000000000000,-15.52070000000000,15.95790000000000,0.00000000000000
ruffle.exe,9152,0x0000000000000000,Other,-1,0,0,93.86434059999999,0.00000000000000,52.90180000000000,0,Composed: Copy with GPU GDI,1.29610000000000,19.46980000000000,66.66440000000000,0.00000000000000,-30.68450000000000,16.89410000000000,0.00000000000000
ruffle.exe,9152,0x0000000000000000,Other,-1,0,0,93.93458000000000,0.00000000000000,70.23940000000000,0,Composed: Copy with GPU GDI,1.31960000000000,32.57880000000000,83.34840000000000,0.00000000000000,-14.85240000000000,14.28870000000000,0.00000000000000
ruffle.exe,9152,0x0000000000000000,Other,-1,0,0,93.98095600000001,0.00000000000000,46.37600000000000,0,Composed: Copy with GPU GDI,2.35270000000000,19.55650000000000,33.35370000000000,0.00000000000000,-15.32750000000000,14.58330000000000,0.00000000000000
ruffle.exe,9152,0x0000000000000000,Other,-1,0,0,94.01405840000000,0.00000000000000,33.10240000000000,0,Composed: Copy with GPU GDI,1.28890000000000,19.77570000000000,33.32160000000000,0.00000000000000,-15.82800000000000,16.14940000000000,0.00000000000000
ruffle.exe,9152,0x0000000000000000,Other,-1,0,0,94.05346469999999,0.00000000000000,39.40630000000000,0,Composed: Copy with GPU GDI,1.33940000000000,47.01000000000001,66.64060000000001,0.00000000000000,-17.52920000000000,16.11840000000000,0.00000000000000
ruffle.exe,9152,0x0000000000000000,Other,-1,0,0,94.09875240000000,0.00000000000000,45.28770000000000,0,Composed: Copy with GPU GDI,1.29320000000000,18.41910000000000,16.69680000000000,0.00000000000000,-24.91350000000000,14.87430000000000,0.00000000000000
ruffle.exe,9152,0x0000000000000000,Other,-1,0,0,94.14906610000000,0.00000000000000,50.31370000000000,0,Composed: Copy with GPU GDI,1.29070000000000,34.82610000000000,66.72070000000001,0.00000000000000,-14.45480000000000,14.59430000000000,0.00000000000000
ruffle.exe,9152,0x0000000000000000,Other,-1,0,0,94.19777030000000,0.00000000000000,48.70420000000000,0,Composed: Copy with GPU GDI,1.26870000000000,19.36510000000000,33.24320000000000,0.00000000000000,-21.69810000000000,14.60510000000000,0.00000000000000
ruffle.exe,9152,0x0000000000000000,Other,-1,0,0,94.25833640000000,0.00000000000000,60.56610000000001,0,Composed: Copy with GPU GDI,0.96040000000000,42.29680000000000,83.49780000000000,0.00000000000000,-17.36390000000000,16.11200000000000,0.00000000000000
ruffle.exe,9152,0x0000000000000000,Other,-1,0,0,94.29120190000000,0.00000000000000,32.86550000000000,0,Composed: Copy with GPU GDI,1.29170000000000,25.99560000000000,16.56430000000000,0.00000000000000,-16.07820000000000,16.24650000000000,0.00000000000000
ruffle.exe,9152,0x0000000000000000,Other,-1,0,1,94.35222100000000,0.00000000000000,61.01910000000000,0,Composed: Copy with GPU GDI,1.35010000000000,0.00000000000000,0.00000000000000,0.00000000000000,-22.13390000000000,14.68460000000000,0.00000000000000
ruffle.exe,9152,0x0000000000000000,Other,1,0,0,94.43542890000001,0.00000000000000,83.20790000000001,0,Hardware: Legacy Flip,-49.42530000000000,15.10340000000000,133.33480000000000,0.00000000000000,-64.52290000000001,13.47340000000000,0.00000000000000
ruffle.exe,9152,0x0000000000000000,Other,1,0,0,94.49129810000001,0.00000000000000,55.86920000000000,0,Hardware: Legacy Flip,-0.20470000000000,9.26210000000000,50.02790000000000,0.00000000000000,-40.72990000000000,15.85710000000000,0.00000000000000
ruffle.exe,9152,0x0000000000000000,Other,1,0,0,94.78085670000000,0.00000000000000,289.55860000000001,0,Hardware: Legacy Flip,-0.20450000000000,3.02920000000000,283.32570000000004,0.00000000000000,-280.26400000000001,16.30940000000000,0.00000000000000
ruffle.exe,9152,0x0000000000000000,Other,-1,0,0,94.86882500000000,0.00000000000000,87.96830000000000,0,Composed: Copy with GPU GDI,1.26620000000000,31.83440000000000,116.77350000000000,0.00000000000000,-84.90340000000000,16.09840000000000,0.00000000000000
ruffle.exe,9152,0x0000000000000000,Other,-1,0,0,94.90917340000000,0.00000000000000,40.34840000000001,0,Composed: Copy with GPU GDI,1.28430000000000,8.06770000000000,16.58170000000000,0.00000000000000,-15.57520000000000,14.67010000000000,0.00000000000000
ruffle.exe,9152,0x0000000000000000,Other,-1,0,0,94.93333160000000,0.00000000000000,24.15820000000000,0,Composed: Copy with GPU GDI,1.25780000000000,17.21390000000000,33.30440000000000,0.00000000000000,-14.36820000000000,14.66560000000000,0.00000000000000
ruffle.exe,9152,0x0000000000000000,Other,-1,0,0,94.95979059999999,0.00000000000000,26.45900000000000,0,Composed: Copy with GPU GDI,1.20230000000000,24.14880000000000,33.39390000000000,0.00000000000000,-16.17470000000000,16.20580000000000,0.00000000000000
ruffle.exe,9152,0x0000000000000000,Other,-1,0,0,94.98184239999999,0.00000000000000,22.05180000000000,0,Composed: Copy with GPU GDI,1.13490000000000,18.75410000000000,16.65710000000000,0.00000000000000,-17.02430000000000,15.59290000000000,0.00000000000000
ruffle.exe,9152,0x0000000000000000,Other,-1,0,0,95.02169970000000,0.00000000000000,39.85730000000000,0,Composed: Copy with GPU GDI,1.32630000000000,28.94040000000000,50.04360000000000,0.00000000000000,-20.86280000000000,15.36140000000000,0.00000000000000
ruffle.exe,9152,0x0000000000000000,Other,-1,0,0,95.06326240000001,0.00000000000000,41.56270000000000,0,Composed: Copy with GPU GDI,1.31800000000000,20.68500000000000,33.30730000000001,0.00000000000000,-14.76330000000000,14.44110000000000,0.00000000000000
ruffle.exe,9152,0x0000000000000000,Other,-1,0,0,95.09760340000001,0.00000000000000,34.34100000000000,0,Composed: Copy with GPU GDI,1.25940000000000,19.65120000000000,33.30720000000000,0.00000000000000,-15.28870000000000,14.50560000000000,0.00000000000000
ruffle.exe,9152,0x0000000000000000,Other,-1,0,0,95.13080680000000,0.00000000000000,33.20340000000000,0,Composed: Copy with GPU GDI,1.27040000000000,19.80520000000000,33.35740000000000,0.00000000000000,-15.00560000000000,14.44160000000000,0.00000000000000
ruffle.exe,9152,0x0000000000000000,Other,-1,0,0,95.17475400000001,0.00000000000000,43.94720000000000,0,Composed: Copy with GPU GDI,1.28820000000000,42.56000000000000,66.70200000000000,0.00000000000000,-16.20270000000000,16.39130000000000,0.00000000000000
ruffle.exe,9152,0x0000000000000000,Other,-1,0,0,95.20900440000001,0.00000000000000,34.25040000000000,0,Composed: Copy with GPU GDI,1.27330000000000,24.94200000000000,16.63240000000000,0.00000000000000,-24.11220000000000,16.48330000000000,0.00000000000000
ruffle.exe,9152,0x0000000000000000,Other,-1,0,0,95.25648000000000,0.00000000000000,47.47560000000000,0,Composed: Copy with GPU GDI,1.29640000000000,27.43640000000000,49.97000000000000,0.00000000000000,-14.58210000000000,14.79870000000000,0.00000000000000
ruffle.exe,9152,0x0000000000000000,Other,-1,0,0,95.28314550000000,0.00000000000000,26.66550000000000,0,Composed: Copy with GPU GDI,1.29790000000000,34.13350000000001,33.36260000000000,0.00000000000000,-16.34970000000000,14.57890000000000,0.00000000000000
ruffle.exe,9152,0x0000000000000000,Other,-1,0,0,95.33692250000000,0.00000000000000,53.77700000000000,0,Composed: Copy with GPU GDI,1.29680000000000,47.00680000000001,66.65030000000000,0.00000000000000,-21.93470000000000,15.45150000000000,0.00000000000000
ruffle.exe,9152,0x0000000000000000,Other,-1,0,0,95.38436940000000,0.00000000000000,47.44690000000000,0,Composed: Copy with GPU GDI,1.25940000000000,32.94670000000000,33.38680000000000,0.00000000000000,-26.31390000000000,14.88940000000000,0.00000000000000
ruffle.exe,9152,0x0000000000000000,Other,-1,0,0,95.41232649999999,0.00000000000000,27.95710000000000,0,Composed: Copy with GPU GDI,1.81220000000000,38.36420000000000,33.37460000000000,0.00000000000000,-18.30950000000000,15.92740000000000,0.00000000000000
ruffle.exe,9152,0x0000000000000000,Other,-1,0,0,95.45200310000000,0.00000000000000,39.67660000000000,0,Composed: Copy with GPU GDI,1.30730000000000,32.02500000000000,33.33740000000000,0.00000000000000,-17.83560000000000,16.70960000000000,0.00000000000000
ruffle.exe,9152,0x0000000000000000,Other,1,0,0,95.54350180000000,0.00000000000000,91.49870000000000,0,Hardware: Legacy Flip,-53.84160000000000,7.14470000000000,66.61840000000001,0.00000000000000,-71.34310000000001,13.43760000000000,0.00000000000000
ruffle.exe,9152,0x0000000000000000,Other,1,0,0,95.82890230000001,0.00000000000000,285.40050000000002,0,Hardware: Legacy Flip,-0.16660000000000,5.09540000000000,283.35120000000001,0.00000000000000,-278.18470000000002,14.73960000000000,0.00000000000000
ruffle.exe,9152,0x0000000000000000,Other,1,0,0,95.86360890000000,0.00000000000000,34.70660000000000,0,Hardware: Legacy Flip,-0.11460000000000,3.70810000000000,33.31930000000000,0.00000000000000,-29.57250000000000,15.51680000000000,0.00000000000000
ruffle.exe,9152,0x0000000000000000,Other,-1,0,0,95.90242390000000,0.00000000000000,38.81500000000000,0,Composed: Copy with GPU GDI,1.21210000000000,48.30780000000000,83.41470000000001,0.00000000000000,-35.07940000000000,16.85110000000000,0.00000000000000
ruffle.exe,9152,0x0000000000000000,Other,-1,0,0,95.93918680000000,0.00000000000000,36.76290000000000,0,Composed: Copy with GPU GDI,1.30930000000000,28.17780000000000,16.63290000000000,0.00000000000000,-15.46360000000000,14.58270000000000,0.00000000000000
ruffle.exe,9152,0x0000000000000000,Other,-1,0,0,95.96913940000000,0.00000000000000,29.95260000000000,0,Composed: Copy with GPU GDI,1.25760000000000,14.93150000000000,16.70630000000000,0.00000000000000,-14.48230000000000,14.71440000000000,0.00000000000000
ruffle.exe,9152,0x0000000000000000,Other,-1,0,0,95.99677980000001,0.00000000000000,27.64040000000000,0,Composed: Copy with GPU GDI,1.19690000000000,20.60170000000000,33.31060000000000,0.00000000000000,-14.35160000000000,14.73310000000000,0.00000000000000
ruffle.exe,9152,0x0000000000000000,Other,-1,0,0,96.02110220000000,0.00000000000000,24.32240000000000,0,Composed: Copy with GPU GDI,1.29720000000000,12.88970000000000,16.61040000000000,0.00000000000000,-15.04290000000000,14.52380000000000,0.00000000000000
ruffle.exe,9152,0x0000000000000000,Other,-1,0,0,96.08385000000001,0.00000000000000,62.74780000000001,0,Composed: Copy with GPU GDI,1.40070000000000,33.49200000000000,83.35010000000000,0.00000000000000,-24.84280000000000,15.16810000000000,0.00000000000000
ruffle.exe,9152,0x0000000000000000,Other,-1,0,0,96.12992110000000,0.00000000000000,46.07110000000000,0,Composed: Copy with GPU GDI,1.31420000000000,37.52980000000000,50.10890000000001,0.00000000000000,-19.05500000000000,16.96080000000000,0.00000000000000
ruffle.exe,9152,0x0000000000000000,Other,-1,0,0,96.15821480000001,0.00000000000000,28.29370000000000,0,Composed: Copy with GPU GDI,1.22800000000000,25.80200000000000,16.56590000000000,0.00000000000000,-17.89670000000000,16.17540000000000,0.00000000000000
ruffle.exe,9152,0x0000000000000000,Other,-1,0,0,96.17717290000000,0.00000000000000,18.95810000000000,0,Composed: Copy with GPU GDI,2.15200000000000,40.33210000000000,33.48820000000000,0.00000000000000,-14.36420000000000,14.18850000000000,0.00000000000000
ruffle.exe,9152,0x0000000000000000,Other,-1,0,0,96.20436430000001,0.00000000000000,27.19140000000000,0,Composed: Copy with GPU GDI,1.25790000000000,29.68870000000000,16.54800000000000,0.00000000000000,-16.13890000000000,14.65600000000000,0.00000000000000
ruffle.exe,9152,0x0000000000000000,Other,-1,0,0,96.22924520000001,0.00000000000000,24.88090000000000,0,Composed: Copy with GPU GDI,1.36570000000000,21.46860000000000,16.66080000000000,0.00000000000000,-16.03670000000000,14.37660000000000,0.00000000000000
ruffle.exe,9152,0x0000000000000000,Other,-1,0,0,96.25598020000001,0.00000000000000,26.73500000000000,0,Composed: Copy with GPU GDI,1.50660000000000,44.70130000000000,49.96770000000000,0.00000000000000,-13.92720000000000,13.89560000000000,0.00000000000000
ruffle.exe,9152,0x0000000000000000,Other,-1,0,0,96.29245920000000,0.00000000000000,36.47900000000000,0,Composed: Copy with GPU GDI,1.26240000000000,24.98240000000000,16.76010000000000,0.00000000000000,-18.53380000000000,16.57500000000000,0.00000000000000
ruffle.exe,9152,0x0000000000000000,Other,-1,0,0,96.33089050000000,0.00000000000000,38.43130000000000,0,Composed: Copy with GPU GDI,1.27980000000000,36.56130000000000,50.01020000000000,0.00000000000000,-16.20300000000000,16.51310000000000,0.00000000000000
ruffle.exe,9152,0x0000000000000000,Other,-1,0,0,96.38317060000000,0.00000000000000,52.28010000000000,0,Composed: Copy with GPU GDI,1.00560000000000,17.55020000000000,33.26900000000000,0.00000000000000,-20.24900000000000,14.87650000000000,0.00000000000000
ruffle.exe,9152,0x0000000000000000,Other,-1,0,0,96.43880840000000,0.00000000000000,55.63780000000001,0,Composed: Copy with GPU GDI,1.10610000000000,45.21830000000000,83.30590000000001,0.00000000000000,-14.75030000000000,14.36510000000000,0.00000000000000
ruffle.exe,9152,0x0000000000000000,Other,-1,0,0,96.47618559999999,0.00000000000000,37.37720000000000,0,Composed: Copy with GPU GDI,1.32900000000000,24.56760000000000,16.72650000000000,0.00000000000000,-14.63660000000000,14.81890000000000,0.00000000000000
ruffle.exe,9152,0x0000000000000000,Other,1,0,0,96.82621020000001,0.00000000000000,350.02460000000002,0,Hardware: Legacy Flip,-37.43620000000000,7.87200000000000,333.32900000000001,0.00000000000000,-51.45080000000000,13.78320000000000,0.00000000000000
ruffle.exe,9152,0x0000000000000000,Other,1,0,0,96.86924080000000,0.00000000000000,43.03060000000000,0,Hardware: Legacy Flip,-0.16700000000000,14.86220000000000,50.02080000000000,0.00000000000000,-35.11280000000000,15.64390000000000,0.00000000000000
ruffle.exe,9152,0x0000000000000000,Other,1,0,0,96.89492100000001,0.00000000000000,25.68020000000000,0,Hardware: Legacy Flip,-0.20740000000000,5.86080000000000,16.67880000000000,0.00000000000000,-14.29400000000000,13.84890000000000,0.00000000000000
ruffle.exe,9152,0x0000000000000000,Other,1,0,0,96.92592500000001,0.00000000000000,31.00400000000000,0,Hardware: Legacy Flip,-0.15330000000000,8.16280000000000,33.30600000000000,0.00000000000000,-25.10900000000000,13.94350000000000,0.00000000000000
ruffle.exe,9152,0x0000000000000000,Other,1,0,0,96.95644710000001,0.00000000000000,30.52210000000000,0,Hardware: Legacy Flip,-0.17310000000000,11.00900000000000,33.36830000000000,0.00000000000000,-22.31430000000000,14.12980000000000,0.00000000000000
ruffle.exe,9152,0x0000000000000000,Other,1,0,0,96.99083710000001,0.00000000000000,34.39000000000000,0,Hardware: Legacy Flip,-0.14620000000000,9.91700000000000,33.29800000000000,0.00000000000000,-23.34120000000000,13.45250000000000,0.00000000000000
ruffle.exe,9152,0x0000000000000000,Other,1,0,0,97.02872380000001,0.00000000000000,37.88670000000000,0,Hardware: Legacy Flip,-0.19750000000000,5.38400000000000,33.35370000000000,0.00000000000000,-27.92380000000000,15.24610000000000,0.00000000000000
ruffle.exe,9152,0x0000000000000000,Other,1,0,0,97.05947689999999,0.00000000000000,30.75310000000000,0,Hardware: Legacy Flip,-0.19620000000000,7.98170000000000,33.35080000000000,0.00000000000000,-25.33130000000000,15.31460000000000,0.00000000000000
ruffle.exe,9152,0x0000000000000000,Other,1,0,0,97.09174850000001,0.00000000000000,32.27160000000000,0,Hardware: Legacy Flip,-0.12630000000000,9.02330000000000,33.31320000000000,0.00000000000000,-24.24760000000000,13.67710000000000,0.00000000000000
ruffle.exe,9152,0x0000000000000000,Other,1,0,0,97.12397480000000,0.00000000000000,32.22630000000000,0,Hardware: Legacy Flip,-0.14390000000000,10.14380000000000,33.34680000000000,0.00000000000000,-23.15120000000000,13.43200000000000,0.00000000000000
ruffle.exe,9152,0x0000000000000000,Other,1,0,0,97.15766929999999,0.00000000000000,33.69450000000001,0,Hardware: Legacy Flip,-0.17170000000000,9.81020000000000,33.36090000000000,0.00000000000000,-23.50180000000000,13.50310000000000,0.00000000000000
ruffle.exe,9152,0x0000000000000000,Other,1,0,0,97.18995220000001,0.00000000000000,32.28290000000001,0,Hardware: Legacy Flip,-0.12540000000000,10.83900000000000,33.31170000000000,0.00000000000000,-22.44170000000000,13.55470000000000,0.00000000000000
ruffle.exe,9152,0x0000000000000000,Other,1,0,0,97.22246050000000,0.00000000000000,32.50830000000000,0,Hardware: Legacy Flip,-0.16860000000000,11.66720000000000,33.33650000000000,0.00000000000000,-21.62610000000000,13.53720000000000,0.00000000000000
ruffle.exe,9152,0x0000000000000000,Other,1,0,0,97.25809180000000,0.00000000000000,35.63130000000000,0,Hardware: Legacy Flip,-0.15730000000000,9.36950000000000,33.33360000000000,0.00000000000000,-23.92590000000000,15.19980000000000,0.00000000000000
ruffle.exe,9152,0x0000000000000000,Other,1,0,0,97.29809140000000,0.00000000000000,39.99960000000000,0,Hardware: Legacy Flip,-0.19520000000000,2.74440000000000,33.37450000000000,0.00000000000000,-30.60520000000000,15.50650000000000,0.00000000000000
ruffle.exe,9152,0x0000000000000000,Other,1,0,0,97.32477570000000,0.00000000000000,26.68430000000000,0,Hardware: Legacy Flip,-0.16360000000000,9.36080000000000,33.30070000000000,0.00000000000000,-23.89890000000000,13.53140000000000,0.00000000000000
ruffle.exe,9152,0x0000000000000000,Other,1,0,0,97.35646989999999,0.00000000000000,31.69420000000000,0,Hardware: Legacy Flip,-0.14690000000000,10.97930000000000,33.31270000000000,0.00000000000000,-22.28990000000000,13.37010000000000,0.00000000000000
ruffle.exe,9152,0x0000000000000000,Other,1,0,0,97.39300600000000,0.00000000000000,36.53610000000000,0,Hardware: Legacy Flip,-0.13820000000000,7.80250000000000,33.35930000000000,0.00000000000000,-25.51420000000000,13.53980000000000,0.00000000000000
ruffle.exe,9152,0x0000000000000000,Other,1,0,0,97.41986040000000,0.00000000000000,26.85440000000000,0,Hardware: Legacy Flip,0.19990000000000,14.27480000000000,33.32670000000000,0.00000000000000,-19.00950000000000,13.61140000000000,0.00000000000000
ruffle.exe,9152,0x0000000000000000,Other,-1,0,0,97.46962630000000,0.00000000000000,49.76590000000000,0,Composed: Copy with GPU GDI,1.27260000000000,31.20430000000000,66.69540000000001,0.00000000000000,-49.56600000000000,10.37390000000000,0.00000000000000
ruffle.exe,9152,0x0000000000000000,Other,-1,0,0,97.71971850000000,0.00000000000000,250.09220000000002,0,Composed: Copy with GPU GDI,1.28370000000000,14.46100000000000,233.34890000000001,0.00000000000000,-16.27530000000000,16.70420000000000,0.00000000000000
ruffle.exe,9152,0x0000000000000000,Other,-1,0,0,97.77080030000000,0.00000000000000,51.08180000000000,0,Composed: Copy with GPU GDI,1.29220000000000,13.37130000000000,49.99210000000000,0.00000000000000,-14.18510000000000,14.42230000000000,0.00000000000000
ruffle.exe,9152,0x0000000000000000,Other,-1,0,0,97.80270780000001,0.00000000000000,31.90750000000000,0,Composed: Copy with GPU GDI,1.25420000000000,14.82710000000000,33.36330000000000,0.00000000000000,-14.10500000000000,14.37240000000000,0.00000000000000
ruffle.exe,9152,0x0000000000000000,Other,-1,0,0,97.84471300000000,0.00000000000000,42.00520000000000,0,Composed: Copy with GPU GDI,1.30990000000000,22.81000000000000,49.98810000000000,0.00000000000000,-15.90470000000000,14.06210000000000,0.00000000000000
ruffle.exe,9152,0x0000000000000000,Other,-1,0,0,97.88798020000000,0.00000000000000,43.26720000000000,0,Composed: Copy with GPU GDI,1.31150000000000,29.51680000000000,49.97400000000000,0.00000000000000,-16.16380000000000,16.27230000000000,0.00000000000000
ruffle.exe,9152,0x0000000000000000,Other,-1,0,0,97.94439450000000,0.00000000000000,56.41430000000000,0,Composed: Copy with GPU GDI,1.28200000000000,23.09260000000000,49.99010000000001,0.00000000000000,-14.21100000000000,14.03330000000000,0.00000000000000
ruffle.exe,9152,0x0000000000000000,Other,-1,0,0,97.97132100000000,0.00000000000000,26.92650000000000,0,Composed: Copy with GPU GDI,1.28200000000000,46.18950000000000,50.02340000000000,0.00000000000000,-13.85870000000000,14.13780000000000,0.00000000000000
ruffle.exe,9152,0x0000000000000000,Other,-1,0,0,98.00357900000000,0.00000000000000,32.25800000000000,0,Composed: Copy with GPU GDI,4.66690000000000,30.58340000000000,16.65190000000000,0.00000000000000,-15.96090000000000,14.18740000000000,0.00000000000000
ruffle.exe,9152,0x0000000000000000,Other,-1,0,0,98.03068220000000,0.00000000000000,27.10320000000000,0,Composed: Copy with GPU GDI,1.26230000000000,20.18350000000000,16.70330000000000,0.00000000000000,-15.60110000000000,13.97700000000000,0.00000000000000
ruffle.exe,9152,0x0000000000000000,Other,-1,0,0,98.06663300000001,0.00000000000000,35.95080000000000,0,Composed: Copy with GPU GDI,1.33610000000000,17.58570000000000,33.35300000000000,0.00000000000000,-16.41690000000000,16.64320000000000,0.00000000000000
ruffle.exe,9152,0x0000000000000000,Other,-1,0,0,98.10615530000000,0.00000000000000,39.52230000000000,0,Composed: Copy with GPU GDI,1.28680000000000,28.05850000000000,49.99510000000000,0.00000000000000,-15.96320000000000,16.01260000000000,0.00000000000000
ruffle.exe,9152,0x0000000000000000,Other,-1,0,0,98.13566480000000,0.00000000000000,29.50950000000000,0,Composed: Copy with GPU GDI,7.13420000000000,48.59800000000000,50.04900000000000,0.00000000000000,-16.51330000000000,14.37400000000000,0.00000000000000
ruffle.exe,9152,0x0000000000000000,Other,-1,0,0,98.18558370000001,0.00000000000000,49.91890000000000,0,Composed: Copy with GPU GDI,1.77550000000000,31.94040000000000,33.26130000000000,0.00000000000000,-31.45730000000000,14.14090000000000,0.00000000000000
ruffle.exe,9152,0x0000000000000000,Other,-1,0,0,98.21987089999999,0.00000000000000,34.28720000000000,0,Composed: Copy with GPU GDI,1.28360000000000,47.62460000000000,49.97140000000000,0.00000000000000,-29.05770000000000,14.86990000000000,0.00000000000000
ruffle.exe,9152,0x0000000000000000,Other,-1,0,0,98.26563840000000,0.00000000000000,45.76750000000001,0,Composed: Copy with GPU GDI,1.66540000000000,18.58030000000000,16.72320000000000,0.00000000000000,-13.49980000000000,13.35090000000000,0.00000000000000
ruffle.exe,9152,0x0000000000000000,Other,-1,0,0,98.30317180000000,0.00000000000000,37.53340000000000,0,Composed: Copy with GPU GDI,1.30430000000000,31.05190000000000,50.00500000000000,0.00000000000000,-24.25380000000000,15.91900000000000,0.00000000000000
ruffle.exe,9152,0x0000000000000000,Other,1,0,0,98.39416660000001,0.00000000000000,90.99480000000000,0,Hardware: Legacy Flip,-41.09970000000000,6.69850000000000,66.64140000000000,0.00000000000000,-59.24740000000001,14.92840000000000,0.00000000000000
ruffle.exe,9152,0x0000000000000000,Other,1,0,0,98.44143570000000,0.00000000000000,47.26910000000000,0,Hardware: Legacy Flip,-0.12890000000000,9.49250000000000,50.06310000000001,0.00000000000000,-40.52340000000000,14.10710000000000,0.00000000000000
ruffle.exe,9152,0x0000000000000000,Other,1,0,0,98.47617810000001,0.00000000000000,34.74240000000000,0,Hardware: Legacy Flip,-0.15920000000000,8.00590000000000,33.25580000000000,0.00000000000000,-25.18890000000000,14.29270000000000,0.00000000000000
ruffle.exe,9152,0x0000000000000000,Other,1,0,0,98.76748470000000,0.00000000000000,291.30660000000000,0,Hardware: Legacy Flip,-0.19930000000000,16.77090000000000,300.07159999999999,0.00000000000000,-283.26220000000001,16.12160000000000,0.00000000000000
ruffle.exe,9152,0x0000000000000000,Other,1,0,0,98.81419430000001,0.00000000000000,46.70960000000000,0,Hardware: Legacy Flip,-0.14540000000000,3.38370000000000,33.32240000000000,0.00000000000000,-29.91110000000000,14.07280000000000,0.00000000000000
ruffle.exe,9152,0x0000000000000000,Other,1,0,0,98.84003820000000,0.00000000000000,25.84390000000000,0,Hardware: Legacy Flip,-0.19540000000000,10.89790000000000,33.35810000000000,0.00000000000000,-22.42210000000000,13.81610000000000,0.00000000000000
ruffle.exe,9152,0x0000000000000000,Other,1,0,0,98.86757600000000,0.00000000000000,27.53780000000000,0,Hardware: Legacy Flip,-0.19590000000000,16.69310000000000,33.33300000000000,0.00000000000000,-16.60930000000000,13.92340000000000,0.00000000000000
ruffle.exe,9152,0x0000000000000000,Other,1,0,0,98.89659310000000,0.00000000000000,29.01710000000000,0,Hardware: Legacy Flip,-0.15030000000000,4.35560000000000,16.67960000000000,0.00000000000000,-13.63940000000000,13.31080000000000,0.00000000000000
ruffle.exe,9152,0x0000000000000000,Other,1,0,0,98.93485140000000,0.00000000000000,38.25830000000000,0,Hardware: Legacy Flip,-0.16390000000000,16.06420000000000,49.96690000000000,0.00000000000000,-33.87340000000000,15.55950000000000,0.00000000000000
ruffle.exe,9152,0x0000000000000000,Other,1,0,0,98.96621020000001,0.00000000000000,31.35880000000000,0,Hardware: Legacy Flip,-0.20020000000000,1.40350000000000,16.69810000000000,0.00000000000000,-15.77620000000000,15.38080000000000,0.00000000000000
ruffle.exe,9152,0x0000000000000000,Other,1,0,0,98.99807439999999,0.00000000000000,31.86420000000000,0,Hardware: Legacy Flip,-0.12370000000000,2.84020000000000,33.30090000000000,0.00000000000000,-30.41670000000000,13.51650000000000,0.00000000000000
ruffle.exe,9152,0x0000000000000000,Other,1,0,0,99.02323980000000,0.00000000000000,25.16540000000000,0,Hardware: Legacy Flip,-0.15290000000000,11.02800000000000,33.35320000000000,0.00000000000000,-22.29540000000000,13.69220000000000,0.00000000000000
ruffle.exe,9152,0x0000000000000000,Other,1,0,0,99.05892890000000,0.00000000000000,35.68910000000000,0,Hardware: Legacy Flip,-0.15400000000000,8.69540000000000,33.35650000000000,0.00000000000000,-24.62130000000000,14.12640000000000,0.00000000000000
ruffle.exe,9152,0x0000000000000000,Other,1,0,0,99.08881670000000,0.00000000000000,29.88780000000000,0,Hardware: Legacy Flip,-0.12280000000000,12.13110000000000,33.32350000000000,0.00000000000000,-21.15600000000000,13.73810000000000,0.00000000000000
ruffle.exe,9152,0x0000000000000000,Other,1,0,0,99.12751780000001,0.00000000000000,38.70110000000000,0,Hardware: Legacy Flip,-0.17150000000000,6.80360000000000,33.37360000000000,0.00000000000000,-26.53860000000000,15.69250000000000,0.00000000000000
ruffle.exe,9152,0x0000000000000000,Other,1,0,0,99.16376040000000,0.00000000000000,36.24260000000000,0,Hardware: Legacy Flip,-0.19170000000000,3.92520000000000,33.36420000000000,0.00000000000000,-29.40810000000000,16.51210000000000,0.00000000000000
ruffle.exe,9152,0x0000000000000000,Other,1,0,0,99.19849219999999,0.00000000000000,34.73180000000000,0,Hardware: Legacy Flip,-0.15350000000000,2.47320000000000,33.27980000000000,0.00000000000000,-30.76640000000000,14.12830000000000,0.00000000000000
ruffle.exe,9152,0x0000000000000000,Other,1,0,0,99.23015320000000,0.00000000000000,31.66100000000000,0,Hardware: Legacy Flip,-0.18270000000000,4.18170000000000,33.36950000000000,0.00000000000000,-29.15420000000000,13.99130000000000,0.00000000000000
ruffle.exe,9152,0x0000000000000000,Other,1,0,0,99.26449890000001,0.00000000000000,34.34570000000000,0,Hardware: Legacy Flip,-0.17470000000000,3.16490000000000,33.32890000000000,0.00000000000000,-30.12690000000000,14.17260000000000,0.00000000000000
ruffle.exe,9152,0x0000000000000000,Other,1,0,0,99.29356650000000,0.00000000000000,29.06760000000000,0,Hardware: Legacy Flip,-0.13950000000000,7.40050000000000,33.30320000000000,0.00000000000000,-25.85620000000000,14.06450000000000,0.00000000000000
ruffle.exe,9152,0x0000000000000000,Other,1,0,0,99.32814920000000,0.00000000000000,34.58270000000000,0,Hardware: Legacy Flip,-0.17380000000000,6.21520000000000,33.39740000000000,0.00000000000000,-27.14760000000000,13.96280000000000,0.00000000000000
ruffle.exe,9152,0x0000000000000000,Other,1,0,0,99.34260480000000,0.00000000000000,14.45560000000000,0,Hardware: Legacy Flip,-0.16460000000000,8.38430000000000,16.62470000000000,0.00000000000000,-11.66000000000000,10.39370000000000,0.00000000000000
ruffle.exe,9152,0x0000000000000000,Other,-1,0,0,99.40244150000001,0.00000000000000,59.83670000000000,0,Composed: Copy with GPU GDI,1.28190000000000,31.96200000000000,83.41440000000000,0.00000000000000,-51.41280000000000,17.17740000000000,0.00000000000000
ruffle.exe,9152,0x0000000000000000,Other,-1,0,0,99.44296690000000,0.00000000000000,40.52540000000000,0,Composed: Copy with GPU GDI,1.33500000000000,8.04700000000000,16.61040000000000,0.00000000000000,-14.45650000000000,14.55070000000000,0.00000000000000
ruffle.exe,9152,0x0000000000000000,Other,-1,0,0,99.47875660000000,0.00000000000000,35.78970000000000,0,Composed: Copy with GPU GDI,1.35630000000000,22.21830000000000,49.96100000000001,0.00000000000000,-14.65050000000000,14.93150000000000,0.00000000000000
ruffle.exe,9152,0x0000000000000000,Other,-1,0,0,99.76356860000000,0.00000000000000,284.81200000000001,0,Composed: Copy with GPU GDI,1.28080000000000,20.76430000000000,283.35800000000000,0.00000000000000,-15.23070000000000,15.52100000000000,0.00000000000000
ruffle.exe,9152,0x0000000000000000,Other,-1,0,0,99.81254070000000,0.00000000000000,48.97210000000000,0,Composed: Copy with GPU GDI,1.28420000000000,21.84830000000000,50.05610000000000,0.00000000000000,-18.32350000000000,16.41010000000000,0.00000000000000
ruffle.exe,9152,0x0000000000000000,Other,-1,0,0,99.84411820000000,0.00000000000000,31.57750000000000,0,Composed: Copy with GPU GDI,1.47650000000000,23.63710000000000,33.36630000000000,0.00000000000000,-15.02530000000000,14.40880000000000,0.00000000000000
ruffle.exe,9152,0x0000000000000000,Other,-1,0,0,99.87968040000000,0.00000000000000,35.56220000000000,0,Composed: Copy with GPU GDI,1.26600000000000,21.37440000000000,33.29950000000000,0.00000000000000,-15.04810000000000,14.43600000000000,0.00000000000000
ruffle.exe,9152,0x0000000000000000,Other,-1,0,0,99.90891230000000,0.00000000000000,29.23190000000000,0,Composed: Copy with GPU GDI,1.31710000000000,25.43040000000000,33.28790000000000,0.00000000000000,-15.46000000000000,14.69130000000000,0.00000000000000
ruffle.exe,9152,0x0000000000000000,Other,-1,0,0,99.94150180000000,0.00000000000000,32.58950000000000,0,Composed: Copy with GPU GDI,1.22160000000000,42.86320000000000,50.02230000000000,0.00000000000000,-13.60720000000000,14.02340000000000,0.00000000000000
ruffle.exe,9152,0x0000000000000000,Other,-1,0,0,99.97142470000000,0.00000000000000,29.92290000000000,0,Composed: Copy with GPU GDI,1.23490000000000,29.62150000000000,16.68120000000000,0.00000000000000,-16.94110000000000,14.90960000000000,0.00000000000000
ruffle.exe,9152,0x0000000000000000,Other,-1,0,0,100.01997360000000,0.00000000000000,48.54890000000000,0,Composed: Copy with GPU GDI,1.28820000000000,47.70860000000000,66.63600000000001,0.00000000000000,-16.33350000000000,16.64400000000000,0.00000000000000
ruffle.exe,9152,0x0000000000000000,Other,-1,0,0,100.05746929999999,0.00000000000000,37.49570000000000,0,Composed: Copy with GPU GDI,1.39010000000000,26.93040000000000,16.71750000000000,0.00000000000000,-19.98850000000000,16.47000000000000,0.00000000000000
ruffle.exe,9152,0x0000000000000000,Other,-1,0,0,100.08901420000001,0.00000000000000,31.54490000000000,0,Composed: Copy with GPU GDI,1.31160000000000,45.37320000000000,49.98770000000000,0.00000000000000,-20.05950000000000,15.20390000000000,0.00000000000000
ruffle.exe,9152,0x0000000000000000,Other,-1,0,0,100.12693500000000,0.00000000000000,37.92080000000000,0,Composed: Copy with GPU GDI,1.93330000000000,24.13970000000000,16.68730000000000,0.00000000000000,-16.23690000000000,14.43140000000000,0.00000000000000
ruffle.exe,9152,0x0000000000000000,Other,-1,0,0,100.15892280000000,0.00000000000000,31.98780000000000,0,Composed: Copy with GPU GDI,2.15610000000000,42.11220000000000,49.96030000000000,0.00000000000000,-16.51190000000000,14.80180000000000,0.00000000000000
ruffle.exe,9152,0x0000000000000000,Other,-1,0,0,100.21615480000001,0.00000000000000,57.23200000000000,0,Composed: Copy with GPU GDI,1.33100000000000,34.89150000000000,50.01130000000001,0.00000000000000,-18.74640000000000,16.54350000000000,0.00000000000000
ruffle.exe,9152,0x0000000000000000,Other,-1,0,0,100.26557790000001,0.00000000000000,49.42310000000001,0,Composed: Copy with GPU GDI,1.31410000000000,35.47740000000000,50.00900000000000,0.00000000000000,-19.59470000000000,16.48920000000000,0.00000000000000
ruffle.exe,9152,0x0000000000000000,Other,1,0,0,100.40074500000000,0.00000000000000,135.16710000000000,0,Hardware: Legacy Flip,-64.34880000000000,17.02240000000000,116.71210000000001,0.00000000000000,-84.63250000000001,14.12050000000000,0.00000000000000
ruffle.exe,9152,0x0000000000000000,Other,1,0,0,100.44293670000000,0.00000000000000,42.19170000000000,0,Hardware: Legacy Flip,-0.20050000000000,8.19000000000000,33.35930000000000,0.00000000000000,-25.13090000000000,14.18480000000000,0.00000000000000
ruffle.exe,9152,0x0000000000000000,Other,1,0,0,100.47313580000001,0.00000000000000,30.19910000000000,0,Hardware: Legacy Flip,-0.14130000000000,11.25920000000000,33.26830000000000,0.00000000000000,-21.97220000000000,14.43410000000000,0.00000000000000
ruffle.exe,9152,0x0000000000000000,Other,1,0,0,100.76477290000000,0.00000000000000,291.63710000000003,0,Hardware: Legacy Flip,-0.18580000000000,3.06140000000000,283.43930000000000,0.00000000000000,-280.34140000000002,16.56860000000000,0.00000000000000
ruffle.exe,9152,0x0000000000000000,Other,1,0,0,100.80144190000000,0.00000000000000,36.66900000000000,0,Hardware: Legacy Flip,-0.12410000000000,16.37390000000000,49.98150000000000,0.00000000000000,-33.57230000000000,14.07840000000000,0.00000000000000
ruffle.exe,9152,0x0000000000000000,Other,1,0,0,100.82843130000001,0.00000000000000,26.98940000000000,0,Hardware: Legacy Flip,-0.17730000000000,6.07830000000000,16.69380000000000,0.00000000000000,-14.04470000000000,13.63670000000000,0.00000000000000
ruffle.exe,9152,0x0000000000000000,Other,1,0,0,100.85738450000001,0.00000000000000,28.95320000000000,0,Hardware: Legacy Flip,-0.17880000000000,10.41100000000000,33.28590000000000,0.00000000000000,-22.84390000000000,14.34470000000000,0.00000000000000
ruffle.exe,9152,0x0000000000000000,Other,1,0,0,100.89275870000000,0.00000000000000,35.37420000000000,0,Hardware: Legacy Flip,-0.18530000000000,8.36050000000000,33.32370000000000,0.00000000000000,-24.92470000000000,14.11330000000000,0.00000000000000
ruffle.exe,9152,0x0000000000000000,Other,1,0,0,100.92662030000000,0.00000000000000,33.86160000000000,0,Hardware: Legacy Flip,-0.17330000000000,7.83780000000000,33.33890000000000,0.00000000000000,-25.46720000000000,15.80270000000000,0.00000000000000
ruffle.exe,9152,0x0000000000000000,Other,1,0,0,100.96235330000000,0.00000000000000,35.73300000000000,0,Hardware: Legacy Flip,-0.15640000000000,5.41280000000000,33.30800000000000,0.00000000000000,-27.86410000000000,15.39070000000000,0.00000000000000
ruffle.exe,9152,0x0000000000000000,Other,1,0,0,100.98749480000001,0.00000000000000,25.14150000000000,0,Hardware: Legacy Flip,-0.12160000000000,13.59810000000000,33.32680000000000,0.00000000000000,-19.69210000000000,13.32350000000000,0.00000000000000
ruffle.exe,9152,0x0000000000000000,Other,1,0,0,101.01915990000001,0.00000000000000,31.66510000000000,0,Hardware: Legacy Flip,-0.16660000000000,15.30840000000000,33.37540000000000,0.00000000000000,-18.01730000000000,13.52460000000000,0.00000000000000
ruffle.exe,9152,0x0000000000000000,Other,1,0,0,101.05639840000001,0.00000000000000,37.23850000000000,0,Hardware: Legacy Flip,-0.13490000000000,11.39200000000000,33.32210000000000,0.00000000000000,-21.88770000000000,13.62080000000000,0.00000000000000
ruffle.exe,9152,0x0000000000000000,Other,1,0,0,101.08861340000000,0.00000000000000,32.21500000000000,0,Hardware: Legacy Flip,-0.15560000000000,12.48930000000000,33.31230000000000,0.00000000000000,-20.75850000000000,13.36120000000000,0.00000000000000
ruffle.exe,9152,0x0000000000000000,Other,1,0,0,101.11645830000001,0.00000000000000,27.84490000000000,0,Hardware: Legacy Flip,-0.15060000000000,1.32790000000000,16.68350000000000,0.00000000000000,-15.32960000000000,13.47770000000000,0.00000000000000
ruffle.exe,9152,0x0000000000000000,Other,-1,0,0,101.15266530000000,0.00000000000000,36.20700000000000,0,Composed: Copy with GPU GDI,1.29260000000000,31.81500000000000,66.69410000000001,0.00000000000000,-34.84680000000000,10.95600000000000,0.00000000000000
ruffle.exe,9152,0x0000000000000000,Other,-1,0,0,101.18433689999999,0.00000000000000,31.67160000000000,0,Composed: Copy with GPU GDI,1.29800000000000,16.80090000000000,16.65750000000000,0.00000000000000,-16.48120000000000,15.85920000000000,0.00000000000000
ruffle.exe,9152,0x0000000000000000,Other,-1,0,0,101.21456830000000,0.00000000000000,30.23140000000000,0,Composed: Copy with GPU GDI,1.27590000000000,19.97750000000000,33.40800000000000,0.00000000000000,-15.50480000000000,15.89600000000000,0.00000000000000
ruffle.exe,9152,0x0000000000000000,Other,-1,0,0,101.24037280000000,0.00000000000000,25.80450000000000,0,Composed: Copy with GPU GDI,1.33380000000000,10.80200000000000,16.62900000000000,0.00000000000000,-13.99250000000000,14.20790000000000,0.00000000000000
ruffle.exe,9152,0x0000000000000000,Other,-1,0,0,101.27000260000001,0.00000000000000,29.62980000000000,0,Composed: Copy with GPU GDI,1.28840000000000,31.18430000000000,50.01210000000000,0.00000000000000,-14.18510000000000,14.34730000000000,0.00000000000000
ruffle.exe,9152,0x0000000000000000,Other,-1,0,0,101.32577689999999,0.00000000000000,55.77430000000000,0,Composed: Copy with GPU GDI,1.28450000000000,25.38550000000000,49.97550000000000,0.00000000000000,-27.56910000000000,14.78780000000000,0.00000000000000
ruffle.exe,9152,0x0000000000000000,Other,-1,0,0,101.39876550000000,0.00000000000000,72.98860000000001,0,Composed: Copy with GPU GDI,1.31380000000000,19.04750000000000,66.65060000000000,0.00000000000000,-17.08290000000000,16.24830000000000,0.00000000000000
ruffle.exe,9152,0x0000000000000000,Other,-1,0,0,101.43572160000001,0.00000000000000,36.95610000000000,0,Composed: Copy with GPU GDI,1.32620000000000,15.45920000000000,33.36780000000000,0.00000000000000,-15.63700000000000,15.90760000000000,0.00000000000000
ruffle.exe,9152,0x0000000000000000,Other,-1,0,0,101.47702780000000,0.00000000000000,41.30620000000000,0,Composed: Copy with GPU GDI,1.25650000000000,24.12290000000000,49.96990000000000,0.00000000000000,-15.28080000000000,14.26090000000000,0.00000000000000
ruffle.exe,9152,0x0000000000000000,Other,1,0,0,101.86892530000000,0.00000000000000,391.89750000000004,0,Hardware: Legacy Flip,-48.70850000000000,15.58790000000000,383.36250000000001,0.00000000000000,-68.71460000000000,13.09970000000000,0.00000000000000
ruffle.exe,9152,0x0000000000000000,Other,1,0,0,101.90597130000000,0.00000000000000,37.04600000000000,0,Hardware: Legacy Flip,-0.14610000000000,11.87040000000000,33.32850000000000,0.00000000000000,-21.41870000000000,13.47090000000000,0.00000000000000
ruffle.exe,9152,0x0000000000000000,Other,1,0,0,101.91838240000000,0.00000000000000,12.41110000000000,0,Hardware: Legacy Flip,-0.18270000000000,16.18220000000000,16.72290000000000,0.00000000000000,-12.13240000000000,9.80890000000000,0.00000000000000
ruffle.exe,9152,0x0000000000000000,Other,1,0,0,101.95007850000000,0.00000000000000,31.69610000000000,0,Hardware: Legacy Flip,-0.15770000000000,1.11020000000000,16.62410000000000,0.00000000000000,-15.48950000000000,14.77210000000000,0.00000000000000
ruffle.exe,9152,0x0000000000000000,Other,1,0,0,101.97258080000000,0.00000000000000,22.50230000000000,0,Hardware: Legacy Flip,-0.14350000000000,11.96460000000000,33.35670000000000,0.00000000000000,-21.37170000000000,15.17820000000000,0.00000000000000
ruffle.exe,9152,0x0000000000000000,Other,1,0,0,101.99939820000000,0.00000000000000,26.81740000000000,0,Hardware: Legacy Flip,-0.19650000000000,1.81490000000000,16.66770000000000,0.00000000000000,-14.81800000000000,13.49320000000000,0.00000000000000
ruffle.exe,9152,0x0000000000000000,Other,1,0,0,102.03047590000001,0.00000000000000,31.07770000000000,0,Hardware: Legacy Flip,-0.15110000000000,4.09000000000000,33.35280000000000,0.00000000000000,-29.23120000000000,13.47950000000000,0.00000000000000
ruffle.exe,9152,0x0000000000000000,Other,1,0,0,102.06325430000000,0.00000000000000,32.77840000000000,0,Hardware: Legacy Flip,-0.13460000000000,4.62910000000000,33.31750000000000,0.00000000000000,-28.63650000000000,13.42810000000000,0.00000000000000
ruffle.exe,9152,0x0000000000000000,Other,1,0,0,102.09609020000001,0.00000000000000,32.83590000000000,0,Hardware: Legacy Flip,-0.11400000000000,5.10720000000000,33.31400000000000,0.00000000000000,-28.16930000000000,13.50760000000000,0.00000000000000
ruffle.exe,9152,0x0000000000000000,Other,1,0,0,102.12997250000001,0.00000000000000,33.88230000000000,0,Hardware: Legacy Flip,-0.09500000000000,4.53560000000000,33.31070000000000,0.00000000000000,-28.74420000000000,15.04420000000000,0.00000000000000
ruffle.exe,9152,0x0000000000000000,Other,1,0,0,102.16570170000001,0.00000000000000,35.72920000000000,0,Hardware: Legacy Flip,-0.11530000000000,2.22570000000000,33.41930000000000,0.00000000000000,-31.17660000000000,15.05200000000000,0.00000000000000
ruffle.exe,9152,0x0000000000000000,Other,1,0,0,102.19389450000000,0.00000000000000,28.19280000000000,0,Hardware: Legacy Flip,-0.11070000000000,7.32710000000000,33.29420000000000,0.00000000000000,-25.94490000000000,13.59670000000000,0.00000000000000
ruffle.exe,9152,0x0000000000000000,Other,1,0,0,102.22887360000001,0.00000000000000,34.97910000000000,0,Hardware: Legacy Flip,-0.11450000000000,5.68260000000000,33.33460000000000,0.00000000000000,-27.61940000000000,13.39410000000000,0.00000000000000
ruffle.exe,9152,0x0000000000000000,Other,1,0,0,102.26385260000001,0.00000000000000,34.97900000000000,0,Hardware: Legacy Flip,-0.10080000000000,4.01720000000000,33.31360000000000,0.00000000000000,-29.26850000000000,13.41790000000000,0.00000000000000
ruffle.exe,9152,0x0000000000000000,Other,1,0,0,102.29755260000000,0.00000000000000,33.70000000000000,0,Hardware: Legacy Flip,-0.15750000000000,3.67180000000000,33.35460000000000,0.00000000000000,-29.65710000000000,13.59620000000000,0.00000000000000
ruffle.exe,9152,0x0000000000000000,Other,1,0,0,102.32635980000001,0.00000000000000,28.80720000000000,0,Hardware: Legacy Flip,-0.11720000000000,8.24940000000000,33.38480000000000,0.00000000000000,-25.10840000000000,13.41020000000000,0.00000000000000
ruffle.exe,9152,0x0000000000000000,Other,1,0,0,102.36674470000000,0.00000000000000,40.38490000000000,0,Hardware: Legacy Flip,-0.14010000000000,1.14000000000000,33.27550000000000,0.00000000000000,-32.10840000000000,15.15360000000000,0.00000000000000
ruffle.exe,9152,0x0000000000000000,Other,1,0,0,102.39714640000000,0.00000000000000,30.40170000000000,0,Hardware: Legacy Flip,-0.13790000000000,4.06770000000000,33.32940000000000,0.00000000000000,-29.24020000000000,15.33780000000000,0.00000000000000
ruffle.exe,9152,0x0000000000000000,Other,1,0,0,102.43357850000001,0.00000000000000,36.43210000000000,0,Hardware: Legacy Flip,-0.20240000000000,0.95820000000000,33.32260000000000,0.00000000000000,-32.33810000000000,13.64710000000000,0.00000000000000
ruffle.exe,9152,0x0000000000000000,Other,1,0,0,102.46356179999999,0.00000000000000,29.98330000000000,0,Hardware: Legacy Flip,-0.21300000000000,4.36960000000000,33.39470000000000,0.00000000000000,-28.99860000000000,13.56570000000000,0.00000000000000
ruffle.exe,9152,0x0000000000000000,Other,1,0,0,102.71659560000001,0.00000000000000,253.03380000000001,0,Hardware: Legacy Flip,-0.12980000000000,1.33810000000000,250.00230000000002,0.00000000000000,-248.63410000000002,16.02520000000000,0.00000000000000
ruffle.exe,9152,0x0000000000000000,Other,1,0,0,102.73211100000000,0.00000000000000,15.51540000000000,0,Hardware: Legacy Flip,-0.16110000000000,2.51220000000000,16.68950000000000,0.00000000000000,-14.14860000000000,13.31330000000000,0.00000000000000
ruffle.exe,9152,0x0000000000000000,Other,1,0,0,102.76312400000000,0.00000000000000,31.01300000000000,0,Hardware: Legacy Flip,-0.18230000000000,4.91180000000000,33.41260000000000,0.00000000000000,-28.47310000000000,13.94820000000000,0.00000000000000
ruffle.exe,9152,0x0000000000000000,Other,1,0,0,102.79033779999999,0.00000000000000,27.21380000000000,0,Hardware: Legacy Flip,-0.11150000000000,10.95450000000000,33.25650000000000,0.00000000000000,-22.27030000000000,13.74700000000000,0.00000000000000
ruffle.exe,9152,0x0000000000000000,Other,1,0,0,102.82382810000000,0.00000000000000,33.49030000000000,0,Hardware: Legacy Flip,-0.10750000000000,10.78690000000000,33.32270000000000,0.00000000000000,-22.49270000000000,13.66800000000000,0.00000000000000
ruffle.exe,9152,0x0000000000000000,Other,1,0,0,102.85601710000000,0.00000000000000,32.18900000000000,0,Hardware: Legacy Flip,-0.11220000000000,11.94760000000000,33.34970000000000,0.00000000000000,-21.36890000000000,13.58440000000000,0.00000000000000
ruffle.exe,9152,0x0000000000000000,Other,1,0,0,102.89516850000000,0.00000000000000,39.15140000000000,0,Hardware: Legacy Flip,-0.14840000000000,6.10290000000000,33.30670000000000,0.00000000000000,-27.17320000000000,15.67780000000000,0.00000000000000
ruffle.exe,9152,0x0000000000000000,Other,1,0,0,102.92316580000001,0.00000000000000,27.99730000000000,0,Hardware: Legacy Flip,-0.10270000000000,11.45680000000000,33.35120000000000,0.00000000000000,-21.85390000000000,15.34570000000000,0.00000000000000
ruffle.exe,9152,0x0000000000000000,Other,1,0,0,102.95256290000000,0.00000000000000,29.39710000000000,0,Hardware: Legacy Flip,-0.15620000000000,15.39700000000000,33.33730000000000,0.00000000000000,-17.91000000000000,13.84930000000000,0.00000000000000
ruffle.exe,9152,0x0000000000000000,Other,1,0,0,102.99387750000001,0.00000000000000,41.31460000000000,0,Hardware: Legacy Flip,-0.14580000000000,7.42900000000000,33.34660000000000,0.00000000000000,-25.88340000000000,13.90930000000000,0.00000000000000
ruffle.exe,9152,0x0000000000000000,Other,1,0,0,103.03532240000001,0.00000000000000,41.44490000000000,0,Hardware: Legacy Flip,-0.14920000000000,15.98140000000000,49.99730000000000,0.00000000000000,-33.96090000000000,13.76950000000000,0.00000000000000
ruffle.exe,9152,0x0000000000000000,Other,1,0,0,103.05995020000000,0.00000000000000,24.62780000000000,0,Hardware: Legacy Flip,-0.16350000000000,8.02070000000000,16.66710000000000,0.00000000000000,-13.78100000000000,13.39100000000000,0.00000000000000
ruffle.exe,9152,0x0000000000000000,Other,1,0,0,103.09683790000000,0.00000000000000,36.88770000000000,0,Hardware: Legacy Flip,-0.15360000000000,4.48450000000000,33.35150000000000,0.00000000000000,-28.83110000000000,15.74160000000000,0.00000000000000
ruffle.exe,9152,0x0000000000000000,Other,1,0,0,103.12466730000000,0.00000000000000,27.82940000000000,0,Hardware: Legacy Flip,-0.12070000000000,9.95200000000000,33.29690000000000,0.00000000000000,-23.30740000000000,15.47880000000000,0.00000000000000
ruffle.exe,9152,0x0000000000000000,Other,1,0,0,103.15324910000000,0.00000000000000,28.58180000000000,0,Hardware: Legacy Flip,-0.11980000000000,14.72220000000000,33.35200000000000,0.00000000000000,-18.59750000000000,13.71830000000000,0.00000000000000
ruffle.exe,9152,0x0000000000000000,Other,1,0,0,103.18536100000000,0.00000000000000,32.11190000000000,0,Hardware: Legacy Flip,-0.20190000000000,15.93120000000000,33.32090000000000,0.00000000000000,-17.35630000000000,14.08350000000000,0.00000000000000
ruffle.exe,9152,0x0000000000000000,Other,1,0,0,103.22132090000001,0.00000000000000,35.95990000000000,0,Hardware: Legacy Flip,-0.10640000000000,13.31720000000000,33.34590000000000,0.00000000000000,-19.99260000000000,13.74500000000000,0.00000000000000
ruffle.exe,9152,0x0000000000000000,Other,1,0,0,103.25312670000000,0.00000000000000,31.80580000000000,0,Hardware: Legacy Flip,-0.14780000000000,14.84310000000000,33.33170000000000,0.00000000000000,-18.45750000000000,13.95350000000000,0.00000000000000
ruffle.exe,9152,0x0000000000000000,Other,1,0,0,103.28643409999999,0.00000000000000,33.30740000000000,0,Hardware: Legacy Flip,-0.10540000000000,14.92570000000000,33.39000000000000,0.00000000000000,-18.43420000000000,13.93620000000000,0.00000000000000
ruffle.exe,9152,0x0000000000000000,Other,1,0,0,103.32625160000001,0.00000000000000,39.81750000000000,0,Hardware: Legacy Flip,-0.14510000000000,8.43760000000000,33.32940000000000,0.00000000000000,-24.86330000000000,15.60240000000000,0.00000000000000
ruffle.exe,9152,0x0000000000000000,Other,1,0,0,103.35677620000000,0.00000000000000,30.52460000000000,0,Hardware: Legacy Flip,-0.15870000000000,11.20280000000000,33.28980000000000,0.00000000000000,-22.05410000000000,15.76170000000000,0.00000000000000
ruffle.exe,9152,0x0000000000000000,Other,1,0,0,103.39270050000000,0.00000000000000,35.92430000000000,0,Hardware: Legacy Flip,-0.18190000000000,8.61950000000000,33.34100000000000,0.00000000000000,-24.69970000000000,14.30130000000000,0.00000000000000
ruffle.exe,9152,0x0000000000000000,Other,1,0,0,103.42030469999999,0.00000000000000,27.60420000000000,0,Hardware: Legacy Flip,-0.13870000000000,14.37100000000000,33.35570000000000,0.00000000000000,-18.94430000000000,13.90150000000000,0.00000000000000
ruffle.exe,9152,0x0000000000000000,Other,1,0,0,103.45273399999999,0.00000000000000,32.42930000000000,0,Hardware: Legacy Flip,-0.16470000000000,15.26810000000000,33.32640000000000,0.00000000000000,-18.02150000000000,14.04730000000000,0.00000000000000
ruffle.exe,9152,0x0000000000000000,Other,1,0,0,103.68748460000000,0.00000000000000,234.75060000000002,0,Hardware: Legacy Flip,-0.24300000000000,13.88060000000000,233.36310000000000,0.00000000000000,-219.43380000000002,15.09810000000000,0.00000000000000
ruffle.exe,9152,0x0000000000000000,Other,1,0,0,103.71381490000000,0.00000000000000,26.33030000000000,0,Hardware: Legacy Flip,-0.17380000000000,4.19850000000000,16.64820000000000,0.00000000000000,-13.71660000000000,13.37690000000000,0.00000000000000
ruffle.exe,9152,0x0000000000000000,Other,1,0,0,103.73179979999999,0.00000000000000,17.98490000000000,0,Hardware: Legacy Flip,-0.11650000000000,2.87280000000000,16.65920000000000,0.00000000000000,-13.75480000000000,13.47490000000000,0.00000000000000
ruffle.exe,9152,0x0000000000000000,Other,1,0,0,103.76214580000000,0.00000000000000,30.34600000000000,0,Hardware: Legacy Flip,-0.13950000000000,5.93040000000000,33.40360000000000,0.00000000000000,-27.45080000000000,14.13780000000000,0.00000000000000
ruffle.exe,9152,0x0000000000000000,Other,1,0,0,103.80577880000000,0.00000000000000,43.63300000000000,0,Hardware: Legacy Flip,-0.15490000000000,12.23460000000000,49.93720000000000,0.00000000000000,-37.65960000000000,15.64690000000000,0.00000000000000
ruffle.exe,9152,0x0000000000000000,Other,1,0,0,103.83356950000000,0.00000000000000,27.79070000000000,0,Hardware: Legacy Flip,-0.13180000000000,1.11120000000000,16.66730000000000,0.00000000000000,-15.52170000000000,15.31820000000000,0.00000000000000
ruffle.exe,9152,0x0000000000000000,Other,1,0,0,103.86267939999999,0.00000000000000,29.10990000000000,0,Hardware: Legacy Flip,-0.10530000000000,5.33120000000000,33.32990000000000,0.00000000000000,-27.97940000000000,13.94620000000000,0.00000000000000
ruffle.exe,9152,0x0000000000000000,Other,1,0,0,103.90144000000001,0.00000000000000,38.76060000000000,0,Hardware: Legacy Flip,-0.24310000000000,16.61750000000000,50.04690000000000,0.00000000000000,-33.40030000000000,14.15180000000000,0.00000000000000
ruffle.exe,9152,0x0000000000000000,Other,1,0,0,103.93448650000001,0.00000000000000,33.04650000000000,0,Hardware: Legacy Flip,-0.13670000000000,16.93340000000000,33.36240000000000,0.00000000000000,-16.39640000000000,14.02610000000000,0.00000000000000
ruffle.exe,9152,0x0000000000000000,Other,1,0,0,103.96364240000000,0.00000000000000,29.15590000000000,0,Hardware: Legacy Flip,-0.10720000000000,4.40670000000000,16.62920000000000,0.00000000000000,-13.70590000000000,13.45330000000000,0.00000000000000
ruffle.exe,9152,0x0000000000000000,Other,1,0,0,103.99800770000000,0.00000000000000,34.36530000000000,0,Hardware: Legacy Flip,-0.15170000000000,3.39850000000000,33.35710000000000,0.00000000000000,-29.93420000000000,15.66840000000000,0.00000000000000
ruffle.exe,9152,0x0000000000000000,Other,1,0,0,104.03461040000001,0.00000000000000,36.60270000000000,0,Hardware: Legacy Flip,-0.11880000000000,16.80100000000000,50.00520000000000,0.00000000000000,-33.16420000000000,15.82210000000000,0.00000000000000
ruffle.exe,9152,0x0000000000000000,Other,1,0,0,104.06275400000000,0.00000000000000,28.14360000000000,0,Hardware: Legacy Flip,-0.16910000000000,5.40870000000000,16.75130000000000,0.00000000000000,-14.00220000000000,13.64350000000000,0.00000000000000
ruffle.exe,9152,0x0000000000000000,Other,1,0,0,104.10492740000001,0.00000000000000,42.17340000000000,0,Hardware: Legacy Flip,-0.13190000000000,13.10160000000000,49.86630000000000,0.00000000000000,-36.71850000000000,14.04220000000000,0.00000000000000
ruffle.exe,9152,0x0000000000000000,Other,1,0,0,104.13207750000001,0.00000000000000,27.15010000000000,0,Hardware: Legacy Flip,-0.13560000000000,2.65900000000000,16.70750000000000,0.00000000000000,-14.02020000000000,13.70900000000000,0.00000000000000
ruffle.exe,9152,0x0000000000000000,Other,1,0,0,104.16381630000001,0.00000000000000,31.73880000000000,0,Hardware: Legacy Flip,-0.13670000000000,4.23000000000000,33.30980000000000,0.00000000000000,-29.05140000000000,13.86880000000000,0.00000000000000
ruffle.exe,9152,0x0000000000000000,Other,1,0,0,104.19669259999999,0.00000000000000,32.87630000000000,0,Hardware: Legacy Flip,-0.18610000000000,4.71090000000000,33.35720000000000,0.00000000000000,-28.61170000000000,14.08810000000000,0.00000000000000
ruffle.exe,9152,0x0000000000000000,Other,1,0,0,104.23725410000000,0.00000000000000,40.56150000000000,0,Hardware: Legacy Flip,-0.09840000000000,14.22090000000000,50.07150000000000,0.00000000000000,-35.81490000000000,15.80640000000000,0.00000000000000
ruffle.exe,9152,0x0000000000000000,Other,1,0,0,104.26535620000000,0.00000000000000,28.10210000000000,0,Hardware: Legacy Flip,-0.10990000000000,2.69670000000000,16.57790000000000,0.00000000000000,-15.52130000000000,15.23610000000000,0.00000000000000
ruffle.exe,9152,0x0000000000000000,Other,1,0,0,104.29655980000001,0.00000000000000,31.20360000000000,0,Hardware: Legacy Flip,-0.13490000000000,4.86150000000000,33.36840000000000,0.00000000000000,-28.48160000000000,13.97460000000000,0.00000000000000
ruffle.exe,9152,0x0000000000000000,Other,1,0,0,104.33414250000000,0.00000000000000,37.58270000000000,0,Hardware: Legacy Flip,-0.16930000000000,0.65860000000000,33.37980000000000,0.00000000000000,-32.69270000000000,14.26180000000000,0.00000000000000
ruffle.exe,9152,0x0000000000000000,Other,1,0,0,104.36486830000000,0.00000000000000,30.72580000000000,0,Hardware: Legacy Flip,-0.13330000000000,3.20500000000000,33.27220000000001,0.00000000000000,-30.03630000000000,13.96550000000000,0.00000000000000
ruffle.exe,9152,0x0000000000000000,Other,1,0,0,104.40348620000000,0.00000000000000,38.61790000000000,0,Hardware: Legacy Flip,-0.14800000000000,14.59560000000000,50.00850000000001,0.00000000000000,-35.36800000000000,13.86580000000000,0.00000000000000
ruffle.exe,9152,0x0000000000000000,Other,1,0,0,104.43384510000001,0.00000000000000,30.35890000000000,0,Hardware: Legacy Flip,-0.12980000000000,0.83960000000000,16.60290000000000,0.00000000000000,-15.73360000000000,15.42390000000000,0.00000000000000
ruffle.exe,9152,0x0000000000000000,Other,1,0,0,104.46865860000000,0.00000000000000,34.81350000000000,0,Hardware: Legacy Flip,-0.12800000000000,16.11100000000000,50.08490000000000,0.00000000000000,-33.95740000000000,15.58940000000000,0.00000000000000
ruffle.exe,9152,0x0000000000000000,Other,1,0,0,104.71007469999999,0.00000000000000,241.41610000000000,0,Hardware: Legacy Flip,-0.12670000000000,8.07810000000000,233.38320000000002,0.00000000000000,-225.27750000000000,14.42530000000000,0.00000000000000
ruffle.exe,9152,0x0000000000000000,Other,1,0,0,104.72855819999999,0.00000000000000,18.48350000000000,0,Hardware: Legacy Flip,-0.10500000000000,6.26910000000000,16.67450000000000,0.00000000000000,-13.13850000000000,12.91460000000000,0.00000000000000
ruffle.exe,9152,0x0000000000000000,Other,1,0,0,104.75760340000001,0.00000000000000,29.04520000000000,0,Hardware: Legacy Flip,-0.17440000000000,10.51800000000000,33.29410000000000,0.00000000000000,-22.74070000000000,15.12650000000000,0.00000000000000
ruffle.exe,9152,0x0000000000000000,Other,1,0,0,104.79023260000001,0.00000000000000,32.62920000000000,0,Hardware: Legacy Flip,-0.13770000000000,11.21490000000000,33.32610000000000,0.00000000000000,-22.07090000000000,15.02680000000000,0.00000000000000
ruffle.exe,9152,0x0000000000000000,Other,1,0,0,104.82411110000000,0.00000000000000,33.87850000000000,0,Hardware: Legacy Flip,-0.14450000000000,10.66220000000000,33.32580000000000,0.00000000000000,-22.63220000000000,13.39260000000000,0.00000000000000
ruffle.exe,9152,0x0000000000000000,Other,1,0,0,104.85494830000000,0.00000000000000,30.83720000000000,0,Hardware: Legacy Flip,-0.16390000000000,13.16350000000000,33.33850000000000,0.00000000000000,-20.13950000000000,13.34780000000000,0.00000000000000
ruffle.exe,9152,0x0000000000000000,Other,1,0,0,104.89067070000000,0.00000000000000,35.72240000000000,0,Hardware: Legacy Flip,-0.12070000000000,10.77520000000000,33.33410000000000,0.00000000000000,-22.52730000000000,13.36440000000000,0.00000000000000
ruffle.exe,9152,0x0000000000000000,Other,1,0,0,104.93126930000000,0.00000000000000,40.59860000000000,0,Hardware: Legacy Flip,-0.11900000000000,3.51000000000000,33.33340000000000,0.00000000000000,-29.79170000000000,13.81030000000000,0.00000000000000
ruffle.exe,9152,0x0000000000000000,Other,1,0,0,104.95685270000000,0.00000000000000,25.58340000000000,0,Hardware: Legacy Flip,-0.13240000000000,11.28230000000000,33.35570000000000,0.00000000000000,-22.04200000000000,14.89270000000000,0.00000000000000
ruffle.exe,9152,0x0000000000000000,Other,1,0,0,104.98948870000001,0.00000000000000,32.63600000000000,0,Hardware: Legacy Flip,-0.16460000000000,11.98890000000000,33.34260000000000,0.00000000000000,-21.32260000000000,15.16740000000000,0.00000000000000
ruffle.exe,9152,0x0000000000000000,Other,1,0,0,105.02859610000000,0.00000000000000,39.10740000000000,0,Hardware: Legacy Flip,-0.11340000000000,6.19210000000000,33.31060000000000,0.00000000000000,-27.07980000000000,13.42260000000000,0.00000000000000
ruffle.exe,9152,0x0000000000000000,Other,1,0,0,105.05713570000000,0.00000000000000,28.53960000000000,0,Hardware: Legacy Flip,-0.16670000000000,11.00880000000000,33.35630000000000,0.00000000000000,-22.31160000000000,13.23500000000000,0.00000000000000
ruffle.exe,9152,0x0000000000000000,Other,1,0,0,105.08599990000000,0.00000000000000,28.86420000000000,0,Hardware: Legacy Flip,-0.14340000000000,15.49420000000000,33.34960000000000,0.00000000000000,-17.82180000000000,13.41580000000000,0.00000000000000
ruffle.exe,9152,0x0000000000000000,Other,1,0,0,105.12230250000000,0.00000000000000,36.30260000000000,0,Hardware: Legacy Flip,-0.13280000000000,12.50440000000000,33.31280000000000,0.00000000000000,-20.77470000000000,13.49450000000000,0.00000000000000
ruffle.exe,9152,0x0000000000000000,Other,1,0,0,105.16520340000000,0.00000000000000,42.90090000000000,0,Hardware: Legacy Flip,-0.11560000000000,2.94690000000000,33.34340000000000,0.00000000000000,-30.36590000000000,13.23990000000000,0.00000000000000
ruffle.exe,9152,0x0000000000000000,Other,1,0,0,105.19112870000001,0.00000000000000,25.92530000000000,0,Hardware: Legacy Flip,-0.14680000000000,10.36440000000000,33.34280000000000,0.00000000000000,-22.95130000000000,15.15170000000000,0.00000000000000
ruffle.exe,9152,0x0000000000000000,Other,1,0,0,105.22751530000001,0.00000000000000,36.38660000000000,0,Hardware: Legacy Flip,-0.11970000000000,7.36730000000000,33.38950000000000,0.00000000000000,-25.98100000000000,15.21130000000000,0.00000000000000
ruffle.exe,9152,0x0000000000000000,Other,1,0,0,105.25548250000000,0.00000000000000,27.96720000000000,0,Hardware: Legacy Flip,-0.13600000000000,12.72290000000000,33.32280000000000,0.00000000000000,-20.56670000000000,13.49200000000000,0.00000000000000
ruffle.exe,9152,0x0000000000000000,Other,1,0,0,105.29464200000001,0.00000000000000,39.15950000000000,0,Hardware: Legacy Flip,-0.15950000000000,6.87670000000000,33.31330000000000,0.00000000000000,-26.40190000000000,13.47730000000000,0.00000000000000
ruffle.exe,9152,0x0000000000000000,Other,1,0,0,105.32114900000001,0.00000000000000,26.50700000000000,0,Hardware: Legacy Flip,-0.12090000000000,13.69020000000000,33.32050000000000,0.00000000000000,-19.59230000000000,13.48600000000000,0.00000000000000
ruffle.exe,9152,0x0000000000000000,Other,1,0,0,105.35746060000001,0.00000000000000,36.31160000000000,0,Hardware: Legacy Flip,-0.11100000000000,10.69770000000000,33.31910000000000,0.00000000000000,-22.59630000000000,13.34840000000000,0.00000000000000
ruffle.exe,9152,0x0000000000000000,Other,1,0,0,105.39355640000001,0.00000000000000,36.09580000000000,0,Hardware: Legacy Flip,-0.18500000000000,8.02910000000000,33.42720000000000,0.00000000000000,-25.36830000000000,15.25480000000000,0.00000000000000
ruffle.exe,9152,0x0000000000000000,Other,1,0,0,105.43008650000000,0.00000000000000,36.53010000000000,0,Hardware: Legacy Flip,-0.12670000000000,4.75120000000000,33.25220000000000,0.00000000000000,-28.46890000000000,15.26530000000000,0.00000000000000
ruffle.exe,9152,0x0000000000000000,Other,1,0,0,105.45479709999999,0.00000000000000,24.71060000000000,0,Hardware: Legacy Flip,-0.14800000000000,13.40870000000000,33.36810000000000,0.00000000000000,-19.93100000000000,13.26440000000000,0.00000000000000
ruffle.exe,9152,0x0000000000000000,Other,1,0,0,105.66198670000000,0.00000000000000,207.18960000000001,0,Hardware: Legacy Flip,-0.19350000000000,6.26540000000000,200.04630000000000,0.00000000000000,-193.74330000000000,14.34130000000000,0.00000000000000
ruffle.exe,9152,0x0000000000000000,Other,1,0,0,105.68525629999999,0.00000000000000,23.26960000000000,0,Hardware: Legacy Flip,-0.14970000000000,16.32380000000000,33.32800000000000,0.00000000000000,-16.97100000000000,15.32590000000000,0.00000000000000
ruffle.exe,9152,0x0000000000000000,Other,1,0,0,105.71787420000001,0.00000000000000,32.61790000000000,0,Hardware: Legacy Flip,-0.12040000000000,16.99840000000000,33.29250000000000,0.00000000000000,-16.25810000000000,15.09790000000000,0.00000000000000
ruffle.exe,9152,0x0000000000000000,Other,1,0,0,105.75248070000001,0.00000000000000,34.60650000000000,0,Hardware: Legacy Flip,-0.11040000000000,15.73290000000000,33.34100000000000,0.00000000000000,-17.57960000000000,13.32930000000000,0.00000000000000
ruffle.exe,9152,0x0000000000000000,Other,1,0,0,105.78165440000001,0.00000000000000,29.17370000000000,0,Hardware: Legacy Flip,-0.16810000000000,3.20410000000000,16.64490000000000,0.00000000000000,-13.40540000000000,13.06780000000000,0.00000000000000
ruffle.exe,9152,0x0000000000000000,Other,1,0,0,105.81670389999999,0.00000000000000,35.04950000000000,0,Hardware: Legacy Flip,-0.15780000000000,1.54040000000000,33.38580000000000,0.00000000000000,-31.81460000000000,13.65130000000000,0.00000000000000
ruffle.exe,9152,0x0000000000000000,Other,1,0,0,105.84802000000001,0.00000000000000,31.31610000000000,0,Hardware: Legacy Flip,-0.14350000000000,3.51400000000000,33.28970000000000,0.00000000000000,-29.73940000000000,13.33040000000000,0.00000000000000
ruffle.exe,9152,0x0000000000000000,Other,1,0,0,105.88286030000000,0.00000000000000,34.84030000000000,0,Hardware: Legacy Flip,-0.11550000000000,1.99960000000000,33.32590000000000,0.00000000000000,-31.30350000000000,15.35070000000000,0.00000000000000
ruffle.exe,9152,0x0000000000000000,Other,1,0,0,105.92101660000000,0.00000000000000,38.15630000000000,0,Hardware: Legacy Flip,-0.14960000000000,13.88790000000000,50.04460000000000,0.00000000000000,-36.13600000000000,15.24330000000000,0.00000000000000
ruffle.exe,9152,0x0000000000000000,Other,1,0,0,105.94804710000000,0.00000000000000,27.03050000000000,0,Hardware: Legacy Flip,-0.12640000000000,3.49010000000000,16.63270000000000,0.00000000000000,-13.42860000000000,13.11860000000000,0.00000000000000
ruffle.exe,9152,0x0000000000000000,Other,1,0,0,105.98071230000001,0.00000000000000,32.66520000000000,0,Hardware: Legacy Flip,-0.11220000000000,4.13160000000000,33.30670000000000,0.00000000000000,-29.15230000000000,13.50350000000000,0.00000000000000
ruffle.exe,9152,0x0000000000000000,Other,1,0,0,106.01302500000000,0.00000000000000,32.31270000000000,0,Hardware: Legacy Flip,-0.13310000000000,5.24680000000000,33.42790000000000,0.00000000000000,-28.16540000000000,13.59820000000000,0.00000000000000
ruffle.exe,9152,0x0000000000000000,Other,1,0,0,106.05831840000000,0.00000000000000,45.29340000000001,0,Hardware: Legacy Flip,-0.10080000000000,9.90890000000000,49.95550000000000,0.00000000000000,-40.00410000000000,13.26430000000000,0.00000000000000
ruffle.exe,9152,0x0000000000000000,Other,1,0,0,106.08328370000000,0.00000000000000,24.96530000000000,0,Hardware: Legacy Flip,-0.10570000000000,1.57860000000000,16.63500000000000,0.00000000000000,-15.02060000000000,13.69030000000000,0.00000000000000
ruffle.exe,9152,0x0000000000000000,Other,1,0,0,106.11811109999999,0.00000000000000,34.82740000000000,0,Hardware: Legacy Flip,-0.14380000000000,16.77920000000000,50.02800000000001,0.00000000000000,-33.22260000000000,15.35210000000000,0.00000000000000
ruffle.exe,9152,0x0000000000000000,Other,1,0,0,106.15033939999999,0.00000000000000,32.22830000000000,0,Hardware: Legacy Flip,-0.15880000000000,1.20720000000000,16.65630000000000,0.00000000000000,-15.41990000000000,15.06980000000000,0.00000000000000
ruffle.exe,9152,0x0000000000000000,Other,1,0,0,106.18437440000000,0.00000000000000,34.03500000000000,0,Hardware: Legacy Flip,-0.12710000000000,0.45990000000000,33.28770000000000,0.00000000000000,-32.79350000000000,13.90500000000000,0.00000000000000
ruffle.exe,9152,0x0000000000000000,Other,1,0,0,106.21830330000000,0.00000000000000,33.92890000000000,0,Hardware: Legacy Flip,-0.12920000000000,16.58560000000000,50.05460000000000,0.00000000000000,-33.45270000000000,13.80220000000000,0.00000000000000
ruffle.exe,9152,0x0000000000000000,Other,1,0,0,106.24830870000000,0.00000000000000,30.00540000000000,0,Hardware: Legacy Flip,-0.12030000000000,3.23480000000000,16.65460000000000,0.00000000000000,-13.38820000000000,13.14060000000000,0.00000000000000
ruffle.exe,9152,0x0000000000000000,Other,1,0,0,106.28060710000000,0.00000000000000,32.29840000000000,0,Hardware: Legacy Flip,-0.16810000000000,4.42910000000000,33.49270000000000,0.00000000000000,-29.04580000000000,14.04410000000000,0.00000000000000
ruffle.exe,9152,0x0000000000000000,Other,1,0,0,106.31681280000001,0.00000000000000,36.20570000000000,0,Hardware: Legacy Flip,-0.18010000000000,1.46090000000000,33.23750000000000,0.00000000000000,-31.73930000000000,15.50040000000000,0.00000000000000
ruffle.exe,9152,0x0000000000000000,Other,1,0,0,106.35206730000000,0.00000000000000,35.25450000000000,0,Hardware: Legacy Flip,-0.17030000000000,16.21430000000000,50.00790000000000,0.00000000000000,-33.76290000000000,15.50950000000000,0.00000000000000
ruffle.exe,9152,0x0000000000000000,Other,1,0,0,106.39104140000001,0.00000000000000,38.97410000000000,0,Hardware: Legacy Flip,-0.14250000000000,10.60060000000000,33.36040000000000,0.00000000000000,-22.73240000000000,13.88290000000000,0.00000000000000
ruffle.exe,9152,0x0000000000000000,Other,1,0,0,106.41408869999999,0.00000000000000,23.04730000000000,0,Hardware: Legacy Flip,-0.16550000000000,4.16160000000000,16.60830000000000,0.00000000000000,-13.94130000000000,13.56450000000000,0.00000000000000
ruffle.exe,9152,0x0000000000000000,Other,1,0,0,106.45125229999999,0.00000000000000,37.16360000000000,0,Hardware: Legacy Flip,-0.10050000000000,16.98970000000000,49.99170000000000,0.00000000000000,-32.96820000000000,13.75460000000000,0.00000000000000
ruffle.exe,9152,0x0000000000000000,Other,1,0,0,106.68284440000001,0.00000000000000,231.59210000000002,0,Hardware: Legacy Flip,-0.14680000000000,2.12640000000000,216.72880000000001,0.00000000000000,-214.57520000000002,16.58900000000000,0.00000000000000
ruffle.exe,9152,0x0000000000000000,Other,1,0,0,106.70361280000000,0.00000000000000,20.76840000000000,0,Hardware: Legacy Flip,-0.19050000000000,14.73930000000000,33.38130000000000,0.00000000000000,-18.60810000000000,13.85300000000000,0.00000000000000
ruffle.exe,9152,0x0000000000000000,Other,1,0,0,106.72905590000001,0.00000000000000,25.44310000000000,0,Hardware: Legacy Flip,-0.13370000000000,5.89280000000000,16.59660000000000,0.00000000000000,-13.80440000000000,13.46980000000000,0.00000000000000
ruffle.exe,9152,0x0000000000000000,Other,1,0,0,106.76442660000001,0.00000000000000,35.37070000000000,0,Hardware: Legacy Flip,-0.12490000000000,3.86660000000000,33.34450000000000,0.00000000000000,-29.45700000000000,14.04170000000000,0.00000000000000
ruffle.exe,9152,0x0000000000000000,Other,1,0,0,106.79594770000001,0.00000000000000,31.52110000000000,0,Hardware: Legacy Flip,-0.14030000000000,5.66450000000000,33.31900000000000,0.00000000000000,-27.63100000000000,13.98430000000000,0.00000000000000
ruffle.exe,9152,0x0000000000000000,Other,1,0,0,106.83472940000000,0.00000000000000,38.78170000000000,0,Hardware: Legacy Flip,-0.13610000000000,16.91140000000000,50.02860000000000,0.00000000000000,-33.08470000000001,15.63480000000000,0.00000000000000
ruffle.exe,9152,0x0000000000000000,Other,1,0,0,106.86627570000000,0.00000000000000,31.54630000000000,0,Hardware: Legacy Flip,-0.11770000000000,1.99820000000000,16.63310000000000,0.00000000000000,-15.46490000000000,15.28830000000000,0.00000000000000
ruffle.exe,9152,0x0000000000000000,Other,1,0,0,106.89236170000000,0.00000000000000,26.08600000000000,0,Hardware: Legacy Flip,-0.11580000000000,9.23370000000000,33.32150000000000,0.00000000000000,-24.05200000000000,13.80510000000000,0.00000000000000
ruffle.exe,9152,0x0000000000000000,Other,1,0,0,106.93005160000001,0.00000000000000,37.68990000000000,0,Hardware: Legacy Flip,-0.12190000000000,4.90420000000000,33.36040000000000,0.00000000000000,-28.42790000000000,14.25970000000000,0.00000000000000
ruffle.exe,9152,0x0000000000000000,Other,1,0,0,106.96149559999999,0.00000000000000,31.44400000000000,0,Hardware: Legacy Flip,-0.12060000000000,6.78840000000000,33.32820000000000,0.00000000000000,-26.51500000000000,14.06580000000000,0.00000000000000
ruffle.exe,9152,0x0000000000000000,Other,1,0,0,106.99724140000001,0.00000000000000,35.74580000000000,0,Hardware: Legacy Flip,-0.16200000000000,4.37780000000000,33.33520000000000,0.00000000000000,-28.93760000000000,13.98480000000000,0.00000000000000
ruffle.exe,9152,0x0000000000000000,Other,1,0,0,107.03122950000001,0.00000000000000,33.98810000000000,0,Hardware: Legacy Flip,-0.20020000000000,3.77280000000000,33.38310000000000,0.00000000000000,-29.57250000000000,14.26280000000000,0.00000000000000
ruffle.exe,9152,0x0000000000000000,Other,1,0,0,107.06816170000000,0.00000000000000,36.93220000000000,0,Hardware: Legacy Flip,-0.12660000000000,16.80620000000000,49.96560000000000,0.00000000000000,-33.11220000000000,15.80370000000000,0.00000000000000
ruffle.exe,9152,0x0000000000000000,Other,1,0,0,107.11368589999999,0.00000000000000,45.52420000000000,0,Hardware: Legacy Flip,-0.14400000000000,4.62780000000000,33.34580000000000,0.00000000000000,-28.68710000000000,16.14180000000000,0.00000000000000
ruffle.exe,9152,0x0000000000000000,Other,1,0,0,107.13434880000001,0.00000000000000,20.66290000000000,0,Hardware: Legacy Flip,-0.15670000000000,0.60700000000000,16.64210000000000,0.00000000000000,-16.00820000000000,13.97800000000000,0.00000000000000
ruffle.exe,9152,0x0000000000000000,Other,1,0,0,107.16419520000001,0.00000000000000,29.84640000000000,0,Hardware: Legacy Flip,-0.10510000000000,4.11770000000000,33.35710000000000,0.00000000000000,-29.22240000000000,13.94530000000000,0.00000000000000
ruffle.exe,9152,0x0000000000000000,Other,1,0,0,107.19439900000000,0.00000000000000,30.20380000000000,0,Hardware: Legacy Flip,-0.13070000000000,7.25710000000000,33.34320000000000,0.00000000000000,-26.05950000000000,14.09140000000000,0.00000000000000
ruffle.exe,9152,0x0000000000000000,Other,1,0,0,107.22831920000000,0.00000000000000,33.92020000000000,0,Hardware: Legacy Flip,-0.13980000000000,6.66280000000000,33.32590000000000,0.00000000000000,-26.63100000000000,13.90730000000000,0.00000000000000
ruffle.exe,9152,0x0000000000000000,Other,1,0,0,107.26995400000000,0.00000000000000,41.63480000000000,0,Hardware: Legacy Flip,-0.10480000000000,15.05610000000000,50.02810000000000,0.00000000000000,-34.94500000000000,15.87000000000000,0.00000000000000
ruffle.exe,9152,0x0000000000000000,Other,1,0,0,107.31219140000000,0.00000000000000,42.23740000000000,0,Hardware: Legacy Flip,-0.14320000000000,6.21750000000000,33.39880000000000,0.00000000000000,-27.14820000000000,15.76190000000000,0.00000000000000
ruffle.exe,9152,0x0000000000000000,Other,1,0,0,107.33006390000000,0.00000000000000,17.87250000000000,0,Hardware: Legacy Flip,-0.14310000000000,4.99440000000000,16.64940000000000,0.00000000000000,-14.00590000000000,13.59350000000000,0.00000000000000
ruffle.exe,9152,0x0000000000000000,Other,1,0,0,107.36094550000000,0.00000000000000,30.88160000000000,0,Hardware: Legacy Flip,-0.11130000000000,7.41750000000000,33.30470000000000,0.00000000000000,-25.85310000000000,14.16290000000000,0.00000000000000
ruffle.exe,9152,0x0000000000000000,Other,1,0,0,107.39752610000001,0.00000000000000,36.58060000000000,0,Hardware: Legacy Flip,-0.12030000000000,4.13270000000000,33.29580000000000,0.00000000000000,-29.13830000000000,14.00950000000000,0.00000000000000
ruffle.exe,9152,0x0000000000000000,Other,1,0,0,107.42742840000001,0.00000000000000,29.90230000000000,0,Hardware: Legacy Flip,-0.12070000000000,7.59760000000000,33.36720000000000,0.00000000000000,-25.74230000000000,14.09900000000000,0.00000000000000
ruffle.exe,9152,0x0000000000000000,Other,1,0,0,107.46369220000001,0.00000000000000,36.26380000000000,0,Hardware: Legacy Flip,-0.15230000000000,4.67140000000000,33.33760000000000,0.00000000000000,-28.63950000000000,14.26330000000000,0.00000000000000
ruffle.exe,9152,0x0000000000000000,Other,1,0,0,107.66563930000000,0.00000000000000,201.94710000000001,0,Hardware: Legacy Flip,-0.17380000000000,2.70810000000000,199.98380000000000,0.00000000000000,-197.24640000000002,15.17880000000000,0.00000000000000
ruffle.exe,9152,0x0000000000000000,Other,1,0,0,107.68456220000000,0.00000000000000,18.92290000000000,0,Hardware: Legacy Flip,-0.11200000000000,0.42440000000000,16.63920000000000,0.00000000000000,-16.17320000000000,13.83200000000000,0.00000000000000
ruffle.exe,9152,0x0000000000000000,Other,1,0,0,107.71643490000000,0.00000000000000,31.87270000000000,0,Hardware: Legacy Flip,-0.10270000000000,1.90750000000000,33.35580000000000,0.00000000000000,-31.42700000000000,14.05100000000000,0.00000000000000
ruffle.exe,9152,0x0000000000000000,Other,1,0,0,107.75334630000000,0.00000000000000,36.91140000000000,0,Hardware: Legacy Flip,-0.14350000000000,15.05440000000000,50.05830000000000,0.00000000000000,-34.98320000000000,15.68860000000000,0.00000000000000
ruffle.exe,9152,0x0000000000000000,Other,1,0,0,107.79386040000001,0.00000000000000,40.51410000000000,0,Hardware: Legacy Flip,-0.13410000000000,7.82960000000000,33.28930000000000,0.00000000000000,-25.42620000000000,15.75810000000000,0.00000000000000
ruffle.exe,9152,0x0000000000000000,Other,1,0,0,107.82157540000000,0.00000000000000,27.71500000000000,0,Hardware: Legacy Flip,-0.13520000000000,13.50160000000000,33.38700000000000,0.00000000000000,-19.85880000000000,14.07960000000000,0.00000000000000
ruffle.exe,9152,0x0000000000000000,Other,1,0,0,107.85341330000000,0.00000000000000,31.83790000000000,0,Hardware: Legacy Flip,-0.15840000000000,14.97290000000000,33.30920000000000,0.00000000000000,-18.30010000000000,14.15010000000000,0.00000000000000
ruffle.exe,9152,0x0000000000000000,Other,1,0,0,107.88534340000000,0.00000000000000,31.93010000000000,0,Hardware: Legacy Flip,-0.14040000000000,16.39850000000000,33.35570000000000,0.00000000000000,-16.93090000000000,13.88290000000000,0.00000000000000
ruffle.exe,9152,0x0000000000000000,Other,1,0,0,107.91594670000001,0.00000000000000,30.60330000000000,0,Hardware: Legacy Flip,-0.13800000000000,2.47850000000000,16.68330000000000,0.00000000000000,-14.17240000000000,13.51670000000000,0.00000000000000
ruffle.exe,9152,0x0000000000000000,Other,1,0,0,107.95331639999999,0.00000000000000,37.36970000000000,0,Hardware: Legacy Flip,-0.13770000000000,15.06160000000000,49.95280000000000,0.00000000000000,-34.87020000000000,13.53070000000000,0.00000000000000
ruffle.exe,9152,0x0000000000000000,Other,1,0,0,107.98951000000000,0.00000000000000,36.19360000000000,0,Hardware: Legacy Flip,-0.11340000000000,12.23360000000000,33.36560000000000,0.00000000000000,-21.10090000000000,15.02320000000000,0.00000000000000
ruffle.exe,9152,0x0000000000000000,Other,1,0,0,108.01703860000001,0.00000000000000,27.52860000000000,0,Hardware: Legacy Flip,-0.13700000000000,1.38170000000000,16.67670000000000,0.00000000000000,-15.26620000000000,14.93190000000000,0.00000000000000
ruffle.exe,9152,0x0000000000000000,Other,1,0,0,108.04821989999999,0.00000000000000,31.18130000000000,0,Hardware: Legacy Flip,-0.15350000000000,3.53360000000000,33.33320000000001,0.00000000000000,-29.76870000000000,13.52160000000000,0.00000000000000
ruffle.exe,9152,0x0000000000000000,Other,1,0,0,108.08224540000001,0.00000000000000,34.02550000000000,0,Hardware: Legacy Flip,-0.10860000000000,2.79810000000000,33.29000000000000,0.00000000000000,-30.45980000000000,13.22920000000000,0.00000000000000
ruffle.exe,9152,0x0000000000000000,Other,1,0,0,108.12119509999999,0.00000000000000,38.94970000000000,0,Hardware: Legacy Flip,-0.13650000000000,13.90280000000000,50.05440000000000,0.00000000000000,-36.12560000000000,13.62840000000000,0.00000000000000
ruffle.exe,9152,0x0000000000000000,Other,1,0,0,108.15118540000000,0.00000000000000,29.99030000000000,0,Hardware: Legacy Flip,-0.17680000000000,0.55840000000000,16.64590000000000,0.00000000000000,-16.05490000000000,13.49980000000000,0.00000000000000
ruffle.exe,9152,0x0000000000000000,Other,1,0,0,108.18683150000000,0.00000000000000,35.64610000000000,0,Hardware: Legacy Flip,-0.11360000000000,14.88880000000000,49.97650000000000,0.00000000000000,-35.06250000000000,14.98160000000000,0.00000000000000
ruffle.exe,9152,0x0000000000000000,Other,1,0,0,108.22242450000000,0.00000000000000,35.59300000000000,0,Hardware: Legacy Flip,-0.15420000000000,12.70640000000000,33.41060000000000,0.00000000000000,-20.68040000000000,15.02050000000000,0.00000000000000
ruffle.exe,9152,0x0000000000000000,Other,1,0,0,108.25283790000000,0.00000000000000,30.41340000000000,0,Hardware: Legacy Flip,-0.15230000000000,15.59490000000000,33.30190000000000,0.00000000000000,-17.66420000000000,13.47870000000000,0.00000000000000
ruffle.exe,9152,0x0000000000000000,Other,1,0,0,108.28471200000000,0.00000000000000,31.87410000000000,0,Hardware: Legacy Flip,-0.13260000000000,0.31960000000000,16.59880000000000,0.00000000000000,-16.23830000000000,13.35180000000000,0.00000000000000
ruffle.exe,9152,0x0000000000000000,Other,1,0,0,108.32048140000001,0.00000000000000,35.76940000000000,0,Hardware: Legacy Flip,-0.10560000000000,14.61350000000000,50.06330000000001,0.00000000000000,-35.42770000000000,13.12690000000000,0.00000000000000
ruffle.exe,9152,0x0000000000000000,Other,1,0,0,108.34825040000001,0.00000000000000,27.76900000000000,0,Hardware: Legacy Flip,-0.14720000000000,3.57260000000000,16.72810000000000,0.00000000000000,-13.40940000000000,13.03340000000000,0.00000000000000
ruffle.exe,9152,0x0000000000000000,Other,1,0,0,108.38576850000001,0.00000000000000,37.51810000000000,0,Hardware: Legacy Flip,-0.11680000000000,16.01500000000000,49.96050000000000,0.00000000000000,-33.91090000000001,13.34630000000000,0.00000000000000
ruffle.exe,9152,0x0000000000000000,Other,1,0,0,108.42732090000001,0.00000000000000,41.55240000000000,0,Hardware: Legacy Flip,-0.11260000000000,7.79820000000000,33.33560000000000,0.00000000000000,-25.50080000000000,15.20920000000000,0.00000000000000
ruffle.exe,9152,0x0000000000000000,Other,1,0,0,108.45186670000000,0.00000000000000,24.54580000000000,0,Hardware: Legacy Flip,-0.15570000000000,16.63020000000000,33.37780000000000,0.00000000000000,-16.71920000000000,15.03910000000000,0.00000000000000
ruffle.exe,9152,0x0000000000000000,Other,1,0,0,108.66375190000001,0.00000000000000,211.88520000000000,0,Hardware: Legacy Flip,-0.13600000000000,4.70170000000000,199.95670000000001,0.00000000000000,-195.21660000000000,14.09390000000000,0.00000000000000
ruffle.exe,9152,0x0000000000000000,Other,1,0,0,108.69334110000001,0.00000000000000,29.58920000000000,0,Hardware: Legacy Flip,-0.15870000000000,8.46150000000000,33.34900000000000,0.00000000000000,-24.85980000000000,15.23850000000000,0.00000000000000
ruffle.exe,9152,0x0000000000000000,Other,1,0,0,108.72076410000000,0.00000000000000,27.42300000000000,0,Hardware: Legacy Flip,-0.14270000000000,14.40670000000000,33.36820000000000,0.00000000000000,-18.91950000000000,15.02110000000000,0.00000000000000
ruffle.exe,9152,0x0000000000000000,Other,1,0,0,108.74639250000000,0.00000000000000,25.62840000000000,0,Hardware: Legacy Flip,-0.13150000000000,5.42680000000000,16.64850000000000,0.00000000000000,-13.17930000000000,12.88400000000000,0.00000000000000
ruffle.exe,9152,0x0000000000000000,Other,1,0,0,108.78630490000000,0.00000000000000,39.91240000000001,0,Hardware: Legacy Flip,-0.12210000000000,15.49540000000000,49.98100000000000,0.00000000000000,-34.44910000000000,13.57810000000000,0.00000000000000
ruffle.exe,9152,0x0000000000000000,Other,1,0,0,108.81647840000001,0.00000000000000,30.17350000000000,0,Hardware: Legacy Flip,-0.10460000000000,1.96820000000000,16.64630000000000,0.00000000000000,-14.64850000000000,13.32280000000000,0.00000000000000
ruffle.exe,9152,0x0000000000000000,Other,1,0,0,108.85007030000001,0.00000000000000,33.59190000000000,0,Hardware: Legacy Flip,-0.10430000000000,1.68760000000000,33.31130000000000,0.00000000000000,-31.60520000000000,13.18300000000000,0.00000000000000
ruffle.exe,9152,0x0000000000000000,Other,1,0,0,108.88280340000000,0.00000000000000,32.73310000000000,0,Hardware: Legacy Flip,-0.12810000000000,2.28030000000000,33.32580000000000,0.00000000000000,-31.02630000000000,13.40210000000000,0.00000000000000
ruffle.exe,9152,0x0000000000000000,Other,1,0,0,108.92137780000000,0.00000000000000,38.57440000000000,0,Hardware: Legacy Flip,-0.13730000000000,13.76290000000000,50.05700000000000,0.00000000000000,-36.27570000000000,15.00510000000000,0.00000000000000
ruffle.exe,9152,0x0000000000000000,Other,1,0,0,108.95506350000001,0.00000000000000,33.68570000000000,0,Hardware: Legacy Flip,-0.11950000000000,13.46510000000000,33.38790000000000,0.00000000000000,-19.88120000000000,15.11310000000000,0.00000000000000
ruffle.exe,9152,0x0000000000000000,Other,1,0,0,108.98273260000001,0.00000000000000,27.66910000000000,0,Hardware: Legacy Flip,-0.18550000000000,2.45490000000000,16.65890000000000,0.00000000000000,-14.16440000000000,13.47600000000000,0.00000000000000
ruffle.exe,9152,0x0000000000000000,Other,1,0,0,109.01983310000000,0.00000000000000,37.10050000000000,0,Hardware: Legacy Flip,-0.11760000000000,15.32040000000000,49.96600000000000,0.00000000000000,-34.60630000000000,13.54550000000000,0.00000000000000
ruffle.exe,9152,0x0000000000000000,Other,1,0,0,109.05439620000000,0.00000000000000,34.56310000000000,0,Hardware: Legacy Flip,-0.10230000000000,14.11640000000000,33.35910000000001,0.00000000000000,-19.19460000000000,13.45850000000000,0.00000000000000
ruffle.exe,9152,0x0000000000000000,Other,1,0,0,109.08131900000001,0.00000000000000,26.92280000000000,0,Hardware: Legacy Flip,-0.14070000000000,3.89460000000000,16.70100000000000,0.00000000000000,-13.54360000000000,13.14440000000000,0.00000000000000
ruffle.exe,9152,0x0000000000000000,Other,1,0,0,109.12495890000000,0.00000000000000,43.63990000000000,0,Hardware: Legacy Flip,-0.16240000000000,10.19870000000000,49.94400000000000,0.00000000000000,-39.70270000000000,15.18650000000000,0.00000000000000
ruffle.exe,9152,0x0000000000000000,Other,1,0,0,109.15696310000000,0.00000000000000,32.00420000000000,0,Hardware: Legacy Flip,-0.16610000000000,11.54420000000000,33.34970000000000,0.00000000000000,-21.77990000000000,15.11140000000000,0.00000000000000
ruffle.exe,9152,0x0000000000000000,Other,1,0,0,109.18857670000001,0.00000000000000,31.61360000000000,0,Hardware: Legacy Flip,-0.12620000000000,13.25890000000000,33.32830000000000,0.00000000000000,-20.03920000000000,13.57080000000000,0.00000000000000
ruffle.exe,9152,0x0000000000000000,Other,1,0,0,109.21633310000000,0.00000000000000,27.75640000000000,0,Hardware: Legacy Flip,-0.13230000000000,2.15770000000000,16.65520000000000,0.00000000000000,-14.46430000000000,13.37630000000000,0.00000000000000
ruffle.exe,9152,0x0000000000000000,Other,1,0,0,109.25796740000000,0.00000000000000,41.63430000000000,0,Hardware: Legacy Flip,-0.17200000000000,10.54420000000000,50.02080000000000,0.00000000000000,-39.45780000000000,13.79080000000000,0.00000000000000
ruffle.exe,9152,0x0000000000000000,Other,1,0,0,109.28363500000000,0.00000000000000,25.66760000000000,0,Hardware: Legacy Flip,-0.13000000000000,1.50350000000000,16.62690000000000,0.00000000000000,-14.89790000000000,13.43580000000000,0.00000000000000
ruffle.exe,9152,0x0000000000000000,Other,1,0,0,109.31498900000000,0.00000000000000,31.35400000000000,0,Hardware: Legacy Flip,-0.12350000000000,3.50510000000000,33.35560000000000,0.00000000000000,-29.82460000000000,13.61050000000000,0.00000000000000
ruffle.exe,9152,0x0000000000000000,Other,1,0,0,109.35027559999999,0.00000000000000,35.28660000000000,0,Hardware: Legacy Flip,-0.10890000000000,1.61260000000000,33.39410000000000,0.00000000000000,-31.75420000000000,15.25370000000000,0.00000000000000
ruffle.exe,9152,0x0000000000000000,Other,1,0,0,109.38618590000000,0.00000000000000,35.91030000000000,0,Hardware: Legacy Flip,-0.10420000000000,15.66810000000000,49.96580000000000,0.00000000000000,-34.27590000000000,15.45740000000000,0.00000000000000
ruffle.exe,9152,0x0000000000000000,Other,1,0,0,109.42281470000000,0.00000000000000,36.62880000000000,0,Hardware: Legacy Flip,-0.16430000000000,12.40230000000000,33.36300000000000,0.00000000000000,-20.92950000000000,13.87820000000000,0.00000000000000
ruffle.exe,9152,0x0000000000000000,Other,1,0,0,109.45285430000001,0.00000000000000,30.03960000000000,0,Hardware: Legacy Flip,-0.12830000000000,15.68910000000000,33.32640000000000,0.00000000000000,-17.60220000000000,13.58430000000000,0.00000000000000
ruffle.exe,9152,0x0000000000000000,Other,1,0,0,109.67375670000000,0.00000000000000,220.90240000000000,0,Hardware: Legacy Flip,-0.14250000000000,11.48040000000000,216.69370000000001,0.00000000000000,-205.18360000000001,16.19500000000000,0.00000000000000
ruffle.exe,9152,0x0000000000000000,Other,1,0,0,109.68777990000000,0.00000000000000,14.02320000000000,0,Hardware: Legacy Flip,-0.13650000000000,14.08370000000000,16.62650000000000,0.00000000000000,-13.44500000000000,13.14260000000000,0.00000000000000
ruffle.exe,9152,0x0000000000000000,Other,1,0,0,109.72116580000001,0.00000000000000,33.38590000000000,0,Hardware: Legacy Flip,-0.10700000000000,14.04400000000000,33.34620000000000,0.00000000000000,-19.26400000000000,13.65120000000000,0.00000000000000
ruffle.exe,9152,0x0000000000000000,Other,1,0,0,109.75420140000001,0.00000000000000,33.03560000000000,0,Hardware: Legacy Flip,-0.10390000000000,14.34000000000000,33.33160000000000,0.00000000000000,-18.95310000000000,13.83190000000000,0.00000000000000
ruffle.exe,9152,0x0000000000000000,Other,1,0,0,109.78694260000000,0.00000000000000,32.74120000000000,0,Hardware: Legacy Flip,-0.16650000000000,14.98730000000000,33.38850000000000,0.00000000000000,-18.36050000000000,13.90560000000000,0.00000000000000
ruffle.exe,9152,0x0000000000000000,Other,1,0,0,109.83344670000000,0.00000000000000,46.50410000000000,0,Hardware: Legacy Flip,-0.11090000000000,1.89990000000000,33.41670000000000,0.00000000000000,-31.48110000000000,13.70950000000000,0.00000000000000
ruffle.exe,9152,0x0000000000000000,Other,1,0,0,109.85955680000001,0.00000000000000,26.11010000000000,0,Hardware: Legacy Flip,-0.13410000000000,9.01960000000000,33.22980000000000,0.00000000000000,-24.18260000000000,15.63840000000000,0.00000000000000
ruffle.exe,9152,0x0000000000000000,Other,1,0,0,109.89021720000000,0.00000000000000,30.66040000000000,0,Hardware: Legacy Flip,-0.15640000000000,11.69080000000000,33.33160000000000,0.00000000000000,-21.59810000000000,15.60140000000000,0.00000000000000
ruffle.exe,9152,0x0000000000000000,Other,1,0,0,109.92044090000000,0.00000000000000,30.22370000000000,0,Hardware: Legacy Flip,-0.17650000000000,14.80040000000000,33.33330000000000,0.00000000000000,-18.48830000000000,13.93010000000000,0.00000000000000
ruffle.exe,9152,0x0000000000000000,Other,1,0,0,109.95901990000000,0.00000000000000,38.57900000000000,0,Hardware: Legacy Flip,-0.14960000000000,9.53740000000000,33.31600000000000,0.00000000000000,-23.74520000000000,14.19320000000000,0.00000000000000
ruffle.exe,9152,0x0000000000000000,Other,1,0,0,109.99184520000000,0.00000000000000,32.82530000000000,0,Hardware: Legacy Flip,-0.11240000000000,10.06860000000000,33.35650000000000,0.00000000000000,-23.25230000000000,13.79460000000000,0.00000000000000
ruffle.exe,9152,0x0000000000000000,Other,1,0,0,110.02416360000001,0.00000000000000,32.31840000000000,0,Hardware: Legacy Flip,-0.21770000000000,11.06800000000000,33.31780000000000,0.00000000000000,-22.22080000000000,14.09970000000000,0.00000000000000
ruffle.exe,9152,0x0000000000000000,Other,1,0,0,110.05807950000001,0.00000000000000,33.91590000000000,0,Hardware: Legacy Flip,-0.11350000000000,10.50560000000000,33.35350000000000,0.00000000000000,-22.81020000000000,15.69030000000000,0.00000000000000
ruffle.exe,9152,0x0000000000000000,Other,1,0,0,110.09376410000000,0.00000000000000,35.68460000000000,0,Hardware: Legacy Flip,-0.15600000000000,8.26750000000000,33.44650000000000,0.00000000000000,-25.12310000000000,15.73340000000000,0.00000000000000
ruffle.exe,9152,0x0000000000000000,Other,1,0,0,110.11980130000001,0.00000000000000,26.03720000000000,0,Hardware: Legacy Flip,-0.14470000000000,15.46210000000000,33.23180000000000,0.00000000000000,-17.72970000000000,13.99570000000000,0.00000000000000
ruffle.exe,9152,0x0000000000000000,Other,1,0,0,110.15779450000001,0.00000000000000,37.99320000000000,0,Hardware: Legacy Flip,-0.18630000000000,10.79960000000000,33.33070000000000,0.00000000000000,-22.49680000000000,14.23130000000000,0.00000000000000
ruffle.exe,9152,0x0000000000000000,Other,1,0,0,110.18797760000000,0.00000000000000,30.18310000000000,0,Hardware: Legacy Flip,-0.09940000000000,13.94700000000000,33.33050000000000,0.00000000000000,-19.34420000000000,13.75610000000000,0.00000000000000
ruffle.exe,9152,0x0000000000000000,Other,1,0,0,110.22126340000000,0.00000000000000,33.28580000000000,0,Hardware: Legacy Flip,-0.16240000000000,14.01120000000000,33.35000000000000,0.00000000000000,-19.30390000000000,14.05320000000000,0.00000000000000
ruffle.exe,9152,0x0000000000000000,Other,1,0,0,110.25696230000000,0.00000000000000,35.69890000000000,0,Hardware: Legacy Flip,-0.17030000000000,11.62340000000000,33.31110000000000,0.00000000000000,-21.64690000000000,14.30710000000000,0.00000000000000
ruffle.exe,9152,0x0000000000000000,Other,1,0,0,110.29532620000001,0.00000000000000,38.36390000000000,0,Hardware: Legacy Flip,-0.12080000000000,6.63960000000000,33.38010000000000,0.00000000000000,-24.52530000000000,15.28580000000000,0.00000000000000
ruffle.exe,9152,0x0000000000000000,Other,1,0,0,110.32959290000001,0.00000000000000,34.26670000000000,0,Hardware: Legacy Flip,-0.17390000000000,5.69880000000000,33.32590000000000,0.00000000000000,-27.58990000000000,15.80620000000000,0.00000000000000
ruffle.exe,9152,0x0000000000000000,Other,1,0,0,110.35930610000000,0.00000000000000,29.71320000000000,0,Hardware: Legacy Flip,-0.09940000000000,9.27490000000000,33.28930000000000,0.00000000000000,-23.98130000000000,13.95660000000000,0.00000000000000
ruffle.exe,9152,0x0000000000000000,Other,1,0,0,110.38891080000000,0.00000000000000,29.60470000000000,0,Hardware: Legacy Flip,-0.14230000000000,13.12480000000000,33.45460000000000,0.00000000000000,-20.30120000000000,13.89200000000000,0.00000000000000
ruffle.exe,9152,0x0000000000000000,Other,1,0,0,110.42316080000001,0.00000000000000,34.25000000000000,0,Hardware: Legacy Flip,-0.20470000000000,12.11680000000000,33.24200000000000,0.00000000000000,-21.09060000000000,14.05610000000000,0.00000000000000
ruffle.exe,9152,0x0000000000000000,Other,1,0,0,110.46286060000000,0.00000000000000,39.69980000000000,0,Hardware: Legacy Flip,-0.13030000000000,5.77990000000000,33.36290000000000,0.00000000000000,-27.53810000000000,14.23620000000000,0.00000000000000
ruffle.exe,9152,0x0000000000000000,Other,1,0,0,110.69506710000000,0.00000000000000,232.20650000000001,0,Hardware: Legacy Flip,-0.17140000000000,6.92450000000000,233.35110000000000,0.00000000000000,-226.39260000000002,14.92130000000000,0.00000000000000
ruffle.exe,9152,0x0000000000000000,Other,1,0,0,110.71233510000000,0.00000000000000,17.26800000000000,0,Hardware: Legacy Flip,-0.13670000000000,6.32690000000000,16.67040000000000,0.00000000000000,-13.70630000000000,13.42390000000000,0.00000000000000
ruffle.exe,9152,0x0000000000000000,Other,1,0,0,110.74619970000001,0.00000000000000,33.86460000000000,0,Hardware: Legacy Flip,-0.16090000000000,5.74970000000000,33.28740000000000,0.00000000000000,-27.51480000000000,14.11020000000000,0.00000000000000
ruffle.exe,9152,0x0000000000000000,Other,1,0,0,110.77649249999999,0.00000000000000,30.29280000000000,0,Hardware: Legacy Flip,-0.12430000000000,8.80330000000000,33.34640000000000,0.00000000000000,-24.50340000000000,14.08280000000000,0.00000000000000
ruffle.exe,9152,0x0000000000000000,Other,1,0,0,110.81198930000001,0.00000000000000,35.49680000000000,0,Hardware: Legacy Flip,-0.14920000000000,6.69130000000000,33.38480000000000,0.00000000000000,-26.66360000000000,15.80810000000000,0.00000000000000
ruffle.exe,9152,0x0000000000000000,Other,1,0,0,110.85463100000000,0.00000000000000,42.64170000000000,0,Hardware: Legacy Flip,-0.10300000000000,14.12660000000000,50.07700000000001,0.00000000000000,-35.92460000000001,16.06690000000000,0.00000000000000
ruffle.exe,9152,0x0000000000000000,Other,1,0,0,110.87820410000000,0.00000000000000,23.57310000000000,0,Hardware: Legacy Flip,-0.14190000000000,7.16280000000000,16.60930000000000,0.00000000000000,-13.96510000000000,13.61050000000000,0.00000000000000
ruffle.exe,9152,0x0000000000000000,Other,1,0,0,110.91295400000000,0.00000000000000,34.74990000000000,0,Hardware: Legacy Flip,-0.12180000000000,5.70060000000000,33.28770000000000,0.00000000000000,-27.55210000000000,14.02830000000000,0.00000000000000
ruffle.exe,9152,0x0000000000000000,Other,1,0,0,110.94951060000000,0.00000000000000,36.55660000000000,0,Hardware: Legacy Flip,-0.12630000000000,2.47520000000000,33.33120000000000,0.00000000000000,-30.83380000000000,14.34630000000000,0.00000000000000
ruffle.exe,9152,0x0000000000000000,Other,1,0,0,110.98014280000001,0.00000000000000,30.63220000000000,0,Hardware: Legacy Flip,-0.11840000000000,5.18660000000000,33.34360000000000,0.00000000000000,-28.12830000000000,14.16010000000000,0.00000000000000
ruffle.exe,9152,0x0000000000000000,Other,1,0,0,111.01659640000000,0.00000000000000,36.45360000000000,0,Hardware: Legacy Flip,-0.14610000000000,2.06190000000000,33.32890000000000,0.00000000000000,-31.24170000000000,15.82570000000000,0.00000000000000
ruffle.exe,9152,0x0000000000000000,Other,1,0,0,111.05213680000000,0.00000000000000,35.54040000000000,0,Hardware: Legacy Flip,-0.15280000000000,16.53650000000000,50.01500000000000,0.00000000000000,-33.43460000000000,16.01540000000000,0.00000000000000
ruffle.exe,9152,0x0000000000000000,Other,1,0,0,111.08395810000000,0.00000000000000,31.82130000000000,0,Hardware: Legacy Flip,-0.12800000000000,1.35990000000000,16.64470000000000,0.00000000000000,-15.24180000000000,14.10350000000000,0.00000000000000
ruffle.exe,9152,0x0000000000000000,Other,1,0,0,111.11498770000000,0.00000000000000,31.02960000000000,0,Hardware: Legacy Flip,-0.11700000000000,3.63410000000000,33.30380000000000,0.00000000000000,-29.64150000000000,13.97250000000000,0.00000000000000
ruffle.exe,9152,0x0000000000000000,Other,1,0,0,111.14494370000000,0.00000000000000,29.95600000000000,0,Hardware: Legacy Flip,-0.11340000000000,7.03840000000000,33.36030000000000,0.00000000000000,-26.29500000000000,14.06540000000000,0.00000000000000
ruffle.exe,9152,0x0000000000000000,Other,1,0,0,111.18463480000000,0.00000000000000,39.69110000000000,0,Hardware: Legacy Flip,-0.13300000000000,0.65860000000000,33.31130000000000,0.00000000000000,-32.62680000000000,14.20710000000000,0.00000000000000
ruffle.exe,9152,0x0000000000000000,Other,1,0,0,111.21433610000000,0.00000000000000,29.70130000000000,0,Hardware: Legacy Flip,-0.11590000000000,4.38720000000000,33.42990000000000,0.00000000000000,-29.02070000000000,13.80560000000000,0.00000000000000
ruffle.exe,9152,0x0000000000000000,Other,1,0,0,111.24740330000000,0.00000000000000,33.06720000000000,0,Hardware: Legacy Flip,-0.10620000000000,4.62220000000000,33.30220000000000,0.00000000000000,-28.65330000000000,15.25070000000000,0.00000000000000
ruffle.exe,9152,0x0000000000000000,Other,1,0,0,111.28179810000000,0.00000000000000,34.39480000000000,0,Hardware: Legacy Flip,-0.12460000000000,3.58520000000000,33.35780000000000,0.00000000000000,-29.74690000000000,15.17990000000000,0.00000000000000
ruffle.exe,9152,0x0000000000000000,Other,1,0,0,111.30875109999999,0.00000000000000,26.95300000000000,0,Hardware: Legacy Flip,-0.15220000000000,9.96480000000000,33.33260000000000,0.00000000000000,-23.33020000000000,13.57170000000000,0.00000000000000
ruffle.exe,9152,0x0000000000000000,Other,1,0,0,111.34579490000000,0.00000000000000,37.04380000000000,0,Hardware: Legacy Flip,-0.10910000000000,6.22360000000000,33.30260000000000,0.00000000000000,-27.04940000000000,13.53390000000000,0.00000000000000
ruffle.exe,9152,0x0000000000000000,Other,1,0,0,111.37645480000000,0.00000000000000,30.65990000000000,0,Hardware: Legacy Flip,-0.13980000000000,8.88700000000000,33.32330000000000,0.00000000000000,-24.39510000000000,13.44660000000000,0.00000000000000
ruffle.exe,9152,0x0000000000000000,Other,1,0,0,111.40954040000000,0.00000000000000,33.08560000000000,0,Hardware: Legacy Flip,-0.11080000000000,9.14750000000000,33.34610000000000,0.00000000000000,-24.16770000000000,13.36440000000000,0.00000000000000
ruffle.exe,9152,0x0000000000000000,Other,1,0,0,111.46340130000000,0.00000000000000,53.86090000000000,0,Hardware: Legacy Flip,-0.20950000000000,5.30940000000000,50.02280000000000,0.00000000000000,-44.68760000000000,15.66050000000000,0.00000000000000
ruffle.exe,9152,0x0000000000000000,Other,1,0,0,111.66013400000001,0.00000000000000,196.73270000000002,0,Hardware: Legacy Flip,-0.15280000000000,8.62510000000000,200.04840000000002,0.00000000000000,-191.38990000000001,15.80210000000000,0.00000000000000
ruffle.exe,9152,0x0000000000000000,Other,1,0,0,111.70999550000001,0.00000000000000,49.86150000000000,0,Hardware: Legacy Flip,-0.18750000000000,8.72970000000000,49.96610000000000,0.00000000000000,-41.20730000000000,13.60740000000000,0.00000000000000
ruffle.exe,9152,0x0000000000000000,Other,1,0,0,111.73239180000000,0.00000000000000,22.39630000000000,0,Hardware: Legacy Flip,-0.11960000000000,2.98670000000000,16.65330000000000,0.00000000000000,-13.63240000000000,13.19760000000000,0.00000000000000
ruffle.exe,9152,0x0000000000000000,Other,1,0,0,111.75600600000000,0.00000000000000,23.61420000000000,0,Hardware: Legacy Flip,-0.20620000000000,12.74980000000000,33.37730000000000,0.00000000000000,-20.60110000000000,15.22010000000000,0.00000000000000
ruffle.exe,9152,0x0000000000000000,Other,1,0,0,111.78344460000001,0.00000000000000,27.43860000000000,0,Hardware: Legacy Flip,-0.17620000000000,1.95030000000000,16.63910000000000,0.00000000000000,-15.21840000000000,14.82300000000000,0.00000000000000
ruffle.exe,9152,0x0000000000000000,Other,1,0,0,111.81222150000001,0.00000000000000,28.77690000000000,0,Hardware: Legacy Flip,-0.10880000000000,6.49740000000000,33.32400000000000,0.00000000000000,-26.79730000000000,13.35190000000000,0.00000000000000
ruffle.exe,9152,0x0000000000000000,Other,1,0,0,111.84303520000000,0.00000000000000,30.81370000000000,0,Hardware: Legacy Flip,-0.14030000000000,9.03020000000000,33.34650000000000,0.00000000000000,-24.28950000000000,13.56570000000000,0.00000000000000
ruffle.exe,9152,0x0000000000000000,Other,1,0,0,111.87959620000001,0.00000000000000,36.56100000000000,0,Hardware: Legacy Flip,-0.19840000000000,5.80210000000000,33.33290000000000,0.00000000000000,-27.50310000000000,13.55890000000000,0.00000000000000
ruffle.exe,9152,0x0000000000000000,Other,1,0,0,111.91256060000001,0.00000000000000,32.96440000000000,0,Hardware: Legacy Flip,-0.14510000000000,6.27930000000000,33.44160000000000,0.00000000000000,-27.13270000000000,13.46200000000000,0.00000000000000
ruffle.exe,9152,0x0000000000000000,Other,1,0,0,111.94710350000000,0.00000000000000,34.54290000000000,0,Hardware: Legacy Flip,-0.10980000000000,4.94710000000000,33.21070000000000,0.00000000000000,-28.23960000000000,15.07130000000000,0.00000000000000
ruffle.exe,9152,0x0000000000000000,Other,1,0,0,111.97882249999999,0.00000000000000,31.71900000000000,0,Hardware: Legacy Flip,-0.11490000000000,6.59750000000000,33.36940000000000,0.00000000000000,-26.74950000000000,15.03010000000000,0.00000000000000
ruffle.exe,9152,0x0000000000000000,Other,1,0,0,112.01385240000000,0.00000000000000,35.02990000000000,0,Hardware: Legacy Flip,-0.14630000000000,4.89530000000000,33.32770000000000,0.00000000000000,-28.40740000000000,13.64190000000000,0.00000000000000
ruffle.exe,9152,0x0000000000000000,Other,1,0,0,112.04682690000000,0.00000000000000,32.97450000000000,0,Hardware: Legacy Flip,-0.14160000000000,5.25100000000000,33.33020000000000,0.00000000000000,-28.05030000000000,13.45930000000000,0.00000000000000
ruffle.exe,9152,0x0000000000000000,Other,1,0,0,112.07885309999999,0.00000000000000,32.02620000000000,0,Hardware: Legacy Flip,-0.12720000000000,6.55820000000000,33.33340000000000,0.00000000000000,-26.74070000000000,13.32160000000000,0.00000000000000
ruffle.exe,9152,0x0000000000000000,Other,1,0,0,112.12144420000000,0.00000000000000,42.59110000000000,0,Hardware: Legacy Flip,-0.14920000000000,13.97170000000000,50.00460000000000,0.00000000000000,-36.00350000000000,13.36740000000000,0.00000000000000
ruffle.exe,9152,0x0000000000000000,Other,1,0,0,112.14536230000000,0.00000000000000,23.91810000000000,0,Hardware: Legacy Flip,-0.13930000000000,6.72610000000000,16.67250000000000,0.00000000000000,-13.13930000000000,12.83920000000000,0.00000000000000
ruffle.exe,9152,0x0000000000000000,Other,1,0,0,112.18174580000000,0.00000000000000,36.38350000000001,0,Hardware: Legacy Flip,-0.15360000000000,3.67620000000000,33.33360000000000,0.00000000000000,-29.62240000000000,15.19780000000000,0.00000000000000
ruffle.exe,9152,0x0000000000000000,Other,1,0,0,112.21749520000000,0.00000000000000,35.74940000000000,0,Hardware: Legacy Flip,-0.14290000000000,1.25600000000000,33.32920000000000,0.00000000000000,-32.05020000000000,15.25760000000000,0.00000000000000
ruffle.exe,9152,0x0000000000000000,Other,1,0,0,112.24747240000001,0.00000000000000,29.97720000000000,0,Hardware: Legacy Flip,-0.13930000000000,4.61040000000000,33.33160000000000,0.00000000000000,-28.69350000000000,13.35120000000000,0.00000000000000
ruffle.exe,9152,0x0000000000000000,Other,1,0,0,112.27750090000001,0.00000000000000,30.02850000000000,0,Hardware: Legacy Flip,-0.10530000000000,7.94130000000000,33.35940000000000,0.00000000000000,-25.39300000000000,13.24430000000000,0.00000000000000
ruffle.exe,9152,0x0000000000000000,Other,1,0,0,112.31174940000000,0.00000000000000,34.24850000000000,0,Hardware: Legacy Flip,-0.15980000000000,7.09040000000000,33.39760000000000,0.00000000000000,-26.28010000000000,13.58020000000000,0.00000000000000
ruffle.exe,9152,0x0000000000000000,Other,1,0,0,112.34381230000001,0.00000000000000,32.06290000000000,0,Hardware: Legacy Flip,-0.15860000000000,8.29010000000000,33.26260000000000,0.00000000000000,-24.93910000000000,13.53690000000000,0.00000000000000
ruffle.exe,9152,0x0000000000000000,Other,1,0,0,112.38526490000000,0.00000000000000,41.45260000000000,0,Hardware: Legacy Flip,-0.15360000000000,16.84330000000000,50.00580000000000,0.00000000000000,-33.13130000000000,15.06380000000000,0.00000000000000
ruffle.exe,9152,0x0000000000000000,Other,1,0,0,112.42044340000001,0.00000000000000,35.17850000000000,0,Hardware: Legacy Flip,-0.15310000000000,15.03030000000000,33.36550000000000,0.00000000000000,-18.29460000000000,15.37960000000000,0.00000000000000
ruffle.exe,9152,0x0000000000000000,Other,1,0,0,112.44611360000000,0.00000000000000,25.67020000000000,0,Hardware: Legacy Flip,-0.11610000000000,5.99910000000000,16.63900000000000,0.00000000000000,-13.09380000000000,12.84780000000000,0.00000000000000
ruffle.exe,9152,0x0000000000000000,Other,1,0,0,112.67067220000000,0.00000000000000,224.55860000000001,0,Hardware: Legacy Flip,-0.15010000000000,14.82700000000000,233.38650000000001,0.00000000000000,-218.52010000000001,16.05450000000000,0.00000000000000
ruffle.exe,9152,0x0000000000000000,Other,1,0,0,112.69110460000000,0.00000000000000,20.43240000000000,0,Hardware: Legacy Flip,-0.11030000000000,11.09250000000000,16.69790000000000,0.00000000000000,-13.18980000000000,12.92180000000000,0.00000000000000
ruffle.exe,9152,0x0000000000000000,Other,1,0,0,112.71057399999999,0.00000000000000,19.46940000000000,0,Hardware: Legacy Flip,-0.16480000000000,8.27320000000000,16.65010000000000,0.00000000000000,-13.65480000000000,13.30320000000000,0.00000000000000
ruffle.exe,9152,0x0000000000000000,Other,1,0,0,112.74842380000001,0.00000000000000,37.84980000000000,0,Hardware: Legacy Flip,-0.13410000000000,3.73300000000000,33.30960000000000,0.00000000000000,-29.54800000000000,13.48380000000000,0.00000000000000
ruffle.exe,9152,0x0000000000000000,Other,1,0,0,112.78030260000000,0.00000000000000,31.87880000000000,0,Hardware: Legacy Flip,-0.16260000000000,5.16130000000000,33.30710000000000,0.00000000000000,-28.11790000000000,13.38310000000000,0.00000000000000
ruffle.exe,9152,0x0000000000000000,Other,1,0,0,112.81731310000001,0.00000000000000,37.01050000000000,0,Hardware: Legacy Flip,-0.14630000000000,1.46510000000000,33.31430000000000,0.00000000000000,-31.82400000000000,15.49990000000000,0.00000000000000
ruffle.exe,9152,0x0000000000000000,Other,1,0,0,112.85534470000000,0.00000000000000,38.03160000000000,0,Hardware: Legacy Flip,-0.12630000000000,13.50580000000000,50.07230000000001,0.00000000000000,-36.54820000000000,15.24810000000000,0.00000000000000
ruffle.exe,9152,0x0000000000000000,Other,1,0,0,112.87885520000000,0.00000000000000,23.51050000000000,0,Hardware: Legacy Flip,-0.11480000000000,6.63350000000000,16.63820000000000,0.00000000000000,-13.37870000000000,13.11700000000000,0.00000000000000
ruffle.exe,9152,0x0000000000000000,Other,1,0,0,112.91668590000000,0.00000000000000,37.83070000000000,0,Hardware: Legacy Flip,-0.12690000000000,2.12880000000000,33.32600000000000,0.00000000000000,-31.16710000000000,13.86110000000000,0.00000000000000
ruffle.exe,9152,0x0000000000000000,Other,1,0,0,112.95019520000001,0.00000000000000,33.50930000000000,0,Hardware: Legacy Flip,-0.10050000000000,1.92990000000000,33.31040000000000,0.00000000000000,-31.35630000000000,13.49890000000000,0.00000000000000
ruffle.exe,9152,0x0000000000000000,Other,1,0,0,112.97951490000000,0.00000000000000,29.31970000000000,0,Hardware: Legacy Flip,-0.13330000000000,6.10740000000000,33.49720000000000,0.00000000000000,-27.37220000000000,13.58690000000000,0.00000000000000
ruffle.exe,9152,0x0000000000000000,Other,1,0,0,113.01582870000000,0.00000000000000,36.31380000000000,0,Hardware: Legacy Flip,-0.10280000000000,2.98860000000000,33.19500000000000,0.00000000000000,-30.13470000000000,13.96300000000000,0.00000000000000
ruffle.exe,9152,0x0000000000000000,Other,1,0,0,113.04828270000000,0.00000000000000,32.45400000000000,0,Hardware: Legacy Flip,-0.11990000000000,3.92700000000000,33.39240000000000,0.00000000000000,-29.43880000000000,15.38130000000000,0.00000000000000
ruffle.exe,9152,0x0000000000000000,Other,1,0,0,113.08678250000000,0.00000000000000,38.49980000000000,0,Hardware: Legacy Flip,-0.11930000000000,15.42080000000000,49.99360000000000,0.00000000000000,-34.53680000000000,15.56000000000000,0.00000000000000
ruffle.exe,9152,0x0000000000000000,Other,1,0,0,113.11378520000000,0.00000000000000,27.00270000000000,0,Hardware: Legacy Flip,-0.10750000000000,5.04660000000000,16.62850000000000,0.00000000000000,-13.71340000000000,13.44630000000000,0.00000000000000
ruffle.exe,9152,0x0000000000000000,Other,1,0,0,113.14676990000000,0.00000000000000,32.98470000000000,0,Hardware: Legacy Flip,-0.11210000000000,5.38810000000000,33.32620000000000,0.00000000000000,-27.90800000000000,13.84130000000000,0.00000000000000
ruffle.exe,9152,0x0000000000000000,Other,1,0,0,113.17747850000001,0.00000000000000,30.70860000000000,0,Hardware: Legacy Flip,-0.18810000000000,8.05080000000000,33.37130000000001,0.00000000000000,-25.30470000000000,13.84500000000000,0.00000000000000
ruffle.exe,9152,0x0000000000000000,Other,1,0,0,113.21276970000001,0.00000000000000,35.29120000000000,0,Hardware: Legacy Flip,-0.14090000000000,6.09140000000000,33.33180000000000,0.00000000000000,-27.21100000000000,13.97030000000000,0.00000000000000
ruffle.exe,9152,0x0000000000000000,Other,1,0,0,113.24760780000000,0.00000000000000,34.83810000000000,0,Hardware: Legacy Flip,-0.11210000000000,4.60280000000000,33.34950000000000,0.00000000000000,-28.71870000000000,15.48930000000000,0.00000000000000
ruffle.exe,9152,0x0000000000000000,Other,1,0,0,113.28940290000000,0.00000000000000,41.79510000000001,0,Hardware: Legacy Flip,-0.16080000000000,12.80990000000000,50.00220000000000,0.00000000000000,-37.17040000000000,15.94310000000000,0.00000000000000
ruffle.exe,9152,0x0000000000000000,Other,1,0,0,113.31799610000000,0.00000000000000,28.59320000000000,0,Hardware: Legacy Flip,-0.18220000000000,0.90560000000000,16.68890000000000,0.00000000000000,-15.75260000000000,14.21300000000000,0.00000000000000
ruffle.exe,9152,0x0000000000000000,Other,1,0,0,113.34909180000000,0.00000000000000,31.09570000000000,0,Hardware: Legacy Flip,-0.15970000000000,3.13760000000000,33.32770000000000,0.00000000000000,-30.15460000000000,14.24260000000000,0.00000000000000
ruffle.exe,9152,0x0000000000000000,Other,1,0,0,113.37911010000001,0.00000000000000,30.01830000000000,0,Hardware: Legacy Flip,-0.15280000000000,6.42660000000000,33.30730000000001,0.00000000000000,-26.85160000000000,13.94320000000000,0.00000000000000
ruffle.exe,9152,0x0000000000000000,Other,1,0,0,113.41233710000000,0.00000000000000,33.22700000000000,0,Hardware: Legacy Flip,-0.09530000000000,6.50890000000000,33.30930000000000,0.00000000000000,-26.76180000000000,13.89990000000000,0.00000000000000
ruffle.exe,9152,0x0000000000000000,Other,1,0,0,113.44256810000000,0.00000000000000,30.23100000000000,0,Hardware: Legacy Flip,-0.13930000000000,9.65230000000000,33.37440000000000,0.00000000000000,-23.69550000000000,13.71990000000000,0.00000000000000
ruffle.exe,9152,0x0000000000000000,Other,1,0,0,113.68550230000000,0.00000000000000,242.93420000000000,0,Hardware: Legacy Flip,-0.15040000000000,16.72330000000000,250.00520000000000,0.00000000000000,-233.25310000000002,14.88110000000000,0.00000000000000
ruffle.exe,9152,0x0000000000000000,Other,1,0,0,113.72114670000001,0.00000000000000,35.64440000000000,0,Hardware: Legacy Flip,-0.15130000000000,14.49710000000000,33.41820000000000,0.00000000000000,-18.87650000000000,13.80740000000000,0.00000000000000
ruffle.exe,9152,0x0000000000000000,Other,1,0,0,113.74676600000001,0.00000000000000,25.61930000000000,0,Hardware: Legacy Flip,-0.16640000000000,5.48640000000000,16.60860000000000,0.00000000000000,-15.55110000000000,15.18950000000000,0.00000000000000
ruffle.exe,9152,0x0000000000000000,Other,1,0,0,113.77454140000000,0.00000000000000,27.77540000000000,0,Hardware: Legacy Flip,-0.18950000000000,11.10790000000000,33.39690000000000,0.00000000000000,-22.25540000000000,16.11900000000000,0.00000000000000
ruffle.exe,9152,0x0000000000000000,Other,1,0,0,113.79810929999999,0.00000000000000,23.56790000000000,0,Hardware: Legacy Flip,-0.17270000000000,4.12680000000000,16.58680000000000,0.00000000000000,-14.03720000000000,13.64050000000000,0.00000000000000
ruffle.exe,9152,0x0000000000000000,Other,1,0,0,113.82258670000000,0.00000000000000,24.47740000000000,0,Hardware: Legacy Flip,-0.14890000000000,12.98530000000000,33.33590000000000,0.00000000000000,-20.32260000000000,14.06550000000000,0.00000000000000
ruffle.exe,9152,0x0000000000000000,Other,1,0,0,113.84989130000001,0.00000000000000,27.30460000000000,0,Hardware: Legacy Flip,-0.11630000000000,2.33870000000000,16.65800000000000,0.00000000000000,-14.29570000000000,13.78520000000000,0.00000000000000
ruffle.exe,9152,0x0000000000000000,Other,1,0,0,113.87908620000000,0.00000000000000,29.19490000000000,0,Hardware: Legacy Flip,-0.12680000000000,6.49420000000000,33.35040000000000,0.00000000000000,-26.83410000000000,14.02690000000000,0.00000000000000
ruffle.exe,9152,0x0000000000000000,Other,1,0,0,113.91640320000000,0.00000000000000,37.31700000000000,0,Hardware: Legacy Flip,-0.14620000000000,2.49430000000000,33.31710000000000,0.00000000000000,-30.79220000000000,14.14850000000000,0.00000000000000
ruffle.exe,9152,0x0000000000000000,Other,1,0,0,113.95049229999999,0.00000000000000,34.08910000000000,0,Hardware: Legacy Flip,-0.17230000000000,1.76880000000000,33.36360000000000,0.00000000000000,-31.56930000000000,16.21830000000000,0.00000000000000
ruffle.exe,9152,0x0000000000000000,Other,1,0,0,113.98666800000001,0.00000000000000,36.17570000000000,0,Hardware: Legacy Flip,-0.12130000000000,15.59860000000000,50.00550000000000,0.00000000000000,-34.37490000000000,15.67400000000000,0.00000000000000
ruffle.exe,9152,0x0000000000000000,Other,1,0,0,114.02032380000000,0.00000000000000,33.65580000000000,0,Hardware: Legacy Flip,-0.12890000000000,15.30900000000000,33.36620000000000,0.00000000000000,-18.02630000000000,14.18620000000000,0.00000000000000
ruffle.exe,9152,0x0000000000000000,Other,1,0,0,114.04848250000001,0.00000000000000,28.15870000000000,0,Hardware: Legacy Flip,-0.10620000000000,3.73580000000000,16.58550000000000,0.00000000000000,-13.83880000000000,13.60580000000000,0.00000000000000
ruffle.exe,9152,0x0000000000000000,Other,1,0,0,114.07861960000001,0.00000000000000,30.13710000000000,0,Hardware: Legacy Flip,-0.15440000000000,7.03270000000000,33.43400000000000,0.00000000000000,-26.38450000000000,14.11600000000000,0.00000000000000
ruffle.exe,9152,0x0000000000000000,Other,1,0,0,114.11646380000001,0.00000000000000,37.84420000000000,0,Hardware: Legacy Flip,-0.14920000000000,2.49050000000000,33.30200000000000,0.00000000000000,-30.77820000000000,14.14560000000000,0.00000000000000
ruffle.exe,9152,0x0000000000000000,Other,1,0,0,114.15594100000001,0.00000000000000,39.47720000000000,0,Hardware: Legacy Flip,-0.09840000000000,12.99020000000000,49.97690000000000,0.00000000000000,-36.95090000000000,15.91780000000000,0.00000000000000
ruffle.exe,9152,0x0000000000000000,Other,1,0,0,114.18978490000001,0.00000000000000,33.84390000000000,0,Hardware: Legacy Flip,-0.10840000000000,12.49580000000000,33.34950000000000,0.00000000000000,-20.82070000000000,15.72970000000000,0.00000000000000
ruffle.exe,9152,0x0000000000000000,Other,1,0,0,114.22274510000000,0.00000000000000,32.96020000000000,0,Hardware: Legacy Flip,-0.10670000000000,12.84200000000000,33.30640000000000,0.00000000000000,-20.40670000000000,14.21640000000000,0.00000000000000
ruffle.exe,9152,0x0000000000000000,Other,1,0,0,114.25090300000001,0.00000000000000,28.15790000000000,0,Hardware: Legacy Flip,-0.10510000000000,1.33390000000000,16.64980000000000,0.00000000000000,-15.28360000000000,14.11590000000000,0.00000000000000
ruffle.exe,9152,0x0000000000000000,Other,1,0,0,114.28116490000001,0.00000000000000,30.26190000000000,0,Hardware: Legacy Flip,-0.11550000000000,4.48180000000000,33.40980000000000,0.00000000000000,-28.90920000000000,13.98920000000000,0.00000000000000
ruffle.exe,9152,0x0000000000000000,Other,1,0,0,114.31684600000001,0.00000000000000,35.68110000000000,0,Hardware: Legacy Flip,-0.18670000000000,2.12390000000000,33.32320000000000,0.00000000000000,-31.17000000000000,14.32900000000000,0.00000000000000
ruffle.exe,9152,0x0000000000000000,Other,1,0,0,114.35038950000001,0.00000000000000,33.54350000000000,0,Hardware: Legacy Flip,-0.15430000000000,1.89630000000000,33.31590000000000,0.00000000000000,-31.38420000000000,14.36830000000000,0.00000000000000
ruffle.exe,9152,0x0000000000000000,Other,1,0,0,114.38543190000000,0.00000000000000,35.04240000000000,0,Hardware: Legacy Flip,-0.12320000000000,16.84560000000000,49.99170000000000,0.00000000000000,-33.11550000000000,15.80310000000000,0.00000000000000
ruffle.exe,9152,0x0000000000000000,Other,1,0,0,114.42086500000001,0.00000000000000,35.43310000000000,0,Hardware: Legacy Flip,-0.12280000000000,14.75090000000000,33.33840000000000,0.00000000000000,-18.56670000000000,15.71410000000000,0.00000000000000
ruffle.exe,9152,0x0000000000000000,Other,1,0,0,114.44965549999999,0.00000000000000,28.79050000000000,0,Hardware: Legacy Flip,-0.12260000000000,2.68540000000000,16.72500000000000,0.00000000000000,-14.00880000000000,13.39770000000000,0.00000000000000
ruffle.exe,9152,0x0000000000000000,Other,1,0,0,114.65526770000000,0.00000000000000,205.61220000000000,0,Hardware: Legacy Flip,-0.14900000000000,13.77490000000000,216.70170000000002,0.00000000000000,-202.90250000000000,16.19550000000000,0.00000000000000
ruffle.exe,9152,0x0000000000000000,Other,1,0,0,114.67807110000000,0.00000000000000,22.80340000000000,0,Hardware: Legacy Flip,-0.15320000000000,7.58100000000000,16.60950000000000,0.00000000000000,-15.07470000000000,14.72850000000000,0.00000000000000
ruffle.exe,9152,0x0000000000000000,Other,1,0,0,114.70069590000001,0.00000000000000,22.62480000000000,0,Hardware: Legacy Flip,-0.10640000000000,1.56040000000000,16.60420000000000,0.00000000000000,-15.01130000000000,13.50520000000000,0.00000000000000
ruffle.exe,9152,0x0000000000000000,Other,1,0,0,114.73673450000001,0.00000000000000,36.03860000000000,0,Hardware: Legacy Flip,-0.15790000000000,15.67910000000000,50.15730000000000,0.00000000000000,-34.45930000000000,13.34700000000000,0.00000000000000
ruffle.exe,9152,0x0000000000000000,Other,1,0,0,114.76824770000000,0.00000000000000,31.51320000000000,0,Hardware: Legacy Flip,-0.17630000000000,0.70900000000000,16.54310000000000,0.00000000000000,-15.78860000000000,13.57570000000000,0.00000000000000
ruffle.exe,9152,0x0000000000000000,Other,1,0,0,114.80266240000000,0.00000000000000,34.41470000000000,0,Hardware: Legacy Flip,-0.13390000000000,16.34650000000000,50.05220000000000,0.00000000000000,-33.68160000000000,13.74000000000000,0.00000000000000
ruffle.exe,9152,0x0000000000000000,Other,1,0,0,114.83805820000001,0.00000000000000,35.39580000000000,0,Hardware: Legacy Flip,-0.18470000000000,14.27760000000000,33.32690000000000,0.00000000000000,-18.98920000000000,13.80620000000000,0.00000000000000
ruffle.exe,9152,0x0000000000000000,Other,1,0,0,114.86830030000000,0.00000000000000,30.24210000000000,0,Hardware: Legacy Flip,-0.09580000000000,0.62630000000000,16.59080000000000,0.00000000000000,-15.93850000000000,14.93760000000000,0.00000000000000
ruffle.exe,9152,0x0000000000000000,Other,1,0,0,114.90004910000000,0.00000000000000,31.74880000000000,0,Hardware: Legacy Flip,-0.11310000000000,2.31920000000000,33.44170000000000,0.00000000000000,-31.10750000000000,15.08670000000000,0.00000000000000
ruffle.exe,9152,0x0000000000000000,Other,1,0,0,114.93330060000001,0.00000000000000,33.25150000000000,0,Hardware: Legacy Flip,-0.13050000000000,2.34750000000000,33.27980000000000,0.00000000000000,-30.90990000000000,13.43820000000000,0.00000000000000
ruffle.exe,9152,0x0000000000000000,Other,1,0,0,114.96383590000001,0.00000000000000,30.53530000000000,0,Hardware: Legacy Flip,-0.12310000000000,5.16170000000000,33.34950000000000,0.00000000000000,-28.16460000000000,13.23510000000000,0.00000000000000
ruffle.exe,9152,0x0000000000000000,Other,1,0,0,115.00028670000000,0.00000000000000,36.45080000000000,0,Hardware: Legacy Flip,-0.10240000000000,2.02710000000000,33.31620000000000,0.00000000000000,-31.26860000000000,13.41320000000000,0.00000000000000
ruffle.exe,9152,0x0000000000000000,Other,1,0,0,115.03816300000000,0.00000000000000,37.87630000000000,0,Hardware: Legacy Flip,-0.10360000000000,14.21780000000000,50.06700000000000,0.00000000000000,-35.82950000000000,13.41620000000000,0.00000000000000
ruffle.exe,9152,0x0000000000000000,Other,1,0,0,115.06660050000001,0.00000000000000,28.43750000000000,0,Hardware: Legacy Flip,-0.16080000000000,2.51770000000000,16.73740000000000,0.00000000000000,-15.05430000000000,14.64860000000000,0.00000000000000
ruffle.exe,9152,0x0000000000000000,Other,1,0,0,115.10059769999999,0.00000000000000,33.99720000000000,0,Hardware: Legacy Flip,-0.14910000000000,1.79650000000000,33.27600000000000,0.00000000000000,-31.43170000000000,15.41150000000000,0.00000000000000
ruffle.exe,9152,0x0000000000000000,Other,1,0,0,115.13683660000000,0.00000000000000,36.23890000000000,0,Hardware: Legacy Flip,-0.11640000000000,15.53150000000000,49.97390000000000,0.00000000000000,-34.40180000000000,13.32510000000000,0.00000000000000
ruffle.exe,9152,0x0000000000000000,Other,1,0,0,115.16752120000001,0.00000000000000,30.68460000000000,0,Hardware: Legacy Flip,-0.11580000000000,1.46140000000000,16.61450000000000,0.00000000000000,-15.10830000000000,13.33740000000000,0.00000000000000
ruffle.exe,9152,0x0000000000000000,Other,1,0,0,115.19885980000001,0.00000000000000,31.33860000000000,0,Hardware: Legacy Flip,-0.11060000000000,3.48050000000000,33.35770000000000,0.00000000000000,-29.85020000000000,13.53220000000000,0.00000000000000
ruffle.exe,9152,0x0000000000000000,Other,1,0,0,115.23203880000000,0.00000000000000,33.17900000000000,0,Hardware: Legacy Flip,-0.11990000000000,3.73670000000000,33.43520000000000,0.00000000000000,-29.67950000000000,13.21250000000000,0.00000000000000
ruffle.exe,9152,0x0000000000000000,Other,1,0,0,115.26696940000001,0.00000000000000,34.93060000000000,0,Hardware: Legacy Flip,-0.12520000000000,2.13390000000000,33.32780000000000,0.00000000000000,-31.17400000000000,13.26190000000000,0.00000000000000
ruffle.exe,9152,0x0000000000000000,Other,1,0,0,115.30163300000001,0.00000000000000,34.66360000000000,0,Hardware: Legacy Flip,-0.11900000000000,0.73340000000000,33.26310000000000,0.00000000000000,-32.50480000000000,15.29440000000000,0.00000000000000
ruffle.exe,9152,0x0000000000000000,Other,1,0,0,115.33343979999999,0.00000000000000,31.80680000000000,0,Hardware: Legacy Flip,-0.15150000000000,2.33380000000000,33.40720000000000,0.00000000000000,-31.04730000000000,14.95300000000000,0.00000000000000
ruffle.exe,9152,0x0000000000000000,Other,1,0,0,115.36756040000000,0.00000000000000,34.12060000000000,0,Hardware: Legacy Flip,-0.13070000000000,1.45990000000000,33.24670000000000,0.00000000000000,-31.75150000000000,13.37570000000000,0.00000000000000
ruffle.exe,9152,0x0000000000000000,Other,1,0,0,115.39935350000000,0.00000000000000,31.79310000000000,0,Hardware: Legacy Flip,-0.17630000000000,3.07860000000000,33.41180000000000,0.00000000000000,-30.31070000000000,13.45570000000000,0.00000000000000
ruffle.exe,9152,0x0000000000000000,Other,1,0,0,115.43015790000001,0.00000000000000,30.80440000000000,0,Hardware: Legacy Flip,-0.17340000000000,5.55480000000000,33.28060000000000,0.00000000000000,-27.69270000000000,13.43770000000000,0.00000000000000
ruffle.exe,9152,0x0000000000000000,Other,1,0,0,115.46808120000000,0.00000000000000,37.92330000000000,0,Hardware: Legacy Flip,-0.14950000000000,0.94330000000000,33.31180000000000,0.00000000000000,-32.32440000000000,13.44390000000000,0.00000000000000
ruffle.exe,9152,0x0000000000000000,Other,1,0,0,115.67622760000000,0.00000000000000,208.14640000000000,0,Hardware: Legacy Flip,-0.13630000000000,9.56140000000000,216.76450000000000,0.00000000000000,-207.16080000000002,14.17170000000000,0.00000000000000
ruffle.exe,9152,0x0000000000000000,Other,1,0,0,115.69936900000000,0.00000000000000,23.14140000000000,0,Hardware: Legacy Flip,-0.17360000000000,3.05450000000000,16.63450000000000,0.00000000000000,-13.54570000000000,13.08720000000000,0.00000000000000
ruffle.exe,9152,0x0000000000000000,Other,1,0,0,115.71860580000001,0.00000000000000,19.23680000000000,0,Hardware: Legacy Flip,-0.15320000000000,0.43600000000000,16.61830000000000,0.00000000000000,-16.14530000000000,13.54230000000000,0.00000000000000
ruffle.exe,9152,0x0000000000000000,Other,1,0,0,115.74849420000001,0.00000000000000,29.88840000000000,0,Hardware: Legacy Flip,-0.12160000000000,3.90400000000000,33.35640000000000,0.00000000000000,-29.42740000000000,15.03320000000000,0.00000000000000
ruffle.exe,9152,0x0000000000000000,Other,1,0,0,115.77050539999999,0.00000000000000,22.01120000000000,0,Hardware: Legacy Flip,-0.16200000000000,15.33490000000000,33.44210000000000,0.00000000000000,-18.06430000000000,15.10030000000000,0.00000000000000
ruffle.exe,9152,0x0000000000000000,Other,1,0,0,115.79764230000001,0.00000000000000,27.13690000000000,0,Hardware: Legacy Flip,-0.14520000000000,4.81150000000000,16.61350000000000,0.00000000000000,-13.46640000000000,13.15600000000000,0.00000000000000
ruffle.exe,9152,0x0000000000000000,Other,1,0,0,115.83240170000001,0.00000000000000,34.75940000000000,0,Hardware: Legacy Flip,-0.09340000000000,3.33430000000000,33.28220000000000,0.00000000000000,-29.92080000000000,13.39990000000000,0.00000000000000
ruffle.exe,9152,0x0000000000000000,Other,1,0,0,115.86851700000001,0.00000000000000,36.11530000000000,0,Hardware: Legacy Flip,-0.11420000000000,0.49460000000000,33.27560000000000,0.00000000000000,-32.75350000000000,13.66070000000000,0.00000000000000
ruffle.exe,9152,0x0000000000000000,Other,1,0,0,115.90065350000000,0.00000000000000,32.13650000000000,0,Hardware: Legacy Flip,-0.11200000000000,1.75350000000000,33.39540000000000,0.00000000000000,-31.62610000000000,13.59130000000000,0.00000000000000
ruffle.exe,9152,0x0000000000000000,Other,1,0,0,115.93751860000000,0.00000000000000,36.86510000000001,0,Hardware: Legacy Flip,-0.15720000000000,14.89950000000000,50.01110000000000,0.00000000000000,-35.09260000000000,15.26910000000000,0.00000000000000
ruffle.exe,9152,0x0000000000000000,Other,1,0,0,115.97454850000001,0.00000000000000,37.02990000000000,0,Hardware: Legacy Flip,-0.13290000000000,11.27220000000000,33.40260000000000,0.00000000000000,-22.09220000000000,15.32030000000000,0.00000000000000
ruffle.exe,9152,0x0000000000000000,Other,1,0,0,115.99795180000000,0.00000000000000,23.40330000000000,0,Hardware: Legacy Flip,-0.15740000000000,4.51880000000000,16.64990000000000,0.00000000000000,-13.60020000000000,13.23680000000000,0.00000000000000
ruffle.exe,9152,0x0000000000000000,Other,1,0,0,116.03128280000000,0.00000000000000,33.33100000000000,0,Hardware: Legacy Flip,-0.15390000000000,4.47750000000000,33.28970000000000,0.00000000000000,-28.78250000000000,13.75350000000000,0.00000000000000
ruffle.exe,9152,0x0000000000000000,Other,1,0,0,116.06652950000000,0.00000000000000,35.24670000000000,0,Hardware: Legacy Flip,-0.12890000000000,2.55830000000000,33.32750000000000,0.00000000000000,-30.74480000000000,13.56400000000000,0.00000000000000
ruffle.exe,9152,0x0000000000000000,Other,1,0,0,116.09992990000001,0.00000000000000,33.40040000000000,0,Hardware: Legacy Flip,-0.13200000000000,2.49290000000000,33.33500000000000,0.00000000000000,-30.81530000000000,13.77950000000000,0.00000000000000
ruffle.exe,9152,0x0000000000000000,Other,1,0,0,116.13438420000000,0.00000000000000,34.45430000000000,0,Hardware: Legacy Flip,-0.14270000000000,1.35300000000000,33.31440000000000,0.00000000000000,-31.93100000000000,13.71680000000000,0.00000000000000
ruffle.exe,9152,0x0000000000000000,Other,1,0,0,116.17414909999999,0.00000000000000,39.76490000000000,0,Hardware: Legacy Flip,-0.13110000000000,11.63410000000000,50.04600000000000,0.00000000000000,-38.38850000000000,15.42250000000000,0.00000000000000
ruffle.exe,9152,0x0000000000000000,Other,1,0,0,116.20110249999999,0.00000000000000,26.95340000000000,0,Hardware: Legacy Flip,-0.10540000000000,1.29600000000000,16.61530000000000,0.00000000000000,-15.28830000000000,15.05600000000000,0.00000000000000
ruffle.exe,9152,0x0000000000000000,Other,1,0,0,116.23091080000000,0.00000000000000,29.80830000000000,0,Hardware: Legacy Flip,-0.10690000000000,4.83550000000000,33.34780000000000,0.00000000000000,-28.49570000000000,13.54290000000000,0.00000000000000
ruffle.exe,9152,0x0000000000000000,Other,1,0,0,116.26893580000001,0.00000000000000,38.02500000000000,0,Hardware: Legacy Flip,-0.12620000000000,16.84750000000000,50.03700000000000,0.00000000000000,-33.17500000000000,13.77280000000000,0.00000000000000
ruffle.exe,9152,0x0000000000000000,Other,1,0,0,116.30114000000000,0.00000000000000,32.20420000000000,0,Hardware: Legacy Flip,-0.12230000000000,1.31210000000000,16.66880000000000,0.00000000000000,-15.32590000000000,13.97510000000000,0.00000000000000
ruffle.exe,9152,0x0000000000000000,Other,1,0,0,116.33531900000001,0.00000000000000,34.17900000000000,0,Hardware: Legacy Flip,-0.13920000000000,0.42580000000000,33.29270000000000,0.00000000000000,-32.84910000000000,13.71180000000000,0.00000000000000
ruffle.exe,9152,0x0000000000000000,Other,1,0,0,116.37893980000000,0.00000000000000,43.62080000000000,0,Hardware: Legacy Flip,-0.18350000000000,6.87530000000000,50.07030000000000,0.00000000000000,-43.15860000000000,15.34480000000000,0.00000000000000
ruffle.exe,9152,0x0000000000000000,Other,1,0,0,116.41179660000000,0.00000000000000,32.85680000000000,0,Hardware: Legacy Flip,-0.13070000000000,7.33990000000000,33.32140000000000,0.00000000000000,-25.95590000000000,15.66260000000000,0.00000000000000
ruffle.exe,9152,0x0000000000000000,Other,1,0,0,116.43693520000001,0.00000000000000,25.13860000000000,0,Hardware: Legacy Flip,-0.22980000000000,15.51160000000000,33.31030000000001,0.00000000000000,-17.77430000000000,13.72020000000000,0.00000000000000
ruffle.exe,9152,0x0000000000000000,Other,1,0,0,116.47086210000001,0.00000000000000,33.92690000000000,0,Hardware: Legacy Flip,-0.13010000000000,14.93820000000000,33.35350000000000,0.00000000000000,-18.39270000000000,13.81770000000000,0.00000000000000
ruffle.exe,9152,0x0000000000000000,Other,1,0,0,116.69945190000000,0.00000000000000,228.58980000000000,0,Hardware: Legacy Flip,-0.18400000000000,3.04090000000000,216.69250000000002,0.00000000000000,-213.62230000000002,16.48550000000000,0.00000000000000
ruffle.exe,9152,0x0000000000000000,Other,1,0,0,116.71865360000001,0.00000000000000,19.20170000000000,0,Hardware: Legacy Flip,-0.16550000000000,0.47770000000000,16.63850000000000,0.00000000000000,-16.13790000000000,15.43120000000000,0.00000000000000
ruffle.exe,9152,0x0000000000000000,Other,1,0,0,116.74791710000001,0.00000000000000,29.26350000000000,0,Hardware: Legacy Flip,-0.14010000000000,4.60820000000000,33.39400000000000,0.00000000000000,-28.47750000000000,13.49840000000000,0.00000000000000
ruffle.exe,9152,0x0000000000000000,Other,1,0,0,116.77837720000001,0.00000000000000,30.46010000000000,0,Hardware: Legacy Flip,-0.11980000000000,7.50140000000000,33.35330000000000,0.00000000000000,-25.81530000000000,13.92040000000000,0.00000000000000
ruffle.exe,9152,0x0000000000000000,Other,1,0,0,116.80918330000000,0.00000000000000,30.80610000000000,0,Hardware: Legacy Flip,-0.11170000000000,10.02910000000000,33.33380000000000,0.00000000000000,-23.26810000000000,13.87200000000000,0.00000000000000
ruffle.exe,9152,0x0000000000000000,Other,1,0,0,116.84211780000001,0.00000000000000,32.93450000000000,0,Hardware: Legacy Flip,-0.13700000000000,10.40680000000000,33.31220000000000,0.00000000000000,-22.87760000000000,13.89500000000000,0.00000000000000
ruffle.exe,9152,0x0000000000000000,Other,1,0,0,116.87860260000001,0.00000000000000,36.48480000000000,0,Hardware: Legacy Flip,-0.10950000000000,7.24530000000000,33.32330000000000,0.00000000000000,-26.04430000000000,15.81360000000000,0.00000000000000
ruffle.exe,9152,0x0000000000000000,Other,1,0,0,116.91218490000000,0.00000000000000,33.58230000000000,0,Hardware: Legacy Flip,-0.17070000000000,6.99800000000000,33.33500000000000,0.00000000000000,-26.30660000000000,15.72370000000000,0.00000000000000
ruffle.exe,9152,0x0000000000000000,Other,1,0,0,116.94452220000001,0.00000000000000,32.33730000000000,0,Hardware: Legacy Flip,-0.16510000000000,8.00510000000000,33.34440000000000,0.00000000000000,-25.30710000000000,14.26850000000000,0.00000000000000
ruffle.exe,9152,0x0000000000000000,Other,1,0,0,116.97801790000001,0.00000000000000,33.49570000000000,0,Hardware: Legacy Flip,-0.12360000000000,7.81940000000000,33.31000000000000,0.00000000000000,-25.45740000000000,14.04350000000000,0.00000000000000
ruffle.exe,9152,0x0000000000000000,Other,1,0,0,117.00836190000001,0.00000000000000,30.34400000000000,0,Hardware: Legacy Flip,-0.14500000000000,10.83770000000000,33.36230000000000,0.00000000000000,-22.49200000000000,13.84050000000000,0.00000000000000
ruffle.exe,9152,0x0000000000000000,Other,1,0,0,117.04451600000000,0.00000000000000,36.15410000000000,0,Hardware: Legacy Flip,-0.13590000000000,7.99770000000000,33.31410000000000,0.00000000000000,-25.28840000000000,13.92140000000000,0.00000000000000
ruffle.exe,9152,0x0000000000000000,Other,1,0,0,117.07619760000000,0.00000000000000,31.68160000000000,0,Hardware: Legacy Flip,-0.11730000000000,9.66500000000000,33.34890000000000,0.00000000000000,-23.65150000000000,14.07470000000000,0.00000000000000
ruffle.exe,9152,0x0000000000000000,Other,1,0,0,117.11450730000000,0.00000000000000,38.30970000000000,0,Hardware: Legacy Flip,-0.11950000000000,4.81060000000000,33.45530000000000,0.00000000000000,-28.61240000000000,15.64440000000000,0.00000000000000
ruffle.exe,9152,0x0000000000000000,Other,1,0,0,117.14597000000001,0.00000000000000,31.46270000000000,0,Hardware: Legacy Flip,-0.13680000000000,6.58490000000000,33.23700000000000,0.00000000000000,-26.61460000000000,15.75560000000000,0.00000000000000
ruffle.exe,9152,0x0000000000000000,Other,1,0,0,117.18138010000000,0.00000000000000,35.41010000000000,0,Hardware: Legacy Flip,-0.09840000000000,4.44430000000000,33.26950000000000,0.00000000000000,-28.78330000000000,14.14220000000000,0.00000000000000
ruffle.exe,9152,0x0000000000000000,Other,1,0,0,117.20917700000000,0.00000000000000,27.79690000000000,0,Hardware: Legacy Flip,-0.11160000000000,10.03840000000000,33.39100000000000,0.00000000000000,-23.32860000000000,14.04260000000000,0.00000000000000
ruffle.exe,9152,0x0000000000000000,Other,1,0,0,117.24862230000001,0.00000000000000,39.44530000000000,0,Hardware: Legacy Flip,-0.15980000000000,3.91410000000000,33.32100000000001,0.00000000000000,-29.37810000000000,14.12450000000000,0.00000000000000
ruffle.exe,9152,0x0000000000000000,Other,1,0,0,117.28060010000000,0.00000000000000,31.97780000000000,0,Hardware: Legacy Flip,-0.10530000000000,5.28200000000000,33.34570000000000,0.00000000000000,-28.02860000000000,14.20100000000000,0.00000000000000
ruffle.exe,9152,0x0000000000000000,Other,1,0,0,117.31458110000000,0.00000000000000,33.98100000000000,0,Hardware: Legacy Flip,-0.11790000000000,4.69520000000000,33.39420000000000,0.00000000000000,-28.67330000000000,15.92070000000000,0.00000000000000
ruffle.exe,9152,0x0000000000000000,Other,1,0,0,117.34776720000001,0.00000000000000,33.18610000000000,0,Hardware: Legacy Flip,-0.15890000000000,4.81680000000000,33.30770000000000,0.00000000000000,-28.45250000000000,16.12570000000000,0.00000000000000
ruffle.exe,9152,0x0000000000000000,Other,1,0,0,117.37906180000000,0.00000000000000,31.29460000000000,0,Hardware: Legacy Flip,-0.11600000000000,6.82430000000000,33.30210000000000,0.00000000000000,-26.42890000000000,14.13710000000000,0.00000000000000
ruffle.exe,9152,0x0000000000000000,Other,1,0,0,117.41108730000001,0.00000000000000,32.02550000000000,0,Hardware: Legacy Flip,-0.15230000000000,8.16070000000000,33.36190000000000,0.00000000000000,-25.17430000000000,14.10090000000000,0.00000000000000
ruffle.exe,9152,0x0000000000000000,Other,1,0,0,117.44562660000001,0.00000000000000,34.53930000000000,0,Hardware: Legacy Flip,-0.13390000000000,6.94220000000000,33.32080000000000,0.00000000000000,-26.34780000000000,14.10550000000000,0.00000000000000
ruffle.exe,9152,0x0000000000000000,Other,1,0,0,117.63344900000000,0.00000000000000,187.82240000000002,0,Hardware: Legacy Flip,-0.16250000000000,2.49010000000000,183.37030000000001,0.00000000000000,-180.83870000000002,14.78740000000000,0.00000000000000
ruffle.exe,9152,0x0000000000000000,Other,1,0,0,117.67511310000000,0.00000000000000,41.66410000000000,0,Hardware: Legacy Flip,-0.15000000000000,10.90970000000000,50.08370000000000,0.00000000000000,-39.14650000000000,14.65150000000000,0.00000000000000
ruffle.exe,9152,0x0000000000000000,Other,1,0,0,117.69359890000000,0.00000000000000,18.48580000000000,0,Hardware: Legacy Flip,-0.13760000000000,9.08630000000000,16.66240000000000,0.00000000000000,-13.62300000000000,13.28120000000000,0.00000000000000
ruffle.exe,9152,0x0000000000000000,Other,1,0,0,117.71141540000001,0.00000000000000,17.81650000000000,0,Hardware: Legacy Flip,-0.14190000000000,7.82360000000000,16.55380000000000,0.00000000000000,-13.35320000000000,13.07770000000000,0.00000000000000
ruffle.exe,9152,0x0000000000000000,Other,1,0,0,117.74814590000001,0.00000000000000,36.73050000000000,0,Hardware: Legacy Flip,-0.12050000000000,4.45330000000000,33.36020000000000,0.00000000000000,-28.87220000000000,15.08700000000000,0.00000000000000
ruffle.exe,9152,0x0000000000000000,Other,1,0,0,117.79030990000000,0.00000000000000,42.16400000000000,0,Hardware: Legacy Flip,-0.12710000000000,12.41150000000000,50.12220000000000,0.00000000000000,-37.68280000000000,15.48930000000000,0.00000000000000
ruffle.exe,9152,0x0000000000000000,Other,1,0,0,117.82351570000000,0.00000000000000,33.20580000000000,0,Hardware: Legacy Flip,-0.14580000000000,12.50130000000000,33.29560000000000,0.00000000000000,-20.76250000000000,13.38720000000000,0.00000000000000
ruffle.exe,9152,0x0000000000000000,Other,1,0,0,117.84435120000001,0.00000000000000,20.83550000000000,0,Hardware: Legacy Flip,-0.13080000000000,8.23130000000000,16.56550000000000,0.00000000000000,-13.31840000000000,13.02910000000000,0.00000000000000
ruffle.exe,9152,0x0000000000000000,Other,1,0,0,117.87950570000000,0.00000000000000,35.15450000000000,0,Hardware: Legacy Flip,-0.12910000000000,6.44630000000000,33.36950000000000,0.00000000000000,-26.88240000000000,13.70330000000000,0.00000000000000
ruffle.exe,9152,0x0000000000000000,Other,1,0,0,117.91260570000000,0.00000000000000,33.10000000000000,0,Hardware: Legacy Flip,-0.13040000000000,6.75160000000000,33.40530000000000,0.00000000000000,-26.62560000000000,13.59980000000000,0.00000000000000
ruffle.exe,9152,0x0000000000000000,Other,1,0,0,117.94141720000000,0.00000000000000,28.81150000000000,0,Hardware: Legacy Flip,-0.11430000000000,11.19180000000000,33.25170000000000,0.00000000000000,-22.02170000000000,13.40390000000000,0.00000000000000
ruffle.exe,9152,0x0000000000000000,Other,1,0,0,117.98102390000000,0.00000000000000,39.60670000000000,0,Hardware: Legacy Flip,-0.15800000000000,4.88170000000000,33.29660000000001,0.00000000000000,-28.38730000000000,15.60650000000000,0.00000000000000
ruffle.exe,9152,0x0000000000000000,Other,1,0,0,118.01346380000000,0.00000000000000,32.43990000000000,0,Hardware: Legacy Flip,-0.12810000000000,5.82720000000000,33.38540000000000,0.00000000000000,-27.52370000000000,15.10970000000000,0.00000000000000
ruffle.exe,9152,0x0000000000000000,Other,1,0,0,118.04613649999999,0.00000000000000,32.67270000000000,0,Hardware: Legacy Flip,-0.11210000000000,6.51070000000000,33.35620000000000,0.00000000000000,-26.81910000000000,13.30950000000000,0.00000000000000
ruffle.exe,9152,0x0000000000000000,Other,1,0,0,118.07713390000001,0.00000000000000,30.99740000000000,0,Hardware: Legacy Flip,-0.15250000000000,8.82710000000000,33.31380000000000,0.00000000000000,-24.44570000000000,13.76690000000000,0.00000000000000
ruffle.exe,9152,0x0000000000000000,Other,1,0,0,118.11270860000000,0.00000000000000,35.57470000000000,0,Hardware: Legacy Flip,-0.14970000000000,6.56560000000000,33.31320000000000,0.00000000000000,-26.71390000000000,13.36270000000000,0.00000000000000
ruffle.exe,9152,0x0000000000000000,Other,1,0,0,118.14120339999999,0.00000000000000,28.49480000000000,0,Hardware: Legacy Flip,-0.09510000000000,11.41660000000000,33.34580000000000,0.00000000000000,-21.89890000000000,13.34800000000000,0.00000000000000
ruffle.exe,9152,0x0000000000000000,Other,1,0,0,118.19002400000001,0.00000000000000,48.82060000000000,0,Hardware: Legacy Flip,-0.14560000000000,12.61920000000000,50.02320000000000,0.00000000000000,-37.37280000000001,15.39300000000000,0.00000000000000
ruffle.exe,9152,0x0000000000000000,Other,1,0,0,118.21303490000000,0.00000000000000,23.01090000000000,0,Hardware: Legacy Flip,-0.10900000000000,6.24360000000000,16.63530000000000,0.00000000000000,-14.75980000000000,14.53850000000000,0.00000000000000
ruffle.exe,9152,0x0000000000000000,Other,1,0,0,118.24137410000000,0.00000000000000,28.33920000000000,0,Hardware: Legacy Flip,-0.11550000000000,11.25800000000000,33.35360000000000,0.00000000000000,-22.06610000000000,13.27820000000000,0.00000000000000
ruffle.exe,9152,0x0000000000000000,Other,1,0,0,118.27727680000001,0.00000000000000,35.90270000000000,0,Hardware: Legacy Flip,-0.15690000000000,8.67820000000000,33.32290000000000,0.00000000000000,-24.61750000000000,13.56470000000000,0.00000000000000
ruffle.exe,9152,0x0000000000000000,Other,1,0,0,118.31662560000001,0.00000000000000,39.34880000000000,0,Hardware: Legacy Flip,-0.10880000000000,2.66860000000000,33.33920000000000,0.00000000000000,-30.63190000000000,13.32550000000000,0.00000000000000
ruffle.exe,9152,0x0000000000000000,Other,1,0,0,118.34390880000001,0.00000000000000,27.28320000000000,0,Hardware: Legacy Flip,-0.13250000000000,8.72810000000000,33.34270000000000,0.00000000000000,-24.58560000000000,13.34090000000000,0.00000000000000
ruffle.exe,9152,0x0000000000000000,Other,1,0,0,118.38432110000001,0.00000000000000,40.41230000000000,0,Hardware: Legacy Flip,-0.12020000000000,1.63710000000000,33.32130000000000,0.00000000000000,-31.63810000000000,13.58640000000000,0.00000000000000
ruffle.exe,9152,0x0000000000000000,Other,1,0,0,118.41351170000000,0.00000000000000,29.19060000000000,0,Hardware: Legacy Flip,-0.14050000000000,5.77760000000000,33.33110000000000,0.00000000000000,-27.52740000000000,15.10130000000000,0.00000000000000
ruffle.exe,9152,0x0000000000000000,Other,1,0,0,118.45179410000000,0.00000000000000,38.28240000000000,0,Hardware: Legacy Flip,-0.10910000000000,0.84850000000000,33.35330000000000,0.00000000000000,-29.50610000000000,14.79170000000000,0.00000000000000
ruffle.exe,9152,0x0000000000000000,Other,1,0,0,118.65624300000000,0.00000000000000,204.44890000000001,0,Hardware: Legacy Flip,-0.16650000000000,13.08330000000000,216.68370000000002,0.00000000000000,-203.57970000000000,14.30060000000000,0.00000000000000
ruffle.exe,9152,0x0000000000000000,Other,1,0,0,118.69542230000000,0.00000000000000,39.17930000000000,0,Hardware: Legacy Flip,-0.12140000000000,7.24600000000000,33.34200000000000,0.00000000000000,-26.06770000000000,15.29520000000000,0.00000000000000
ruffle.exe,9152,0x0000000000000000,Other,1,0,0,118.71235610000001,0.00000000000000,16.93380000000000,0,Hardware: Legacy Flip,-0.10410000000000,6.96100000000000,16.64880000000000,0.00000000000000,-14.83850000000000,14.57780000000000,0.00000000000000
ruffle.exe,9152,0x0000000000000000,Other,1,0,0,118.73861810000001,0.00000000000000,26.26200000000000,0,Hardware: Legacy Flip,-0.14270000000000,14.06570000000000,33.36670000000000,0.00000000000000,-19.27640000000000,13.48190000000000,0.00000000000000
ruffle.exe,9152,0x0000000000000000,Other,1,0,0,118.77397730000000,0.00000000000000,35.35920000000000,0,Hardware: Legacy Flip,-0.12640000000000,12.05330000000000,33.34680000000000,0.00000000000000,-21.26520000000000,13.50190000000000,0.00000000000000
ruffle.exe,9152,0x0000000000000000,Other,1,0,0,118.80694830000000,0.00000000000000,32.97100000000000,0,Hardware: Legacy Flip,-0.11140000000000,12.39380000000000,33.31150000000000,0.00000000000000,-20.88970000000000,13.19180000000000,0.00000000000000
ruffle.exe,9152,0x0000000000000000,Other,1,0,0,118.83943210000001,0.00000000000000,32.48380000000000,0,Hardware: Legacy Flip,-0.11720000000000,13.32230000000000,33.41230000000000,0.00000000000000,-20.06550000000000,13.35670000000000,0.00000000000000
ruffle.exe,9152,0x0000000000000000,Other,1,0,0,118.87838210000001,0.00000000000000,38.95000000000000,0,Hardware: Legacy Flip,-0.12710000000000,7.63190000000000,33.25960000000000,0.00000000000000,-25.59280000000000,13.35970000000000,0.00000000000000
ruffle.exe,9152,0x0000000000000000,Other,1,0,0,118.91722600000000,0.00000000000000,38.84390000000000,0,Hardware: Legacy Flip,-0.13950000000000,2.17650000000000,33.38850000000000,0.00000000000000,-31.18610000000000,15.05840000000000,0.00000000000000
ruffle.exe,9152,0x0000000000000000,Other,1,0,0,118.94331699999999,0.00000000000000,26.09100000000000,0,Hardware: Legacy Flip,-0.12930000000000,9.41870000000000,33.33320000000001,0.00000000000000,-23.88430000000000,15.26020000000000,0.00000000000000
ruffle.exe,9152,0x0000000000000000,Other,1,0,0,118.98023900000000,0.00000000000000,36.92200000000000,0,Hardware: Legacy Flip,-0.12170000000000,5.77670000000000,33.28000000000000,0.00000000000000,-27.46860000000000,13.48800000000000,0.00000000000000
ruffle.exe,9152,0x0000000000000000,Other,1,0,0,119.00664270000000,0.00000000000000,26.40370000000000,0,Hardware: Legacy Flip,-0.15290000000000,12.69280000000000,33.31980000000000,0.00000000000000,-20.59840000000000,13.29840000000000,0.00000000000000
ruffle.exe,9152,0x0000000000000000,Other,1,0,0,119.04468900000001,0.00000000000000,38.04630000000000,0,Hardware: Legacy Flip,-0.13630000000000,8.04290000000000,33.39640000000000,0.00000000000000,-25.32920000000000,13.77320000000000,0.00000000000000
ruffle.exe,9152,0x0000000000000000,Other,1,0,0,119.07915130000001,0.00000000000000,34.46230000000000,0,Hardware: Legacy Flip,-0.15540000000000,6.89240000000000,33.31180000000000,0.00000000000000,-26.37220000000000,13.60780000000000,0.00000000000000
ruffle.exe,9152,0x0000000000000000,Other,1,0,0,119.11294940000001,0.00000000000000,33.79810000000001,0,Hardware: Legacy Flip,-0.11440000000000,6.44800000000000,33.35370000000000,0.00000000000000,-26.86710000000000,14.94290000000000,0.00000000000000
ruffle.exe,9152,0x0000000000000000,Other,1,0,0,119.14818930000000,0.00000000000000,35.23990000000000,0,Hardware: Legacy Flip,-0.11090000000000,4.51080000000000,33.30270000000000,0.00000000000000,-28.76480000000000,15.27390000000000,0.00000000000000
ruffle.exe,9152,0x0000000000000000,Other,1,0,0,119.17885370000000,0.00000000000000,30.66440000000000,0,Hardware: Legacy Flip,-0.12310000000000,7.18590000000000,33.33950000000000,0.00000000000000,-26.12190000000000,13.46070000000000,0.00000000000000
ruffle.exe,9152,0x0000000000000000,Other,1,0,0,119.20732980000001,0.00000000000000,28.47610000000000,0,Hardware: Legacy Flip,-0.12110000000000,12.13870000000000,33.42890000000000,0.00000000000000,-21.25170000000000,13.42030000000000,0.00000000000000
ruffle.exe,9152,0x0000000000000000,Other,1,0,0,119.24281720000000,0.00000000000000,35.48740000000000,0,Hardware: Legacy Flip,-0.13500000000000,9.93390000000000,33.28260000000000,0.00000000000000,-23.31550000000000,13.70200000000000,0.00000000000000
ruffle.exe,9152,0x0000000000000000,Other,1,0,0,119.27345870000001,0.00000000000000,30.64150000000000,0,Hardware: Legacy Flip,-0.10800000000000,12.57870000000000,33.28630000000000,0.00000000000000,-20.67380000000000,13.55710000000000,0.00000000000000
ruffle.exe,9152,0x0000000000000000,Other,1,0,0,119.30934910000001,0.00000000000000,35.89040000000000,0,Hardware: Legacy Flip,-0.12700000000000,10.04340000000000,33.35510000000000,0.00000000000000,-23.28350000000000,13.57680000000000,0.00000000000000
ruffle.exe,9152,0x0000000000000000,Other,1,0,0,119.34930210000000,0.00000000000000,39.95300000000000,0,Hardware: Legacy Flip,-0.10390000000000,3.41030000000000,33.31990000000000,0.00000000000000,-29.87150000000000,15.46300000000000,0.00000000000000
ruffle.exe,9152,0x0000000000000000,Other,1,0,0,119.38228680000000,0.00000000000000,32.98470000000000,0,Hardware: Legacy Flip,-0.18780000000000,3.79140000000000,33.36580000000000,0.00000000000000,-29.55060000000000,15.46380000000000,0.00000000000000
ruffle.exe,9152,0x0000000000000000,Other,1,0,0,119.41248240000000,0.00000000000000,30.19560000000000,0,Hardware: Legacy Flip,-0.11700000000000,6.93280000000000,33.33700000000000,0.00000000000000,-26.37480000000000,13.59070000000000,0.00000000000000
ruffle.exe,9152,0x0000000000000000,Other,1,0,0,119.44277030000001,0.00000000000000,30.28790000000000,0,Hardware: Legacy Flip,-0.19210000000000,9.99970000000000,33.35480000000000,0.00000000000000,-23.32790000000000,13.83280000000000,0.00000000000000
ruffle.exe,9152,0x0000000000000000,Other,1,0,0,119.47442780000000,0.00000000000000,31.65750000000000,0,Hardware: Legacy Flip,-0.13070000000000,11.65130000000000,33.30910000000000,0.00000000000000,-21.62840000000000,13.71000000000000,0.00000000000000
ruffle.exe,9152,0x0000000000000000,Other,1,0,0,119.67245849999999,0.00000000000000,198.03070000000000,0,Hardware: Legacy Flip,-0.16040000000000,13.65580000000000,200.03520000000000,0.00000000000000,-186.34800000000001,14.49840000000000,0.00000000000000
ruffle.exe,9152,0x0000000000000000,Other,1,0,0,119.68997770000000,0.00000000000000,17.51920000000000,0,Hardware: Legacy Flip,-0.11080000000000,12.81350000000000,16.67690000000000,0.00000000000000,-13.49390000000000,13.24450000000000,0.00000000000000
ruffle.exe,9152,0x0000000000000000,Other,1,0,0,119.71327130000000,0.00000000000000,23.29360000000000,0,Hardware: Legacy Flip,-0.11730000000000,6.16950000000000,16.64960000000000,0.00000000000000,-13.47030000000000,13.24370000000000,0.00000000000000
ruffle.exe,9152,0x0000000000000000,Other,1,0,0,119.74107540000000,0.00000000000000,27.80410000000000,0,Hardware: Legacy Flip,-0.13390000000000,11.69500000000000,33.32960000000000,0.00000000000000,-21.60950000000000,13.86500000000000,0.00000000000000
ruffle.exe,9152,0x0000000000000000,Other,1,0,0,119.78159699999999,0.00000000000000,40.52160000000000,0,Hardware: Legacy Flip,-0.11190000000000,4.48630000000000,33.31290000000000,0.00000000000000,-28.79030000000000,15.49190000000000,0.00000000000000
ruffle.exe,9152,0x0000000000000000,Other,1,0,0,119.81027109999999,0.00000000000000,28.67410000000000,0,Hardware: Legacy Flip,-0.09290000000000,9.16700000000000,33.35480000000000,0.00000000000000,-24.15260000000000,15.38610000000000,0.00000000000000
ruffle.exe,9152,0x0000000000000000,Other,1,0,0,119.84647270000001,0.00000000000000,36.20160000000000,0,Hardware: Legacy Flip,-0.12670000000000,6.30040000000000,33.33500000000000,0.00000000000000,-27.00880000000000,13.94850000000000,0.00000000000000
ruffle.exe,9152,0x0000000000000000,Other,1,0,0,119.89197229999999,0.00000000000000,45.49960000000000,0,Hardware: Legacy Flip,-0.11760000000000,10.83250000000000,50.03170000000000,0.00000000000000,-39.16780000000000,13.94110000000000,0.00000000000000
ruffle.exe,9152,0x0000000000000000,Other,1,0,0,119.91076950000000,0.00000000000000,18.79720000000000,0,Hardware: Legacy Flip,-0.14320000000000,8.73260000000000,16.69730000000000,0.00000000000000,-13.92840000000000,13.49800000000000,0.00000000000000
ruffle.exe,9152,0x0000000000000000,Other,1,0,0,119.94520110000001,0.00000000000000,34.43160000000000,0,Hardware: Legacy Flip,-0.10280000000000,7.58140000000000,33.28040000000000,0.00000000000000,-25.66730000000000,13.87380000000000,0.00000000000000
ruffle.exe,9152,0x0000000000000000,Other,1,0,0,119.98892130000000,0.00000000000000,43.72020000000001,0,Hardware: Legacy Flip,-0.10260000000000,13.88080000000000,50.01960000000000,0.00000000000000,-36.08370000000000,15.59070000000000,0.00000000000000
ruffle.exe,9152,0x0000000000000000,Other,1,0,0,120.01047470000000,0.00000000000000,21.55340000000000,0,Hardware: Legacy Flip,-0.11320000000000,8.96320000000000,16.63580000000000,0.00000000000000,-15.29590000000000,15.05010000000000,0.00000000000000
