Application,ProcessID,SwapChainAddress,Runtime,SyncInterval,PresentFlags,Dropped,TimeInSeconds,msInPresentAPI,msBetweenPresents,AllowsTearing,PresentMode,msUntilRenderComplete,msUntilDisplayed,msBetweenDisplayChange,msFlipDelay,msUntilRenderStart,msGPUActive,msSinceInput
ruffle.exe,11016,0x0000000000000000,Other,-1,0,0,15.10761780000000,0.00000000000000,73.78930000000000,0,Composed: Copy with GPU GDI,0.89730000000000,23.94530000000000,66.67160000000000,0.00000000000000,-15.69220000000000,13.77040000000000,0.00000000000000
ruffle.exe,11016,0x0000000000000000,Other,-1,0,0,15.16143760000000,0.00000000000000,53.81980000000000,0,Composed: Copy with GPU GDI,0.88950000000000,53.54170000000001,83.41620000000000,0.00000000000000,-17.62700000000000,14.10600000000000,0.00000000000000
ruffle.exe,11016,0x0000000000000000,Other,-1,0,1,15.21814160000000,0.00000000000000,56.70400000000000,0,Composed: Copy with GPU GDI,0.92900000000000,0.00000000000000,0.00000000000000,0.00000000000000,-16.40630000000000,14.17880000000000,0.00000000000000
ruffle.exe,11016,0x0000000000000000,Other,-1,0,1,15.25621040000000,0.00000000000000,38.06880000000000,0,Composed: Copy with GPU GDI,0.89410000000000,0.00000000000000,0.00000000000000,0.00000000000000,-14.76010000000000,14.36490000000000,0.00000000000000
ruffle.exe,11016,0x0000000000000000,Other,-1,0,0,15.30201150000000,0.00000000000000,45.80110000000001,0,Composed: Copy with GPU GDI,0.91070000000000,312.93260000000004,399.96480000000003,0.00000000000000,-14.78050000000000,14.48860000000000,0.00000000000000
ruffle.exe,11016,0x0000000000000000,Other,-1,0,0,15.65988040000000,0.00000000000000,357.86890000000000,0,Composed: Copy with GPU GDI,1.97620000000000,21.70780000000000,66.64410000000001,0.00000000000000,-23.54790000000000,14.77210000000000,0.00000000000000
ruffle.exe,11016,0x0000000000000000,Other,-1,0,1,15.71357500000000,0.00000000000000,53.69460000000000,0,Composed: Copy with GPU GDI,0.95270000000000,0.00000000000000,0.00000000000000,0.00000000000000,-14.59760000000000,14.52670000000000,0.00000000000000
ruffle.exe,11016,0x0000000000000000,Other,-1,0,1,15.74826500000000,0.00000000000000,34.69000000000000,0,Composed: Copy with GPU GDI,0.94490000000000,0.00000000000000,0.00000000000000,0.00000000000000,-14.08540000000000,14.19700000000000,0.00000000000000
ruffle.exe,11016,0x0000000000000000,Other,-1,0,1,15.78816530000000,0.00000000000000,39.90030000000000,0,Composed: Copy with GPU GDI,0.90320000000000,0.00000000000000,0.00000000000000,0.00000000000000,-14.83500000000000,14.42760000000000,0.00000000000000
ruffle.exe,11016,0x0000000000000000,Other,-1,0,1,15.82843620000000,0.00000000000000,40.27090000000000,0,Composed: Copy with GPU GDI,0.95470000000000,0.00000000000000,0.00000000000000,0.00000000000000,-19.02620000000000,13.69460000000000,0.00000000000000
ruffle.exe,11016,0x0000000000000000,Other,-1,0,1,15.88471930000000,0.00000000000000,56.28310000000000,0,Composed: Copy with GPU GDI,0.90000000000000,0.00000000000000,0.00000000000000,0.00000000000000,-13.26300000000000,13.25660000000000,0.00000000000000
ruffle.exe,11016,0x0000000000000000,Other,-1,0,1,15.91556700000000,0.00000000000000,30.84770000000000,0,Composed: Copy with GPU GDI,0.97960000000000,0.00000000000000,0.00000000000000,0.00000000000000,-13.50800000000000,13.29650000000000,0.00000000000000
ruffle.exe,11016,0x0000000000000000,Other,-1,0,1,15.95249220000000,0.00000000000000,36.92520000000000,0,Composed: Copy with GPU GDI,0.91050000000000,0.00000000000000,0.00000000000000,0.00000000000000,-16.83640000000000,13.12640000000000,0.00000000000000
ruffle.exe,11016,0x0000000000000000,Other,-1,0,1,15.99557900000000,0.00000000000000,43.08680000000000,0,Composed: Copy with GPU GDI,0.90440000000000,0.00000000000000,0.00000000000000,0.00000000000000,-14.27340000000000,14.16400000000000,0.00000000000000
ruffle.exe,11016,0x0000000000000000,Other,-1,0,1,16.05354880000000,0.00000000000000,57.96980000000000,0,Composed: Copy with GPU GDI,0.90330000000000,0.00000000000000,0.00000000000000,0.00000000000000,-15.39180000000000,14.65750000000000,0.00000000000000
ruffle.exe,11016,0x0000000000000000,Other,-1,0,1,16.09191530000000,0.00000000000000,38.36650000000000,0,Composed: Copy with GPU GDI,0.87860000000000,0.00000000000000,0.00000000000000,0.00000000000000,-12.97860000000000,13.05940000000000,0.00000000000000
ruffle.exe,11016,0x0000000000000000,Other,-1,0,1,16.12071520000000,0.00000000000000,28.79990000000000,0,Composed: Copy with GPU GDI,0.88580000000000,0.00000000000000,0.00000000000000,0.00000000000000,-13.36770000000000,13.11390000000000,0.00000000000000
ruffle.exe,11016,0x0000000000000000,Other,-1,0,1,16.15131860000000,0.00000000000000,30.60340000000000,0,Composed: Copy with GPU GDI,0.95410000000000,0.00000000000000,0.00000000000000,0.00000000000000,-12.89060000000000,12.86850000000000,0.00000000000000
ruffle.exe,11016,0x0000000000000000,Other,-1,0,1,16.18621420000000,0.00000000000000,34.89560000000000,0,Composed: Copy with GPU GDI,0.89510000000000,0.00000000000000,0.00000000000000,0.00000000000000,-14.53300000000000,14.18800000000000,0.00000000000000
ruffle.exe,11016,0x0000000000000000,Other,-1,0,1,16.22077710000000,0.00000000000000,34.56290000000000,0,Composed: Copy with GPU GDI,0.93050000000000,0.00000000000000,0.00000000000000,0.00000000000000,-14.94160000000000,14.67230000000000,0.00000000000000
ruffle.exe,11016,0x0000000000000000,Other,-1,0,1,16.24945320000000,0.00000000000000,28.67610000000000,0,Composed: Copy with GPU GDI,0.91240000000000,0.00000000000000,0.00000000000000,0.00000000000000,-12.72600000000000,12.72720000000000,0.00000000000000
ruffle.exe,11016,0x0000000000000000,Other,-1,0,1,16.27131900000000,0.00000000000000,21.86580000000000,0,Composed: Copy with GPU GDI,0.90060000000000,0.00000000000000,0.00000000000000,0.00000000000000,-12.29160000000000,12.33850000000000,0.00000000000000
ruffle.exe,11016,0x0000000000000000,Other,-1,0,0,16.57004050000000,0.00000000000000,298.72149999999999,0,Composed: Copy with GPU GDI,0.91500000000000,94.97180000000000,983.42410000000007,0.00000000000000,-18.64040000000000,13.92320000000000,0.00000000000000
ruffle.exe,11016,0x0000000000000000,Other,-1,0,0,16.65033330000000,0.00000000000000,80.29280000000000,0,Composed: Copy with GPU GDI,1.03490000000000,31.45670000000000,16.77770000000000,0.00000000000000,-19.83840000000000,15.72640000000000,0.00000000000000
ruffle.exe,11016,0x0000000000000000,Other,-1,0,0,16.69200290000000,0.00000000000000,41.66960000000000,0,Composed: Copy with GPU GDI,2.46180000000000,23.05970000000000,33.27260000000000,0.00000000000000,-15.74350000000000,13.77260000000000,0.00000000000000
ruffle.exe,11016,0x0000000000000000,Other,-1,0,1,16.73617220000000,0.00000000000000,44.16930000000000,0,Composed: Copy with GPU GDI,0.93360000000000,0.00000000000000,0.00000000000000,0.00000000000000,-21.86480000000000,13.22890000000000,0.00000000000000
ruffle.exe,11016,0x0000000000000000,Other,-1,0,1,16.85560920000000,0.00000000000000,119.43700000000001,0,Composed: Copy with GPU GDI,0.84080000000000,0.00000000000000,0.00000000000000,0.00000000000000,-13.37180000000000,12.96600000000000,0.00000000000000
ruffle.exe,11016,0x0000000000000000,Other,-1,0,1,16.91760650000000,0.00000000000000,61.99730000000000,0,Composed: Copy with GPU GDI,0.66760000000000,0.00000000000000,0.00000000000000,0.00000000000000,-14.25870000000000,14.01860000000000,0.00000000000000
ruffle.exe,11016,0x0000000000000000,Other,-1,0,1,16.95262210000000,0.00000000000000,35.01560000000000,0,Composed: Copy with GPU GDI,0.91270000000000,0.00000000000000,0.00000000000000,0.00000000000000,-13.62980000000000,13.29040000000000,0.00000000000000
ruffle.exe,11016,0x0000000000000000,Other,-1,0,1,17.01552360000000,0.00000000000000,62.90150000000001,0,Composed: Copy with GPU GDI,0.93370000000000,0.00000000000000,0.00000000000000,0.00000000000000,-22.25470000000000,15.45900000000000,0.00000000000000
ruffle.exe,11016,0x0000000000000000,Other,-1,0,1,17.05549320000000,0.00000000000000,39.96960000000000,0,Composed: Copy with GPU GDI,0.92120000000000,0.00000000000000,0.00000000000000,0.00000000000000,-11.85940000000000,11.49900000000000,0.00000000000000
ruffle.exe,11016,0x0000000000000000,Other,-1,0,1,17.09508130000000,0.00000000000000,39.58810000000000,0,Composed: Copy with GPU GDI,0.94460000000000,0.00000000000000,0.00000000000000,0.00000000000000,-18.00830000000000,13.53210000000000,0.00000000000000
ruffle.exe,11016,0x0000000000000000,Other,-1,0,1,17.13605520000000,0.00000000000000,40.97390000000000,0,Composed: Copy with GPU GDI,0.94890000000000,0.00000000000000,0.00000000000000,0.00000000000000,-12.44230000000000,12.13500000000000,0.00000000000000
ruffle.exe,11016,0x0000000000000000,Other,-1,0,1,17.17373800000000,0.00000000000000,37.68280000000000,0,Composed: Copy with GPU GDI,0.92590000000000,0.00000000000000,0.00000000000000,0.00000000000000,-14.40520000000000,13.49940000000000,0.00000000000000
ruffle.exe,11016,0x0000000000000000,Other,-1,0,1,17.22417470000000,0.00000000000000,50.43670000000000,0,Composed: Copy with GPU GDI,0.94500000000000,0.00000000000000,0.00000000000000,0.00000000000000,-24.81500000000000,12.43440000000000,0.00000000000000
ruffle.exe,11016,0x0000000000000000,Other,-1,0,1,17.27221780000000,0.00000000000000,48.04310000000000,0,Composed: Copy with GPU GDI,0.94680000000000,0.00000000000000,0.00000000000000,0.00000000000000,-15.25220000000000,14.71460000000000,0.00000000000000
ruffle.exe,11016,0x0000000000000000,Other,-1,0,1,17.60099690000000,0.00000000000000,328.77910000000003,0,Composed: Copy with GPU GDI,0.79820000000000,0.00000000000000,0.00000000000000,0.00000000000000,-14.53490000000000,14.36060000000000,0.00000000000000
ruffle.exe,11016,0x0000000000000000,Other,-1,0,1,17.66995930000000,0.00000000000000,68.96240000000000,0,Composed: Copy with GPU GDI,0.92170000000000,0.00000000000000,0.00000000000000,0.00000000000000,-18.94310000000000,13.54450000000000,0.00000000000000
ruffle.exe,11016,0x0000000000000000,Other,-1,0,1,17.73486890000000,0.00000000000000,64.90960000000000,0,Composed: Copy with GPU GDI,0.69300000000000,0.00000000000000,0.00000000000000,0.00000000000000,-13.70280000000000,13.46810000000000,0.00000000000000
ruffle.exe,11016,0x0000000000000000,Other,-1,0,1,17.77333700000000,0.00000000000000,38.46810000000000,0,Composed: Copy with GPU GDI,0.95860000000000,0.00000000000000,0.00000000000000,0.00000000000000,-14.88300000000000,14.45280000000000,0.00000000000000
ruffle.exe,11016,0x0000000000000000,Other,-1,0,1,17.84121790000000,0.00000000000000,67.88090000000000,0,Composed: Copy with GPU GDI,0.90630000000000,0.00000000000000,0.00000000000000,0.00000000000000,-20.40880000000000,14.43100000000000,0.00000000000000
ruffle.exe,11016,0x0000000000000000,Other,-1,0,1,17.90330940000000,0.00000000000000,62.09150000000000,0,Composed: Copy with GPU GDI,0.91250000000000,0.00000000000000,0.00000000000000,0.00000000000000,-14.41660000000000,13.82870000000000,0.00000000000000
ruffle.exe,11016,0x0000000000000000,Other,-1,0,1,17.94586230000000,0.00000000000000,42.55290000000000,0,Composed: Copy with GPU GDI,0.90080000000000,0.00000000000000,0.00000000000000,0.00000000000000,-17.66030000000000,12.27980000000000,0.00000000000000
ruffle.exe,11016,0x0000000000000000,Other,-1,0,1,18.02581090000000,0.00000000000000,79.94860000000000,0,Composed: Copy with GPU GDI,0.94020000000000,0.00000000000000,0.00000000000000,0.00000000000000,-16.31720000000000,15.64860000000000,0.00000000000000
ruffle.exe,11016,0x0000000000000000,Other,-1,0,1,18.08794880000000,0.00000000000000,62.13790000000000,0,Composed: Copy with GPU GDI,0.90590000000000,0.00000000000000,0.00000000000000,0.00000000000000,-32.32640000000000,13.13450000000000,0.00000000000000
ruffle.exe,11016,0x0000000000000000,Other,-1,0,1,18.14611200000000,0.00000000000000,58.16320000000000,0,Composed: Copy with GPU GDI,0.92590000000000,0.00000000000000,0.00000000000000,0.00000000000000,-14.63420000000000,14.48500000000000,0.00000000000000
ruffle.exe,11016,0x0000000000000000,Other,-1,0,0,18.22310920000000,0.00000000000000,76.99720000000001,0,Composed: Copy with GPU GDI,0.95090000000000,25.38310000000000,1533.42970000000014,0.00000000000000,-15.24050000000000,14.73430000000000,0.00000000000000
ruffle.exe,11016,0x0000000000000000,Other,-1,0,0,18.29444080000000,0.00000000000000,71.33160000000001,0,Composed: Copy with GPU GDI,0.89740000000000,54.09060000000000,100.03910000000000,0.00000000000000,-26.92430000000000,12.68010000000000,0.00000000000000
ruffle.exe,11016,0x0000000000000000,Other,-1,0,0,18.59610220000000,0.00000000000000,301.66140000000001,0,Composed: Copy with GPU GDI,0.91280000000000,52.40720000000000,299.97800000000001,0.00000000000000,-14.78380000000000,14.68930000000000,0.00000000000000
ruffle.exe,11016,0x0000000000000000,Other,-1,0,0,18.65763240000000,0.00000000000000,61.53020000000000,0,Composed: Copy with GPU GDI,1.00170000000000,74.34290000000000,83.46590000000000,0.00000000000000,-34.27830000000000,14.59150000000000,0.00000000000000
ruffle.exe,11016,0x0000000000000000,Other,-1,0,0,18.72960110000000,0.00000000000000,71.96870000000000,0,Composed: Copy with GPU GDI,0.93110000000000,35.57720000000000,33.20300000000000,0.00000000000000,-18.15120000000000,14.96100000000000,0.00000000000000
ruffle.exe,11016,0x0000000000000000,Other,-1,0,1,18.76797850000000,0.00000000000000,38.37740000000000,0,Composed: Copy with GPU GDI,0.72960000000000,0.00000000000000,0.00000000000000,0.00000000000000,-13.06080000000000,12.84040000000000,0.00000000000000
ruffle.exe,11016,0x0000000000000000,Other,-1,0,1,18.80903990000000,0.00000000000000,41.06140000000000,0,Composed: Copy with GPU GDI,0.94920000000000,0.00000000000000,0.00000000000000,0.00000000000000,-15.89970000000000,12.85180000000000,0.00000000000000
ruffle.exe,11016,0x0000000000000000,Other,-1,0,1,18.84254830000000,0.00000000000000,33.50840000000000,0,Composed: Copy with GPU GDI,0.92020000000000,0.00000000000000,0.00000000000000,0.00000000000000,-14.08080000000000,12.70810000000000,0.00000000000000
ruffle.exe,11016,0x0000000000000000,Other,-1,0,0,18.89366980000000,0.00000000000000,51.12150000000000,0,Composed: Copy with GPU GDI,0.88900000000000,38.20470000000000,166.69620000000000,0.00000000000000,-14.98420000000000,14.55240000000000,0.00000000000000
ruffle.exe,11016,0x0000000000000000,Other,-1,0,0,18.95671600000000,0.00000000000000,63.04620000000001,0,Composed: Copy with GPU GDI,0.98350000000000,25.17080000000000,50.01230000000000,0.00000000000000,-19.26800000000000,13.66830000000000,0.00000000000000
ruffle.exe,11016,0x0000000000000000,Other,-1,0,0,19.00994690000000,0.00000000000000,53.23090000000001,0,Composed: Copy with GPU GDI,0.93900000000000,22.04280000000000,50.10290000000001,0.00000000000000,-13.82680000000000,13.69430000000000,0.00000000000000
ruffle.exe,11016,0x0000000000000000,Other,-1,0,0,19.03892250000000,0.00000000000000,28.97560000000000,0,Composed: Copy with GPU GDI,0.97170000000000,26.32730000000000,33.26010000000000,0.00000000000000,-13.97030000000000,13.84200000000000,0.00000000000000
ruffle.exe,11016,0x0000000000000000,Other,-1,0,0,19.07686410000000,0.00000000000000,37.94160000000000,0,Composed: Copy with GPU GDI,0.91690000000000,21.71290000000000,33.32720000000000,0.00000000000000,-16.68220000000000,12.78360000000000,0.00000000000000
ruffle.exe,11016,0x0000000000000000,Other,-1,0,0,19.11506490000000,0.00000000000000,38.20080000000000,0,Composed: Copy with GPU GDI,0.99820000000000,33.59730000000000,50.08520000000000,0.00000000000000,-14.12710000000000,14.00490000000000,0.00000000000000
ruffle.exe,11016,0x0000000000000000,Other,-1,0,0,19.15067240000000,0.00000000000000,35.60750000000000,0,Composed: Copy with GPU GDI,0.90550000000000,31.28510000000000,33.29530000000000,0.00000000000000,-16.39500000000000,15.30620000000000,0.00000000000000
ruffle.exe,11016,0x0000000000000000,Other,-1,0,0,19.18489660000000,0.00000000000000,34.22420000000000,0,Composed: Copy with GPU GDI,0.91130000000000,30.35500000000000,33.29410000000000,0.00000000000000,-16.66060000000000,12.36120000000000,31.00970000000000
ruffle.exe,11016,0x0000000000000000,Other,-1,0,0,19.22851680000000,0.00000000000000,43.62020000000000,0,Composed: Copy with GPU GDI,0.87640000000000,20.05670000000000,33.32190000000000,0.00000000000000,-12.93750000000000,12.84540000000000,31.49920000000000
ruffle.exe,11016,0x0000000000000000,Other,-1,0,0,19.27732980000000,0.00000000000000,48.81300000000000,0,Composed: Copy with GPU GDI,0.93400000000000,21.23900000000000,49.99530000000000,0.00000000000000,-18.13410000000000,14.09520000000000,37.10940000000000
ruffle.exe,11016,0x0000000000000000,Other,-1,0,0,19.56002520000000,0.00000000000000,282.69540000000001,0,Composed: Copy with GPU GDI,0.90940000000000,21.91050000000000,283.36689999999999,0.00000000000000,-14.67230000000000,14.31460000000000,37.75440000000000
ruffle.exe,11016,0x0000000000000000,Other,-1,0,0,19.61732560000000,0.00000000000000,57.30040000000000,0,Composed: Copy with GPU GDI,0.93230000000000,31.32160000000000,66.71150000000000,0.00000000000000,-14.30540000000000,14.14480000000000,36.86990000000000
ruffle.exe,11016,0x0000000000000000,Other,-1,0,0,19.65922200000000,0.00000000000000,41.89640000000000,0,Composed: Copy with GPU GDI,0.95950000000000,22.71140000000000,33.28620000000000,0.00000000000000,-14.17210000000000,13.82430000000000,35.03480000000000
ruffle.exe,11016,0x0000000000000000,Other,-1,0,0,19.71457720000000,0.00000000000000,55.35520000000000,0,Composed: Copy with GPU GDI,0.91600000000000,34.02390000000000,66.66770000000000,0.00000000000000,-13.34360000000000,13.08440000000000,32.15260000000000
ruffle.exe,11016,0x0000000000000000,Other,-1,0,0,19.76404980000000,0.00000000000000,49.47260000000000,0,Composed: Copy with GPU GDI,0.89060000000000,17.98210000000000,33.43080000000000,0.00000000000000,-15.65740000000000,15.33820000000000,37.10520000000000
ruffle.exe,11016,0x0000000000000000,Other,-1,0,0,19.81508610000000,0.00000000000000,51.03630000000000,0,Composed: Copy with GPU GDI,1.00270000000000,33.57000000000000,66.62420000000000,0.00000000000000,-18.24350000000000,13.10820000000000,36.71180000000000
ruffle.exe,11016,0x0000000000000000,Other,-1,0,0,19.85816490000000,0.00000000000000,43.07880000000000,0,Composed: Copy with GPU GDI,0.89500000000000,23.83270000000000,33.34150000000000,0.00000000000000,-12.46800000000000,12.43770000000000,35.49790000000000
ruffle.exe,11016,0x0000000000000000,Other,-1,0,0,19.93569740000000,0.00000000000000,77.53250000000000,0,Composed: Copy with GPU GDI,0.99820000000000,29.62520000000000,83.32500000000000,0.00000000000000,-18.70830000000000,14.58190000000000,39.44480000000000
ruffle.exe,11016,0x0000000000000000,Other,-1,0,0,19.98922400000000,0.00000000000000,53.52660000000000,0,Composed: Copy with GPU GDI,0.96280000000000,26.18220000000000,50.08360000000000,0.00000000000000,-15.81630000000000,15.70130000000000,33.98870000000000
ruffle.exe,11016,0x0000000000000000,Other,-1,0,0,20.02655610000000,0.00000000000000,37.33210000000000,0,Composed: Copy with GPU GDI,0.92440000000000,22.18610000000000,33.33600000000000,0.00000000000000,-18.10820000000000,13.44570000000000,34.40760000000000
ruffle.exe,11016,0x0000000000000000,Other,-1,0,0,20.08087080000000,0.00000000000000,54.31470000000000,0,Composed: Copy with GPU GDI,0.92890000000000,17.82010000000000,49.94870000000000,0.00000000000000,-14.19050000000000,14.08290000000000,29.89990000000000
ruffle.exe,11016,0x0000000000000000,Other,-1,0,0,20.11840680000000,0.00000000000000,37.53600000000000,0,Composed: Copy with GPU GDI,0.93700000000000,30.25340000000000,49.96930000000000,0.00000000000000,-16.49580000000000,12.36480000000000,39.11380000000000
ruffle.exe,11016,0x0000000000000000,Other,-1,0,0,20.15923530000000,0.00000000000000,40.82850000000001,0,Composed: Copy with GPU GDI,0.92290000000000,22.80720000000000,33.38230000000000,0.00000000000000,-13.99610000000000,12.64680000000000,34.13350000000001
ruffle.exe,11016,0x0000000000000000,Other,-1,0,0,20.19148780000000,0.00000000000000,32.25250000000000,0,Composed: Copy with GPU GDI,0.95410000000000,23.89900000000000,33.34430000000000,0.00000000000000,-14.83570000000000,14.55920000000000,29.42140000000000
ruffle.exe,11016,0x0000000000000000,Other,-1,0,0,20.24061080000000,0.00000000000000,49.12300000000000,0,Composed: Copy with GPU GDI,0.88140000000000,24.71410000000000,49.93810000000001,0.00000000000000,-14.52190000000000,14.47530000000000,34.23480000000000
ruffle.exe,11016,0x0000000000000000,Other,-1,0,0,20.28098550000000,0.00000000000000,40.37470000000000,0,Composed: Copy with GPU GDI,1.02230000000000,17.70760000000000,33.36820000000000,0.00000000000000,-13.33910000000000,13.22660000000000,0.00000000000000
ruffle.exe,11016,0x0000000000000000,Other,-1,0,0,20.54291350000000,0.00000000000000,261.92800000000000,0,Composed: Copy with GPU GDI,1.05670000000000,22.42910000000000,266.64949999999999,0.00000000000000,-17.09300000000000,13.01130000000000,0.00000000000000
ruffle.exe,11016,0x0000000000000000,Other,-1,0,0,20.59741680000000,0.00000000000000,54.50330000000000,0,Composed: Copy with GPU GDI,0.91550000000000,17.96650000000000,50.04070000000000,0.00000000000000,-15.77430000000000,15.54660000000000,0.00000000000000
ruffle.exe,11016,0x0000000000000000,Other,-1,0,0,20.65130200000000,0.00000000000000,53.88520000000000,0,Composed: Copy with GPU GDI,0.86200000000000,30.74590000000000,66.66460000000001,0.00000000000000,-20.37050000000000,15.38320000000000,0.00000000000000
ruffle.exe,11016,0x0000000000000000,Other,-1,0,0,20.71770270000000,0.00000000000000,66.40070000000000,0,Composed: Copy with GPU GDI,0.70590000000000,31.04100000000000,66.69580000000001,0.00000000000000,-13.96520000000000,13.77430000000000,0.00000000000000
ruffle.exe,11016,0x0000000000000000,Other,-1,0,0,20.76190080000000,0.00000000000000,44.19810000000000,0,Composed: Copy with GPU GDI,0.93800000000000,20.17090000000000,33.32800000000000,0.00000000000000,-13.93930000000000,13.60030000000000,0.00000000000000
ruffle.exe,11016,0x0000000000000000,Other,-1,0,0,20.80053360000000,0.00000000000000,38.63280000000000,0,Composed: Copy with GPU GDI,0.89590000000000,31.53270000000000,49.99460000000001,0.00000000000000,-18.25450000000000,12.83810000000000,0.00000000000000
ruffle.exe,11016,0x0000000000000000,Other,-1,0,0,20.85060930000000,0.00000000000000,50.07570000000000,0,Composed: Copy with GPU GDI,1.05660000000000,31.49380000000000,50.03680000000000,0.00000000000000,-16.80090000000000,14.78210000000000,0.00000000000000
ruffle.exe,11016,0x0000000000000000,Other,-1,0,0,20.89160900000000,0.00000000000000,40.99970000000000,0,Composed: Copy with GPU GDI,0.90180000000000,23.80390000000000,33.30980000000000,0.00000000000000,-18.44350000000000,14.78880000000000,0.00000000000000
ruffle.exe,11016,0x0000000000000000,Other,-1,0,0,20.94427500000000,0.00000000000000,52.66600000000000,0,Composed: Copy with GPU GDI,0.92040000000000,21.17600000000000,50.03810000000000,0.00000000000000,-13.46810000000000,13.24810000000000,0.00000000000000
ruffle.exe,11016,0x0000000000000000,Other,-1,0,0,20.97902850000000,0.00000000000000,34.75350000000000,0,Composed: Copy with GPU GDI,0.90260000000000,19.72530000000000,33.30280000000000,0.00000000000000,-14.90410000000000,13.73610000000000,27.50580000000000
ruffle.exe,11016,0x0000000000000000,Other,-1,0,0,21.03575830000000,0.00000000000000,56.72980000000000,0,Composed: Copy with GPU GDI,0.89940000000000,29.64200000000000,66.64650000000000,0.00000000000000,-16.39960000000000,15.45430000000000,40.62050000000000
ruffle.exe,11016,0x0000000000000000,Other,-1,0,0,21.07618780000000,0.00000000000000,40.42950000000000,0,Composed: Copy with GPU GDI,0.88700000000000,22.55420000000000,33.34170000000000,0.00000000000000,-14.80530000000000,14.34690000000000,29.94590000000000
ruffle.exe,11016,0x0000000000000000,Other,-1,0,0,21.11618170000000,0.00000000000000,39.99390000000000,0,Composed: Copy with GPU GDI,1.01690000000000,49.21820000000000,66.65790000000000,0.00000000000000,-17.09350000000000,13.59890000000000,33.52280000000000
ruffle.exe,11016,0x0000000000000000,Other,-1,0,0,21.20791710000000,0.00000000000000,91.73540000000000,0,Composed: Copy with GPU GDI,0.87570000000000,24.19490000000000,66.71210000000001,0.00000000000000,-53.72700000000000,18.95060000000000,45.18970000000000
ruffle.exe,11016,0x0000000000000000,Other,-1,0,0,21.27300640000000,0.00000000000000,65.08930000000001,0,Composed: Copy with GPU GDI,0.87350000000000,25.78580000000000,66.68020000000000,0.00000000000000,-45.34380000000000,16.24580000000000,30.18170000000000
ruffle.exe,11016,0x0000000000000000,Other,-1,0,0,21.31521130000000,0.00000000000000,42.20490000000000,0,Composed: Copy with GPU GDI,1.00280000000000,33.55760000000000,49.97670000000000,0.00000000000000,-15.77170000000000,15.51580000000000,0.00000000000000
ruffle.exe,11016,0x0000000000000000,Other,-1,0,0,21.62973540000000,0.00000000000000,314.52410000000003,0,Composed: Copy with GPU GDI,0.90910000000000,19.12660000000000,300.09309999999999,0.00000000000000,-50.03990000000000,16.88050000000000,279.74500000000000
ruffle.exe,11016,0x0000000000000000,Other,-1,0,0,21.69409350000000,0.00000000000000,64.35810000000001,0,Composed: Copy with GPU GDI,0.95820000000000,21.39950000000000,66.63100000000000,0.00000000000000,-17.72400000000000,14.26550000000000,0.00000000000000
ruffle.exe,11016,0x0000000000000000,Other,-1,0,0,21.75019480000000,0.00000000000000,56.10130000000000,0,Composed: Copy with GPU GDI,0.89660000000000,32.00220000000000,66.70400000000001,0.00000000000000,-15.12730000000000,15.13920000000000,0.00000000000000
ruffle.exe,11016,0x0000000000000000,Other,-1,0,0,21.78629250000000,0.00000000000000,36.09770000000000,0,Composed: Copy with GPU GDI,0.94660000000000,29.22550000000000,33.32100000000001,0.00000000000000,-20.22190000000000,12.94670000000000,0.00000000000000
ruffle.exe,11016,0x0000000000000000,Other,-1,0,0,21.83756830000000,0.00000000000000,51.27580000000000,0,Composed: Copy with GPU GDI,0.89530000000000,27.93180000000000,49.98210000000000,0.00000000000000,-14.21440000000000,13.63290000000000,0.00000000000000
ruffle.exe,11016,0x0000000000000000,Other,-1,0,0,21.87260110000000,0.00000000000000,35.03280000000000,0,Composed: Copy with GPU GDI,0.92200000000000,26.26530000000000,33.36630000000000,0.00000000000000,-13.86520000000000,13.76400000000000,0.00000000000000
ruffle.exe,11016,0x0000000000000000,Other,-1,0,0,21.91500350000000,0.00000000000000,42.40240000000000,0,Composed: Copy with GPU GDI,0.89930000000000,33.82440000000000,49.96150000000000,0.00000000000000,-19.98570000000000,13.34540000000000,0.00000000000000
ruffle.exe,11016,0x0000000000000000,Other,-1,0,0,21.96526370000000,0.00000000000000,50.26020000000000,0,Composed: Copy with GPU GDI,0.91110000000000,33.55330000000000,49.98910000000000,0.00000000000000,-14.87310000000000,14.75080000000000,0.00000000000000
ruffle.exe,11016,0x0000000000000000,Other,-1,0,0,22.01503750000000,0.00000000000000,49.77380000000000,0,Composed: Copy with GPU GDI,0.85710000000000,33.80100000000000,50.02150000000000,0.00000000000000,-13.55520000000000,13.54440000000000,0.00000000000000
ruffle.exe,11016,0x0000000000000000,Other,-1,0,0,22.05404690000000,0.00000000000000,39.00940000000000,0,Composed: Copy with GPU GDI,0.87970000000000,28.09700000000000,33.30540000000000,0.00000000000000,-16.40900000000000,12.50410000000000,0.00000000000000
ruffle.exe,11016,0x0000000000000000,Other,-1,0,0,22.10433120000000,0.00000000000000,50.28430000000000,0,Composed: Copy with GPU GDI,0.84690000000000,27.87690000000000,50.06420000000000,0.00000000000000,-13.99830000000000,13.91560000000000,0.00000000000000
ruffle.exe,11016,0x0000000000000000,Other,-1,0,0,22.13579120000000,0.00000000000000,31.46000000000000,0,Composed: Copy with GPU GDI,0.84260000000000,29.70350000000000,33.28660000000000,0.00000000000000,-14.21470000000000,14.17830000000000,0.00000000000000
ruffle.exe,11016,0x0000000000000000,Other,-1,0,0,22.16700770000000,0.00000000000000,31.21650000000000,0,Composed: Copy with GPU GDI,0.90820000000000,31.84850000000000,33.36150000000000,0.00000000000000,-13.69450000000000,13.71180000000000,0.00000000000000
ruffle.exe,11016,0x0000000000000000,Other,-1,0,0,22.20081580000000,0.00000000000000,33.80810000000000,0,Composed: Copy with GPU GDI,0.92920000000000,31.42790000000000,33.38750000000000,0.00000000000000,-18.27470000000000,14.11750000000000,0.00000000000000
ruffle.exe,11016,0x0000000000000000,Other,-1,0,0,22.23417810000000,0.00000000000000,33.36230000000000,0,Composed: Copy with GPU GDI,0.89740000000000,31.27500000000000,33.20940000000000,0.00000000000000,-12.21670000000000,12.06300000000000,0.00000000000000
ruffle.exe,11016,0x0000000000000000,Other,-1,0,0,22.26573770000000,0.00000000000000,31.55960000000000,0,Composed: Copy with GPU GDI,0.89930000000000,33.15950000000000,33.44410000000000,0.00000000000000,-13.45020000000000,12.82190000000000,0.00000000000000
ruffle.exe,11016,0x0000000000000000,Other,-1,0,0,22.29811710000000,0.00000000000000,32.37940000000000,0,Composed: Copy with GPU GDI,0.88670000000000,17.40420000000000,16.62410000000000,0.00000000000000,-15.06280000000000,11.81250000000000,0.00000000000000
ruffle.exe,11016,0x0000000000000000,Other,-1,0,0,22.59460560000000,0.00000000000000,296.48849999999999,0,Composed: Copy with GPU GDI,0.88680000000000,20.94820000000000,300.03250000000003,0.00000000000000,-13.85760000000000,13.77770000000000,0.00000000000000
ruffle.exe,11016,0x0000000000000000,Other,-1,0,0,22.65950320000000,0.00000000000000,64.89760000000000,0,Composed: Copy with GPU GDI,0.90720000000000,22.71310000000000,66.66250000000001,0.00000000000000,-15.37150000000000,15.33460000000000,0.00000000000000
ruffle.exe,11016,0x0000000000000000,Other,-1,0,0,22.71329760000000,0.00000000000000,53.79440000000000,0,Composed: Copy with GPU GDI,0.88570000000000,18.91120000000000,49.99250000000000,0.00000000000000,-13.37420000000000,13.25460000000000,0.00000000000000
ruffle.exe,11016,0x0000000000000000,Other,-1,0,0,22.75381310000000,0.00000000000000,40.51550000000000,0,Composed: Copy with GPU GDI,0.97410000000000,28.40420000000000,50.00850000000001,0.00000000000000,-18.64020000000000,13.67140000000000,0.00000000000000
ruffle.exe,11016,0x0000000000000000,Other,-1,0,0,22.79751000000000,0.00000000000000,43.69690000000000,0,Composed: Copy with GPU GDI,0.89170000000000,18.05910000000000,33.35180000000000,0.00000000000000,-12.94420000000000,12.88500000000000,0.00000000000000
ruffle.exe,11016,0x0000000000000000,Other,-1,0,0,22.84805060000000,0.00000000000000,50.54060000000000,0,Composed: Copy with GPU GDI,0.85560000000000,17.52070000000000,50.00220000000000,0.00000000000000,-16.47510000000000,15.25750000000000,0.00000000000000
ruffle.exe,11016,0x0000000000000000,Other,-1,0,0,22.88021670000000,0.00000000000000,32.16610000000000,0,Composed: Copy with GPU GDI,0.91040000000000,18.71960000000000,33.36500000000000,0.00000000000000,-12.54350000000000,12.40250000000000,0.00000000000000
ruffle.exe,11016,0x0000000000000000,Other,-1,0,0,22.91674390000000,0.00000000000000,36.52720000000000,0,Composed: Copy with GPU GDI,0.90570000000000,32.14160000000000,49.94920000000000,0.00000000000000,-17.17490000000000,12.87350000000000,0.00000000000000
ruffle.exe,11016,0x0000000000000000,Other,-1,0,0,23.00243680000000,0.00000000000000,85.69290000000001,0,Composed: Copy with GPU GDI,0.92990000000000,29.82350000000000,83.37480000000001,0.00000000000000,-14.12080000000000,13.95650000000000,0.00000000000000
ruffle.exe,11016,0x0000000000000000,Other,-1,0,0,23.05405310000000,0.00000000000000,51.61630000000000,0,Composed: Copy with GPU GDI,0.94060000000000,44.87390000000000,66.66670000000001,0.00000000000000,-15.71320000000000,14.20760000000000,0.00000000000000
ruffle.exe,11016,0x0000000000000000,Other,-1,0,0,23.08472260000000,0.00000000000000,30.66950000000000,0,Composed: Copy with GPU GDI,0.70140000000000,30.95130000000000,16.74690000000000,0.00000000000000,-14.16000000000000,11.81780000000000,0.00000000000000
ruffle.exe,11016,0x0000000000000000,Other,-1,0,0,23.12456890000000,0.00000000000000,39.84630000000000,0,Composed: Copy with GPU GDI,1.75150000000000,24.35200000000000,33.24700000000000,0.00000000000000,-16.04890000000000,14.01430000000000,0.00000000000000
ruffle.exe,11016,0x0000000000000000,Other,-1,0,0,23.16116990000000,0.00000000000000,36.60100000000000,0,Composed: Copy with GPU GDI,0.91880000000000,21.12020000000000,33.36920000000000,0.00000000000000,-14.88960000000000,14.75340000000000,0.00000000000000
ruffle.exe,11016,0x0000000000000000,Other,-1,0,0,23.20740340000000,0.00000000000000,46.23350000000000,0,Composed: Copy with GPU GDI,0.94480000000000,24.85330000000000,49.96660000000000,0.00000000000000,-17.69480000000000,13.35090000000000,0.00000000000000
ruffle.exe,11016,0x0000000000000000,Other,-1,0,0,23.24185310000000,0.00000000000000,34.44970000000000,0,Composed: Copy with GPU GDI,0.89120000000000,23.73060000000000,33.32700000000000,0.00000000000000,-12.30480000000000,12.22630000000000,0.00000000000000
ruffle.exe,11016,0x0000000000000000,Other,-1,0,0,23.27888800000000,0.00000000000000,37.03490000000000,0,Composed: Copy with GPU GDI,0.91210000000000,20.05890000000000,33.36320000000000,0.00000000000000,-13.52110000000000,13.51060000000000,0.00000000000000
ruffle.exe,11016,0x0000000000000000,Other,-1,0,0,23.51607900000000,0.00000000000000,237.19100000000000,0,Composed: Copy with GPU GDI,0.91140000000000,32.85960000000000,249.99170000000001,0.00000000000000,-14.69340000000000,11.43020000000000,0.00000000000000
ruffle.exe,11016,0x0000000000000000,Other,-1,0,0,23.55210960000000,0.00000000000000,36.03060000000000,0,Composed: Copy with GPU GDI,0.91430000000000,30.40290000000000,33.57390000000000,0.00000000000000,-14.47260000000000,14.27620000000000,0.00000000000000
ruffle.exe,11016,0x0000000000000000,Other,-1,0,0,23.59538960000000,0.00000000000000,43.28000000000000,0,Composed: Copy with GPU GDI,0.93070000000000,20.26150000000000,33.13860000000000,0.00000000000000,-15.20550000000000,14.94460000000000,0.00000000000000
ruffle.exe,11016,0x0000000000000000,Other,-1,0,0,23.63895890000000,0.00000000000000,43.56930000000001,0,Composed: Copy with GPU GDI,0.83880000000000,26.76270000000000,50.07050000000000,0.00000000000000,-13.25440000000000,13.15860000000000,0.00000000000000
ruffle.exe,11016,0x0000000000000000,Other,-1,0,0,23.67583400000000,0.00000000000000,36.87510000000000,0,Composed: Copy with GPU GDI,0.89430000000000,23.14020000000000,33.25260000000000,0.00000000000000,-17.51720000000000,12.70620000000000,0.00000000000000
ruffle.exe,11016,0x0000000000000000,Other,-1,0,0,23.71408780000000,0.00000000000000,38.25380000000001,0,Composed: Copy with GPU GDI,0.89870000000000,18.21370000000000,33.32730000000000,0.00000000000000,-12.50880000000000,12.61660000000000,0.00000000000000
ruffle.exe,11016,0x0000000000000000,Other,-1,0,0,23.74201520000000,0.00000000000000,27.92740000000000,0,Composed: Copy with GPU GDI,0.86260000000000,23.64020000000000,33.35390000000000,0.00000000000000,-13.20400000000000,12.53220000000000,0.00000000000000
ruffle.exe,11016,0x0000000000000000,Other,-1,0,0,23.77853620000000,0.00000000000000,36.52100000000000,0,Composed: Copy with GPU GDI,0.92520000000000,20.46280000000000,33.34360000000000,0.00000000000000,-16.13550000000000,12.77540000000000,0.00000000000000
ruffle.exe,11016,0x0000000000000000,Other,-1,0,0,23.82321250000000,0.00000000000000,44.67630000000000,0,Composed: Copy with GPU GDI,0.91610000000000,25.80550000000000,50.01900000000001,0.00000000000000,-16.29250000000000,15.63290000000000,0.00000000000000
ruffle.exe,11016,0x0000000000000000,Other,-1,0,0,23.85566850000000,0.00000000000000,32.45600000000000,0,Composed: Copy with GPU GDI,0.94240000000000,26.63630000000000,33.28680000000000,0.00000000000000,-14.60080000000000,14.30750000000000,0.00000000000000
ruffle.exe,11016,0x0000000000000000,Other,-1,0,0,23.90470700000000,0.00000000000000,49.03850000000000,0,Composed: Copy with GPU GDI,0.91280000000000,27.64360000000000,50.04580000000000,0.00000000000000,-13.50350000000000,13.28990000000000,0.00000000000000
ruffle.exe,11016,0x0000000000000000,Other,-1,0,0,23.93545430000000,0.00000000000000,30.74730000000000,0,Composed: Copy with GPU GDI,0.95070000000000,30.24340000000000,33.34710000000000,0.00000000000000,-15.43810000000000,12.54690000000000,0.00000000000000
ruffle.exe,11016,0x0000000000000000,Other,-1,0,0,23.97426070000000,0.00000000000000,38.80640000000000,0,Composed: Copy with GPU GDI,0.83660000000000,24.75830000000000,33.32130000000000,0.00000000000000,-12.64250000000000,12.55150000000000,0.00000000000000
ruffle.exe,11016,0x0000000000000000,Other,-1,0,0,24.01504280000000,0.00000000000000,40.78210000000000,0,Composed: Copy with GPU GDI,0.80600000000000,33.97160000000000,49.99540000000000,0.00000000000000,-15.09420000000000,14.99760000000000,0.00000000000000
ruffle.exe,11016,0x0000000000000000,Other,-1,0,0,24.05187100000000,0.00000000000000,36.82820000000000,0,Composed: Copy with GPU GDI,0.72760000000000,30.48060000000000,33.33720000000000,0.00000000000000,-14.09490000000000,13.87160000000000,0.00000000000000
ruffle.exe,11016,0x0000000000000000,Other,-1,0,0,24.10662990000000,0.00000000000000,54.75890000000000,0,Composed: Copy with GPU GDI,0.92890000000000,25.72090000000000,49.99920000000000,0.00000000000000,-18.62690000000000,14.27090000000000,0.00000000000000
ruffle.exe,11016,0x0000000000000000,Other,-1,0,0,24.14116820000000,0.00000000000000,34.53830000000000,0,Composed: Copy with GPU GDI,0.85840000000000,24.57310000000000,33.39050000000000,0.00000000000000,-12.30000000000000,12.34820000000000,0.00000000000000
ruffle.exe,11016,0x0000000000000000,Other,-1,0,0,24.17617120000000,0.00000000000000,35.00300000000000,0,Composed: Copy with GPU GDI,0.89610000000000,22.85290000000000,33.28280000000000,0.00000000000000,-16.29760000000000,12.59350000000000,0.00000000000000
ruffle.exe,11016,0x0000000000000000,Other,-1,0,0,24.22614390000000,0.00000000000000,49.97270000000000,0,Composed: Copy with GPU GDI,0.92370000000000,22.86140000000000,49.98120000000000,0.00000000000000,-12.88260000000000,12.92130000000000,0.00000000000000
ruffle.exe,11016,0x0000000000000000,Other,-1,0,0,24.26709880000000,0.00000000000000,40.95490000000000,0,Composed: Copy with GPU GDI,0.93380000000000,31.94860000000000,50.04210000000000,0.00000000000000,-14.43280000000000,14.45580000000000,0.00000000000000
ruffle.exe,11016,0x0000000000000000,Other,-1,0,0,24.29965870000000,0.00000000000000,32.55990000000000,0,Composed: Copy with GPU GDI,0.89910000000000,32.72060000000000,33.33190000000000,0.00000000000000,-13.62440000000000,13.32270000000000,0.00000000000000
ruffle.exe,11016,0x0000000000000000,Other,-1,0,0,24.55408970000000,0.00000000000000,254.43100000000001,0,Composed: Copy with GPU GDI,0.88080000000000,28.28800000000000,249.99840000000000,0.00000000000000,-12.45200000000000,12.31230000000000,0.00000000000000
ruffle.exe,11016,0x0000000000000000,Other,-1,0,0,24.59791620000000,0.00000000000000,43.82650000000000,0,Composed: Copy with GPU GDI,0.98210000000000,17.81870000000000,33.35720000000000,0.00000000000000,-13.20410000000000,13.17020000000000,0.00000000000000
ruffle.exe,11016,0x0000000000000000,Other,-1,0,0,24.63825910000000,0.00000000000000,40.34290000000000,0,Composed: Copy with GPU GDI,0.81230000000000,27.47650000000000,50.00070000000000,0.00000000000000,-14.39100000000000,14.27820000000000,0.00000000000000
ruffle.exe,11016,0x0000000000000000,Other,-1,0,0,24.67190640000000,0.00000000000000,33.64730000000000,0,Composed: Copy with GPU GDI,0.91230000000000,27.18380000000000,33.35460000000000,0.00000000000000,-16.22020000000000,14.44870000000000,0.00000000000000
ruffle.exe,11016,0x0000000000000000,Other,-1,0,0,24.71485070000000,0.00000000000000,42.94430000000001,0,Composed: Copy with GPU GDI,0.90640000000000,17.53140000000000,33.29190000000000,0.00000000000000,-16.79460000000000,13.19970000000000,0.00000000000000
ruffle.exe,11016,0x0000000000000000,Other,-1,0,0,24.75780100000000,0.00000000000000,42.95030000000000,0,Composed: Copy with GPU GDI,0.90410000000000,24.61770000000000,50.03660000000000,0.00000000000000,-13.66710000000000,11.98820000000000,0.00000000000000
ruffle.exe,11016,0x0000000000000000,Other,-1,0,0,24.79520600000000,0.00000000000000,37.40500000000000,0,Composed: Copy with GPU GDI,0.91700000000000,20.53260000000000,33.31990000000000,0.00000000000000,-13.22620000000000,13.16650000000000,0.00000000000000
ruffle.exe,11016,0x0000000000000000,Other,-1,0,0,24.84599660000000,0.00000000000000,50.79060000000000,0,Composed: Copy with GPU GDI,1.55390000000000,19.77750000000000,50.03550000000000,0.00000000000000,-14.91410000000000,13.96600000000000,0.00000000000000
ruffle.exe,11016,0x0000000000000000,Other,-1,0,0,24.88779350000000,0.00000000000000,41.79690000000000,0,Composed: Copy with GPU GDI,0.98530000000000,27.93960000000000,49.95900000000000,0.00000000000000,-14.54660000000000,14.30540000000000,0.00000000000000
ruffle.exe,11016,0x0000000000000000,Other,-1,0,0,24.93092950000000,0.00000000000000,43.13600000000000,0,Composed: Copy with GPU GDI,0.90500000000000,18.16650000000000,33.36290000000000,0.00000000000000,-14.96140000000000,14.91350000000000,0.00000000000000
ruffle.exe,11016,0x0000000000000000,Other,-1,0,0,24.98153890000000,0.00000000000000,50.60940000000000,0,Composed: Copy with GPU GDI,0.91210000000000,17.57470000000000,50.01760000000000,0.00000000000000,-17.63090000000000,13.35140000000000,0.00000000000000
ruffle.exe,11016,0x0000000000000000,Other,-1,0,0,25.02228930000000,0.00000000000000,40.75040000000000,0,Composed: Copy with GPU GDI,0.94680000000000,26.86650000000000,50.04220000000000,0.00000000000000,-14.11780000000000,13.87180000000000,0.00000000000000
ruffle.exe,11016,0x0000000000000000,Other,-1,0,0,25.05821940000000,0.00000000000000,35.93010000000000,0,Composed: Copy with GPU GDI,0.89770000000000,24.18570000000000,33.24930000000000,0.00000000000000,-16.60300000000000,12.90510000000000,0.00000000000000
ruffle.exe,11016,0x0000000000000000,Other,-1,0,0,25.10678840000000,0.00000000000000,48.56900000000000,0,Composed: Copy with GPU GDI,0.96640000000000,25.68020000000000,50.06350000000000,0.00000000000000,-15.32750000000000,15.03260000000000,0.00000000000000
ruffle.exe,11016,0x0000000000000000,Other,-1,0,0,25.14507790000000,0.00000000000000,38.28950000000000,0,Composed: Copy with GPU GDI,0.88240000000000,20.70350000000000,33.31280000000000,0.00000000000000,-16.05220000000000,13.06260000000000,0.00000000000000
ruffle.exe,11016,0x0000000000000000,Other,-1,0,0,25.20284720000000,0.00000000000000,57.76930000000000,0,Composed: Copy with GPU GDI,0.94080000000000,29.59390000000000,66.65970000000000,0.00000000000000,-14.43110000000000,14.19990000000000,0.00000000000000
ruffle.exe,11016,0x0000000000000000,Other,-1,0,0,25.24449810000000,0.00000000000000,41.65090000000000,0,Composed: Copy with GPU GDI,0.87680000000000,21.29230000000000,33.34930000000000,0.00000000000000,-12.97250000000000,12.97070000000000,0.00000000000000
ruffle.exe,11016,0x0000000000000000,Other,-1,0,0,25.27509720000000,0.00000000000000,30.59910000000000,0,Composed: Copy with GPU GDI,0.85450000000000,24.02300000000000,33.32980000000000,0.00000000000000,-12.85880000000000,12.75860000000000,0.00000000000000
ruffle.exe,11016,0x0000000000000000,Other,-1,0,0,25.51366700000000,0.00000000000000,238.56980000000001,0,Composed: Copy with GPU GDI,0.89870000000000,18.81510000000000,233.36190000000002,0.00000000000000,-15.12220000000000,14.98780000000000,0.00000000000000
ruffle.exe,11016,0x0000000000000000,Other,-1,0,0,25.57327750000000,0.00000000000000,59.61050000000000,0,Composed: Copy with GPU GDI,0.89070000000000,25.88430000000000,66.67970000000000,0.00000000000000,-14.42840000000000,14.22030000000000,0.00000000000000
ruffle.exe,11016,0x0000000000000000,Other,-1,0,0,25.61083650000000,0.00000000000000,37.55900000000000,0,Composed: Copy with GPU GDI,0.95460000000000,21.62730000000000,33.30200000000000,0.00000000000000,-16.84820000000000,12.84280000000000,0.00000000000000
ruffle.exe,11016,0x0000000000000000,Other,-1,0,0,25.65541770000000,0.00000000000000,44.58120000000000,0,Composed: Copy with GPU GDI,0.83120000000000,27.09970000000000,50.05360000000000,0.00000000000000,-13.62810000000000,13.55360000000000,0.00000000000000
ruffle.exe,11016,0x0000000000000000,Other,-1,0,0,25.69182660000000,0.00000000000000,36.40890000000000,0,Composed: Copy with GPU GDI,0.88690000000000,24.02860000000000,33.33780000000000,0.00000000000000,-15.22170000000000,15.11120000000000,0.00000000000000
ruffle.exe,11016,0x0000000000000000,Other,-1,0,0,25.72394040000000,0.00000000000000,32.11380000000000,0,Composed: Copy with GPU GDI,0.91350000000000,25.21590000000000,33.30110000000000,0.00000000000000,-14.13950000000000,13.98200000000000,0.00000000000000
ruffle.exe,11016,0x0000000000000000,Other,-1,0,0,25.76896230000000,0.00000000000000,45.02190000000000,0,Composed: Copy with GPU GDI,0.74760000000000,30.20880000000000,50.01480000000000,0.00000000000000,-17.33370000000000,13.52400000000000,0.00000000000000
ruffle.exe,11016,0x0000000000000000,Other,-1,0,0,25.80627180000000,0.00000000000000,37.30950000000000,0,Composed: Copy with GPU GDI,0.91070000000000,26.22750000000000,33.32820000000000,0.00000000000000,-12.54730000000000,12.37730000000000,0.00000000000000
ruffle.exe,11016,0x0000000000000000,Other,-1,0,0,25.84821810000000,0.00000000000000,41.94630000000000,0,Composed: Copy with GPU GDI,0.95200000000000,17.61300000000000,33.33180000000000,0.00000000000000,-17.14640000000000,13.35130000000000,0.00000000000000
ruffle.exe,11016,0x0000000000000000,Other,-1,0,0,25.89712250000000,0.00000000000000,48.90440000000000,0,Composed: Copy with GPU GDI,0.86520000000000,18.69330000000000,49.98470000000000,0.00000000000000,-14.03910000000000,13.99250000000000,0.00000000000000
ruffle.exe,11016,0x0000000000000000,Other,-1,0,0,25.92940850000000,0.00000000000000,32.28600000000000,0,Composed: Copy with GPU GDI,0.84490000000000,19.76210000000000,33.35480000000000,0.00000000000000,-12.87190000000000,12.78390000000000,0.00000000000000
ruffle.exe,11016,0x0000000000000000,Other,-1,0,0,25.97782620000000,0.00000000000000,48.41770000000000,0,Composed: Copy with GPU GDI,0.87830000000000,21.44890000000000,50.10450000000000,0.00000000000000,-15.03320000000000,14.99730000000000,0.00000000000000
ruffle.exe,11016,0x0000000000000000,Other,-1,0,0,26.00221500000000,0.00000000000000,24.38880000000000,0,Composed: Copy with GPU GDI,0.84370000000000,30.38250000000000,33.32240000000000,0.00000000000000,-12.22490000000000,12.15470000000000,0.00000000000000
ruffle.exe,11016,0x0000000000000000,Other,-1,0,0,26.03351320000000,0.00000000000000,31.29820000000000,0,Composed: Copy with GPU GDI,0.91060000000000,32.28140000000000,33.19710000000000,0.00000000000000,-13.73850000000000,13.58450000000000,0.00000000000000
ruffle.exe,11016,0x0000000000000000,Other,-1,0,0,26.06619920000000,0.00000000000000,32.68600000000000,0,Composed: Copy with GPU GDI,0.96540000000000,33.02280000000000,33.42740000000000,0.00000000000000,-11.88600000000000,11.97030000000000,0.00000000000000
ruffle.exe,11016,0x0000000000000000,Other,-1,0,0,26.10113520000000,0.00000000000000,34.93600000000000,0,Composed: Copy with GPU GDI,0.89350000000000,48.05680000000000,49.97000000000000,0.00000000000000,-13.09510000000000,13.09300000000000,0.00000000000000
ruffle.exe,11016,0x0000000000000000,Other,-1,0,0,26.13517510000000,0.00000000000000,34.03990000000000,0,Composed: Copy with GPU GDI,0.70460000000000,30.70200000000000,16.68510000000000,0.00000000000000,-16.17070000000000,13.66410000000000,0.00000000000000
ruffle.exe,11016,0x0000000000000000,Other,-1,0,0,26.18564180000000,0.00000000000000,50.46670000000000,0,Composed: Copy with GPU GDI,0.74060000000000,30.24900000000000,50.01370000000000,0.00000000000000,-16.60370000000000,14.49940000000000,0.00000000000000
ruffle.exe,11016,0x0000000000000000,Other,-1,0,0,26.23791470000000,0.00000000000000,52.27290000000000,0,Composed: Copy with GPU GDI,0.86100000000000,44.61370000000000,66.63760000000001,0.00000000000000,-15.96840000000000,14.09250000000000,0.00000000000000
ruffle.exe,11016,0x0000000000000000,Other,-1,0,0,26.26921000000000,0.00000000000000,31.29530000000000,0,Composed: Copy with GPU GDI,0.91110000000000,29.97530000000000,16.65690000000000,0.00000000000000,-14.25920000000000,12.26610000000000,0.00000000000000
ruffle.exe,11016,0x0000000000000000,Other,-1,0,0,26.49597030000000,0.00000000000000,226.76030000000000,0,Composed: Copy with GPU GDI,0.91240000000000,19.91010000000000,216.69510000000000,0.00000000000000,-13.21340000000000,13.10550000000000,0.00000000000000
ruffle.exe,11016,0x0000000000000000,Other,-1,0,0,26.53915730000000,0.00000000000000,43.18700000000000,0,Composed: Copy with GPU GDI,0.89720000000000,26.73900000000000,50.01590000000000,0.00000000000000,-15.87700000000000,15.79670000000000,0.00000000000000
ruffle.exe,11016,0x0000000000000000,Other,-1,0,0,26.57817970000000,0.00000000000000,39.02240000000000,0,Composed: Copy with GPU GDI,0.90380000000000,21.04410000000000,33.32750000000000,0.00000000000000,-14.86250000000000,14.28290000000000,0.00000000000000
ruffle.exe,11016,0x0000000000000000,Other,-1,0,0,26.61594210000000,0.00000000000000,37.76240000000000,0,Composed: Copy with GPU GDI,0.89420000000000,33.30220000000000,50.02050000000001,0.00000000000000,-13.04710000000000,12.86880000000000,0.00000000000000
ruffle.exe,11016,0x0000000000000000,Other,-1,0,0,26.65066150000000,0.00000000000000,34.71940000000000,0,Composed: Copy with GPU GDI,0.92510000000000,31.91120000000000,33.32840000000000,0.00000000000000,-16.33250000000000,12.69110000000000,0.00000000000000
ruffle.exe,11016,0x0000000000000000,Other,-1,0,0,26.68684730000000,0.00000000000000,36.18580000000000,0,Composed: Copy with GPU GDI,0.88620000000000,29.10590000000000,33.38050000000000,0.00000000000000,-13.19230000000000,13.09340000000000,0.00000000000000
ruffle.exe,11016,0x0000000000000000,Other,-1,0,0,26.72117810000000,0.00000000000000,34.33080000000000,0,Composed: Copy with GPU GDI,0.90850000000000,28.08010000000000,33.30500000000000,0.00000000000000,-13.00900000000000,12.76830000000000,0.00000000000000
ruffle.exe,11016,0x0000000000000000,Other,-1,0,0,26.76298270000000,0.00000000000000,41.80460000000000,0,Composed: Copy with GPU GDI,0.88510000000000,19.59520000000000,33.31970000000000,0.00000000000000,-14.79520000000000,14.77210000000000,0.00000000000000
ruffle.exe,11016,0x0000000000000000,Other,-1,0,0,26.81882330000000,0.00000000000000,55.84060000000000,0,Composed: Copy with GPU GDI,0.96690000000000,30.46490000000000,66.71030000000000,0.00000000000000,-14.24280000000000,14.10740000000000,0.00000000000000
ruffle.exe,11016,0x0000000000000000,Other,-1,0,0,26.87527760000000,0.00000000000000,56.45430000000000,0,Composed: Copy with GPU GDI,0.91910000000000,23.97810000000000,49.96750000000000,0.00000000000000,-14.56730000000000,14.34370000000000,0.00000000000000
ruffle.exe,11016,0x0000000000000000,Other,-1,0,0,26.92514370000000,0.00000000000000,49.86610000000000,0,Composed: Copy with GPU GDI,0.96630000000000,24.10270000000000,49.99070000000000,0.00000000000000,-14.56730000000000,14.31940000000000,0.00000000000000
ruffle.exe,11016,0x0000000000000000,Other,-1,0,0,26.96912140000000,0.00000000000000,43.97770000000000,0,Composed: Copy with GPU GDI,0.72070000000000,30.12210000000000,49.99710000000000,0.00000000000000,-16.68650000000000,12.95790000000000,0.00000000000000
ruffle.exe,11016,0x0000000000000000,Other,-1,0,0,27.02685110000000,0.00000000000000,57.72970000000000,0,Composed: Copy with GPU GDI,0.89110000000000,22.40550000000000,50.01310000000000,0.00000000000000,-15.34260000000000,15.32730000000000,0.00000000000000
ruffle.exe,11016,0x0000000000000000,Other,-1,0,0,27.05279110000000,0.00000000000000,25.94000000000000,0,Composed: Copy with GPU GDI,0.88430000000000,29.87720000000000,33.41170000000000,0.00000000000000,-12.87680000000000,12.72790000000000,0.00000000000000
ruffle.exe,11016,0x0000000000000000,Other,-1,0,0,27.08366040000000,0.00000000000000,30.86930000000000,0,Composed: Copy with GPU GDI,0.90200000000000,32.26680000000000,33.25890000000000,0.00000000000000,-13.06520000000000,13.10060000000000,0.00000000000000
ruffle.exe,11016,0x0000000000000000,Other,-1,0,0,27.12140020000000,0.00000000000000,37.73980000000000,0,Composed: Copy with GPU GDI,0.90020000000000,27.89300000000000,33.36600000000000,0.00000000000000,-18.46160000000000,12.94620000000000,0.00000000000000
ruffle.exe,11016,0x0000000000000000,Other,-1,0,0,27.15809070000000,0.00000000000000,36.69050000000000,0,Composed: Copy with GPU GDI,0.88810000000000,24.53600000000000,33.33350000000000,0.00000000000000,-12.89440000000000,12.80200000000000,0.00000000000000
ruffle.exe,11016,0x0000000000000000,Other,-1,0,0,27.18665850000000,0.00000000000000,28.56780000000000,0,Composed: Copy with GPU GDI,0.84660000000000,29.26860000000000,33.30040000000000,0.00000000000000,-14.40680000000000,14.20550000000000,0.00000000000000
ruffle.exe,11016,0x0000000000000000,Other,-1,0,0,27.21443850000000,0.00000000000000,27.78000000000000,0,Composed: Copy with GPU GDI,0.87850000000000,18.19970000000000,16.71110000000000,0.00000000000000,-16.14570000000000,15.09440000000000,0.00000000000000
ruffle.exe,11016,0x0000000000000000,Other,-1,0,0,27.23773340000000,0.00000000000000,23.29490000000000,0,Composed: Copy with GPU GDI,0.86880000000000,28.23940000000000,33.33460000000000,0.00000000000000,-12.57120000000000,12.51320000000000,0.00000000000000
ruffle.exe,11016,0x0000000000000000,Other,-1,0,0,27.26714980000000,0.00000000000000,29.41640000000000,0,Composed: Copy with GPU GDI,0.96810000000000,32.13080000000000,33.30780000000000,0.00000000000000,-12.93100000000000,12.74910000000000,0.00000000000000
ruffle.exe,11016,0x0000000000000000,Other,-1,0,0,27.48368970000000,0.00000000000000,216.53990000000002,0,Composed: Copy with GPU GDI,0.97650000000000,32.29050000000000,216.69960000000000,0.00000000000000,-17.07620000000000,12.66190000000000,0.00000000000000
ruffle.exe,11016,0x0000000000000000,Other,-1,0,0,27.54547430000000,0.00000000000000,61.78460000000000,0,Composed: Copy with GPU GDI,1.60190000000000,20.54080000000000,50.03490000000000,0.00000000000000,-17.57640000000000,15.70590000000000,0.00000000000000
ruffle.exe,11016,0x0000000000000000,Other,-1,0,0,27.58022060000000,0.00000000000000,34.74630000000001,0,Composed: Copy with GPU GDI,0.93250000000000,19.11810000000000,33.32360000000000,0.00000000000000,-17.25070000000000,13.79070000000000,0.00000000000000
ruffle.exe,11016,0x0000000000000000,Other,-1,0,0,27.71842910000000,0.00000000000000,138.20850000000002,0,Composed: Copy with GPU GDI,1.08920000000000,30.90680000000000,149.99720000000002,0.00000000000000,-14.71550000000000,14.33470000000000,0.00000000000000
ruffle.exe,11016,0x0000000000000000,Other,-1,0,0,27.75139010000000,0.00000000000000,32.96100000000000,0,Composed: Copy with GPU GDI,0.83730000000000,31.25890000000000,33.31310000000000,0.00000000000000,-15.36010000000000,11.60860000000000,0.00000000000000
ruffle.exe,11016,0x0000000000000000,Other,-1,0,0,27.79640150000000,0.00000000000000,45.01140000000000,0,Composed: Copy with GPU GDI,0.91930000000000,19.62820000000000,33.38070000000000,0.00000000000000,-13.21300000000000,13.24260000000000,0.00000000000000
ruffle.exe,11016,0x0000000000000000,Other,-1,0,0,27.82419370000000,0.00000000000000,27.79220000000000,0,Composed: Copy with GPU GDI,0.86790000000000,25.21220000000000,33.37620000000000,0.00000000000000,-13.38910000000000,12.82870000000000,0.00000000000000
ruffle.exe,11016,0x0000000000000000,Other,-1,0,0,27.85969510000000,0.00000000000000,35.50140000000000,0,Composed: Copy with GPU GDI,0.91200000000000,22.99310000000000,33.28230000000000,0.00000000000000,-15.09620000000000,14.69540000000000,0.00000000000000
ruffle.exe,11016,0x0000000000000000,Other,-1,0,0,27.90210510000000,0.00000000000000,42.41000000000000,0,Composed: Copy with GPU GDI,0.91560000000000,30.59830000000000,50.01520000000000,0.00000000000000,-14.56180000000000,14.40160000000000,0.00000000000000
ruffle.exe,11016,0x0000000000000000,Other,-1,0,0,27.93997800000000,0.00000000000000,37.87290000000000,0,Composed: Copy with GPU GDI,0.90850000000000,26.04960000000000,33.32420000000000,0.00000000000000,-13.64400000000000,13.61150000000000,0.00000000000000
ruffle.exe,11016,0x0000000000000000,Other,-1,0,0,27.97455480000000,0.00000000000000,34.57680000000000,0,Composed: Copy with GPU GDI,0.86930000000000,24.82090000000000,33.34810000000000,0.00000000000000,-12.38780000000000,12.20430000000000,0.00000000000000
ruffle.exe,11016,0x0000000000000000,Other,-1,0,0,28.00988640000000,0.00000000000000,35.33160000000000,0,Composed: Copy with GPU GDI,0.89700000000000,22.80060000000000,33.31130000000000,0.00000000000000,-13.19770000000000,13.05470000000000,0.00000000000000
ruffle.exe,11016,0x0000000000000000,Other,-1,0,0,28.04799890000000,0.00000000000000,38.11250000000000,0,Composed: Copy with GPU GDI,0.91050000000000,18.02000000000000,33.33190000000000,0.00000000000000,-12.49430000000000,12.62570000000000,0.00000000000000
ruffle.exe,11016,0x0000000000000000,Other,-1,0,0,28.09827930000000,0.00000000000000,50.28040000000000,0,Composed: Copy with GPU GDI,0.85190000000000,17.74230000000000,50.00270000000000,0.00000000000000,-15.42120000000000,15.42120000000000,0.00000000000000
ruffle.exe,11016,0x0000000000000000,Other,-1,0,0,28.14770290000000,0.00000000000000,49.42360000000000,0,Composed: Copy with GPU GDI,0.93050000000000,18.34620000000000,50.02750000000000,0.00000000000000,-19.93870000000000,15.98010000000000,0.00000000000000
ruffle.exe,11016,0x0000000000000000,Other,-1,0,0,28.20219610000000,0.00000000000000,54.49320000000000,0,Composed: Copy with GPU GDI,0.70850000000000,30.49260000000000,66.63960000000000,0.00000000000000,-13.52240000000000,13.06180000000000,0.00000000000000
ruffle.exe,11016,0x0000000000000000,Other,-1,0,0,28.23123580000000,0.00000000000000,29.03970000000000,0,Composed: Copy with GPU GDI,0.90410000000000,18.18270000000000,16.72980000000000,0.00000000000000,-13.77800000000000,12.81620000000000,0.00000000000000
ruffle.exe,11016,0x0000000000000000,Other,-1,0,0,28.26691070000000,0.00000000000000,35.67490000000000,0,Composed: Copy with GPU GDI,0.92540000000000,32.47850000000000,49.97070000000000,0.00000000000000,-12.79470000000000,12.78950000000000,0.00000000000000
ruffle.exe,11016,0x0000000000000000,Other,-1,0,0,28.51838460000000,0.00000000000000,251.47390000000001,0,Composed: Copy with GPU GDI,0.77410000000000,31.02210000000000,250.01750000000001,0.00000000000000,-14.33500000000000,14.10220000000000,0.00000000000000
ruffle.exe,11016,0x0000000000000000,Other,-1,0,0,28.57434170000000,0.00000000000000,55.95710000000000,0,Composed: Copy with GPU GDI,0.94010000000000,25.05210000000000,49.98710000000001,0.00000000000000,-13.62590000000000,13.48660000000000,0.00000000000000
ruffle.exe,11016,0x0000000000000000,Other,-1,0,0,28.62055460000000,0.00000000000000,46.21290000000000,0,Composed: Copy with GPU GDI,0.89970000000000,28.84720000000000,50.00800000000000,0.00000000000000,-17.34500000000000,13.86260000000000,0.00000000000000
ruffle.exe,11016,0x0000000000000000,Other,-1,0,0,28.66886490000000,0.00000000000000,48.31030000000001,0,Composed: Copy with GPU GDI,0.71420000000000,30.63710000000000,50.10020000000000,0.00000000000000,-13.84840000000000,13.52450000000000,0.00000000000000
ruffle.exe,11016,0x0000000000000000,Other,-1,0,0,28.70364790000000,0.00000000000000,34.78300000000000,0,Composed: Copy with GPU GDI,0.91810000000000,29.10310000000000,33.24900000000000,0.00000000000000,-16.10350000000000,12.39520000000000,0.00000000000000
ruffle.exe,11016,0x0000000000000000,Other,-1,0,0,28.75188140000000,0.00000000000000,48.23350000000000,0,Composed: Copy with GPU GDI,0.69950000000000,30.90170000000000,50.03210000000000,0.00000000000000,-14.62710000000000,14.38690000000000,0.00000000000000
ruffle.exe,11016,0x0000000000000000,Other,-1,0,0,28.78962920000000,0.00000000000000,37.74780000000001,0,Composed: Copy with GPU GDI,0.80440000000000,26.44130000000000,33.28740000000000,0.00000000000000,-14.27720000000000,14.28480000000000,0.00000000000000
ruffle.exe,11016,0x0000000000000000,Other,-1,0,0,28.83755860000000,0.00000000000000,47.92940000000000,0,Composed: Copy with GPU GDI,0.79390000000000,28.54080000000000,50.02890000000000,0.00000000000000,-14.06540000000000,13.55910000000000,0.00000000000000
ruffle.exe,11016,0x0000000000000000,Other,-1,0,0,28.87528790000000,0.00000000000000,37.72930000000000,0,Composed: Copy with GPU GDI,0.88160000000000,24.19000000000000,33.37850000000000,0.00000000000000,-12.52090000000000,12.48970000000000,0.00000000000000
ruffle.exe,11016,0x0000000000000000,Other,-1,0,0,28.90562270000000,0.00000000000000,30.33480000000000,0,Composed: Copy with GPU GDI,0.82820000000000,27.14700000000000,33.29180000000000,0.00000000000000,-12.57540000000000,12.45470000000000,0.00000000000000
ruffle.exe,11016,0x0000000000000000,Other,-1,0,0,28.95385530000000,0.00000000000000,48.23260000000001,0,Composed: Copy with GPU GDI,0.88120000000000,28.92080000000000,50.00640000000000,0.00000000000000,-16.00110000000000,15.75560000000000,0.00000000000000
ruffle.exe,11016,0x0000000000000000,Other,-1,0,0,28.99033400000000,0.00000000000000,36.47870000000000,0,Composed: Copy with GPU GDI,0.86010000000000,25.82080000000000,33.37870000000000,0.00000000000000,-13.22830000000000,13.17530000000000,0.00000000000000
ruffle.exe,11016,0x0000000000000000,Other,-1,0,0,29.03195980000000,0.00000000000000,41.62580000000001,0,Composed: Copy with GPU GDI,0.98780000000000,17.58360000000000,33.38860000000000,0.00000000000000,-19.94560000000000,12.68010000000000,0.00000000000000
ruffle.exe,11016,0x0000000000000000,Other,-1,0,0,29.07194940000000,0.00000000000000,39.98960000000000,0,Composed: Copy with GPU GDI,0.95660000000000,27.50150000000000,49.90750000000000,0.00000000000000,-14.14110000000000,12.32060000000000,0.00000000000000
ruffle.exe,11016,0x0000000000000000,Other,-1,0,0,29.11184250000000,0.00000000000000,39.89310000000000,0,Composed: Copy with GPU GDI,1.70480000000000,20.97480000000000,33.36640000000000,0.00000000000000,-14.30330000000000,12.44920000000000,0.00000000000000
ruffle.exe,11016,0x0000000000000000,Other,-1,0,0,29.15765890000000,0.00000000000000,45.81640000000000,0,Composed: Copy with GPU GDI,0.95560000000000,25.13740000000000,49.97900000000000,0.00000000000000,-18.78900000000000,13.22370000000000,0.00000000000000
ruffle.exe,11016,0x0000000000000000,Other,-1,0,0,29.21778660000000,0.00000000000000,60.12770000000000,0,Composed: Copy with GPU GDI,0.91830000000000,31.66640000000000,66.65670000000000,0.00000000000000,-14.93410000000000,14.91410000000000,0.00000000000000
ruffle.exe,11016,0x0000000000000000,Other,-1,0,0,29.26474550000000,0.00000000000000,46.95890000000000,0,Composed: Copy with GPU GDI,0.91350000000000,18.08590000000000,33.37840000000000,0.00000000000000,-17.03900000000000,13.00400000000000,0.00000000000000
ruffle.exe,11016,0x0000000000000000,Other,-1,0,0,29.50994850000000,0.00000000000000,245.20300000000000,0,Composed: Copy with GPU GDI,0.90500000000000,22.87680000000000,249.99390000000002,0.00000000000000,-13.21880000000000,13.14940000000000,0.00000000000000
ruffle.exe,11016,0x0000000000000000,Other,-1,0,0,29.55726950000000,0.00000000000000,47.32100000000001,0,Composed: Copy with GPU GDI,0.94280000000000,25.53040000000000,49.97460000000000,0.00000000000000,-15.50900000000000,15.41460000000000,0.00000000000000
ruffle.exe,11016,0x0000000000000000,Other,-1,0,0,29.58646950000000,0.00000000000000,29.20000000000000,0,Composed: Copy with GPU GDI,0.62990000000000,29.68220000000000,33.35180000000000,0.00000000000000,-13.91740000000000,13.77740000000000,0.00000000000000
ruffle.exe,11016,0x0000000000000000,Other,-1,0,0,29.61267150000000,0.00000000000000,26.20200000000000,0,Composed: Copy with GPU GDI,0.84670000000000,20.17550000000000,16.69530000000000,0.00000000000000,-13.40580000000000,12.68080000000000,0.00000000000000
ruffle.exe,11016,0x0000000000000000,Other,-1,0,0,29.65315140000000,0.00000000000000,40.47990000000000,0,Composed: Copy with GPU GDI,0.95690000000000,29.68960000000000,49.99400000000000,0.00000000000000,-17.72650000000000,12.70790000000000,0.00000000000000
ruffle.exe,11016,0x0000000000000000,Other,-1,0,0,29.68996300000000,0.00000000000000,36.81160000000000,0,Composed: Copy with GPU GDI,0.88200000000000,26.28940000000000,33.41140000000000,0.00000000000000,-12.33820000000000,12.25500000000000,0.00000000000000
ruffle.exe,11016,0x0000000000000000,Other,-1,0,0,29.72210630000000,0.00000000000000,32.14330000000000,0,Composed: Copy with GPU GDI,0.92120000000000,27.42500000000000,33.27890000000000,0.00000000000000,-13.44660000000000,13.31830000000000,0.00000000000000
ruffle.exe,11016,0x0000000000000000,Other,-1,0,0,29.76245610000000,0.00000000000000,40.34980000000000,0,Composed: Copy with GPU GDI,0.90910000000000,20.36750000000000,33.29230000000000,0.00000000000000,-15.07960000000000,12.70820000000000,0.00000000000000
ruffle.exe,11016,0x0000000000000000,Other,-1,0,0,29.79840590000000,0.00000000000000,35.94980000000000,0,Composed: Copy with GPU GDI,0.88550000000000,17.80670000000000,33.38900000000000,0.00000000000000,-14.41870000000000,14.44650000000000,0.00000000000000
ruffle.exe,11016,0x0000000000000000,Other,-1,0,0,29.83368460000000,0.00000000000000,35.27870000000000,0,Composed: Copy with GPU GDI,0.96880000000000,32.50110000000000,49.97310000000000,0.00000000000000,-19.81890000000000,14.99740000000000,0.00000000000000
ruffle.exe,11016,0x0000000000000000,Other,-1,0,0,29.86710230000000,0.00000000000000,33.41770000000000,0,Composed: Copy with GPU GDI,0.92150000000000,32.36260000000000,33.27920000000000,0.00000000000000,-12.52280000000000,12.43980000000000,0.00000000000000
ruffle.exe,11016,0x0000000000000000,Other,-1,0,0,29.89942290000000,0.00000000000000,32.32060000000000,0,Composed: Copy with GPU GDI,0.66920000000000,33.41300000000000,33.37100000000000,0.00000000000000,-13.33870000000000,12.45370000000000,0.00000000000000
ruffle.exe,11016,0x0000000000000000,Other,-1,0,0,29.93140040000000,0.00000000000000,31.97750000000000,0,Composed: Copy with GPU GDI,0.94510000000000,18.11300000000000,16.67750000000000,0.00000000000000,-13.63620000000000,12.71010000000000,0.00000000000000
ruffle.exe,11016,0x0000000000000000,Other,-1,0,0,29.96339210000000,0.00000000000000,31.99170000000000,0,Composed: Copy with GPU GDI,0.83250000000000,19.45160000000000,33.33030000000000,0.00000000000000,-12.53650000000000,12.38660000000000,0.00000000000000
ruffle.exe,11016,0x0000000000000000,Other,-1,0,0,30.00007780000000,0.00000000000000,36.68570000000000,0,Composed: Copy with GPU GDI,0.88500000000000,32.82340000000000,50.05750000000000,0.00000000000000,-14.13580000000000,14.18190000000000,0.00000000000000
ruffle.exe,11016,0x0000000000000000,Other,-1,0,0,30.02927300000000,0.00000000000000,29.19520000000000,0,Composed: Copy with GPU GDI,0.92720000000000,20.27590000000000,16.64770000000000,0.00000000000000,-14.97640000000000,14.28680000000000,0.00000000000000
ruffle.exe,11016,0x0000000000000000,Other,-1,0,0,30.06283940000000,0.00000000000000,33.56640000000000,0,Composed: Copy with GPU GDI,0.89190000000000,20.04620000000000,33.33670000000000,0.00000000000000,-12.86800000000000,12.79840000000000,0.00000000000000
ruffle.exe,11016,0x0000000000000000,Other,-1,0,0,30.09396950000000,0.00000000000000,31.13010000000000,0,Composed: Copy with GPU GDI,0.94200000000000,22.26510000000000,33.34900000000000,0.00000000000000,-14.71100000000000,11.68800000000000,0.00000000000000
ruffle.exe,11016,0x0000000000000000,Other,-1,0,0,30.13186290000000,0.00000000000000,37.89340000000000,0,Composed: Copy with GPU GDI,0.92770000000000,17.73960000000000,33.36790000000000,0.00000000000000,-12.63540000000000,12.67860000000000,0.00000000000000
ruffle.exe,11016,0x0000000000000000,Other,-1,0,0,30.15841830000000,0.00000000000000,26.55540000000000,0,Composed: Copy with GPU GDI,0.92240000000000,24.45730000000000,33.27310000000000,0.00000000000000,-12.55720000000000,12.34500000000000,0.00000000000000
ruffle.exe,11016,0x0000000000000000,Other,-1,0,0,30.19599360000000,0.00000000000000,37.57530000000000,0,Composed: Copy with GPU GDI,0.62130000000000,20.20970000000000,33.32770000000000,0.00000000000000,-12.65610000000000,12.44790000000000,0.00000000000000
ruffle.exe,11016,0x0000000000000000,Other,-1,0,0,30.22903000000000,0.00000000000000,33.03640000000000,0,Composed: Copy with GPU GDI,0.90320000000000,20.57410000000000,33.40080000000000,0.00000000000000,-15.09920000000000,14.93000000000000,0.00000000000000
ruffle.exe,11016,0x0000000000000000,Other,-1,0,0,30.28398630000000,0.00000000000000,54.95630000000001,0,Composed: Copy with GPU GDI,0.92960000000000,32.21440000000000,66.59660000000001,0.00000000000000,-15.60170000000000,15.25760000000000,0.00000000000000
ruffle.exe,11016,0x0000000000000000,Other,-1,0,0,30.50191740000000,0.00000000000000,217.93110000000001,0,Composed: Copy with GPU GDI,0.67710000000000,31.02570000000000,216.74240000000000,0.00000000000000,-13.51230000000000,13.24730000000000,0.00000000000000
ruffle.exe,11016,0x0000000000000000,Other,-1,0,0,30.53531850000000,0.00000000000000,33.40110000000000,0,Composed: Copy with GPU GDI,1.73890000000000,30.97380000000000,33.34920000000000,0.00000000000000,-14.00270000000000,13.75660000000000,0.00000000000000
ruffle.exe,11016,0x0000000000000000,Other,-1,0,0,30.57511540000000,0.00000000000000,39.79690000000000,0,Composed: Copy with GPU GDI,0.92280000000000,24.49010000000000,33.31320000000000,0.00000000000000,-14.55400000000000,14.44100000000000,0.00000000000000
ruffle.exe,11016,0x0000000000000000,Other,-1,0,0,30.61300380000000,0.00000000000000,37.88840000000000,0,Composed: Copy with GPU GDI,0.62760000000000,19.90290000000000,33.30120000000000,0.00000000000000,-15.08400000000000,14.97000000000000,0.00000000000000
ruffle.exe,11016,0x0000000000000000,Other,-1,0,0,30.63622620000000,0.00000000000000,23.22240000000000,0,Composed: Copy with GPU GDI,1.60270000000000,46.71040000000000,50.02990000000000,0.00000000000000,-12.24210000000000,11.97250000000000,0.00000000000000
ruffle.exe,11016,0x0000000000000000,Other,-1,0,0,30.67013890000000,0.00000000000000,33.91270000000000,0,Composed: Copy with GPU GDI,0.91860000000000,29.39450000000000,16.59680000000000,0.00000000000000,-16.01880000000000,12.87520000000000,0.00000000000000
ruffle.exe,11016,0x0000000000000000,Other,-1,0,0,30.70064910000000,0.00000000000000,30.51020000000000,0,Composed: Copy with GPU GDI,0.97880000000000,48.97130000000000,50.08700000000000,0.00000000000000,-14.76480000000000,12.58220000000000,0.00000000000000
ruffle.exe,11016,0x0000000000000000,Other,-1,0,0,30.73689960000000,0.00000000000000,36.25050000000000,0,Composed: Copy with GPU GDI,0.86340000000000,29.31710000000000,16.59630000000000,0.00000000000000,-14.40130000000000,12.31360000000000,0.00000000000000
ruffle.exe,11016,0x0000000000000000,Other,-1,0,0,30.77158760000000,0.00000000000000,34.68800000000000,0,Composed: Copy with GPU GDI,0.91630000000000,28.01440000000000,33.38530000000000,0.00000000000000,-16.34620000000000,12.83090000000000,0.00000000000000
ruffle.exe,11016,0x0000000000000000,Other,-1,0,0,30.81701290000000,0.00000000000000,45.42530000000000,0,Composed: Copy with GPU GDI,0.94960000000000,32.63920000000000,50.05010000000000,0.00000000000000,-14.97720000000000,14.92370000000000,0.00000000000000
ruffle.exe,11016,0x0000000000000000,Other,-1,0,0,30.85445030000000,0.00000000000000,37.43740000000000,0,Composed: Copy with GPU GDI,0.89180000000000,28.56350000000000,33.36170000000000,0.00000000000000,-14.11440000000000,13.82530000000000,0.00000000000000
ruffle.exe,11016,0x0000000000000000,Other,-1,0,0,30.89224620000000,0.00000000000000,37.79590000000000,0,Composed: Copy with GPU GDI,0.89660000000000,24.04790000000000,33.28030000000000,0.00000000000000,-16.55320000000000,13.40680000000000,0.00000000000000
ruffle.exe,11016,0x0000000000000000,Other,-1,0,0,30.92423510000000,0.00000000000000,31.98890000000000,0,Composed: Copy with GPU GDI,0.87600000000000,25.39880000000000,33.33980000000000,0.00000000000000,-11.98620000000000,11.93430000000000,0.00000000000000
ruffle.exe,11016,0x0000000000000000,Other,-1,0,0,30.95327140000000,0.00000000000000,29.03630000000000,0,Composed: Copy with GPU GDI,0.86100000000000,29.72380000000000,33.36130000000000,0.00000000000000,-13.39790000000000,13.32880000000000,0.00000000000000
ruffle.exe,11016,0x0000000000000000,Other,-1,0,0,30.99064620000000,0.00000000000000,37.37480000000000,0,Composed: Copy with GPU GDI,0.95530000000000,25.64290000000000,33.29390000000000,0.00000000000000,-16.58400000000000,12.90080000000000,0.00000000000000
ruffle.exe,11016,0x0000000000000000,Other,-1,0,0,31.04084310000000,0.00000000000000,50.19690000000000,0,Composed: Copy with GPU GDI,0.63590000000000,25.41670000000000,49.97070000000000,0.00000000000000,-15.06850000000000,14.94980000000000,0.00000000000000
ruffle.exe,11016,0x0000000000000000,Other,-1,0,0,31.06626260000000,0.00000000000000,25.41950000000000,0,Composed: Copy with GPU GDI,0.91620000000000,33.30530000000000,33.30810000000000,0.00000000000000,-14.61140000000000,13.63620000000000,0.00000000000000
ruffle.exe,11016,0x0000000000000000,Other,-1,0,0,31.10085190000000,0.00000000000000,34.58930000000000,0,Composed: Copy with GPU GDI,0.93700000000000,32.11720000000000,33.40120000000000,0.00000000000000,-12.92240000000000,12.94640000000000,0.00000000000000
ruffle.exe,11016,0x0000000000000000,Other,-1,0,0,31.12632360000000,0.00000000000000,25.47170000000000,0,Composed: Copy with GPU GDI,0.64120000000000,23.29830000000000,16.65280000000000,0.00000000000000,-12.90780000000000,12.06470000000000,0.00000000000000
ruffle.exe,11016,0x0000000000000000,Other,-1,0,0,31.15587480000000,0.00000000000000,29.55120000000000,0,Composed: Copy with GPU GDI,0.90130000000000,27.17070000000000,33.42360000000000,0.00000000000000,-12.76620000000000,12.74020000000000,0.00000000000000
ruffle.exe,11016,0x0000000000000000,Other,-1,0,0,31.18613040000000,0.00000000000000,30.25560000000000,0,Composed: Copy with GPU GDI,0.94640000000000,30.21870000000000,33.30360000000000,0.00000000000000,-13.33710000000000,13.24840000000000,0.00000000000000
ruffle.exe,11016,0x0000000000000000,Other,-1,0,0,31.21890320000000,0.00000000000000,32.77280000000000,0,Composed: Copy with GPU GDI,0.90930000000000,30.73830000000000,33.29240000000000,0.00000000000000,-13.33860000000000,13.03820000000000,0.00000000000000
ruffle.exe,11016,0x0000000000000000,Other,-1,0,0,31.24909690000000,0.00000000000000,30.19370000000000,0,Composed: Copy with GPU GDI,0.89960000000000,33.89150000000000,33.34690000000001,0.00000000000000,-15.49660000000000,14.36830000000000,0.00000000000000
ruffle.exe,11016,0x0000000000000000,Other,-1,0,0,31.28603530000000,0.00000000000000,36.93840000000000,0,Composed: Copy with GPU GDI,0.87280000000000,30.29860000000000,33.34550000000000,0.00000000000000,-16.18470000000000,15.09760000000000,0.00000000000000
ruffle.exe,11016,0x0000000000000000,Other,-1,0,0,31.51689120000000,0.00000000000000,230.85590000000002,0,Composed: Copy with GPU GDI,0.91700000000000,32.78210000000000,233.33940000000001,0.00000000000000,-15.62300000000000,12.93290000000000,29.84630000000000
ruffle.exe,11016,0x0000000000000000,Other,-1,0,0,31.59012790000000,0.00000000000000,73.23670000000000,0,Composed: Copy with GPU GDI,0.89940000000000,26.19820000000000,66.65280000000000,0.00000000000000,-14.64700000000000,14.42820000000000,30.26340000000000
ruffle.exe,11016,0x0000000000000000,Other,-1,0,0,31.64452220000000,0.00000000000000,54.39430000000000,0,Composed: Copy with GPU GDI,0.90700000000000,21.84900000000000,50.04510000000001,0.00000000000000,-15.63100000000000,15.51820000000000,34.65700000000000
ruffle.exe,11016,0x0000000000000000,Other,-1,0,0,31.68569220000000,0.00000000000000,41.17000000000000,0,Composed: Copy with GPU GDI,0.68970000000000,30.65490000000000,49.97590000000000,0.00000000000000,-16.98940000000000,12.75280000000000,0.00000000000000
ruffle.exe,11016,0x0000000000000000,Other,-1,0,0,31.76050560000000,0.00000000000000,74.81340000000000,0,Composed: Copy with GPU GDI,0.89810000000000,22.51550000000000,66.67400000000001,0.00000000000000,-14.56950000000000,14.50470000000000,33.01820000000000
ruffle.exe,11016,0x0000000000000000,Other,-1,0,0,31.86425900000000,0.00000000000000,103.75340000000000,0,Composed: Copy with GPU GDI,0.92990000000000,18.75550000000000,99.99340000000001,0.00000000000000,-62.37980000000000,15.15190000000000,33.25730000000000
ruffle.exe,11016,0x0000000000000000,Other,-1,0,0,31.92398340000000,0.00000000000000,59.72440000000000,0,Composed: Copy with GPU GDI,0.79080000000000,25.76020000000000,66.72910000000000,0.00000000000000,-17.10830000000000,15.10280000000000,42.24090000000000
ruffle.exe,11016,0x0000000000000000,Other,-1,0,0,31.96117060000000,0.00000000000000,37.18720000000000,0,Composed: Copy with GPU GDI,1.80460000000000,21.84960000000000,33.27660000000000,0.00000000000000,-14.07600000000000,12.48100000000000,0.00000000000000
ruffle.exe,11016,0x0000000000000000,Other,-1,0,0,32.09312490000000,0.00000000000000,131.95430000000002,0,Composed: Copy with GPU GDI,0.84090000000000,23.26730000000000,133.37200000000001,0.00000000000000,-15.16270000000000,14.97010000000000,33.65300000000000
ruffle.exe,11016,0x0000000000000000,Other,-1,0,0,32.13257600000000,0.00000000000000,39.45110000000000,0,Composed: Copy with GPU GDI,0.96740000000000,17.15000000000000,33.33380000000000,0.00000000000000,-15.90850000000000,12.00670000000000,30.05440000000000
ruffle.exe,11016,0x0000000000000000,Other,-1,0,0,32.17041220000000,0.00000000000000,37.83620000000001,0,Composed: Copy with GPU GDI,0.93650000000000,29.35760000000000,50.04380000000000,0.00000000000000,-14.77370000000000,14.65560000000000,60.06600000000000
ruffle.exe,11016,0x0000000000000000,Other,-1,0,0,32.21015620000000,0.00000000000000,39.74400000000000,0,Composed: Copy with GPU GDI,1.02210000000000,22.89120000000000,33.27760000000000,0.00000000000000,-15.28450000000000,15.25560000000000,0.00000000000000
ruffle.exe,11016,0x0000000000000000,Other,-1,0,0,32.24327320000000,0.00000000000000,33.11700000000000,0,Composed: Copy with GPU GDI,0.88000000000000,23.16420000000000,33.39000000000000,0.00000000000000,-12.84610000000000,12.86610000000000,0.00000000000000
ruffle.exe,11016,0x0000000000000000,Other,-1,0,0,32.27991130000000,0.00000000000000,36.63810000000000,0,Composed: Copy with GPU GDI,0.88950000000000,19.81970000000000,33.29360000000000,0.00000000000000,-14.42690000000000,12.07430000000000,0.00000000000000
ruffle.exe,11016,0x0000000000000000,Other,-1,0,0,32.52424080000000,0.00000000000000,244.32950000000002,0,Composed: Copy with GPU GDI,0.89970000000000,42.35100000000000,266.86080000000004,0.00000000000000,-14.45180000000000,13.94290000000000,34.72750000000000
ruffle.exe,11016,0x0000000000000000,Other,-1,0,0,32.57737120000000,0.00000000000000,53.13040000000000,0,Composed: Copy with GPU GDI,1.04220000000000,22.40580000000000,33.18520000000000,0.00000000000000,-18.09970000000000,12.89810000000000,36.77290000000000
ruffle.exe,11016,0x0000000000000000,Other,-1,0,0,32.61641660000000,0.00000000000000,39.04540000000000,0,Composed: Copy with GPU GDI,0.91760000000000,33.42610000000000,50.06570000000000,0.00000000000000,-12.41100000000000,12.37920000000000,0.00000000000000
ruffle.exe,11016,0x0000000000000000,Other,-1,0,0,32.66533480000000,0.00000000000000,48.91820000000000,0,Composed: Copy with GPU GDI,0.88570000000000,17.77800000000000,33.27010000000000,0.00000000000000,-16.64630000000000,15.31120000000000,0.00000000000000
ruffle.exe,11016,0x0000000000000000,Other,-1,0,0,32.72305570000000,0.00000000000000,57.72090000000000,0,Composed: Copy with GPU GDI,0.77880000000000,26.73510000000000,66.67800000000000,0.00000000000000,-20.86070000000000,12.57820000000000,0.00000000000000
ruffle.exe,11016,0x0000000000000000,Other,-1,0,0,32.80327890000000,0.00000000000000,80.22320000000001,0,Composed: Copy with GPU GDI,0.65040000000000,29.85850000000000,83.34660000000001,0.00000000000000,-14.34330000000000,13.79860000000000,0.00000000000000
ruffle.exe,11016,0x0000000000000000,Other,-1,0,0,32.92340940000000,0.00000000000000,120.13050000000001,0,Composed: Copy with GPU GDI,0.89730000000000,26.40270000000000,116.67470000000000,0.00000000000000,-48.72270000000000,16.41910000000000,0.00000000000000
ruffle.exe,11016,0x0000000000000000,Other,-1,0,0,32.97073540000000,0.00000000000000,47.32600000000000,0,Composed: Copy with GPU GDI,0.69590000000000,29.10600000000000,50.02930000000000,0.00000000000000,-14.30220000000000,13.63410000000000,0.00000000000000
ruffle.exe,11016,0x0000000000000000,Other,-1,0,0,33.00827140000000,0.00000000000000,37.53600000000000,0,Composed: Copy with GPU GDI,0.93150000000000,74.86530000000000,83.29530000000000,0.00000000000000,-16.76100000000000,12.44070000000000,0.00000000000000
ruffle.exe,11016,0x0000000000000000,Other,-1,0,0,33.09863650000000,0.00000000000000,90.36510000000000,0,Composed: Copy with GPU GDI,0.90940000000000,34.50510000000000,50.00490000000000,0.00000000000000,-46.53720000000001,18.23640000000000,172.74330000000000
ruffle.exe,11016,0x0000000000000000,Other,-1,0,0,33.12434180000000,0.00000000000000,25.70530000000000,0,Composed: Copy with GPU GDI,2.59260000000000,25.52250000000000,16.72270000000000,0.00000000000000,-12.60250000000000,11.71510000000000,0.00000000000000
ruffle.exe,11016,0x0000000000000000,Other,-1,0,0,33.15905560000000,0.00000000000000,34.71380000000000,0,Composed: Copy with GPU GDI,0.60900000000000,24.12090000000000,33.31220000000000,0.00000000000000,-12.25100000000000,12.00130000000000,0.00000000000000
ruffle.exe,11016,0x0000000000000000,Other,-1,0,0,33.18815400000000,0.00000000000000,29.09840000000000,0,Composed: Copy with GPU GDI,0.85600000000000,28.32940000000000,33.30690000000000,0.00000000000000,-13.12510000000000,12.99780000000000,0.00000000000000
ruffle.exe,11016,0x0000000000000000,Other,-1,0,0,33.22179520000000,0.00000000000000,33.64120000000000,0,Composed: Copy with GPU GDI,0.87530000000000,27.97450000000000,33.28630000000000,0.00000000000000,-14.49070000000000,14.44090000000000,0.00000000000000
ruffle.exe,11016,0x0000000000000000,Other,-1,0,0,33.25119800000000,0.00000000000000,29.40280000000000,0,Composed: Copy with GPU GDI,0.90410000000000,32.01950000000000,33.44780000000000,0.00000000000000,-14.11270000000000,14.04590000000000,0.00000000000000
ruffle.exe,11016,0x0000000000000000,Other,-1,0,0,33.28893010000000,0.00000000000000,37.73210000000000,0,Composed: Copy with GPU GDI,0.91190000000000,27.57510000000000,33.28770000000000,0.00000000000000,-14.39350000000000,14.34530000000000,0.00000000000000
ruffle.exe,11016,0x0000000000000000,Other,-1,0,0,33.55859370000000,0.00000000000000,269.66360000000003,0,Composed: Copy with GPU GDI,0.89650000000000,24.56410000000000,266.65260000000001,0.00000000000000,-18.38730000000000,12.96370000000000,0.00000000000000
ruffle.exe,11016,0x0000000000000000,Other,-1,0,0,33.61916890000000,0.00000000000000,60.57520000000000,0,Composed: Copy with GPU GDI,0.98870000000000,30.70320000000000,66.71430000000001,0.00000000000000,-13.93020000000000,13.83150000000000,0.00000000000000
ruffle.exe,11016,0x0000000000000000,Other,-1,0,0,33.69952630000000,0.00000000000000,80.35740000000000,0,Composed: Copy with GPU GDI,0.96450000000000,33.66300000000000,83.31720000000000,0.00000000000000,-57.49210000000000,18.88750000000000,36.79300000000000
ruffle.exe,11016,0x0000000000000000,Other,-1,0,0,33.77038990000000,0.00000000000000,70.86360000000001,0,Composed: Copy with GPU GDI,0.88320000000000,29.47410000000000,66.67470000000000,0.00000000000000,-15.26880000000000,12.66290000000000,34.82180000000000
ruffle.exe,11016,0x0000000000000000,Other,-1,0,0,33.84782060000000,0.00000000000000,77.43070000000000,0,Composed: Copy with GPU GDI,1.59150000000000,18.76090000000000,66.71750000000000,0.00000000000000,-11.39960000000000,10.85640000000000,32.14770000000000
ruffle.exe,11016,0x0000000000000000,Other,-1,0,0,33.91119410000000,0.00000000000000,63.37350000000000,0,Composed: Copy with GPU GDI,0.88650000000000,22.01820000000000,66.63080000000001,0.00000000000000,-15.82220000000000,11.94000000000000,29.93220000000000
ruffle.exe,11016,0x0000000000000000,Other,-1,0,0,33.96081340000000,0.00000000000000,49.61930000000000,0,Composed: Copy with GPU GDI,0.87500000000000,22.38310000000000,49.98420000000000,0.00000000000000,-11.47860000000000,11.34630000000000,29.35280000000000
ruffle.exe,11016,0x0000000000000000,Other,-1,0,0,34.00166850000000,0.00000000000000,40.85510000000000,0,Composed: Copy with GPU GDI,0.78800000000000,31.55500000000000,50.02700000000000,0.00000000000000,-14.29870000000000,12.56900000000000,0.00000000000000
ruffle.exe,11016,0x0000000000000000,Other,-1,0,0,34.05037890000001,0.00000000000000,48.71040000000000,0,Composed: Copy with GPU GDI,0.94200000000000,32.87060000000000,50.02600000000000,0.00000000000000,-14.30470000000000,14.22040000000000,0.00000000000000
ruffle.exe,11016,0x0000000000000000,Other,-1,0,0,34.09445630000000,0.00000000000000,44.07740000000000,0,Composed: Copy with GPU GDI,0.88220000000000,22.17120000000000,33.37800000000000,0.00000000000000,-16.01740000000000,11.92030000000000,30.55100000000000
ruffle.exe,11016,0x0000000000000000,Other,-1,0,0,34.13308090000000,0.00000000000000,38.62460000000000,0,Composed: Copy with GPU GDI,1.00670000000000,33.48070000000000,49.93410000000000,0.00000000000000,-12.12830000000000,11.58040000000000,26.88880000000000
ruffle.exe,11016,0x0000000000000000,Other,-1,0,0,34.16342830000000,0.00000000000000,30.34740000000000,0,Composed: Copy with GPU GDI,0.67050000000000,19.78310000000000,16.64980000000000,0.00000000000000,-12.58640000000000,11.75320000000000,42.86630000000000
ruffle.exe,11016,0x0000000000000000,Other,-1,0,0,34.20964650000001,0.00000000000000,46.21820000000000,0,Composed: Copy with GPU GDI,0.91210000000000,23.53320000000000,49.96830000000000,0.00000000000000,-17.78210000000000,6.43170000000000,0.00000000000000
ruffle.exe,11016,0x0000000000000000,Other,-1,0,0,34.25214290000000,0.00000000000000,42.49640000000000,0,Composed: Copy with GPU GDI,0.92050000000000,31.12900000000000,50.09220000000001,0.00000000000000,-12.03340000000000,11.79220000000000,0.00000000000000
ruffle.exe,11016,0x0000000000000000,Other,-1,0,0,34.29330920000000,0.00000000000000,41.16630000000000,0,Composed: Copy with GPU GDI,0.92600000000000,23.25430000000000,33.29160000000000,0.00000000000000,-13.17280000000000,13.01940000000000,0.00000000000000
ruffle.exe,11016,0x0000000000000000,Other,-1,0,0,34.66565940000000,0.00000000000000,372.35020000000003,0,Composed: Copy with GPU GDI,0.72710000000000,17.62090000000000,366.71680000000003,0.00000000000000,-15.54290000000000,14.06710000000000,0.00000000000000
ruffle.exe,11016,0x0000000000000000,Other,-1,0,0,34.75182100000001,0.00000000000000,86.16160000000001,0,Composed: Copy with GPU GDI,0.93390000000000,31.49970000000000,100.04040000000001,0.00000000000000,-55.44450000000001,18.70820000000000,32.09670000000000
ruffle.exe,11016,0x0000000000000000,Other,-1,0,0,34.79247340000001,0.00000000000000,40.65240000000000,0,Composed: Copy with GPU GDI,0.90720000000000,24.14320000000000,33.29590000000000,0.00000000000000,-14.51960000000000,14.20460000000000,0.00000000000000
ruffle.exe,11016,0x0000000000000000,Other,-1,0,0,34.84538110000000,0.00000000000000,52.90770000000001,0,Composed: Copy with GPU GDI,0.89050000000000,21.23900000000000,50.00350000000000,0.00000000000000,-16.26690000000000,15.55660000000000,0.00000000000000
ruffle.exe,11016,0x0000000000000000,Other,-1,0,0,34.89197840000000,0.00000000000000,46.59730000000000,0,Composed: Copy with GPU GDI,0.92980000000000,24.67390000000000,50.03220000000000,0.00000000000000,-14.21850000000000,14.07740000000000,35.50310000000000
ruffle.exe,11016,0x0000000000000000,Other,-1,0,0,34.95320440000000,0.00000000000000,61.22600000000001,0,Composed: Copy with GPU GDI,0.84120000000000,30.11300000000000,66.66510000000001,0.00000000000000,-13.91450000000000,13.81410000000000,0.00000000000000
ruffle.exe,11016,0x0000000000000000,Other,-1,0,0,35.01552340000000,0.00000000000000,62.31900000000000,0,Composed: Copy with GPU GDI,0.92450000000000,17.78860000000000,49.99460000000001,0.00000000000000,-13.82390000000000,13.76430000000000,0.00000000000000
ruffle.exe,11016,0x0000000000000000,Other,-1,0,0,35.06134750000000,0.00000000000000,45.82410000000000,0,Composed: Copy with GPU GDI,0.87540000000000,21.97490000000000,50.01040000000000,0.00000000000000,-15.04230000000000,14.94100000000000,0.00000000000000
ruffle.exe,11016,0x0000000000000000,Other,-1,0,0,35.11153630000000,0.00000000000000,50.18880000000000,0,Composed: Copy with GPU GDI,0.99430000000000,21.78740000000000,50.00130000000000,0.00000000000000,-12.94400000000000,12.88680000000000,0.00000000000000
ruffle.exe,11016,0x0000000000000000,Other,-1,0,0,35.15519070000000,0.00000000000000,43.65440000000000,0,Composed: Copy with GPU GDI,0.98620000000000,28.20460000000000,50.07160000000000,0.00000000000000,-19.08310000000000,13.38390000000000,0.00000000000000
ruffle.exe,11016,0x0000000000000000,Other,-1,0,0,35.26208720000000,0.00000000000000,106.89650000000000,0,Composed: Copy with GPU GDI,0.90390000000000,21.24720000000000,99.93910000000001,0.00000000000000,-71.50750000000001,36.55540000000000,30.91880000000000
ruffle.exe,11016,0x0000000000000000,Other,-1,0,0,35.32885910000000,0.00000000000000,66.77190000000000,0,Composed: Copy with GPU GDI,0.89820000000000,21.18170000000000,66.70640000000000,0.00000000000000,-14.96270000000000,14.83380000000000,62.53680000000000
ruffle.exe,11016,0x0000000000000000,Other,-1,0,0,35.60306610000000,0.00000000000000,274.20699999999999,0,Composed: Copy with GPU GDI,0.86580000000000,30.28270000000000,283.30799999999999,0.00000000000000,-13.11770000000000,13.02230000000000,33.48610000000000
ruffle.exe,11016,0x0000000000000000,Other,-1,0,0,35.65471930000000,0.00000000000000,51.65320000000001,0,Composed: Copy with GPU GDI,0.97860000000000,28.62140000000000,49.99190000000000,0.00000000000000,-16.89490000000000,12.26130000000000,34.68590000000000
ruffle.exe,11016,0x0000000000000000,Other,-1,0,0,35.69117100000000,0.00000000000000,36.45170000000000,0,Composed: Copy with GPU GDI,0.88130000000000,25.52240000000000,33.35270000000000,0.00000000000000,-12.37380000000000,12.38690000000000,27.91630000000000
ruffle.exe,11016,0x0000000000000000,Other,-1,0,0,35.73264780000000,0.00000000000000,41.47680000000000,0,Composed: Copy with GPU GDI,0.59960000000000,17.43620000000000,33.39060000000000,0.00000000000000,-13.74220000000000,12.51460000000000,33.41660000000000
ruffle.exe,11016,0x0000000000000000,Other,-1,0,0,35.84152770000000,0.00000000000000,108.87990000000001,0,Composed: Copy with GPU GDI,0.94800000000000,25.17860000000000,116.62230000000001,0.00000000000000,-83.27170000000001,40.05270000000000,48.65920000000001
ruffle.exe,11016,0x0000000000000000,Other,-1,0,0,36.15080380000001,0.00000000000000,309.27610000000004,0,Composed: Copy with GPU GDI,0.91010000000000,32.58890000000000,316.68639999999999,0.00000000000000,-267.35360000000003,111.05620000000000,133.69180000000000
ruffle.exe,11016,0x0000000000000000,Other,-1,0,0,36.22906390000000,0.00000000000000,78.26010000000001,0,Composed: Copy with GPU GDI,0.89990000000000,37.69480000000000,83.36600000000000,0.00000000000000,-23.60550000000000,13.14240000000000,82.93580000000000
ruffle.exe,11016,0x0000000000000000,Other,-1,0,0,36.28624530000000,0.00000000000000,57.18140000000000,0,Composed: Copy with GPU GDI,0.87930000000000,30.49150000000000,49.97810000000000,0.00000000000000,-19.03490000000000,10.79390000000000,0.00000000000000
ruffle.exe,11016,0x0000000000000000,Other,-1,0,0,36.50523110000000,0.00000000000000,218.98580000000001,0,Composed: Copy with GPU GDI,0.90590000000000,28.26350000000000,216.75780000000000,0.00000000000000,-13.88760000000000,13.79000000000000,0.00000000000000
ruffle.exe,11016,0x0000000000000000,Other,-1,0,0,36.54464820000000,0.00000000000000,39.41710000000000,0,Composed: Copy with GPU GDI,0.88930000000000,22.17150000000000,33.32510000000000,0.00000000000000,-18.04790000000000,14.25360000000000,0.00000000000000
ruffle.exe,11016,0x0000000000000000,Other,-1,0,0,36.58626130000000,0.00000000000000,41.61310000000000,0,Composed: Copy with GPU GDI,0.66680000000000,30.59360000000000,50.03520000000000,0.00000000000000,-11.60520000000000,11.40270000000000,0.00000000000000
ruffle.exe,11016,0x0000000000000000,Other,-1,0,0,36.62330850000000,0.00000000000000,37.04720000000000,0,Composed: Copy with GPU GDI,0.88880000000000,26.81070000000000,33.26430000000000,0.00000000000000,-15.70580000000000,11.45870000000000,0.00000000000000
ruffle.exe,11016,0x0000000000000000,Other,-1,0,0,36.65974790000001,0.00000000000000,36.43940000000000,0,Composed: Copy with GPU GDI,0.86880000000000,23.71940000000000,33.34810000000000,0.00000000000000,-12.39730000000000,12.35030000000000,0.00000000000000
ruffle.exe,11016,0x0000000000000000,Other,-1,0,0,36.69304980000000,0.00000000000000,33.30190000000000,0,Composed: Copy with GPU GDI,0.64060000000000,23.73550000000000,33.31800000000000,0.00000000000000,-14.18700000000000,11.38970000000000,0.00000000000000
ruffle.exe,11016,0x0000000000000000,Other,-1,0,0,36.74169980000001,0.00000000000000,48.65000000000001,0,Composed: Copy with GPU GDI,0.88730000000000,25.07690000000000,49.99140000000001,0.00000000000000,-13.66550000000000,13.77250000000000,0.00000000000000
ruffle.exe,11016,0x0000000000000000,Other,-1,0,0,36.77313890000000,0.00000000000000,31.43910000000000,0,Composed: Copy with GPU GDI,0.88710000000000,27.03040000000000,33.39260000000000,0.00000000000000,-12.81650000000000,12.56290000000000,0.00000000000000
ruffle.exe,11016,0x0000000000000000,Other,-1,0,0,36.81670690000000,0.00000000000000,43.56800000000000,0,Composed: Copy with GPU GDI,0.94610000000000,16.77070000000000,33.30830000000000,0.00000000000000,-23.85180000000000,12.71240000000000,0.00000000000000
ruffle.exe,11016,0x0000000000000000,Other,-1,0,0,36.86593970000001,0.00000000000000,49.23280000000000,0,Composed: Copy with GPU GDI,0.89210000000000,17.65750000000000,50.11960000000001,0.00000000000000,-13.09940000000000,11.68440000000000,0.00000000000000
ruffle.exe,11016,0x0000000000000000,Other,-1,0,0,36.90839900000000,0.00000000000000,42.45930000000000,0,Composed: Copy with GPU GDI,0.93830000000000,41.74810000000000,66.54990000000001,0.00000000000000,-16.28190000000000,11.70530000000000,0.00000000000000
ruffle.exe,11016,0x0000000000000000,Other,-1,0,0,36.96536950000000,0.00000000000000,56.97050000000000,0,Composed: Copy with GPU GDI,0.90960000000000,18.12700000000000,33.34940000000000,0.00000000000000,-15.17750000000000,14.96050000000000,0.00000000000000
ruffle.exe,11016,0x0000000000000000,Other,-1,0,0,37.01371310000000,0.00000000000000,48.34360000000000,0,Composed: Copy with GPU GDI,0.88320000000000,19.77470000000000,49.99130000000000,0.00000000000000,-20.58200000000000,13.77280000000000,0.00000000000000
ruffle.exe,11016,0x0000000000000000,Other,-1,0,0,37.07137490000000,0.00000000000000,57.66180000000000,0,Composed: Copy with GPU GDI,0.93170000000000,28.81290000000000,66.70000000000000,0.00000000000000,-13.27990000000000,13.16520000000000,0.00000000000000
ruffle.exe,11016,0x0000000000000000,Other,-1,0,0,37.14747020000000,0.00000000000000,76.09530000000001,0,Composed: Copy with GPU GDI,0.89190000000000,19.36400000000000,66.64640000000000,0.00000000000000,-23.81050000000000,13.07570000000000,0.00000000000000
ruffle.exe,11016,0x0000000000000000,Other,-1,0,0,37.20888240000000,0.00000000000000,61.41220000000001,0,Composed: Copy with GPU GDI,0.92990000000000,24.64520000000000,66.69340000000000,0.00000000000000,-14.30280000000000,14.20330000000000,0.00000000000000
ruffle.exe,11016,0x0000000000000000,Other,-1,0,0,37.25611340000000,0.00000000000000,47.23100000000000,0,Composed: Copy with GPU GDI,0.88710000000000,27.38430000000000,49.97010000000000,0.00000000000000,-14.00040000000000,13.24580000000000,0.00000000000000
ruffle.exe,11016,0x0000000000000000,Other,-1,0,0,37.30098210000000,0.00000000000000,44.86870000000000,0,Composed: Copy with GPU GDI,0.92160000000000,49.17870000000000,66.66310000000000,0.00000000000000,-20.65540000000000,11.88970000000000,0.00000000000000
ruffle.exe,11016,0x0000000000000000,Other,-1,0,0,37.58692090000000,0.00000000000000,285.93880000000001,0,Composed: Copy with GPU GDI,0.97580000000000,29.95540000000000,266.71550000000002,0.00000000000000,-14.53660000000000,13.23850000000000,372.00040000000001
ruffle.exe,11016,0x0000000000000000,Other,-1,0,0,37.72443590000000,0.00000000000000,137.51500000000001,0,Composed: Copy with GPU GDI,0.90480000000000,25.79430000000000,133.35390000000001,0.00000000000000,-17.25330000000000,15.49810000000000,0.00000000000000
ruffle.exe,11016,0x0000000000000000,Other,-1,0,0,37.77756590000000,0.00000000000000,53.13000000000000,0,Composed: Copy with GPU GDI,0.93590000000000,22.69420000000000,50.02990000000000,0.00000000000000,-17.44420000000000,12.58380000000000,0.00000000000000
ruffle.exe,11016,0x0000000000000000,Other,-1,0,0,37.82130270000000,0.00000000000000,43.73680000000000,0,Composed: Copy with GPU GDI,0.92210000000000,28.93220000000000,49.97480000000000,0.00000000000000,-12.31830000000000,11.79090000000000,0.00000000000000
ruffle.exe,11016,0x0000000000000000,Other,-1,0,0,37.86139580000000,0.00000000000000,40.09310000000000,0,Composed: Copy with GPU GDI,0.86000000000000,22.16510000000000,33.32600000000000,0.00000000000000,-16.09150000000000,12.40220000000000,0.00000000000000
ruffle.exe,11016,0x0000000000000000,Other,-1,0,0,37.90133210000000,0.00000000000000,39.93630000000000,0,Composed: Copy with GPU GDI,0.93200000000000,32.21370000000000,49.98490000000000,0.00000000000000,-12.96050000000000,11.45160000000000,0.00000000000000
ruffle.exe,11016,0x0000000000000000,Other,-1,0,0,37.94648260000000,0.00000000000000,45.15050000000000,0,Composed: Copy with GPU GDI,0.89590000000000,20.42860000000000,33.36540000000000,0.00000000000000,-17.21980000000000,14.24730000000000,0.00000000000000
ruffle.exe,11016,0x0000000000000000,Other,-1,0,0,37.98912700000000,0.00000000000000,42.64440000000000,0,Composed: Copy with GPU GDI,0.90630000000000,27.76930000000000,49.98510000000000,0.00000000000000,-18.12660000000000,13.47700000000000,0.00000000000000
ruffle.exe,11016,0x0000000000000000,Other,-1,0,0,38.03789780000000,0.00000000000000,48.77080000000000,0,Composed: Copy with GPU GDI,0.90250000000000,29.04870000000000,50.05020000000000,0.00000000000000,-12.27680000000000,12.12550000000000,0.00000000000000
ruffle.exe,11016,0x0000000000000000,Other,-1,0,0,38.07675450000001,0.00000000000000,38.85670000000000,0,Composed: Copy with GPU GDI,0.92310000000000,23.52290000000000,33.33090000000000,0.00000000000000,-17.98990000000000,12.75760000000000,0.00000000000000
ruffle.exe,11016,0x0000000000000000,Other,-1,0,0,38.11438320000000,0.00000000000000,37.62870000000000,0,Composed: Copy with GPU GDI,0.91820000000000,19.22050000000000,33.32630000000000,0.00000000000000,-12.12660000000000,12.09450000000000,0.00000000000000
ruffle.exe,11016,0x0000000000000000,Other,-1,0,0,38.14651520000000,0.00000000000000,32.13200000000001,0,Composed: Copy with GPU GDI,0.89690000000000,20.40200000000000,33.31350000000000,0.00000000000000,-14.84270000000000,12.09780000000000,0.00000000000000
ruffle.exe,11016,0x0000000000000000,Other,-1,0,0,38.19097540000001,0.00000000000000,44.46020000000000,0,Composed: Copy with GPU GDI,0.91310000000000,25.95560000000000,50.01380000000000,0.00000000000000,-12.83440000000000,12.69730000000000,0.00000000000000
ruffle.exe,11016,0x0000000000000000,Other,-1,0,0,38.24427800000000,0.00000000000000,53.30260000000001,0,Composed: Copy with GPU GDI,0.91190000000000,22.63060000000000,49.97760000000000,0.00000000000000,-16.61650000000000,13.38030000000000,0.00000000000000
ruffle.exe,11016,0x0000000000000000,Other,-1,0,0,38.29273840000000,0.00000000000000,48.46040000000000,0,Composed: Copy with GPU GDI,0.82070000000000,24.20060000000000,50.03040000000000,0.00000000000000,-13.37590000000000,13.18300000000000,0.00000000000000
ruffle.exe,11016,0x0000000000000000,Other,-1,0,0,38.52040090000000,0.00000000000000,227.66250000000002,0,Composed: Copy with GPU GDI,0.92980000000000,29.87210000000000,233.33400000000000,0.00000000000000,-11.90150000000000,11.75370000000000,0.00000000000000
ruffle.exe,11016,0x0000000000000000,Other,-1,0,0,38.56887010000000,0.00000000000000,48.46920000000000,0,Composed: Copy with GPU GDI,0.99550000000000,31.44750000000000,50.04460000000000,0.00000000000000,-13.41620000000000,13.12700000000000,0.00000000000000
ruffle.exe,11016,0x0000000000000000,Other,-1,0,0,38.60723980000000,0.00000000000000,38.36970000000000,0,Composed: Copy with GPU GDI,0.84200000000000,26.39560000000000,33.31780000000000,0.00000000000000,-12.74120000000000,12.75650000000000,0.00000000000000
ruffle.exe,11016,0x0000000000000000,Other,-1,0,0,38.64659480000000,0.00000000000000,39.35500000000000,0,Composed: Copy with GPU GDI,0.60520000000000,20.34950000000000,33.30890000000000,0.00000000000000,-13.76840000000000,13.69610000000000,0.00000000000000
ruffle.exe,11016,0x0000000000000000,Other,-1,0,0,38.67720640000000,0.00000000000000,30.61160000000000,0,Composed: Copy with GPU GDI,0.62590000000000,23.09240000000000,33.35450000000000,0.00000000000000,-12.18690000000000,12.15390000000000,0.00000000000000
ruffle.exe,11016,0x0000000000000000,Other,-1,0,0,38.72068870000000,0.00000000000000,43.48230000000000,0,Composed: Copy with GPU GDI,0.90710000000000,46.29660000000001,66.68650000000001,0.00000000000000,-18.00380000000000,11.62920000000000,0.00000000000000
ruffle.exe,11016,0x0000000000000000,Other,-1,0,0,38.80140030000000,0.00000000000000,80.71160000000000,0,Composed: Copy with GPU GDI,0.90540000000000,15.58430000000000,49.99930000000001,0.00000000000000,-14.63990000000000,13.94120000000000,0.00000000000000
ruffle.exe,11016,0x0000000000000000,Other,-1,0,0,38.85360820000000,0.00000000000000,52.20790000000000,0,Composed: Copy with GPU GDI,0.85630000000000,30.06420000000000,66.68780000000001,0.00000000000000,-15.04270000000000,14.03490000000000,0.00000000000000
ruffle.exe,11016,0x0000000000000000,Other,-1,0,0,38.89568020000000,0.00000000000000,42.07200000000000,0,Composed: Copy with GPU GDI,0.90050000000000,21.29690000000000,33.30470000000000,0.00000000000000,-14.91070000000000,14.11070000000000,0.00000000000000
ruffle.exe,11016,0x0000000000000000,Other,-1,0,0,38.95935040000001,0.00000000000000,63.67020000000000,0,Composed: Copy with GPU GDI,0.90210000000000,40.97610000000000,83.34940000000000,0.00000000000000,-18.68790000000000,12.69160000000000,0.00000000000000
ruffle.exe,11016,0x0000000000000000,Other,-1,0,0,39.05321710000000,0.00000000000000,93.86670000000001,0,Composed: Copy with GPU GDI,0.91470000000000,47.11200000000000,100.00260000000000,0.00000000000000,-14.74870000000000,12.91440000000000,0.00000000000000
ruffle.exe,11016,0x0000000000000000,Other,-1,0,1,39.10206489999999,0.00000000000000,48.84780000000000,0,Composed: Copy with GPU GDI,1.04870000000000,0.00000000000000,0.00000000000000,0.00000000000000,-13.72280000000000,13.31100000000000,0.00000000000000
ruffle.exe,11016,0x0000000000000000,Other,-1,0,0,39.14875710000000,0.00000000000000,46.69220000000000,0,Composed: Copy with GPU GDI,0.78810000000000,18.20110000000000,66.62910000000001,0.00000000000000,-14.22710000000000,12.98760000000000,0.00000000000000
ruffle.exe,11016,0x0000000000000000,Other,-1,0,0,39.18706820000000,0.00000000000000,38.31110000000000,0,Composed: Copy with GPU GDI,0.89190000000000,46.58650000000000,66.69650000000000,0.00000000000000,-15.41000000000000,11.83790000000000,0.00000000000000
ruffle.exe,11016,0x0000000000000000,Other,-1,0,0,39.22840940000000,0.00000000000000,41.34120000000000,0,Composed: Copy with GPU GDI,0.83770000000000,21.98910000000000,16.74380000000000,0.00000000000000,-13.94840000000000,11.43380000000000,0.00000000000000
ruffle.exe,11016,0x0000000000000000,Other,-1,0,0,39.25465640000000,0.00000000000000,26.24700000000000,0,Composed: Copy with GPU GDI,0.85890000000000,29.04650000000000,33.30440000000000,0.00000000000000,-12.68440000000000,12.61540000000000,0.00000000000000
ruffle.exe,11016,0x0000000000000000,Other,-1,0,0,39.29452790000000,0.00000000000000,39.87150000000000,0,Composed: Copy with GPU GDI,0.82070000000000,22.48700000000000,33.31200000000000,0.00000000000000,-12.32750000000000,12.09840000000000,0.00000000000000
ruffle.exe,11016,0x0000000000000000,Other,-1,0,0,39.56063180000000,0.00000000000000,266.10390000000001,0,Composed: Copy with GPU GDI,0.86360000000000,23.03410000000000,266.65100000000001,0.00000000000000,-17.17550000000000,12.06570000000000,0.00000000000000
ruffle.exe,11016,0x0000000000000000,Other,-1,0,0,39.61214840000000,0.00000000000000,51.51660000000000,0,Composed: Copy with GPU GDI,0.86550000000000,21.54680000000000,50.02930000000000,0.00000000000000,-15.18890000000000,13.82500000000000,0.00000000000000
ruffle.exe,11016,0x0000000000000000,Other,-1,0,0,39.65637820000000,0.00000000000000,44.22980000000000,0,Composed: Copy with GPU GDI,0.82680000000000,27.35090000000000,50.03390000000000,0.00000000000000,-14.52720000000000,14.45500000000000,0.00000000000000
ruffle.exe,11016,0x0000000000000000,Other,-1,0,0,39.68738020000000,0.00000000000000,31.00200000000000,0,Composed: Copy with GPU GDI,0.79720000000000,29.64950000000000,33.30060000000000,0.00000000000000,-11.50170000000000,11.39790000000000,0.00000000000000
ruffle.exe,11016,0x0000000000000000,Other,-1,0,0,39.71671980000000,0.00000000000000,29.33960000000000,0,Composed: Copy with GPU GDI,0.84280000000000,33.67080000000000,33.36090000000000,0.00000000000000,-13.96360000000000,12.10250000000000,0.00000000000000
ruffle.exe,11016,0x0000000000000000,Other,-1,0,0,39.74273220000000,0.00000000000000,26.01240000000000,0,Composed: Copy with GPU GDI,0.91020000000000,24.32950000000000,16.67110000000000,0.00000000000000,-13.01310000000000,12.05710000000000,0.00000000000000
ruffle.exe,11016,0x0000000000000000,Other,-1,0,0,39.78035670000000,0.00000000000000,37.62450000000000,0,Composed: Copy with GPU GDI,0.81520000000000,20.02090000000000,33.31590000000000,0.00000000000000,-15.04030000000000,12.28610000000000,0.00000000000000
ruffle.exe,11016,0x0000000000000000,Other,-1,0,0,39.82044310000000,0.00000000000000,40.08640000000000,0,Composed: Copy with GPU GDI,0.84960000000000,30.03620000000000,50.10170000000000,0.00000000000000,-14.67400000000000,13.67220000000000,0.00000000000000
ruffle.exe,11016,0x0000000000000000,Other,-1,0,0,39.85536820000000,0.00000000000000,34.92510000000000,0,Composed: Copy with GPU GDI,0.61400000000000,28.37100000000000,33.25990000000000,0.00000000000000,-14.33930000000000,14.19640000000000,0.00000000000000
ruffle.exe,11016,0x0000000000000000,Other,-1,0,0,39.88448700000000,0.00000000000000,29.11880000000000,0,Composed: Copy with GPU GDI,0.86710000000000,32.53170000000000,33.27950000000000,0.00000000000000,-11.49900000000000,11.45720000000000,0.00000000000000
ruffle.exe,11016,0x0000000000000000,Other,-1,0,0,39.91535600000000,0.00000000000000,30.86900000000000,0,Composed: Copy with GPU GDI,0.61500000000000,18.41940000000000,16.75670000000000,0.00000000000000,-11.62100000000000,11.64580000000000,0.00000000000000
ruffle.exe,11016,0x0000000000000000,Other,-1,0,0,39.94751890000001,0.00000000000000,32.16290000000000,0,Composed: Copy with GPU GDI,0.88600000000000,19.53870000000000,33.28220000000000,0.00000000000000,-15.18360000000000,12.51940000000000,0.00000000000000
ruffle.exe,11016,0x0000000000000000,Other,-1,0,0,39.97903880000000,0.00000000000000,31.51990000000000,0,Composed: Copy with GPU GDI,0.65690000000000,21.37300000000000,33.35420000000000,0.00000000000000,-11.87050000000000,11.76910000000000,0.00000000000000
ruffle.exe,11016,0x0000000000000000,Other,-1,0,0,40.00233790000000,0.00000000000000,23.29910000000000,0,Composed: Copy with GPU GDI,0.72010000000000,31.40090000000000,33.32700000000000,0.00000000000000,-11.73690000000000,11.62900000000000,0.00000000000000
ruffle.exe,11016,0x0000000000000000,Other,-1,0,0,40.04033900000000,0.00000000000000,38.00110000000000,0,Composed: Copy with GPU GDI,0.88020000000000,26.78040000000000,33.38060000000000,0.00000000000000,-14.35790000000000,14.33150000000000,0.00000000000000
ruffle.exe,11016,0x0000000000000000,Other,-1,0,0,40.07459050000000,0.00000000000000,34.25150000000000,0,Composed: Copy with GPU GDI,0.87750000000000,25.81420000000000,33.28530000000000,0.00000000000000,-12.29640000000000,12.27910000000000,0.00000000000000
ruffle.exe,11016,0x0000000000000000,Other,-1,0,0,40.11467980000000,0.00000000000000,40.08930000000000,0,Composed: Copy with GPU GDI,0.92440000000000,19.09890000000000,33.37400000000000,0.00000000000000,-12.61630000000000,12.48490000000000,0.00000000000000
ruffle.exe,11016,0x0000000000000000,Other,-1,0,0,40.14384280000000,0.00000000000000,29.16300000000000,0,Composed: Copy with GPU GDI,0.91200000000000,23.26780000000000,33.33190000000000,0.00000000000000,-12.39570000000000,12.34690000000000,0.00000000000000
ruffle.exe,11016,0x0000000000000000,Other,-1,0,0,40.17682780000000,0.00000000000000,32.98500000000000,0,Composed: Copy with GPU GDI,0.86480000000000,23.64350000000000,33.36070000000000,0.00000000000000,-12.11600000000000,11.93500000000000,0.00000000000000
ruffle.exe,11016,0x0000000000000000,Other,-1,0,0,40.20586320000000,0.00000000000000,29.03540000000000,0,Composed: Copy with GPU GDI,0.85350000000000,27.88130000000000,33.27320000000000,0.00000000000000,-12.20270000000000,12.05620000000000,0.00000000000000
ruffle.exe,11016,0x0000000000000000,Other,-1,0,0,40.23744760000000,0.00000000000000,31.58440000000000,0,Composed: Copy with GPU GDI,0.61380000000000,29.65100000000000,33.35410000000000,0.00000000000000,-14.15200000000000,13.98230000000000,0.00000000000000
ruffle.exe,11016,0x0000000000000000,Other,-1,0,0,40.26186870000000,0.00000000000000,24.42110000000000,0,Composed: Copy with GPU GDI,0.62230000000000,21.88880000000000,16.65890000000000,0.00000000000000,-13.76100000000000,13.00190000000000,0.00000000000000
ruffle.exe,11016,0x0000000000000000,Other,-1,0,0,40.30241680000000,0.00000000000000,40.54810000000001,0,Composed: Copy with GPU GDI,0.89460000000000,31.35320000000000,50.01250000000000,0.00000000000000,-13.56380000000000,13.44730000000000,0.00000000000000
ruffle.exe,11016,0x0000000000000000,Other,-1,0,0,40.47927510000000,0.00000000000000,176.85830000000001,0,Composed: Copy with GPU GDI,0.64400000000000,21.16710000000000,166.67220000000000,0.00000000000000,-11.33110000000000,11.19010000000000,0.00000000000000
ruffle.exe,11016,0x0000000000000000,Other,-1,0,0,40.52006350000000,0.00000000000000,40.78840000000000,0,Composed: Copy with GPU GDI,0.93040000000000,30.39880000000000,50.02010000000000,0.00000000000000,-13.19610000000000,13.16000000000000,0.00000000000000
ruffle.exe,11016,0x0000000000000000,Other,-1,0,0,40.56798240000000,0.00000000000000,47.91890000000000,0,Composed: Copy with GPU GDI,0.93550000000000,32.44120000000000,49.96130000000000,0.00000000000000,-12.75200000000000,12.52630000000000,0.00000000000000
ruffle.exe,11016,0x0000000000000000,Other,-1,0,0,40.60736420000001,0.00000000000000,39.38180000000000,0,Composed: Copy with GPU GDI,0.61580000000000,26.50120000000000,33.44180000000000,0.00000000000000,-13.67210000000000,13.21910000000000,0.00000000000000
ruffle.exe,11016,0x0000000000000000,Other,-1,0,0,40.63990820000000,0.00000000000000,32.54400000000000,0,Composed: Copy with GPU GDI,0.85250000000000,27.20870000000000,33.25150000000000,0.00000000000000,-14.17890000000000,14.12690000000000,0.00000000000000
ruffle.exe,11016,0x0000000000000000,Other,-1,0,0,40.66657170000000,0.00000000000000,26.66350000000000,0,Composed: Copy with GPU GDI,0.86070000000000,33.91110000000000,33.36590000000000,0.00000000000000,-11.65900000000000,11.64960000000000,0.00000000000000
ruffle.exe,11016,0x0000000000000000,Other,-1,0,0,40.69764370000000,0.00000000000000,31.07200000000000,0,Composed: Copy with GPU GDI,0.87780000000000,19.51600000000000,16.67690000000000,0.00000000000000,-12.57360000000000,11.89970000000000,0.00000000000000
ruffle.exe,11016,0x0000000000000000,Other,-1,0,0,40.72162700000000,0.00000000000000,23.98330000000000,0,Composed: Copy with GPU GDI,0.66980000000000,28.87290000000000,33.34020000000000,0.00000000000000,-11.58850000000000,11.54310000000000,0.00000000000000
ruffle.exe,11016,0x0000000000000000,Other,-1,0,0,40.75400570000000,0.00000000000000,32.37870000000000,0,Composed: Copy with GPU GDI,0.92740000000000,29.88660000000000,33.39240000000000,0.00000000000000,-12.45890000000000,12.32250000000000,0.00000000000000
ruffle.exe,11016,0x0000000000000000,Other,-1,0,0,40.78718300000000,0.00000000000000,33.17730000000000,0,Composed: Copy with GPU GDI,0.90780000000000,29.99290000000000,33.28360000000000,0.00000000000000,-15.77930000000000,13.51280000000000,0.00000000000000
ruffle.exe,11016,0x0000000000000000,Other,-1,0,0,40.82601250000000,0.00000000000000,38.82950000000000,0,Composed: Copy with GPU GDI,0.90830000000000,24.44230000000000,33.27890000000000,0.00000000000000,-14.49150000000000,14.02030000000000,0.00000000000000
ruffle.exe,11016,0x0000000000000000,Other,-1,0,0,40.87278520000000,0.00000000000000,46.77270000000000,0,Composed: Copy with GPU GDI,0.88120000000000,27.72160000000000,50.05200000000000,0.00000000000000,-16.17900000000000,11.96530000000000,0.00000000000000
ruffle.exe,11016,0x0000000000000000,Other,-1,0,0,40.91320940000000,0.00000000000000,40.42420000000000,0,Composed: Copy with GPU GDI,0.84560000000000,20.66880000000000,33.37140000000000,0.00000000000000,-15.82780000000000,12.47400000000000,0.00000000000000
ruffle.exe,11016,0x0000000000000000,Other,-1,0,0,40.94444240000000,0.00000000000000,31.23300000000000,0,Composed: Copy with GPU GDI,0.87370000000000,22.71440000000000,33.27860000000000,0.00000000000000,-16.46080000000000,12.52850000000000,0.00000000000000
ruffle.exe,11016,0x0000000000000000,Other,-1,0,0,40.99037660000000,0.00000000000000,45.93420000000000,0,Composed: Copy with GPU GDI,0.84930000000000,26.83760000000000,50.05740000000000,0.00000000000000,-12.87280000000000,12.85520000000000,0.00000000000000
ruffle.exe,11016,0x0000000000000000,Other,-1,0,0,41.03224840000000,0.00000000000000,41.87180000000000,0,Composed: Copy with GPU GDI,0.70840000000000,18.28250000000000,33.31670000000000,0.00000000000000,-16.41830000000000,13.67460000000000,0.00000000000000
ruffle.exe,11016,0x0000000000000000,Other,-1,0,0,41.06620900000000,0.00000000000000,33.96060000000000,0,Composed: Copy with GPU GDI,0.79320000000000,17.63540000000000,33.31350000000000,0.00000000000000,-13.42620000000000,13.31080000000000,0.00000000000000
ruffle.exe,11016,0x0000000000000000,Other,-1,0,0,41.10379930000000,0.00000000000000,37.59030000000000,0,Composed: Copy with GPU GDI,0.70190000000000,46.72300000000000,66.67790000000001,0.00000000000000,-15.33930000000000,11.74480000000000,0.00000000000000
ruffle.exe,11016,0x0000000000000000,Other,-1,0,0,41.13665240000000,0.00000000000000,32.85310000000000,0,Composed: Copy with GPU GDI,0.69210000000000,30.54250000000000,16.67260000000000,0.00000000000000,-13.61570000000000,11.56130000000000,0.00000000000000
ruffle.exe,11016,0x0000000000000000,Other,-1,0,0,41.16279710000001,0.00000000000000,26.14470000000000,0,Composed: Copy with GPU GDI,0.58820000000000,21.09590000000000,16.69810000000000,0.00000000000000,-13.05970000000000,12.03060000000000,0.00000000000000
ruffle.exe,11016,0x0000000000000000,Other,-1,0,0,41.19250359999999,0.00000000000000,29.70650000000000,0,Composed: Copy with GPU GDI,0.86860000000000,24.69420000000000,33.30480000000000,0.00000000000000,-11.73240000000000,11.53660000000000,0.00000000000000
ruffle.exe,11016,0x0000000000000000,Other,-1,0,0,41.22865350000000,0.00000000000000,36.14990000000000,0,Composed: Copy with GPU GDI,0.91990000000000,21.86460000000000,33.32030000000000,0.00000000000000,-14.30800000000000,14.03020000000000,0.00000000000000
ruffle.exe,11016,0x0000000000000000,Other,-1,0,0,41.26535450000000,0.00000000000000,36.70100000000000,0,Composed: Copy with GPU GDI,0.87130000000000,18.48810000000000,33.32450000000000,0.00000000000000,-13.64830000000000,13.70230000000000,0.00000000000000
ruffle.exe,11016,0x0000000000000000,Other,-1,0,0,41.29783500000000,0.00000000000000,32.48050000000000,0,Composed: Copy with GPU GDI,0.82900000000000,19.37220000000000,33.36460000000000,0.00000000000000,-11.68190000000000,11.72160000000000,0.00000000000000
ruffle.exe,11016,0x0000000000000000,Other,-1,0,0,41.51101910000000,0.00000000000000,213.18410000000000,0,Composed: Copy with GPU GDI,0.85790000000000,22.85400000000000,216.66590000000002,0.00000000000000,-15.82760000000000,12.45360000000000,0.00000000000000
ruffle.exe,11016,0x0000000000000000,Other,-1,0,0,41.57867970000000,0.00000000000000,67.66060000000000,0,Composed: Copy with GPU GDI,0.93120000000000,21.88220000000000,66.68880000000000,0.00000000000000,-13.82050000000000,13.68650000000000,0.00000000000000
ruffle.exe,11016,0x0000000000000000,Other,-1,0,0,41.61102370000000,0.00000000000000,32.34400000000000,0,Composed: Copy with GPU GDI,0.89480000000000,22.88520000000000,33.34700000000000,0.00000000000000,-13.92010000000000,13.70910000000000,0.00000000000000
ruffle.exe,11016,0x0000000000000000,Other,-1,0,0,41.64359880000000,0.00000000000000,32.57510000000000,0,Composed: Copy with GPU GDI,0.62040000000000,23.60220000000000,33.29210000000000,0.00000000000000,-13.40890000000000,13.18540000000000,0.00000000000000
ruffle.exe,11016,0x0000000000000000,Other,-1,0,0,41.66708700000000,0.00000000000000,23.48820000000000,0,Composed: Copy with GPU GDI,0.90120000000000,33.46630000000000,33.35230000000000,0.00000000000000,-10.85000000000000,10.85580000000000,0.00000000000000
ruffle.exe,11016,0x0000000000000000,Other,-1,0,0,41.69564320000000,0.00000000000000,28.55620000000000,0,Composed: Copy with GPU GDI,0.66410000000000,21.60170000000000,16.69160000000000,0.00000000000000,-12.69550000000000,11.86960000000000,0.00000000000000
ruffle.exe,11016,0x0000000000000000,Other,-1,0,0,41.72131180000000,0.00000000000000,25.66860000000000,0,Composed: Copy with GPU GDI,0.57760000000000,29.25810000000000,33.32500000000000,0.00000000000000,-11.30480000000000,11.20850000000000,0.00000000000000
ruffle.exe,11016,0x0000000000000000,Other,-1,0,0,41.75779870000000,0.00000000000000,36.48690000000000,0,Composed: Copy with GPU GDI,0.61790000000000,26.14670000000000,33.37550000000000,0.00000000000000,-12.45320000000000,12.35250000000000,0.00000000000000
ruffle.exe,11016,0x0000000000000000,Other,-1,0,0,41.78483500000000,0.00000000000000,27.03630000000000,0,Composed: Copy with GPU GDI,0.87750000000000,32.40270000000000,33.29230000000000,0.00000000000000,-14.41470000000000,13.55270000000000,0.00000000000000
ruffle.exe,11016,0x0000000000000000,Other,-1,0,0,41.81836879999999,0.00000000000000,33.53380000000000,0,Composed: Copy with GPU GDI,0.77540000000000,32.35780000000000,33.48890000000000,0.00000000000000,-14.96150000000000,13.53200000000000,0.00000000000000
ruffle.exe,11016,0x0000000000000000,Other,-1,0,0,41.85040620000000,0.00000000000000,32.03740000000000,0,Composed: Copy with GPU GDI,0.99700000000000,33.50300000000000,33.18260000000000,0.00000000000000,-11.73550000000000,11.71760000000000,0.00000000000000
ruffle.exe,11016,0x0000000000000000,Other,-1,0,0,41.88789080000000,0.00000000000000,37.48460000000000,0,Composed: Copy with GPU GDI,0.57760000000000,29.35580000000000,33.33740000000000,0.00000000000000,-11.74710000000000,11.65600000000000,0.00000000000000
ruffle.exe,11016,0x0000000000000000,Other,-1,0,0,41.91667790000000,0.00000000000000,28.78710000000000,0,Composed: Copy with GPU GDI,0.60070000000000,17.24920000000000,16.68050000000000,0.00000000000000,-11.48310000000000,11.50760000000000,0.00000000000000
ruffle.exe,11016,0x0000000000000000,Other,-1,0,0,41.94418670000000,0.00000000000000,27.50880000000000,0,Composed: Copy with GPU GDI,0.60230000000000,23.05760000000000,33.31720000000000,0.00000000000000,-12.09380000000000,12.03750000000000,0.00000000000000
ruffle.exe,11016,0x0000000000000000,Other,-1,0,0,41.97651660000000,0.00000000000000,32.32990000000000,0,Composed: Copy with GPU GDI,0.60860000000000,24.09150000000000,33.36380000000000,0.00000000000000,-11.48490000000000,11.48540000000000,0.00000000000000
ruffle.exe,11016,0x0000000000000000,Other,-1,0,0,42.01050430000000,0.00000000000000,33.98770000000000,0,Composed: Copy with GPU GDI,0.62050000000000,23.39530000000000,33.29150000000000,0.00000000000000,-13.02170000000000,12.88930000000000,0.00000000000000
ruffle.exe,11016,0x0000000000000000,Other,-1,0,0,42.04340780000000,0.00000000000000,32.90350000000000,0,Composed: Copy with GPU GDI,0.85300000000000,24.39910000000000,33.90730000000000,0.00000000000000,-14.06570000000000,14.02960000000000,0.00000000000000
ruffle.exe,11016,0x0000000000000000,Other,-1,0,0,42.07741150000000,0.00000000000000,34.00370000000000,0,Composed: Copy with GPU GDI,0.62400000000000,23.16630000000000,32.77090000000000,0.00000000000000,-12.05980000000000,11.73360000000000,0.00000000000000
ruffle.exe,11016,0x0000000000000000,Other,-1,0,0,42.14842630000000,0.00000000000000,71.01480000000001,0,Composed: Copy with GPU GDI,0.83190000000000,18.83420000000000,66.68270000000000,0.00000000000000,-11.54570000000000,11.64820000000000,0.00000000000000
ruffle.exe,11016,0x0000000000000000,Other,-1,0,0,42.19484550000001,0.00000000000000,46.41920000000000,0,Composed: Copy with GPU GDI,0.66280000000000,22.40630000000000,49.99130000000000,0.00000000000000,-16.09690000000000,12.98020000000000,0.00000000000000
ruffle.exe,11016,0x0000000000000000,Other,-1,0,0,42.22025890000000,0.00000000000000,25.41340000000000,0,Composed: Copy with GPU GDI,0.61160000000000,30.30570000000000,33.31280000000000,0.00000000000000,-12.99180000000000,12.87680000000000,0.00000000000000
ruffle.exe,11016,0x0000000000000000,Other,-1,0,0,42.24603790000000,0.00000000000000,25.77900000000000,0,Composed: Copy with GPU GDI,0.59170000000000,21.29640000000000,16.76970000000000,0.00000000000000,-15.45060000000000,13.02880000000000,0.00000000000000
ruffle.exe,11016,0x0000000000000000,Other,-1,0,0,42.27342090000000,0.00000000000000,27.38300000000000,0,Composed: Copy with GPU GDI,1.95080000000000,27.16940000000000,33.25600000000000,0.00000000000000,-12.43920000000000,12.30340000000000,0.00000000000000
ruffle.exe,11016,0x0000000000000000,Other,-1,0,0,42.40325660000000,0.00000000000000,129.83570000000000,0,Composed: Copy with GPU GDI,0.83540000000000,30.69450000000000,133.36080000000001,0.00000000000000,-12.79070000000000,12.71380000000000,0.00000000000000
ruffle.exe,11016,0x0000000000000000,Other,-1,0,0,42.42589560000000,0.00000000000000,22.63900000000000,0,Composed: Copy with GPU GDI,0.58800000000000,24.76020000000000,16.70470000000000,0.00000000000000,-11.83080000000000,11.06490000000000,0.00000000000000
ruffle.exe,11016,0x0000000000000000,Other,-1,0,0,42.46013150000000,0.00000000000000,34.23590000000000,0,Composed: Copy with GPU GDI,0.62710000000000,23.84080000000000,33.31650000000000,0.00000000000000,-15.20240000000000,12.02550000000000,0.00000000000000
ruffle.exe,11016,0x0000000000000000,Other,-1,0,0,42.49437140000001,0.00000000000000,34.23990000000000,0,Composed: Copy with GPU GDI,0.61180000000000,22.94830000000000,33.34740000000000,0.00000000000000,-13.29960000000000,13.28870000000000,0.00000000000000
ruffle.exe,11016,0x0000000000000000,Other,-1,0,0,42.52766590000000,0.00000000000000,33.29450000000000,0,Composed: Copy with GPU GDI,0.82440000000000,22.97720000000000,33.32340000000000,0.00000000000000,-14.09310000000000,14.11210000000000,0.00000000000000
ruffle.exe,11016,0x0000000000000000,Other,-1,0,0,42.55874130000000,0.00000000000000,31.07540000000000,0,Composed: Copy with GPU GDI,0.65300000000000,25.20490000000000,33.30310000000000,0.00000000000000,-10.97870000000000,10.87590000000000,0.00000000000000
ruffle.exe,11016,0x0000000000000000,Other,-1,0,0,42.59765790000000,0.00000000000000,38.91660000000000,0,Composed: Copy with GPU GDI,0.64000000000000,19.66490000000000,33.37660000000000,0.00000000000000,-12.15560000000000,12.17790000000000,0.00000000000000
ruffle.exe,11016,0x0000000000000000,Other,-1,0,0,42.62699500000000,0.00000000000000,29.33710000000000,0,Composed: Copy with GPU GDI,0.59360000000000,23.62490000000000,33.29710000000000,0.00000000000000,-11.28590000000000,11.01400000000000,0.00000000000000
ruffle.exe,11016,0x0000000000000000,Other,-1,0,0,42.66365649999999,0.00000000000000,36.66150000000000,0,Composed: Copy with GPU GDI,0.58850000000000,20.35080000000000,33.38740000000000,0.00000000000000,-10.89470000000000,10.90550000000000,0.00000000000000
ruffle.exe,11016,0x0000000000000000,Other,-1,0,0,42.69499270000000,0.00000000000000,31.33620000000000,0,Composed: Copy with GPU GDI,0.61180000000000,22.30450000000000,33.28990000000000,0.00000000000000,-13.75670000000000,13.55220000000000,0.00000000000000
ruffle.exe,11016,0x0000000000000000,Other,-1,0,0,42.73252420000000,0.00000000000000,37.53150000000000,0,Composed: Copy with GPU GDI,0.61260000000000,18.15420000000000,33.38120000000000,0.00000000000000,-13.91060000000000,13.85350000000000,0.00000000000000
ruffle.exe,11016,0x0000000000000000,Other,-1,0,0,42.75739110000000,0.00000000000000,24.86690000000000,0,Composed: Copy with GPU GDI,0.60180000000000,26.59740000000000,33.31010000000000,0.00000000000000,-11.35820000000000,11.26970000000000,0.00000000000000
ruffle.exe,11016,0x0000000000000000,Other,-1,0,0,42.79951160000000,0.00000000000000,42.12050000000000,0,Composed: Copy with GPU GDI,0.62210000000000,17.80630000000000,33.32940000000000,0.00000000000000,-12.14650000000000,12.23480000000000,0.00000000000000
ruffle.exe,11016,0x0000000000000000,Other,-1,0,0,42.82791040000000,0.00000000000000,28.39880000000000,0,Composed: Copy with GPU GDI,0.59220000000000,22.75550000000000,33.34800000000000,0.00000000000000,-12.55180000000000,10.81310000000000,0.00000000000000
ruffle.exe,11016,0x0000000000000000,Other,-1,0,0,42.85941350000000,0.00000000000000,31.50310000000000,0,Composed: Copy with GPU GDI,0.65230000000000,24.56720000000000,33.31480000000000,0.00000000000000,-11.40710000000000,11.22260000000000,0.00000000000000
ruffle.exe,11016,0x0000000000000000,Other,-1,0,0,42.89674240000000,0.00000000000000,37.32890000000000,0,Composed: Copy with GPU GDI,0.59960000000000,20.55780000000000,33.31950000000001,0.00000000000000,-12.07900000000000,11.98710000000000,0.00000000000000
ruffle.exe,11016,0x0000000000000000,Other,-1,0,0,42.93562100000000,0.00000000000000,38.87860000000000,0,Composed: Copy with GPU GDI,0.69090000000000,31.67390000000000,49.99470000000000,0.00000000000000,-13.07830000000000,13.05970000000000,0.00000000000000
ruffle.exe,11016,0x0000000000000000,Other,-1,0,0,42.96443380000000,0.00000000000000,28.81280000000000,0,Composed: Copy with GPU GDI,0.61710000000000,19.55950000000000,16.69840000000000,0.00000000000000,-13.73220000000000,12.72920000000000,0.00000000000000
ruffle.exe,11016,0x0000000000000000,Other,-1,0,0,42.99443070000000,0.00000000000000,29.99690000000000,0,Composed: Copy with GPU GDI,0.64250000000000,22.93320000000000,33.37060000000000,0.00000000000000,-11.72600000000000,11.79440000000000,0.00000000000000
ruffle.exe,11016,0x0000000000000000,Other,-1,0,0,43.02698500000000,0.00000000000000,32.55430000000000,0,Composed: Copy with GPU GDI,0.62160000000000,23.73710000000000,33.35820000000000,0.00000000000000,-11.12500000000000,11.08430000000000,0.00000000000000
ruffle.exe,11016,0x0000000000000000,Other,-1,0,0,43.05988190000000,0.00000000000000,32.89690000000000,0,Composed: Copy with GPU GDI,0.59190000000000,24.15860000000000,33.31840000000000,0.00000000000000,-11.46700000000000,11.36690000000000,0.00000000000000
ruffle.exe,11016,0x0000000000000000,Other,-1,0,0,43.09099920000000,0.00000000000000,31.11730000000000,0,Composed: Copy with GPU GDI,0.61520000000000,26.37660000000000,33.33530000000000,0.00000000000000,-12.24510000000000,12.21650000000000,0.00000000000000
ruffle.exe,11016,0x0000000000000000,Other,-1,0,0,43.12795680000000,0.00000000000000,36.95760000000000,0,Composed: Copy with GPU GDI,0.60530000000000,22.75930000000000,33.34030000000000,0.00000000000000,-12.89890000000000,12.70940000000000,0.00000000000000
ruffle.exe,11016,0x0000000000000000,Other,-1,0,0,43.15953800000000,0.00000000000000,31.58120000000000,0,Composed: Copy with GPU GDI,0.57390000000000,24.49460000000000,33.31650000000000,0.00000000000000,-12.60480000000000,12.50620000000000,0.00000000000000
ruffle.exe,11016,0x0000000000000000,Other,-1,0,0,43.19268160000001,0.00000000000000,33.14360000000000,0,Composed: Copy with GPU GDI,0.59600000000000,24.72240000000000,33.37140000000000,0.00000000000000,-12.30740000000000,12.24380000000000,0.00000000000000
ruffle.exe,11016,0x0000000000000000,Other,-1,0,0,43.22238890000000,0.00000000000000,29.70730000000000,0,Composed: Copy with GPU GDI,0.62050000000000,28.31320000000000,33.29810000000001,0.00000000000000,-11.11360000000000,11.14540000000000,0.00000000000000
ruffle.exe,11016,0x0000000000000000,Other,-1,0,0,43.25953380000000,0.00000000000000,37.14490000000000,0,Composed: Copy with GPU GDI,0.62730000000000,24.48610000000000,33.31780000000000,0.00000000000000,-11.47460000000000,11.47420000000000,0.00000000000000
ruffle.exe,11016,0x0000000000000000,Other,-1,0,0,43.41074670000000,0.00000000000000,151.21290000000002,0,Composed: Copy with GPU GDI,1.78900000000000,23.29970000000000,150.02650000000000,0.00000000000000,-15.69260000000000,14.20920000000000,0.00000000000000
ruffle.exe,11016,0x0000000000000000,Other,-1,0,0,43.45182040000000,0.00000000000000,41.07370000000000,0,Composed: Copy with GPU GDI,0.84790000000000,32.19410000000000,49.96810000000000,0.00000000000000,-14.58620000000000,13.14630000000000,0.00000000000000
ruffle.exe,11016,0x0000000000000000,Other,-1,0,0,43.47736320000000,0.00000000000000,25.54280000000000,0,Composed: Copy with GPU GDI,2.10110000000000,23.27550000000000,16.62420000000000,0.00000000000000,-13.09360000000000,11.00280000000000,0.00000000000000
ruffle.exe,11016,0x0000000000000000,Other,-1,0,0,43.50117720000000,0.00000000000000,23.81400000000000,0,Composed: Copy with GPU GDI,0.87540000000000,32.85110000000000,33.38960000000000,0.00000000000000,-13.18920000000000,11.88250000000000,0.00000000000000
ruffle.exe,11016,0x0000000000000000,Other,-1,0,0,43.52579950000001,0.00000000000000,24.62230000000000,0,Composed: Copy with GPU GDI,0.62100000000000,24.91980000000000,16.69100000000000,0.00000000000000,-12.23530000000000,11.24210000000000,0.00000000000000
ruffle.exe,11016,0x0000000000000000,Other,-1,0,0,43.56138660000000,0.00000000000000,35.58710000000000,0,Composed: Copy with GPU GDI,0.65600000000000,22.69200000000000,33.35930000000000,0.00000000000000,-12.91300000000000,12.99890000000000,0.00000000000000
ruffle.exe,11016,0x0000000000000000,Other,-1,0,0,43.59319810000000,0.00000000000000,31.81150000000000,0,Composed: Copy with GPU GDI,0.57990000000000,24.25270000000000,33.37220000000000,0.00000000000000,-14.13290000000000,13.96620000000000,0.00000000000000
ruffle.exe,11016,0x0000000000000000,Other,-1,0,0,43.62507900000000,0.00000000000000,31.88090000000000,0,Composed: Copy with GPU GDI,0.59340000000000,25.71930000000000,33.34750000000000,0.00000000000000,-11.50520000000000,11.23850000000000,0.00000000000000
ruffle.exe,11016,0x0000000000000000,Other,-1,0,0,43.65602860000000,0.00000000000000,30.94960000000000,0,Composed: Copy with GPU GDI,0.60920000000000,28.12290000000000,33.35320000000000,0.00000000000000,-10.84780000000000,10.84970000000000,0.00000000000000
ruffle.exe,11016,0x0000000000000000,Other,-1,0,0,43.68879760000000,0.00000000000000,32.76900000000000,0,Composed: Copy with GPU GDI,0.59280000000000,28.63730000000000,33.28340000000000,0.00000000000000,-10.96730000000000,10.88790000000000,0.00000000000000
ruffle.exe,11016,0x0000000000000000,Other,-1,0,0,43.72619420000000,0.00000000000000,37.39660000000000,0,Composed: Copy with GPU GDI,0.59520000000000,24.65970000000000,33.41900000000000,0.00000000000000,-11.80070000000000,11.56990000000000,0.00000000000000
ruffle.exe,11016,0x0000000000000000,Other,-1,0,0,43.75630460000001,0.00000000000000,30.11040000000000,0,Composed: Copy with GPU GDI,0.59000000000000,27.79380000000000,33.24450000000000,0.00000000000000,-11.35930000000000,11.23260000000000,0.00000000000000
ruffle.exe,11016,0x0000000000000000,Other,-1,0,0,43.79271440000000,0.00000000000000,36.40980000000000,0,Composed: Copy with GPU GDI,0.63480000000000,24.72040000000000,33.33640000000000,0.00000000000000,-13.71540000000000,13.67560000000000,0.00000000000000
ruffle.exe,11016,0x0000000000000000,Other,-1,0,0,43.82783280000000,0.00000000000000,35.11840000000000,0,Composed: Copy with GPU GDI,0.56270000000000,22.93250000000000,33.33050000000000,0.00000000000000,-13.11680000000000,12.71340000000000,0.00000000000000
ruffle.exe,11016,0x0000000000000000,Other,-1,0,0,43.85716770000000,0.00000000000000,29.33490000000000,0,Composed: Copy with GPU GDI,0.61920000000000,26.92270000000000,33.32510000000000,0.00000000000000,-11.23720000000000,11.24290000000000,0.00000000000000
ruffle.exe,11016,0x0000000000000000,Other,-1,0,0,43.89024460000000,0.00000000000000,33.07690000000000,0,Composed: Copy with GPU GDI,0.84960000000000,27.15700000000000,33.31120000000000,0.00000000000000,-12.47460000000000,12.37570000000000,0.00000000000000
ruffle.exe,11016,0x0000000000000000,Other,-1,0,0,43.93184790000000,0.00000000000000,41.60330000000000,0,Composed: Copy with GPU GDI,0.60860000000000,19.13190000000000,33.57820000000000,0.00000000000000,-11.80160000000000,11.66620000000000,0.00000000000000
ruffle.exe,11016,0x0000000000000000,Other,-1,0,0,43.96099890000000,0.00000000000000,29.15100000000000,0,Composed: Copy with GPU GDI,0.66160000000000,23.08500000000000,33.10410000000000,0.00000000000000,-13.62780000000000,11.31820000000000,0.00000000000000
ruffle.exe,11016,0x0000000000000000,Other,-1,0,0,44.01646010000000,0.00000000000000,55.46120000000001,0,Composed: Copy with GPU GDI,0.94500000000000,17.64890000000000,50.02510000000000,0.00000000000000,-14.84060000000000,14.82800000000000,0.00000000000000
ruffle.exe,11016,0x0000000000000000,Other,-1,0,0,44.04620740000000,0.00000000000000,29.74730000000000,0,Composed: Copy with GPU GDI,0.63730000000000,21.22360000000000,33.32200000000000,0.00000000000000,-12.81890000000000,12.66400000000000,0.00000000000000
ruffle.exe,11016,0x0000000000000000,Other,-1,0,0,44.07867080000000,0.00000000000000,32.46340000000000,0,Composed: Copy with GPU GDI,0.85570000000000,22.13100000000000,33.37080000000000,0.00000000000000,-11.76160000000000,11.72020000000000,0.00000000000000
ruffle.exe,11016,0x0000000000000000,Other,-1,0,0,44.11382360000000,0.00000000000000,35.15280000000000,0,Composed: Copy with GPU GDI,0.85500000000000,20.27380000000000,33.29560000000000,0.00000000000000,-12.57850000000000,12.55460000000000,0.00000000000000
ruffle.exe,11016,0x0000000000000000,Other,-1,0,0,44.14588720000000,0.00000000000000,32.06360000000000,0,Composed: Copy with GPU GDI,0.84240000000000,21.60990000000000,33.39970000000000,0.00000000000000,-11.68720000000000,11.66630000000000,0.00000000000000
ruffle.exe,11016,0x0000000000000000,Other,-1,0,0,44.17250610000000,0.00000000000000,26.61890000000000,0,Composed: Copy with GPU GDI,0.88980000000000,28.21560000000000,33.22460000000000,0.00000000000000,-11.32910000000000,11.43170000000000,0.00000000000000
ruffle.exe,11016,0x0000000000000000,Other,-1,0,0,44.20110500000001,0.00000000000000,28.59890000000000,0,Composed: Copy with GPU GDI,0.84990000000000,32.99160000000000,33.37490000000000,0.00000000000000,-12.69210000000000,12.82490000000000,0.00000000000000
ruffle.exe,11016,0x0000000000000000,Other,-1,0,0,44.22996010000000,0.00000000000000,28.85510000000000,0,Composed: Copy with GPU GDI,0.84970000000000,20.82630000000000,16.68980000000000,0.00000000000000,-13.72800000000000,12.99310000000000,0.00000000000000
ruffle.exe,11016,0x0000000000000000,Other,-1,0,0,44.26952470000001,0.00000000000000,39.56460000000000,0,Composed: Copy with GPU GDI,0.96800000000000,31.24330000000000,49.98160000000000,0.00000000000000,-13.50720000000000,13.17720000000000,0.00000000000000
ruffle.exe,11016,0x0000000000000000,Other,-1,0,0,44.45440810000000,0.00000000000000,184.88340000000002,0,Composed: Copy with GPU GDI,1.42870000000000,29.75880000000000,183.39890000000000,0.00000000000000,-16.07740000000000,13.15860000000000,0.00000000000000
ruffle.exe,11016,0x0000000000000000,Other,-1,0,0,44.53286490000000,0.00000000000000,78.45680000000000,0,Composed: Copy with GPU GDI,0.89050000000000,17.98400000000000,66.68200000000000,0.00000000000000,-14.52960000000000,14.42670000000000,0.00000000000000
ruffle.exe,11016,0x0000000000000000,Other,-1,0,0,44.58560420000001,0.00000000000000,52.73930000000000,0,Composed: Copy with GPU GDI,0.82830000000000,31.91320000000000,66.66850000000001,0.00000000000000,-13.97620000000000,13.32250000000000,0.00000000000000
ruffle.exe,11016,0x0000000000000000,Other,-1,0,0,44.63321269999999,0.00000000000000,47.60850000000000,0,Composed: Copy with GPU GDI,0.96840000000000,17.62310000000000,33.31840000000000,0.00000000000000,-17.04850000000000,13.25250000000000,0.00000000000000
ruffle.exe,11016,0x0000000000000000,Other,-1,0,0,44.69022610000000,0.00000000000000,57.01340000000000,0,Composed: Copy with GPU GDI,0.90700000000000,27.27640000000000,66.66670000000001,0.00000000000000,-16.19820000000000,11.62000000000000,0.00000000000000
ruffle.exe,11016,0x0000000000000000,Other,-1,0,0,44.74121210000000,0.00000000000000,50.98600000000000,0,Composed: Copy with GPU GDI,0.86810000000000,26.31100000000000,50.02060000000000,0.00000000000000,-14.94870000000000,13.37440000000000,0.00000000000000
ruffle.exe,11016,0x0000000000000000,Other,-1,0,0,44.78443470000000,0.00000000000000,43.22260000000000,0,Composed: Copy with GPU GDI,0.89720000000000,33.02310000000000,49.93470000000000,0.00000000000000,-14.52020000000000,14.11970000000000,0.00000000000000
ruffle.exe,11016,0x0000000000000000,Other,-1,0,0,44.82519260000000,0.00000000000000,40.75790000000000,0,Composed: Copy with GPU GDI,0.65840000000000,25.65110000000000,33.38590000000000,0.00000000000000,-14.21200000000000,13.64110000000000,0.00000000000000
ruffle.exe,11016,0x0000000000000000,Other,-1,0,0,44.88319630000000,0.00000000000000,58.00370000000000,0,Composed: Copy with GPU GDI,0.89190000000000,17.64600000000000,49.99860000000000,0.00000000000000,-15.98780000000000,12.65110000000000,0.00000000000000
ruffle.exe,11016,0x0000000000000000,Other,-1,0,0,44.92901460000000,0.00000000000000,45.81830000000000,0,Composed: Copy with GPU GDI,0.89350000000000,21.83750000000000,50.00980000000001,0.00000000000000,-12.88460000000000,12.70310000000000,0.00000000000000
ruffle.exe,11016,0x0000000000000000,Other,-1,0,0,44.97506280000000,0.00000000000000,46.04820000000000,0,Composed: Copy with GPU GDI,0.60710000000000,25.78730000000000,49.99800000000000,0.00000000000000,-13.57350000000000,13.45650000000000,0.00000000000000
ruffle.exe,11016,0x0000000000000000,Other,-1,0,0,45.01508080000001,0.00000000000000,40.01800000000000,0,Composed: Copy with GPU GDI,0.88630000000000,19.11790000000000,33.34860000000000,0.00000000000000,-13.99550000000000,14.01740000000000,0.00000000000000
ruffle.exe,11016,0x0000000000000000,Other,-1,0,0,45.04689250000001,0.00000000000000,31.81170000000000,0,Composed: Copy with GPU GDI,0.64860000000000,20.64150000000000,33.33530000000000,0.00000000000000,-11.40360000000000,11.29830000000000,0.00000000000000
ruffle.exe,11016,0x0000000000000000,Other,-1,0,0,45.07559340000000,0.00000000000000,28.70090000000000,0,Composed: Copy with GPU GDI,0.89020000000000,25.25810000000000,33.31750000000000,0.00000000000000,-11.62770000000000,11.50640000000000,0.00000000000000
ruffle.exe,11016,0x0000000000000000,Other,-1,0,0,45.11445890000000,0.00000000000000,38.86550000000000,0,Composed: Copy with GPU GDI,0.83940000000000,19.74120000000000,33.34860000000000,0.00000000000000,-12.65390000000000,12.55120000000000,0.00000000000000
ruffle.exe,11016,0x0000000000000000,Other,-1,0,0,45.16480600000000,0.00000000000000,50.34710000000000,0,Composed: Copy with GPU GDI,0.81810000000000,19.37320000000000,49.97910000000000,0.00000000000000,-15.09530000000000,11.55050000000000,0.00000000000000
ruffle.exe,11016,0x0000000000000000,Other,-1,0,0,45.21649210000000,0.00000000000000,51.68610000000000,0,Composed: Copy with GPU GDI,0.62670000000000,17.70750000000000,50.02040000000000,0.00000000000000,-14.29300000000000,14.12650000000000,0.00000000000000
ruffle.exe,11016,0x0000000000000000,Other,-1,0,0,45.25694300000000,0.00000000000000,40.45090000000000,0,Composed: Copy with GPU GDI,0.59260000000000,27.23120000000000,49.97460000000000,0.00000000000000,-13.33370000000000,13.26320000000000,0.00000000000000
ruffle.exe,11016,0x0000000000000000,Other,-1,0,0,45.28546470000000,0.00000000000000,28.52170000000000,0,Composed: Copy with GPU GDI,0.93090000000000,32.06000000000000,33.35050000000000,0.00000000000000,-11.27760000000000,11.28900000000000,0.00000000000000
ruffle.exe,11016,0x0000000000000000,Other,-1,0,0,45.50529520000000,0.00000000000000,219.83050000000000,0,Composed: Copy with GPU GDI,0.66130000000000,28.91840000000000,216.68890000000002,0.00000000000000,-16.45040000000000,12.01060000000000,0.00000000000000
ruffle.exe,11016,0x0000000000000000,Other,-1,0,0,45.55213400000000,0.00000000000000,46.83880000000000,0,Composed: Copy with GPU GDI,0.89030000000000,32.05200000000000,49.97240000000000,0.00000000000000,-11.24920000000000,11.23330000000000,0.00000000000000
ruffle.exe,11016,0x0000000000000000,Other,-1,0,0,45.58586540000000,0.00000000000000,33.73140000000000,0,Composed: Copy with GPU GDI,0.91230000000000,31.73690000000000,33.41630000000000,0.00000000000000,-17.34170000000000,14.76250000000000,0.00000000000000
ruffle.exe,11016,0x0000000000000000,Other,-1,0,0,45.62083200000000,0.00000000000000,34.96660000000000,0,Composed: Copy with GPU GDI,0.86260000000000,30.02020000000000,33.24990000000000,0.00000000000000,-15.75320000000000,13.50880000000000,0.00000000000000
ruffle.exe,11016,0x0000000000000000,Other,-1,0,0,45.65014600000000,0.00000000000000,29.31400000000000,0,Composed: Copy with GPU GDI,0.60360000000000,17.41750000000000,16.71130000000000,0.00000000000000,-10.68720000000000,10.72710000000000,0.00000000000000
ruffle.exe,11016,0x0000000000000000,Other,-1,0,0,45.69456620000000,0.00000000000000,44.42020000000000,0,Composed: Copy with GPU GDI,0.63560000000000,23.01840000000000,50.02110000000000,0.00000000000000,-12.40690000000000,12.31000000000000,0.00000000000000
ruffle.exe,11016,0x0000000000000000,Other,-1,0,0,45.71952860000000,0.00000000000000,24.96240000000000,0,Composed: Copy with GPU GDI,0.89970000000000,31.38320000000000,33.32720000000000,0.00000000000000,-10.75770000000000,10.91580000000000,0.00000000000000
ruffle.exe,11016,0x0000000000000000,Other,-1,0,0,45.75650340000000,0.00000000000000,36.97480000000000,0,Composed: Copy with GPU GDI,0.88940000000000,27.82520000000000,33.41680000000000,0.00000000000000,-12.32850000000000,12.23980000000000,0.00000000000000
ruffle.exe,11016,0x0000000000000000,Other,-1,0,0,45.79239230000000,0.00000000000000,35.88890000000000,0,Composed: Copy with GPU GDI,0.89350000000000,25.20940000000000,33.27310000000000,0.00000000000000,-14.83280000000000,12.66920000000000,0.00000000000000
ruffle.exe,11016,0x0000000000000000,Other,-1,0,0,45.83502280000000,0.00000000000000,42.63050000000000,0,Composed: Copy with GPU GDI,0.88060000000000,32.52630000000000,49.94740000000000,0.00000000000000,-12.34990000000000,12.47220000000000,0.00000000000000
ruffle.exe,11016,0x0000000000000000,Other,-1,0,0,45.86838470000000,0.00000000000000,33.36190000000000,0,Composed: Copy with GPU GDI,0.90520000000000,32.53070000000000,33.36630000000000,0.00000000000000,-12.69080000000000,12.80020000000000,0.00000000000000
ruffle.exe,11016,0x0000000000000000,Other,-1,0,0,45.89937170000000,0.00000000000000,30.98700000000000,0,Composed: Copy with GPU GDI,0.87840000000000,18.22190000000000,16.67820000000000,0.00000000000000,-11.49940000000000,11.54300000000000,0.00000000000000
ruffle.exe,11016,0x0000000000000000,Other,-1,0,0,45.93379710000001,0.00000000000000,34.42540000000000,0,Composed: Copy with GPU GDI,0.90650000000000,50.46200000000000,66.66550000000001,0.00000000000000,-15.37970000000000,11.95700000000000,0.00000000000000
ruffle.exe,11016,0x0000000000000000,Other,-1,0,0,45.97233740000000,0.00000000000000,38.54030000000000,0,Composed: Copy with GPU GDI,0.96640000000000,28.57570000000000,16.65400000000000,0.00000000000000,-14.02180000000000,11.71950000000000,0.00000000000000
ruffle.exe,11016,0x0000000000000000,Other,-1,0,0,46.00574290000000,0.00000000000000,33.40550000000000,0,Composed: Copy with GPU GDI,0.94030000000000,28.54170000000000,33.37150000000000,0.00000000000000,-16.48270000000000,11.15290000000000,0.00000000000000
ruffle.exe,11016,0x0000000000000000,Other,-1,0,0,46.14044420000000,0.00000000000000,134.70130000000000,0,Composed: Copy with GPU GDI,0.84540000000000,27.19000000000000,133.34960000000001,0.00000000000000,-15.00770000000000,14.93480000000000,0.00000000000000
ruffle.exe,11016,0x0000000000000000,Other,-1,0,0,46.17949660000000,0.00000000000000,39.05240000000000,0,Composed: Copy with GPU GDI,0.72720000000000,21.45250000000000,33.31490000000000,0.00000000000000,-15.30790000000000,12.07880000000000,0.00000000000000
ruffle.exe,11016,0x0000000000000000,Other,-1,0,0,46.21935670000000,0.00000000000000,39.86010000000000,0,Composed: Copy with GPU GDI,0.89130000000000,31.58550000000000,49.99310000000001,0.00000000000000,-15.49720000000000,11.94810000000000,0.00000000000000
ruffle.exe,11016,0x0000000000000000,Other,-1,0,0,46.24988430000000,0.00000000000000,30.52760000000000,0,Composed: Copy with GPU GDI,0.82980000000000,17.75840000000000,16.70050000000000,0.00000000000000,-11.17110000000000,11.24200000000000,0.00000000000000
ruffle.exe,11016,0x0000000000000000,Other,-1,0,0,46.27997610000000,0.00000000000000,30.09180000000000,0,Composed: Copy with GPU GDI,0.91340000000000,21.00480000000000,33.33820000000000,0.00000000000000,-15.65010000000000,11.38220000000000,0.00000000000000
ruffle.exe,11016,0x0000000000000000,Other,-1,0,0,46.47631579999999,0.00000000000000,196.33970000000002,0,Composed: Copy with GPU GDI,0.88770000000000,24.73080000000000,200.06570000000002,0.00000000000000,-12.90840000000000,12.58360000000000,0.00000000000000
ruffle.exe,11016,0x0000000000000000,Other,-1,0,0,46.51356830000000,0.00000000000000,37.25250000000000,0,Composed: Copy with GPU GDI,0.88450000000000,20.74510000000000,33.26680000000000,0.00000000000000,-12.83340000000000,12.77460000000000,0.00000000000000
ruffle.exe,11016,0x0000000000000000,Other,-1,0,0,46.55139330000000,0.00000000000000,37.82500000000000,0,Composed: Copy with GPU GDI,0.89070000000000,33.01070000000000,50.09060000000000,0.00000000000000,-13.55900000000000,13.57990000000000,0.00000000000000
ruffle.exe,11016,0x0000000000000000,Other,-1,0,0,46.59265920000000,0.00000000000000,41.26590000000000,0,Composed: Copy with GPU GDI,0.85140000000000,24.98380000000000,33.23900000000000,0.00000000000000,-14.16610000000000,11.98880000000000,0.00000000000000
ruffle.exe,11016,0x0000000000000000,Other,-1,0,0,46.63087620000000,0.00000000000000,38.21700000000000,0,Composed: Copy with GPU GDI,0.64630000000000,20.11060000000000,33.34380000000000,0.00000000000000,-12.78190000000000,12.60640000000000,0.00000000000000
ruffle.exe,11016,0x0000000000000000,Other,-1,0,0,46.66307060000000,0.00000000000000,32.19440000000000,0,Composed: Copy with GPU GDI,0.89710000000000,21.26740000000000,33.35120000000000,0.00000000000000,-15.55410000000000,11.61870000000000,0.00000000000000
ruffle.exe,11016,0x0000000000000000,Other,-1,0,0,46.71359330000000,0.00000000000000,50.52270000000000,0,Composed: Copy with GPU GDI,0.87720000000000,20.77220000000000,50.02750000000000,0.00000000000000,-12.22990000000000,12.27520000000000,0.00000000000000
ruffle.exe,11016,0x0000000000000000,Other,-1,0,0,46.75554030000000,0.00000000000000,41.94700000000000,0,Composed: Copy with GPU GDI,0.91040000000000,28.86300000000000,50.03780000000000,0.00000000000000,-13.66010000000000,13.59440000000000,0.00000000000000
ruffle.exe,11016,0x0000000000000000,Other,-1,0,0,46.79244400000000,0.00000000000000,36.90370000000000,0,Composed: Copy with GPU GDI,0.92210000000000,25.24690000000000,33.28760000000000,0.00000000000000,-16.26020000000000,12.43670000000000,0.00000000000000
ruffle.exe,11016,0x0000000000000000,Other,-1,0,0,46.82928100000000,0.00000000000000,36.83700000000000,0,Composed: Copy with GPU GDI,0.93510000000000,21.74620000000000,33.33630000000000,0.00000000000000,-12.30940000000000,11.88800000000000,0.00000000000000
ruffle.exe,11016,0x0000000000000000,Other,-1,0,0,46.86357110000000,0.00000000000000,34.29010000000000,0,Composed: Copy with GPU GDI,0.94050000000000,20.76520000000000,33.30910000000000,0.00000000000000,-14.57000000000000,11.44380000000000,0.00000000000000
ruffle.exe,11016,0x0000000000000000,Other,-1,0,0,46.89847990000000,0.00000000000000,34.90880000000000,0,Composed: Copy with GPU GDI,0.83990000000000,19.22220000000000,33.36580000000000,0.00000000000000,-11.77920000000000,11.92830000000000,0.00000000000000
ruffle.exe,11016,0x0000000000000000,Other,-1,0,0,46.92995700000000,0.00000000000000,31.47710000000000,0,Composed: Copy with GPU GDI,0.92230000000000,21.07080000000000,33.32570000000000,0.00000000000000,-15.61300000000000,10.68820000000000,0.00000000000000
ruffle.exe,11016,0x0000000000000000,Other,-1,0,0,46.96794890000000,0.00000000000000,37.99190000000000,0,Composed: Copy with GPU GDI,0.90030000000000,33.06590000000000,49.98700000000000,0.00000000000000,-13.49710000000000,13.51310000000000,0.00000000000000
ruffle.exe,11016,0x0000000000000000,Other,-1,0,0,47.00100410000000,0.00000000000000,33.05520000000000,0,Composed: Copy with GPU GDI,0.90060000000000,33.34540000000001,33.33470000000001,0.00000000000000,-14.47330000000000,13.59700000000000,0.00000000000000
ruffle.exe,11016,0x0000000000000000,Other,-1,0,0,47.03178670000000,0.00000000000000,30.78260000000000,0,Composed: Copy with GPU GDI,0.86950000000000,19.29310000000000,16.73030000000000,0.00000000000000,-12.42900000000000,11.56620000000000,0.00000000000000
ruffle.exe,11016,0x0000000000000000,Other,-1,0,0,47.05756370000000,0.00000000000000,25.77700000000000,0,Composed: Copy with GPU GDI,0.82470000000000,26.88170000000000,33.36560000000000,0.00000000000000,-11.12450000000000,11.00190000000000,0.00000000000000
ruffle.exe,11016,0x0000000000000000,Other,-1,0,0,47.08920270000000,0.00000000000000,31.63900000000000,0,Composed: Copy with GPU GDI,0.89330000000000,28.55290000000000,33.31020000000000,0.00000000000000,-12.27310000000000,12.25980000000000,0.00000000000000
ruffle.exe,11016,0x0000000000000000,Other,-1,0,0,47.12401640000000,0.00000000000000,34.81370000000000,0,Composed: Copy with GPU GDI,0.91660000000000,27.02030000000000,33.28110000000000,0.00000000000000,-15.48250000000000,11.83280000000000,0.00000000000000
ruffle.exe,11016,0x0000000000000000,Other,-1,0,0,47.15805500000000,0.00000000000000,34.03860000000000,0,Composed: Copy with GPU GDI,0.84580000000000,26.29580000000000,33.31410000000000,0.00000000000000,-13.13140000000000,13.12150000000000,0.00000000000000
ruffle.exe,11016,0x0000000000000000,Other,-1,0,0,47.18186070000000,0.00000000000000,23.80570000000000,0,Composed: Copy with GPU GDI,0.67420000000000,19.22560000000000,16.73550000000000,0.00000000000000,-14.85760000000000,13.87450000000000,0.00000000000000
ruffle.exe,11016,0x0000000000000000,Other,-1,0,0,47.20873040000000,0.00000000000000,26.86970000000000,0,Composed: Copy with GPU GDI,0.85780000000000,25.67270000000000,33.31680000000000,0.00000000000000,-14.21390000000000,11.58940000000000,0.00000000000000
ruffle.exe,11016,0x0000000000000000,Other,-1,0,0,47.23909750000001,0.00000000000000,30.36710000000000,0,Composed: Copy with GPU GDI,0.85980000000000,28.61190000000000,33.30630000000000,0.00000000000000,-10.99140000000000,10.98340000000000,0.00000000000000
ruffle.exe,11016,0x0000000000000000,Other,-1,0,0,47.27907140000000,0.00000000000000,39.97390000000000,0,Composed: Copy with GPU GDI,0.63050000000000,21.96570000000000,33.32770000000000,0.00000000000000,-12.26290000000000,12.17060000000000,0.00000000000000
ruffle.exe,11016,0x0000000000000000,Other,-1,0,0,47.46522750000000,0.00000000000000,186.15610000000001,0,Composed: Copy with GPU GDI,0.87720000000000,19.24670000000000,183.43710000000002,0.00000000000000,-11.97340000000000,11.92880000000000,0.00000000000000
ruffle.exe,11016,0x0000000000000000,Other,-1,0,0,47.52853000000000,0.00000000000000,63.30250000000000,0,Composed: Copy with GPU GDI,0.65860000000000,22.53390000000000,66.58970000000001,0.00000000000000,-15.54800000000000,14.41960000000000,0.00000000000000
ruffle.exe,11016,0x0000000000000000,Other,-1,0,0,47.56238750000000,0.00000000000000,33.85750000000000,0,Composed: Copy with GPU GDI,0.56790000000000,22.04780000000000,33.37140000000000,0.00000000000000,-11.28170000000000,11.18400000000000,0.00000000000000
ruffle.exe,11016,0x0000000000000000,Other,-1,0,0,47.59185050000000,0.00000000000000,29.46300000000000,0,Composed: Copy with GPU GDI,0.90220000000000,25.84760000000000,33.26280000000000,0.00000000000000,-12.82590000000000,12.77320000000000,0.00000000000000
ruffle.exe,11016,0x0000000000000000,Other,-1,0,0,47.61972480000001,0.00000000000000,27.87430000000000,0,Composed: Copy with GPU GDI,0.89290000000000,31.36680000000000,33.39350000000000,0.00000000000000,-11.52400000000000,11.58120000000000,0.00000000000000
ruffle.exe,11016,0x0000000000000000,Other,-1,0,0,47.65806100000000,0.00000000000000,38.33620000000001,0,Composed: Copy with GPU GDI,0.58910000000000,26.37920000000000,33.34860000000000,0.00000000000000,-11.68190000000000,11.42550000000000,0.00000000000000
ruffle.exe,11016,0x0000000000000000,Other,-1,0,0,47.69374700000000,0.00000000000000,35.68600000000000,0,Composed: Copy with GPU GDI,0.88990000000000,24.08720000000000,33.39400000000000,0.00000000000000,-13.86450000000000,13.67330000000000,0.00000000000000
ruffle.exe,11016,0x0000000000000000,Other,-1,0,0,47.72319350000000,0.00000000000000,29.44650000000000,0,Composed: Copy with GPU GDI,0.65800000000000,27.90570000000000,33.26500000000000,0.00000000000000,-12.73840000000000,12.64990000000000,0.00000000000000
ruffle.exe,11016,0x0000000000000000,Other,-1,0,0,47.75948280000000,0.00000000000000,36.28930000000000,0,Composed: Copy with GPU GDI,0.91270000000000,24.99440000000000,33.37800000000000,0.00000000000000,-13.78320000000000,11.81840000000000,0.00000000000000
ruffle.exe,11016,0x0000000000000000,Other,-1,0,0,47.78990720000000,0.00000000000000,30.42440000000000,0,Composed: Copy with GPU GDI,0.62410000000000,27.86260000000000,33.29260000000000,0.00000000000000,-11.75400000000000,11.71320000000000,0.00000000000000
ruffle.exe,11016,0x0000000000000000,Other,-1,0,0,47.81847400000000,0.00000000000000,28.56680000000000,0,Composed: Copy with GPU GDI,0.91260000000000,32.62300000000000,33.32720000000000,0.00000000000000,-12.26090000000000,11.56700000000000,0.00000000000000
ruffle.exe,11016,0x0000000000000000,Other,-1,0,0,47.84852280000000,0.00000000000000,30.04880000000000,0,Composed: Copy with GPU GDI,0.69490000000000,19.23460000000000,16.66040000000000,0.00000000000000,-12.37470000000000,11.03660000000000,0.00000000000000
ruffle.exe,11016,0x0000000000000000,Other,-1,0,0,47.88272830000000,0.00000000000000,34.20550000000000,0,Composed: Copy with GPU GDI,0.61490000000000,18.37400000000000,33.34490000000000,0.00000000000000,-11.79310000000000,11.88190000000000,0.00000000000000
ruffle.exe,11016,0x0000000000000000,Other,-1,0,0,47.91863070000000,0.00000000000000,35.90240000000000,0,Composed: Copy with GPU GDI,0.87520000000000,32.42340000000000,49.95180000000001,0.00000000000000,-12.80210000000000,12.86840000000000,0.00000000000000
ruffle.exe,11016,0x0000000000000000,Other,-1,0,0,47.95141290000000,0.00000000000000,32.78220000000000,0,Composed: Copy with GPU GDI,0.90270000000000,33.02140000000000,33.38020000000000,0.00000000000000,-12.55160000000000,12.69930000000000,0.00000000000000
ruffle.exe,11016,0x0000000000000000,Other,-1,0,0,47.97784060000001,0.00000000000000,26.42770000000000,0,Composed: Copy with GPU GDI,0.60310000000000,23.29930000000000,16.70560000000000,0.00000000000000,-13.31930000000000,12.54300000000000,0.00000000000000
ruffle.exe,11016,0x0000000000000000,Other,-1,0,0,48.00780210000000,0.00000000000000,29.96150000000000,0,Composed: Copy with GPU GDI,0.82620000000000,26.66660000000000,33.32880000000000,0.00000000000000,-11.23730000000000,11.10560000000000,0.00000000000000
ruffle.exe,11016,0x0000000000000000,Other,-1,0,0,48.03746230000000,0.00000000000000,29.66020000000000,0,Composed: Copy with GPU GDI,0.84330000000000,30.31400000000000,33.30760000000000,0.00000000000000,-11.84870000000000,11.39910000000000,0.00000000000000
ruffle.exe,11016,0x0000000000000000,Other,-1,0,0,48.06619910000000,0.00000000000000,28.73680000000000,0,Composed: Copy with GPU GDI,0.63970000000000,18.27210000000000,16.69490000000000,0.00000000000000,-11.60340000000000,11.50920000000000,0.00000000000000
ruffle.exe,11016,0x0000000000000000,Other,-1,0,0,48.10279410000000,0.00000000000000,36.59500000000000,0,Composed: Copy with GPU GDI,0.94690000000000,31.63340000000000,49.95630000000001,0.00000000000000,-12.95390000000000,13.05310000000000,0.00000000000000
ruffle.exe,11016,0x0000000000000000,Other,-1,0,0,48.13079500000000,0.00000000000000,28.00090000000000,0,Composed: Copy with GPU GDI,0.63210000000000,20.32490000000000,16.69240000000000,0.00000000000000,-13.90410000000000,12.98070000000000,0.00000000000000
ruffle.exe,11016,0x0000000000000000,Other,-1,0,0,48.15973700000000,0.00000000000000,28.94200000000000,0,Composed: Copy with GPU GDI,0.59800000000000,24.71920000000000,33.33630000000000,0.00000000000000,-12.06780000000000,11.94080000000000,0.00000000000000
ruffle.exe,11016,0x0000000000000000,Other,-1,0,0,48.19558060000000,0.00000000000000,35.84360000000000,0,Composed: Copy with GPU GDI,0.86370000000000,22.24900000000000,33.37340000000000,0.00000000000000,-11.07780000000000,11.12370000000000,0.00000000000000
ruffle.exe,11016,0x0000000000000000,Other,-1,0,0,48.22930750000000,0.00000000000000,33.72690000000000,0,Composed: Copy with GPU GDI,0.88370000000000,21.85930000000000,33.33720000000000,0.00000000000000,-14.78380000000000,11.70370000000000,0.00000000000000
ruffle.exe,11016,0x0000000000000000,Other,-1,0,0,48.26034360000000,0.00000000000000,31.03610000000000,0,Composed: Copy with GPU GDI,0.59000000000000,24.12140000000000,33.29820000000000,0.00000000000000,-11.95130000000000,11.85100000000000,0.00000000000000
ruffle.exe,11016,0x0000000000000000,Other,-1,0,0,48.46646460000000,0.00000000000000,206.12100000000001,0,Composed: Copy with GPU GDI,0.59410000000000,18.10730000000000,200.10690000000000,0.00000000000000,-15.55720000000000,15.25630000000000,0.00000000000000
ruffle.exe,11016,0x0000000000000000,Other,-1,0,0,48.49299130000000,0.00000000000000,26.52670000000000,0,Composed: Copy with GPU GDI,0.85350000000000,24.81890000000000,33.23830000000000,0.00000000000000,-14.67330000000000,11.70550000000000,0.00000000000000
ruffle.exe,11016,0x0000000000000000,Other,-1,0,0,48.52115700000000,0.00000000000000,28.16570000000000,0,Composed: Copy with GPU GDI,0.91890000000000,30.05520000000000,33.40200000000000,0.00000000000000,-11.06280000000000,10.99820000000000,0.00000000000000
ruffle.exe,11016,0x0000000000000000,Other,-1,0,0,48.54512110000000,0.00000000000000,23.96410000000000,0,Composed: Copy with GPU GDI,0.63390000000000,22.68490000000000,16.59380000000000,0.00000000000000,-13.02190000000000,12.30300000000000,0.00000000000000
ruffle.exe,11016,0x0000000000000000,Other,-1,0,0,48.57051910000000,0.00000000000000,25.39800000000000,0,Composed: Copy with GPU GDI,0.66190000000000,30.63370000000000,33.34680000000000,0.00000000000000,-11.21310000000000,10.99340000000000,0.00000000000000
ruffle.exe,11016,0x0000000000000000,Other,-1,0,0,48.61116060000001,0.00000000000000,40.64150000000000,0,Composed: Copy with GPU GDI,0.66320000000000,23.32080000000000,33.32860000000000,0.00000000000000,-15.18500000000000,12.97070000000000,0.00000000000000
ruffle.exe,11016,0x0000000000000000,Other,-1,0,0,48.64901680000000,0.00000000000000,37.85620000000000,0,Composed: Copy with GPU GDI,0.87910000000000,18.83540000000000,33.37080000000000,0.00000000000000,-14.29790000000000,14.20180000000000,0.00000000000000
ruffle.exe,11016,0x0000000000000000,Other,-1,0,0,48.68185580000000,0.00000000000000,32.83900000000000,0,Composed: Copy with GPU GDI,0.83420000000000,19.30540000000000,33.30900000000000,0.00000000000000,-16.18040000000000,11.39730000000000,0.00000000000000
ruffle.exe,11016,0x0000000000000000,Other,-1,0,0,48.71839240000000,0.00000000000000,36.53660000000000,0,Composed: Copy with GPU GDI,0.67040000000000,32.76650000000000,49.99770000000000,0.00000000000000,-12.58270000000000,10.98230000000000,0.00000000000000
ruffle.exe,11016,0x0000000000000000,Other,-1,0,0,48.75134160000000,0.00000000000000,32.94920000000000,0,Composed: Copy with GPU GDI,0.94090000000000,33.18360000000000,33.36630000000000,0.00000000000000,-13.94520000000000,11.75660000000000,0.00000000000000
ruffle.exe,11016,0x0000000000000000,Other,-1,0,0,48.81784160000000,0.00000000000000,66.50000000000000,0,Composed: Copy with GPU GDI,0.88870000000000,33.36410000000000,66.68050000000001,0.00000000000000,-14.16550000000000,12.75090000000000,0.00000000000000
ruffle.exe,11016,0x0000000000000000,Other,-1,0,0,48.86613290000000,0.00000000000000,48.29130000000000,0,Composed: Copy with GPU GDI,1.73140000000000,18.40860000000000,33.33580000000000,0.00000000000000,-15.56230000000000,13.71400000000000,0.00000000000000
ruffle.exe,11016,0x0000000000000000,Other,-1,0,0,48.90626070000000,0.00000000000000,40.12780000000000,0,Composed: Copy with GPU GDI,0.85750000000000,28.26530000000000,49.98450000000000,0.00000000000000,-13.76930000000000,13.69660000000000,0.00000000000000
ruffle.exe,11016,0x0000000000000000,Other,-1,0,0,48.94818110000000,0.00000000000000,41.92040000000000,0,Composed: Copy with GPU GDI,0.86530000000000,19.66670000000000,33.32180000000000,0.00000000000000,-12.38950000000000,12.31560000000000,0.00000000000000
ruffle.exe,11016,0x0000000000000000,Other,-1,0,0,48.98135910000001,0.00000000000000,33.17800000000000,0,Composed: Copy with GPU GDI,0.85550000000000,19.96640000000000,33.47770000000000,0.00000000000000,-12.54890000000000,12.51350000000000,0.00000000000000
ruffle.exe,11016,0x0000000000000000,Other,-1,0,0,49.00914080000000,0.00000000000000,27.78170000000000,0,Composed: Copy with GPU GDI,0.86270000000000,25.42720000000000,33.24250000000000,0.00000000000000,-11.26480000000000,11.13450000000000,0.00000000000000
ruffle.exe,11016,0x0000000000000000,Other,-1,0,0,49.04336200000000,0.00000000000000,34.22120000000000,0,Composed: Copy with GPU GDI,0.90190000000000,24.56050000000000,33.35450000000000,0.00000000000000,-13.66320000000000,13.57190000000000,0.00000000000000
ruffle.exe,11016,0x0000000000000000,Other,-1,0,0,49.07436970000001,0.00000000000000,31.00770000000000,0,Composed: Copy with GPU GDI,0.60320000000000,26.82150000000000,33.26870000000000,0.00000000000000,-12.71040000000000,12.51840000000000,0.00000000000000
ruffle.exe,11016,0x0000000000000000,Other,-1,0,0,49.09873740000000,0.00000000000000,24.36770000000000,0,Composed: Copy with GPU GDI,0.58560000000000,19.12390000000000,16.67010000000000,0.00000000000000,-11.79550000000000,11.11730000000000,0.00000000000000
ruffle.exe,11016,0x0000000000000000,Other,-1,0,0,49.12956000000000,0.00000000000000,30.82260000000000,0,Composed: Copy with GPU GDI,0.58760000000000,21.67500000000000,33.37370000000000,0.00000000000000,-11.12940000000000,11.03270000000000,0.00000000000000
ruffle.exe,11016,0x0000000000000000,Other,-1,0,0,49.17755200000001,0.00000000000000,47.99200000000000,0,Composed: Copy with GPU GDI,0.65030000000000,23.76580000000000,50.08280000000000,0.00000000000000,-12.84150000000000,12.62340000000000,0.00000000000000
ruffle.exe,11016,0x0000000000000000,Other,-1,0,0,49.20721290000000,0.00000000000000,29.66090000000000,0,Composed: Copy with GPU GDI,0.92710000000000,27.36570000000000,33.26080000000000,0.00000000000000,-11.09920000000000,10.95650000000000,0.00000000000000
ruffle.exe,11016,0x0000000000000000,Other,-1,0,0,49.24793990000000,0.00000000000000,40.72700000000000,0,Composed: Copy with GPU GDI,0.86680000000000,19.99470000000000,33.35600000000000,0.00000000000000,-17.54140000000000,12.40450000000000,0.00000000000000
ruffle.exe,11016,0x0000000000000000,Other,-1,0,0,49.29476530000000,0.00000000000000,46.82540000000000,0,Composed: Copy with GPU GDI,0.64960000000000,23.10690000000000,49.93760000000000,0.00000000000000,-14.12020000000000,13.99640000000000,0.00000000000000
ruffle.exe,11016,0x0000000000000000,Other,-1,0,0,49.55771330000000,0.00000000000000,262.94800000000004,0,Composed: Copy with GPU GDI,0.88630000000000,26.87630000000000,266.71740000000000,0.00000000000000,-13.94630000000000,13.44240000000000,0.00000000000000
ruffle.exe,11016,0x0000000000000000,Other,-1,0,0,49.61637530000000,0.00000000000000,58.66200000000001,0,Composed: Copy with GPU GDI,0.83280000000000,18.20960000000000,49.99530000000000,0.00000000000000,-13.52600000000000,13.40210000000000,0.00000000000000
ruffle.exe,11016,0x0000000000000000,Other,-1,0,0,49.65572030000000,0.00000000000000,39.34500000000000,0,Composed: Copy with GPU GDI,0.91120000000000,28.91210000000000,50.04750000000000,0.00000000000000,-15.86600000000000,11.31660000000000,0.00000000000000
ruffle.exe,11016,0x0000000000000000,Other,-1,0,0,49.71828690000000,0.00000000000000,62.56660000000000,0,Composed: Copy with GPU GDI,0.89880000000000,33.01290000000000,66.66740000000000,0.00000000000000,-13.37280000000000,13.28640000000000,0.00000000000000
ruffle.exe,11016,0x0000000000000000,Other,-1,0,0,49.75298600000000,0.00000000000000,34.69910000000000,0,Composed: Copy with GPU GDI,0.85150000000000,31.64880000000000,33.33500000000000,0.00000000000000,-12.92860000000000,12.68230000000000,0.00000000000000
ruffle.exe,11016,0x0000000000000000,Other,-1,0,0,49.79301270000000,0.00000000000000,40.02670000000001,0,Composed: Copy with GPU GDI,0.88760000000000,24.90370000000000,33.28160000000000,0.00000000000000,-13.81980000000000,13.75100000000000,0.00000000000000
ruffle.exe,11016,0x0000000000000000,Other,-1,0,0,49.83531240000001,0.00000000000000,42.29970000000000,0,Composed: Copy with GPU GDI,0.90450000000000,32.67710000000000,50.07310000000000,0.00000000000000,-15.86750000000000,12.48080000000000,0.00000000000000
ruffle.exe,11016,0x0000000000000000,Other,-1,0,0,49.87830130000000,0.00000000000000,42.98890000000000,0,Composed: Copy with GPU GDI,0.88890000000000,22.98500000000000,33.29680000000000,0.00000000000000,-12.02370000000000,11.93990000000000,0.00000000000000
ruffle.exe,11016,0x0000000000000000,Other,-1,0,0,49.91515290000000,0.00000000000000,36.85160000000000,0,Composed: Copy with GPU GDI,0.88070000000000,19.48510000000000,33.35170000000000,0.00000000000000,-16.25030000000000,11.94080000000000,0.00000000000000
ruffle.exe,11016,0x0000000000000000,Other,-1,0,0,49.95681460000000,0.00000000000000,41.66170000000000,0,Composed: Copy with GPU GDI,0.82170000000000,27.83130000000000,50.00790000000000,0.00000000000000,-12.29180000000000,12.23680000000000,0.00000000000000
ruffle.exe,11016,0x0000000000000000,Other,-1,0,0,49.99012230000000,0.00000000000000,33.30770000000000,0,Composed: Copy with GPU GDI,0.86930000000000,27.83860000000000,33.31500000000000,0.00000000000000,-15.40680000000000,12.14700000000000,0.00000000000000
ruffle.exe,11016,0x0000000000000000,Other,-1,0,0,50.03639000000000,0.00000000000000,46.26770000000000,0,Composed: Copy with GPU GDI,0.92260000000000,31.57030000000000,49.99940000000000,0.00000000000000,-13.49140000000000,13.42020000000000,0.00000000000000
ruffle.exe,11016,0x0000000000000000,Other,-1,0,0,50.08483160000000,0.00000000000000,48.44160000000000,0,Composed: Copy with GPU GDI,0.84860000000000,33.13390000000000,50.00520000000000,0.00000000000000,-13.36190000000000,13.36610000000000,0.00000000000000
ruffle.exe,11016,0x0000000000000000,Other,-1,0,0,50.18229830000001,0.00000000000000,97.46670000000000,0,Composed: Copy with GPU GDI,0.90380000000000,35.68130000000000,100.01410000000000,0.00000000000000,-24.48580000000000,12.98670000000000,0.00000000000000
ruffle.exe,11016,0x0000000000000000,Other,-1,0,0,50.26810620000001,0.00000000000000,85.80790000000000,0,Composed: Copy with GPU GDI,0.92780000000000,33.25550000000000,83.38210000000001,0.00000000000000,-13.62400000000000,13.15040000000000,0.00000000000000
ruffle.exe,11016,0x0000000000000000,Other,-1,0,0,50.31322270000000,0.00000000000000,45.11650000000000,0,Composed: Copy with GPU GDI,0.89510000000000,21.44030000000000,33.30130000000000,0.00000000000000,-16.98080000000000,11.09800000000000,0.00000000000000
ruffle.exe,11016,0x0000000000000000,Other,-1,0,0,50.64019680000000,0.00000000000000,326.97410000000002,0,Composed: Copy with GPU GDI,1.07010000000000,27.83660000000000,333.37040000000002,0.00000000000000,-15.29790000000000,13.15530000000000,0.00000000000000
ruffle.exe,11016,0x0000000000000000,Other,-1,0,0,50.69189070000000,0.00000000000000,51.69390000000000,0,Composed: Copy with GPU GDI,0.87910000000000,42.79880000000000,66.65610000000001,0.00000000000000,-16.71340000000000,14.81970000000000,0.00000000000000
ruffle.exe,11016,0x0000000000000000,Other,-1,0,0,50.72961040000000,0.00000000000000,37.71970000000000,0,Composed: Copy with GPU GDI,0.91890000000000,21.74360000000000,16.66450000000000,0.00000000000000,-16.40710000000000,12.34490000000000,0.00000000000000
ruffle.exe,11016,0x0000000000000000,Other,-1,0,0,50.76207300000000,0.00000000000000,32.46260000000000,0,Composed: Copy with GPU GDI,0.90590000000000,22.63790000000000,33.35690000000000,0.00000000000000,-11.08160000000000,10.93310000000000,0.00000000000000
ruffle.exe,11016,0x0000000000000000,Other,-1,0,0,50.79922020000001,0.00000000000000,37.14720000000001,0,Composed: Copy with GPU GDI,0.95850000000000,18.81450000000000,33.32380000000000,0.00000000000000,-13.72910000000000,13.56880000000000,0.00000000000000
ruffle.exe,11016,0x0000000000000000,Other,-1,0,0,50.84050710000000,0.00000000000000,41.28690000000000,0,Composed: Copy with GPU GDI,1.35550000000000,27.54990000000000,50.02230000000000,0.00000000000000,-15.84840000000000,11.65830000000000,0.00000000000000
ruffle.exe,11016,0x0000000000000000,Other,-1,0,0,50.88372660000000,0.00000000000000,43.21950000000000,0,Composed: Copy with GPU GDI,0.97160000000000,17.64330000000000,33.31290000000000,0.00000000000000,-12.76440000000000,12.73270000000000,0.00000000000000
ruffle.exe,11016,0x0000000000000000,Other,-1,0,0,50.92331700000000,0.00000000000000,39.59040000000000,0,Composed: Copy with GPU GDI,0.87840000000000,28.09460000000000,50.04170000000001,0.00000000000000,-14.15610000000000,14.13500000000000,0.00000000000000
ruffle.exe,11016,0x0000000000000000,Other,-1,0,0,50.97335300000000,0.00000000000000,50.03600000000000,0,Composed: Copy with GPU GDI,0.91560000000000,28.02580000000000,49.96720000000001,0.00000000000000,-19.39010000000000,14.26220000000000,0.00000000000000
ruffle.exe,11016,0x0000000000000000,Other,-1,0,0,51.00730859999999,0.00000000000000,33.95560000000000,0,Composed: Copy with GPU GDI,0.85850000000000,27.39830000000000,33.32810000000000,0.00000000000000,-11.06940000000000,10.98520000000000,0.00000000000000
ruffle.exe,11016,0x0000000000000000,Other,-1,0,0,51.05310460000000,0.00000000000000,45.79600000000000,0,Composed: Copy with GPU GDI,1.07230000000000,31.62640000000000,50.02410000000000,0.00000000000000,-17.89680000000000,12.95080000000000,0.00000000000000
ruffle.exe,11016,0x0000000000000000,Other,-1,0,0,51.11213180000001,0.00000000000000,59.02720000000000,0,Composed: Copy with GPU GDI,0.91850000000000,22.64140000000000,50.04220000000000,0.00000000000000,-18.05510000000000,12.88850000000000,0.00000000000000
ruffle.exe,11016,0x0000000000000000,Other,-1,0,0,51.17692330000001,0.00000000000000,64.79150000000000,0,Composed: Copy with GPU GDI,0.85770000000000,24.47330000000000,66.62340000000000,0.00000000000000,-14.65840000000000,14.63790000000000,0.00000000000000
ruffle.exe,11016,0x0000000000000000,Other,-1,0,0,51.21379220000001,0.00000000000000,36.86890000000000,0,Composed: Copy with GPU GDI,0.73220000000000,20.95330000000000,33.34890000000000,0.00000000000000,-21.01870000000000,10.08520000000000,0.00000000000000
ruffle.exe,11016,0x0000000000000000,Other,-1,0,0,51.27285330000000,0.00000000000000,59.06110000000000,0,Composed: Copy with GPU GDI,0.86130000000000,28.56030000000000,66.66810000000001,0.00000000000000,-14.06330000000000,13.22860000000000,0.00000000000000
ruffle.exe,11016,0x0000000000000000,Other,-1,0,0,51.54037530000000,0.00000000000000,267.52199999999999,0,Composed: Copy with GPU GDI,0.93150000000000,27.74290000000000,266.70460000000003,0.00000000000000,-11.86280000000000,11.82810000000000,0.00000000000000
ruffle.exe,11016,0x0000000000000000,Other,-1,0,0,51.60277310000000,0.00000000000000,62.39780000000000,0,Composed: Copy with GPU GDI,0.93580000000000,32.01370000000000,66.66860000000000,0.00000000000000,-15.46800000000000,14.59520000000000,0.00000000000000
ruffle.exe,11016,0x0000000000000000,Other,-1,0,0,51.64910730000000,0.00000000000000,46.33420000000000,0,Composed: Copy with GPU GDI,0.83030000000000,19.06650000000000,33.38700000000000,0.00000000000000,-16.59370000000000,13.57510000000000,0.00000000000000
ruffle.exe,11016,0x0000000000000000,Other,-1,0,0,51.70205660000001,0.00000000000000,52.94930000000000,0,Composed: Copy with GPU GDI,0.97110000000000,32.73350000000000,66.61630000000001,0.00000000000000,-18.73990000000000,13.11880000000000,0.00000000000000
ruffle.exe,11016,0x0000000000000000,Other,-1,0,0,51.73219210000000,0.00000000000000,30.13550000000000,0,Composed: Copy with GPU GDI,0.88760000000000,19.31580000000000,16.71780000000000,0.00000000000000,-15.46800000000000,11.87580000000000,0.00000000000000
ruffle.exe,11016,0x0000000000000000,Other,-1,0,0,51.77251860000001,0.00000000000000,40.32650000000000,0,Composed: Copy with GPU GDI,0.89450000000000,28.97600000000000,49.98670000000000,0.00000000000000,-17.04080000000000,12.21130000000000,0.00000000000000
ruffle.exe,11016,0x0000000000000000,Other,-1,0,0,51.80557100000001,0.00000000000000,33.05240000000000,0,Composed: Copy with GPU GDI,0.90100000000000,29.25470000000000,33.33110000000000,0.00000000000000,-13.33490000000000,13.40050000000000,0.00000000000000
ruffle.exe,11016,0x0000000000000000,Other,-1,0,0,51.87866410000000,0.00000000000000,73.09310000000001,0,Composed: Copy with GPU GDI,0.99760000000000,22.78700000000000,66.62540000000000,0.00000000000000,-14.40060000000000,13.12230000000000,0.00000000000000
ruffle.exe,11016,0x0000000000000000,Other,-1,0,0,51.92410770000000,0.00000000000000,45.44360000000000,0,Composed: Copy with GPU GDI,0.65380000000000,27.37120000000000,50.02780000000000,0.00000000000000,-15.62430000000000,12.12000000000000,0.00000000000000
ruffle.exe,11016,0x0000000000000000,Other,-1,0,0,51.97661570000000,0.00000000000000,52.50800000000000,0,Composed: Copy with GPU GDI,0.96070000000000,41.52720000000000,66.66400000000000,0.00000000000000,-13.12650000000000,12.02040000000000,0.00000000000000
ruffle.exe,11016,0x0000000000000000,Other,-1,0,0,52.06829390000000,0.00000000000000,91.67820000000000,0,Composed: Copy with GPU GDI,0.89980000000000,33.18970000000000,83.34070000000000,0.00000000000000,-26.56350000000000,14.51140000000000,0.00000000000000
ruffle.exe,11016,0x0000000000000000,Other,-1,0,0,52.13920160000000,0.00000000000000,70.90770000000001,0,Composed: Copy with GPU GDI,0.93420000000000,28.95180000000000,66.66980000000001,0.00000000000000,-15.10380000000000,13.00800000000000,0.00000000000000
ruffle.exe,11016,0x0000000000000000,Other,-1,0,0,52.22746150000000,0.00000000000000,88.25990000000000,0,Composed: Copy with GPU GDI,0.91370000000000,40.89110000000000,100.19920000000000,0.00000000000000,-20.23250000000000,13.51830000000000,0.00000000000000
ruffle.exe,11016,0x0000000000000000,Other,-1,0,0,52.29618070000000,0.00000000000000,68.71920000000000,0,Composed: Copy with GPU GDI,0.90790000000000,21.97400000000000,49.80210000000000,0.00000000000000,-24.11940000000000,12.66300000000000,0.00000000000000
ruffle.exe,11016,0x0000000000000000,Other,-1,0,0,52.59046740000000,0.00000000000000,294.28670000000000,0,Composed: Copy with GPU GDI,0.91110000000000,27.72920000000000,300.04190000000000,0.00000000000000,-14.63920000000000,13.30380000000000,0.00000000000000
ruffle.exe,11016,0x0000000000000000,Other,-1,0,0,52.64223710000000,0.00000000000000,51.76970000000000,0,Composed: Copy with GPU GDI,0.86270000000000,25.97000000000000,50.01050000000000,0.00000000000000,-14.23670000000000,14.04990000000000,0.00000000000000
ruffle.exe,11016,0x0000000000000000,Other,-1,0,0,52.68542460000000,0.00000000000000,43.18750000000000,0,Composed: Copy with GPU GDI,0.92430000000000,32.78960000000000,50.00710000000000,0.00000000000000,-17.09230000000000,12.75060000000000,0.00000000000000
ruffle.exe,11016,0x0000000000000000,Other,-1,0,0,52.72893750000000,0.00000000000000,43.51290000000000,0,Composed: Copy with GPU GDI,0.91460000000000,22.61050000000000,33.33380000000000,0.00000000000000,-12.65950000000000,11.93410000000000,0.00000000000000
ruffle.exe,11016,0x0000000000000000,Other,-1,0,0,52.76312390000000,0.00000000000000,34.18640000000000,0,Composed: Copy with GPU GDI,0.92190000000000,21.76400000000000,33.33990000000000,0.00000000000000,-14.65260000000000,11.92410000000000,0.00000000000000
ruffle.exe,11016,0x0000000000000000,Other,-1,0,0,52.80173560000000,0.00000000000000,38.61170000000000,0,Composed: Copy with GPU GDI,0.88950000000000,33.17880000000000,50.02650000000001,0.00000000000000,-12.36330000000000,12.31450000000000,0.00000000000000
ruffle.exe,11016,0x0000000000000000,Other,-1,0,0,52.83915140000001,0.00000000000000,37.41580000000000,0,Composed: Copy with GPU GDI,0.72240000000000,29.06330000000000,33.30030000000000,0.00000000000000,-15.94070000000000,11.29670000000000,0.00000000000000
ruffle.exe,11016,0x0000000000000000,Other,-1,0,0,52.88433750000000,0.00000000000000,45.18610000000000,0,Composed: Copy with GPU GDI,0.92690000000000,33.93990000000000,50.06270000000000,0.00000000000000,-14.69120000000000,14.57820000000000,0.00000000000000
ruffle.exe,11016,0x0000000000000000,Other,-1,0,0,52.92193470000000,0.00000000000000,37.59720000000000,0,Composed: Copy with GPU GDI,0.91510000000000,29.56630000000000,33.22360000000000,0.00000000000000,-14.72780000000000,13.34870000000000,0.00000000000000
ruffle.exe,11016,0x0000000000000000,Other,-1,0,0,52.95259990000000,0.00000000000000,30.66520000000000,0,Composed: Copy with GPU GDI,0.84850000000000,32.30310000000000,33.40200000000000,0.00000000000000,-11.77350000000000,11.86350000000000,0.00000000000000
ruffle.exe,11016,0x0000000000000000,Other,-1,0,0,52.98815610000000,0.00000000000000,35.55620000000000,0,Composed: Copy with GPU GDI,0.68100000000000,30.10700000000000,33.36010000000000,0.00000000000000,-15.10930000000000,11.44300000000000,0.00000000000000
ruffle.exe,11016,0x0000000000000000,Other,-1,0,0,53.04394500000000,0.00000000000000,55.78890000000001,0,Composed: Copy with GPU GDI,0.88340000000000,24.34920000000000,50.03110000000000,0.00000000000000,-12.99070000000000,12.90940000000000,0.00000000000000
ruffle.exe,11016,0x0000000000000000,Other,-1,0,0,53.07738640000000,0.00000000000000,33.44140000000000,0,Composed: Copy with GPU GDI,0.89300000000000,24.21790000000000,33.31010000000000,0.00000000000000,-13.43420000000000,13.41780000000000,0.00000000000000
ruffle.exe,11016,0x0000000000000000,Other,-1,0,0,53.14235590000001,0.00000000000000,64.96950000000000,0,Composed: Copy with GPU GDI,0.95660000000000,25.90920000000000,66.66080000000001,0.00000000000000,-21.35000000000000,14.12300000000000,0.00000000000000
ruffle.exe,11016,0x0000000000000000,Other,-1,0,0,53.21439550000000,0.00000000000000,72.03960000000001,0,Composed: Copy with GPU GDI,0.85330000000000,20.58200000000000,66.71240000000000,0.00000000000000,-12.70230000000000,12.69910000000000,0.00000000000000
ruffle.exe,11016,0x0000000000000000,Other,-1,0,0,53.26198080000000,0.00000000000000,47.58530000000000,0,Composed: Copy with GPU GDI,0.88310000000000,22.95140000000000,49.95470000000000,0.00000000000000,-15.93830000000000,13.85140000000000,0.00000000000000
ruffle.exe,11016,0x0000000000000000,Other,-1,0,0,53.34173490000001,0.00000000000000,79.75410000000001,0,Composed: Copy with GPU GDI,0.93400000000000,43.19410000000000,99.99680000000001,0.00000000000000,-15.32600000000000,14.53660000000000,0.00000000000000
ruffle.exe,11016,0x0000000000000000,Other,-1,0,0,53.65495140000000,0.00000000000000,313.21650000000000,0,Composed: Copy with GPU GDI,0.91950000000000,30.03740000000000,300.05980000000000,0.00000000000000,-17.18400000000000,12.84910000000000,0.00000000000000
ruffle.exe,11016,0x0000000000000000,Other,-1,0,0,53.69607690000000,0.00000000000000,41.12550000000000,0,Composed: Copy with GPU GDI,0.90450000000000,22.23970000000000,33.32780000000000,0.00000000000000,-12.33130000000000,12.28070000000000,0.00000000000000
ruffle.exe,11016,0x0000000000000000,Other,-1,0,0,53.73196690000000,0.00000000000000,35.89000000000000,0,Composed: Copy with GPU GDI,0.87080000000000,19.63470000000000,33.28500000000000,0.00000000000000,-15.63460000000000,11.83460000000000,0.00000000000000
ruffle.exe,11016,0x0000000000000000,Other,-1,0,0,53.77216370000000,0.00000000000000,40.19680000000000,0,Composed: Copy with GPU GDI,0.87790000000000,29.49040000000000,50.05250000000000,0.00000000000000,-11.99780000000000,11.76770000000000,0.00000000000000
ruffle.exe,11016,0x0000000000000000,Other,-1,0,0,53.80992280000000,0.00000000000000,37.75910000000000,0,Composed: Copy with GPU GDI,0.92650000000000,25.04430000000000,33.31300000000000,0.00000000000000,-14.18080000000000,14.08870000000000,0.00000000000000
ruffle.exe,11016,0x0000000000000000,Other,-1,0,0,53.84962200000000,0.00000000000000,39.69920000000000,0,Composed: Copy with GPU GDI,0.61230000000000,18.66170000000000,33.31660000000000,0.00000000000000,-13.34660000000000,13.16440000000000,0.00000000000000
ruffle.exe,11016,0x0000000000000000,Other,-1,0,0,53.88417110000000,0.00000000000000,34.54910000000000,0,Composed: Copy with GPU GDI,0.64020000000000,17.45140000000000,33.33880000000000,0.00000000000000,-11.96580000000000,11.20720000000000,0.00000000000000
ruffle.exe,11016,0x0000000000000000,Other,-1,0,0,53.91794630000000,0.00000000000000,33.77520000000000,0,Composed: Copy with GPU GDI,0.85290000000000,33.70690000000000,50.03070000000000,0.00000000000000,-13.36470000000000,11.86580000000000,0.00000000000000
ruffle.exe,11016,0x0000000000000000,Other,-1,0,0,53.94945580000000,0.00000000000000,31.50950000000000,0,Composed: Copy with GPU GDI,0.85070000000000,18.85320000000000,16.65580000000000,0.00000000000000,-12.30550000000000,11.65160000000000,0.00000000000000
ruffle.exe,11016,0x0000000000000000,Other,-1,0,0,53.98199760000001,0.00000000000000,32.54180000000000,0,Composed: Copy with GPU GDI,1.88330000000000,19.64070000000000,33.32930000000000,0.00000000000000,-12.88070000000000,11.26920000000000,0.00000000000000
ruffle.exe,11016,0x0000000000000000,Other,-1,0,0,54.02341960000000,0.00000000000000,41.42200000000000,0,Composed: Copy with GPU GDI,0.89280000000000,28.22140000000000,50.00270000000000,0.00000000000000,-12.60710000000000,12.47740000000000,0.00000000000000
ruffle.exe,11016,0x0000000000000000,Other,-1,0,0,54.08176460000001,0.00000000000000,58.34500000000001,0,Composed: Copy with GPU GDI,0.95050000000000,53.19160000000000,83.31520000000000,0.00000000000000,-19.82540000000000,14.38550000000000,0.00000000000000
ruffle.exe,11016,0x0000000000000000,Other,-1,0,0,54.12529900000000,0.00000000000000,43.53440000000001,0,Composed: Copy with GPU GDI,0.87730000000000,43.04390000000000,33.38670000000000,0.00000000000000,-14.61080000000000,12.20080000000000,0.00000000000000
ruffle.exe,11016,0x0000000000000000,Other,-1,0,0,54.15540620000000,0.00000000000000,30.10720000000000,0,Composed: Copy with GPU GDI,0.86420000000000,29.56260000000000,16.62590000000000,0.00000000000000,-14.89140000000000,10.14690000000000,0.00000000000000
ruffle.exe,11016,0x0000000000000000,Other,-1,0,0,54.21498920000001,0.00000000000000,59.58300000000001,0,Composed: Copy with GPU GDI,0.89000000000000,20.01340000000000,50.03380000000000,0.00000000000000,-13.64850000000000,13.46730000000000,0.00000000000000
ruffle.exe,11016,0x0000000000000000,Other,-1,0,0,54.27574480000000,0.00000000000000,60.75560000000000,0,Composed: Copy with GPU GDI,0.90490000000000,59.28640000000000,100.02860000000001,0.00000000000000,-25.88380000000000,13.71640000000000,0.00000000000000
ruffle.exe,11016,0x0000000000000000,Other,-1,0,0,54.58542170000000,0.00000000000000,309.67689999999999,0,Composed: Copy with GPU GDI,0.91260000000000,33.00030000000000,283.39080000000001,0.00000000000000,-12.98730000000000,12.96300000000000,0.00000000000000
ruffle.exe,11016,0x0000000000000000,Other,-1,0,0,54.63184720000000,0.00000000000000,46.42550000000000,0,Composed: Copy with GPU GDI,0.90460000000000,19.86610000000000,33.29130000000000,0.00000000000000,-15.99850000000000,13.07890000000000,0.00000000000000
ruffle.exe,11016,0x0000000000000000,Other,-1,0,0,54.66725310000000,0.00000000000000,35.40590000000000,0,Composed: Copy with GPU GDI,0.94670000000000,17.83430000000000,33.37410000000000,0.00000000000000,-12.68240000000000,12.52400000000000,0.00000000000000
ruffle.exe,11016,0x0000000000000000,Other,-1,0,0,54.70725660000000,0.00000000000000,40.00350000000000,0,Composed: Copy with GPU GDI,0.94420000000000,27.80660000000000,49.97580000000000,0.00000000000000,-15.78780000000000,12.10070000000000,0.00000000000000
ruffle.exe,11016,0x0000000000000000,Other,-1,0,0,54.75322780000000,0.00000000000000,45.97120000000000,0,Composed: Copy with GPU GDI,0.92640000000000,31.82900000000000,49.99360000000000,0.00000000000000,-13.66640000000000,13.60030000000000,0.00000000000000
ruffle.exe,11016,0x0000000000000000,Other,-1,0,0,54.80654130000000,0.00000000000000,53.31350000000000,0,Composed: Copy with GPU GDI,0.90740000000000,28.52940000000000,50.01390000000000,0.00000000000000,-16.81840000000000,13.27390000000000,0.00000000000000
ruffle.exe,11016,0x0000000000000000,Other,-1,0,0,54.87842120000000,0.00000000000000,71.87990000000001,0,Composed: Copy with GPU GDI,0.93480000000000,23.32360000000000,66.67410000000001,0.00000000000000,-13.43340000000000,13.20410000000000,0.00000000000000
ruffle.exe,11016,0x0000000000000000,Other,-1,0,0,54.93410500000000,0.00000000000000,55.68380000000001,0,Composed: Copy with GPU GDI,0.68740000000000,17.65130000000000,50.01150000000001,0.00000000000000,-11.87490000000000,11.89560000000000,0.00000000000000
ruffle.exe,11016,0x0000000000000000,Other,-1,0,0,54.97308220000000,0.00000000000000,38.97720000000000,0,Composed: Copy with GPU GDI,0.90180000000000,28.67430000000000,50.00020000000000,0.00000000000000,-13.97780000000000,14.03040000000000,0.00000000000000
ruffle.exe,11016,0x0000000000000000,Other,-1,0,0,55.02069170000001,0.00000000000000,47.60950000000000,0,Composed: Copy with GPU GDI,0.67520000000000,31.11750000000000,50.05270000000000,0.00000000000000,-14.43460000000000,14.15650000000000,0.00000000000000
ruffle.exe,11016,0x0000000000000000,Other,-1,0,0,55.06102640000000,0.00000000000000,40.33470000000001,0,Composed: Copy with GPU GDI,0.89810000000000,24.04370000000000,33.26090000000000,0.00000000000000,-16.82210000000000,11.84350000000000,0.00000000000000
ruffle.exe,11016,0x0000000000000000,Other,-1,0,0,55.10509900000000,0.00000000000000,44.07260000000000,0,Composed: Copy with GPU GDI,0.89710000000000,30.00920000000000,50.03810000000000,0.00000000000000,-12.56620000000000,12.39020000000000,0.00000000000000
ruffle.exe,11016,0x0000000000000000,Other,-1,0,0,55.15235920000000,0.00000000000000,47.26020000000000,0,Composed: Copy with GPU GDI,0.90160000000000,32.75340000000000,50.00440000000000,0.00000000000000,-17.98250000000000,11.25200000000000,0.00000000000000
ruffle.exe,11016,0x0000000000000000,Other,-1,0,0,55.19418030000000,0.00000000000000,41.82110000000000,0,Composed: Copy with GPU GDI,0.88050000000000,24.27970000000000,33.34740000000000,0.00000000000000,-11.98650000000000,11.95870000000000,0.00000000000000
ruffle.exe,11016,0x0000000000000000,Other,-1,0,0,55.23167050000000,0.00000000000000,37.49020000000000,0,Composed: Copy with GPU GDI,0.91770000000000,20.12050000000000,33.33100000000000,0.00000000000000,-16.02410000000000,12.61890000000000,0.00000000000000
ruffle.exe,11016,0x0000000000000000,Other,-1,0,0,55.28198490000000,0.00000000000000,50.31440000000000,0,Composed: Copy with GPU GDI,0.94500000000000,19.81470000000000,50.00860000000000,0.00000000000000,-14.58780000000000,14.29080000000000,0.00000000000000
ruffle.exe,11016,0x0000000000000000,Other,-1,0,0,55.53407510000000,0.00000000000000,252.09020000000001,0,Composed: Copy with GPU GDI,0.89940000000000,17.71500000000000,249.99050000000003,0.00000000000000,-18.21510000000000,13.35620000000000,0.00000000000000
ruffle.exe,11016,0x0000000000000000,Other,-1,0,0,55.58967130000001,0.00000000000000,55.59620000000000,0,Composed: Copy with GPU GDI,0.88550000000000,28.83610000000000,66.71730000000001,0.00000000000000,-11.90220000000000,11.75820000000000,0.00000000000000
ruffle.exe,11016,0x0000000000000000,Other,-1,0,0,55.62335820000001,0.00000000000000,33.68690000000000,0,Composed: Copy with GPU GDI,0.89730000000000,28.42830000000000,33.27910000000000,0.00000000000000,-12.98180000000000,12.69130000000000,0.00000000000000
ruffle.exe,11016,0x0000000000000000,Other,-1,0,0,55.66310130000000,0.00000000000000,39.74310000000001,0,Composed: Copy with GPU GDI,1.83060000000000,21.99520000000000,33.31000000000000,0.00000000000000,-13.17290000000000,12.99870000000000,0.00000000000000
ruffle.exe,11016,0x0000000000000000,Other,-1,0,0,55.69764810000000,0.00000000000000,34.54680000000000,0,Composed: Copy with GPU GDI,0.65940000000000,20.82810000000000,33.37970000000000,0.00000000000000,-12.71230000000000,12.68890000000000,0.00000000000000
ruffle.exe,11016,0x0000000000000000,Other,-1,0,0,55.74921200000000,0.00000000000000,51.56390000000000,0,Composed: Copy with GPU GDI,0.87810000000000,35.97810000000000,66.71390000000001,0.00000000000000,-19.34920000000000,13.95460000000000,0.00000000000000
ruffle.exe,11016,0x0000000000000000,Other,-1,0,0,55.83750650000000,0.00000000000000,88.29450000000000,0,Composed: Copy with GPU GDI,0.87410000000000,30.94240000000000,83.25880000000001,0.00000000000000,-13.98940000000000,12.47210000000000,0.00000000000000
ruffle.exe,11016,0x0000000000000000,Other,-1,0,0,55.86878930000000,0.00000000000000,31.28280000000000,0,Composed: Copy with GPU GDI,1.11260000000000,33.01600000000000,33.35640000000000,0.00000000000000,-15.55940000000000,12.23830000000000,0.00000000000000
ruffle.exe,11016,0x0000000000000000,Other,-1,0,0,55.90570940000000,0.00000000000000,36.92010000000001,0,Composed: Copy with GPU GDI,0.90560000000000,46.20900000000000,50.11310000000000,0.00000000000000,-11.98100000000000,11.83020000000000,0.00000000000000
ruffle.exe,11016,0x0000000000000000,Other,-1,0,0,55.95572100000000,0.00000000000000,50.01160000000000,0,Composed: Copy with GPU GDI,0.91530000000000,62.74580000000000,66.54840000000000,0.00000000000000,-20.32560000000000,13.13630000000000,0.00000000000000
ruffle.exe,11016,0x0000000000000000,Other,-1,0,0,56.00646900000000,0.00000000000000,50.74800000000000,0,Composed: Copy with GPU GDI,0.88400000000000,28.68150000000000,16.68370000000000,0.00000000000000,-14.10640000000000,13.74810000000000,0.00000000000000
ruffle.exe,11016,0x0000000000000000,Other,-1,0,0,56.08823010000000,0.00000000000000,81.76110000000000,0,Composed: Copy with GPU GDI,0.68100000000000,63.59910000000000,116.67870000000001,0.00000000000000,-19.13960000000000,12.28690000000000,0.00000000000000
ruffle.exe,11016,0x0000000000000000,Other,-1,0,0,56.15089010000000,0.00000000000000,62.66000000000000,0,Composed: Copy with GPU GDI,0.91770000000000,17.61880000000000,16.67970000000000,0.00000000000000,-11.84280000000000,11.85330000000000,0.00000000000000
ruffle.exe,11016,0x0000000000000000,Other,-1,0,0,56.18989300000000,0.00000000000000,39.00290000000000,0,Composed: Copy with GPU GDI,0.91620000000000,28.70830000000000,50.09240000000000,0.00000000000000,-16.48010000000000,12.60280000000000,0.00000000000000
ruffle.exe,11016,0x0000000000000000,Other,-1,0,0,56.22794910000000,0.00000000000000,38.05610000000000,0,Composed: Copy with GPU GDI,0.84180000000000,40.52980000000000,49.87760000000000,0.00000000000000,-12.94600000000000,12.90930000000000,0.00000000000000
ruffle.exe,11016,0x0000000000000000,Other,-1,0,0,56.27008140000000,0.00000000000000,42.13230000000000,0,Composed: Copy with GPU GDI,0.91160000000000,31.74920000000000,33.35170000000000,0.00000000000000,-14.48040000000000,14.44270000000000,0.00000000000000
ruffle.exe,11016,0x0000000000000000,Other,-1,0,0,56.47020580000000,0.00000000000000,200.12440000000001,0,Composed: Copy with GPU GDI,0.90130000000000,31.65920000000000,200.03440000000001,0.00000000000000,-15.02130000000000,11.81870000000000,0.00000000000000
ruffle.exe,11016,0x0000000000000000,Other,-1,0,0,56.50622320000000,0.00000000000000,36.01740000000000,0,Composed: Copy with GPU GDI,0.94680000000000,29.01480000000000,33.37300000000000,0.00000000000000,-11.85870000000000,11.54460000000000,0.00000000000000
ruffle.exe,11016,0x0000000000000000,Other,-1,0,0,56.54645570000000,0.00000000000000,40.23250000000000,0,Composed: Copy with GPU GDI,0.90710000000000,22.10390000000000,33.32160000000000,0.00000000000000,-13.35730000000000,12.96630000000000,0.00000000000000
ruffle.exe,11016,0x0000000000000000,Other,-1,0,0,56.58737250000000,0.00000000000000,40.91680000000000,0,Composed: Copy with GPU GDI,0.84100000000000,31.24950000000000,50.06240000000000,0.00000000000000,-15.19230000000000,11.95630000000000,0.00000000000000
ruffle.exe,11016,0x0000000000000000,Other,-1,0,0,56.62481890000000,0.00000000000000,37.44640000000000,0,Composed: Copy with GPU GDI,0.91210000000000,27.11040000000000,33.30730000000001,0.00000000000000,-11.62760000000000,11.46480000000000,0.00000000000000
ruffle.exe,11016,0x0000000000000000,Other,-1,0,0,56.67618460000000,0.00000000000000,51.36570000000000,0,Composed: Copy with GPU GDI,0.89340000000000,25.69610000000000,49.95140000000000,0.00000000000000,-14.42030000000000,14.33830000000000,0.00000000000000
ruffle.exe,11016,0x0000000000000000,Other,-1,0,0,56.73056530000000,0.00000000000000,54.38070000000000,0,Composed: Copy with GPU GDI,0.61980000000000,21.31750000000000,50.00210000000001,0.00000000000000,-12.29890000000000,12.08130000000000,0.00000000000000
ruffle.exe,11016,0x0000000000000000,Other,-1,0,0,56.77195210000000,0.00000000000000,41.38680000000000,0,Composed: Copy with GPU GDI,0.89340000000000,30.05340000000000,50.12270000000000,0.00000000000000,-12.51090000000000,12.38640000000000,0.00000000000000
ruffle.exe,11016,0x0000000000000000,Other,-1,0,0,56.81345080000000,0.00000000000000,41.49870000000000,0,Composed: Copy with GPU GDI,0.92840000000000,21.77910000000000,33.22440000000000,0.00000000000000,-17.37340000000000,12.16720000000000,0.00000000000000
ruffle.exe,11016,0x0000000000000000,Other,-1,0,0,56.88391790000000,0.00000000000000,70.46710000000000,0,Composed: Copy with GPU GDI,0.89130000000000,18.00920000000000,66.69720000000001,0.00000000000000,-14.76280000000000,14.58930000000000,0.00000000000000
ruffle.exe,11016,0x0000000000000000,Other,-1,0,0,56.93989420000000,0.00000000000000,55.97630000000000,0,Composed: Copy with GPU GDI,0.92740000000000,28.68360000000000,66.65070000000000,0.00000000000000,-16.03510000000000,12.53570000000000,0.00000000000000
ruffle.exe,11016,0x0000000000000000,Other,-1,0,0,56.99387070000000,0.00000000000000,53.97650000000000,0,Composed: Copy with GPU GDI,0.87200000000000,24.72080000000000,50.01370000000000,0.00000000000000,-12.63390000000000,12.60640000000000,0.00000000000000
ruffle.exe,11016,0x0000000000000000,Other,-1,0,0,57.03334770000000,0.00000000000000,39.47700000000000,0,Composed: Copy with GPU GDI,0.93980000000000,18.56680000000000,33.32300000000000,0.00000000000000,-16.89300000000000,11.41810000000000,0.00000000000000
ruffle.exe,11016,0x0000000000000000,Other,-1,0,0,57.07610280000000,0.00000000000000,42.75510000000000,0,Composed: Copy with GPU GDI,0.88220000000000,25.80530000000000,49.99360000000000,0.00000000000000,-12.94790000000000,12.70770000000000,0.00000000000000
ruffle.exe,11016,0x0000000000000000,Other,-1,0,0,57.22198370000000,0.00000000000000,145.88090000000000,0,Composed: Copy with GPU GDI,0.85310000000000,46.59590000000000,166.67150000000001,0.00000000000000,-15.42800000000000,15.31800000000000,0.00000000000000
ruffle.exe,11016,0x0000000000000000,Other,-1,0,0,57.25454090000000,0.00000000000000,32.55720000000000,0,Composed: Copy with GPU GDI,0.74360000000000,30.71350000000000,16.67480000000000,0.00000000000000,-13.89040000000000,11.46530000000000,0.00000000000000
ruffle.exe,11016,0x0000000000000000,Other,-1,0,0,57.28759340000000,0.00000000000000,33.05250000000000,0,Composed: Copy with GPU GDI,0.63810000000000,31.00910000000000,33.34810000000000,0.00000000000000,-13.37640000000000,11.59640000000000,0.00000000000000
ruffle.exe,11016,0x0000000000000000,Other,-1,0,0,57.48735620000000,0.00000000000000,199.76280000000000,0,Composed: Copy with GPU GDI,0.86720000000000,31.28610000000000,200.03980000000001,0.00000000000000,-16.11250000000000,12.17940000000000,0.00000000000000
ruffle.exe,11016,0x0000000000000000,Other,-1,0,0,57.53664420000000,0.00000000000000,49.28800000000000,0,Composed: Copy with GPU GDI,0.87770000000000,32.01440000000000,50.01630000000000,0.00000000000000,-13.34740000000000,11.88450000000000,0.00000000000000
ruffle.exe,11016,0x0000000000000000,Other,-1,0,0,57.59748500000000,0.00000000000000,60.84080000000000,0,Composed: Copy with GPU GDI,0.88890000000000,21.16980000000000,49.99620000000000,0.00000000000000,-28.13420000000000,13.51580000000000,0.00000000000000
ruffle.exe,11016,0x0000000000000000,Other,-1,0,0,57.67000710000001,0.00000000000000,72.52210000000001,0,Composed: Copy with GPU GDI,0.90370000000000,31.94060000000000,83.29290000000000,0.00000000000000,-15.42840000000000,14.16870000000000,0.00000000000000
ruffle.exe,11016,0x0000000000000000,Other,-1,0,0,57.70025180000000,0.00000000000000,30.24470000000000,0,Composed: Copy with GPU GDI,0.62830000000000,18.45740000000000,16.76150000000000,0.00000000000000,-13.56740000000000,11.34210000000000,0.00000000000000
ruffle.exe,11016,0x0000000000000000,Other,-1,0,0,57.73828370000000,0.00000000000000,38.03190000000000,0,Composed: Copy with GPU GDI,0.92730000000000,30.38980000000000,49.96430000000000,0.00000000000000,-14.97570000000000,12.35170000000000,0.00000000000000
ruffle.exe,11016,0x0000000000000000,Other,-1,0,0,57.78561410000000,0.00000000000000,47.33040000000000,0,Composed: Copy with GPU GDI,0.92780000000000,83.05600000000000,99.99660000000000,0.00000000000000,-19.62600000000000,13.13380000000000,0.00000000000000
ruffle.exe,11016,0x0000000000000000,Other,-1,0,0,57.84452620000000,0.00000000000000,58.91210000000000,0,Composed: Copy with GPU GDI,0.90210000000000,40.74660000000000,16.60270000000000,0.00000000000000,-31.71530000000000,12.85050000000000,0.00000000000000
ruffle.exe,11016,0x0000000000000000,Other,-1,0,0,57.94332590000000,0.00000000000000,98.79970000000000,0,Composed: Copy with GPU GDI,0.89520000000000,58.71650000000000,116.76960000000001,0.00000000000000,-27.53840000000000,15.42250000000000,0.00000000000000
ruffle.exe,11016,0x0000000000000000,Other,-1,0,0,57.98686720000000,0.00000000000000,43.54130000000000,0,Composed: Copy with GPU GDI,0.71330000000000,31.79230000000000,16.61710000000000,0.00000000000000,-35.73400000000000,12.45320000000000,0.00000000000000
ruffle.exe,11016,0x0000000000000000,Other,-1,0,0,58.01613750000000,0.00000000000000,29.27030000000000,0,Composed: Copy with GPU GDI,1.61810000000000,19.20160000000000,16.67960000000000,0.00000000000000,-15.38860000000000,11.67870000000000,0.00000000000000
ruffle.exe,11016,0x0000000000000000,Other,-1,0,0,58.05612460000000,0.00000000000000,39.98710000000001,0,Composed: Copy with GPU GDI,0.89170000000000,29.23210000000000,50.01760000000000,0.00000000000000,-13.03140000000000,12.86970000000000,0.00000000000000
ruffle.exe,11016,0x0000000000000000,Other,-1,0,0,58.09816630000000,0.00000000000000,42.04170000000000,0,Composed: Copy with GPU GDI,0.89170000000000,37.19950000000000,50.00910000000000,0.00000000000000,-15.06180000000000,11.88600000000000,0.00000000000000
ruffle.exe,11016,0x0000000000000000,Other,-1,0,0,58.13179590000000,0.00000000000000,33.62960000000000,0,Composed: Copy with GPU GDI,0.90650000000000,20.23050000000000,16.66060000000000,0.00000000000000,-9.85210000000000,9.84870000000000,0.00000000000000
ruffle.exe,11016,0x0000000000000000,Other,-1,0,0,58.17880490000000,0.00000000000000,47.00900000000000,0,Composed: Copy with GPU GDI,0.90320000000000,23.21520000000000,49.99370000000000,0.00000000000000,-15.72610000000000,15.70320000000000,0.00000000000000
ruffle.exe,11016,0x0000000000000000,Other,-1,0,0,58.21249930000000,0.00000000000000,33.69440000000000,0,Composed: Copy with GPU GDI,0.87780000000000,22.84600000000000,33.32520000000000,0.00000000000000,-13.09050000000000,12.91180000000000,0.00000000000000
ruffle.exe,11016,0x0000000000000000,Other,-1,0,0,58.25784780000001,0.00000000000000,45.34850000000000,0,Composed: Copy with GPU GDI,0.95210000000000,27.52650000000000,50.02900000000000,0.00000000000000,-12.72960000000000,12.63570000000000,0.00000000000000
ruffle.exe,11016,0x0000000000000000,Other,-1,0,0,58.29775410000000,0.00000000000000,39.90630000000000,0,Composed: Copy with GPU GDI,0.90410000000000,20.94610000000000,33.32590000000000,0.00000000000000,-16.54790000000000,12.90260000000000,0.00000000000000
ruffle.exe,11016,0x0000000000000000,Other,-1,0,0,58.54590740000000,0.00000000000000,248.15330000000000,0,Composed: Copy with GPU GDI,0.91380000000000,22.80680000000000,250.01400000000001,0.00000000000000,-12.02380000000000,11.85070000000000,0.00000000000000
ruffle.exe,11016,0x0000000000000000,Other,-1,0,0,58.59289860000001,0.00000000000000,46.99120000000000,0,Composed: Copy with GPU GDI,0.94300000000000,25.86070000000000,50.04510000000001,0.00000000000000,-12.94020000000000,12.81400000000000,0.00000000000000
ruffle.exe,11016,0x0000000000000000,Other,-1,0,0,58.64164380000000,0.00000000000000,48.74520000000000,0,Composed: Copy with GPU GDI,0.91560000000000,27.11640000000000,50.00090000000000,0.00000000000000,-18.93850000000000,14.20830000000000,0.00000000000000
ruffle.exe,11016,0x0000000000000000,Other,-1,0,0,58.70667710000000,0.00000000000000,65.03330000000000,0,Composed: Copy with GPU GDI,0.92090000000000,28.74570000000000,66.66260000000000,0.00000000000000,-12.60280000000000,12.38650000000000,0.00000000000000
ruffle.exe,11016,0x0000000000000000,Other,-1,0,0,58.75134490000000,0.00000000000000,44.66780000000000,0,Composed: Copy with GPU GDI,0.85950000000000,34.06990000000000,49.99200000000000,0.00000000000000,-17.21170000000000,12.50440000000000,0.00000000000000
ruffle.exe,11016,0x0000000000000000,Other,-1,0,0,58.81162010000000,0.00000000000000,60.27520000000001,0,Composed: Copy with GPU GDI,0.91160000000000,23.78140000000000,49.98670000000000,0.00000000000000,-12.98930000000000,12.88110000000000,0.00000000000000
ruffle.exe,11016,0x0000000000000000,Other,-1,0,0,58.84726310000000,0.00000000000000,35.64300000000000,0,Composed: Copy with GPU GDI,0.84750000000000,21.48230000000000,33.34390000000000,0.00000000000000,-14.05530000000000,13.30590000000000,0.00000000000000
ruffle.exe,11016,0x0000000000000000,Other,-1,0,0,58.89244020000000,0.00000000000000,45.17710000000000,0,Composed: Copy with GPU GDI,0.67710000000000,26.33680000000000,50.03160000000000,0.00000000000000,-12.30880000000000,12.19620000000000,0.00000000000000
ruffle.exe,11016,0x0000000000000000,Other,-1,0,0,58.92330440000000,0.00000000000000,30.86420000000000,0,Composed: Copy with GPU GDI,0.91360000000000,28.82370000000000,33.35110000000000,0.00000000000000,-12.08190000000000,12.15190000000000,0.00000000000000
ruffle.exe,11016,0x0000000000000000,Other,-1,0,0,58.95798640000000,0.00000000000000,34.68200000000000,0,Composed: Copy with GPU GDI,0.89010000000000,27.39840000000000,33.25670000000000,0.00000000000000,-14.47240000000000,11.93690000000000,0.00000000000000
ruffle.exe,11016,0x0000000000000000,Other,-1,0,0,58.99398590000000,0.00000000000000,35.99950000000000,0,Composed: Copy with GPU GDI,1.74570000000000,24.77610000000000,33.37720000000000,0.00000000000000,-13.51250000000000,11.41700000000000,0.00000000000000
ruffle.exe,11016,0x0000000000000000,Other,-1,0,0,59.03918500000000,0.00000000000000,45.19910000000000,0,Composed: Copy with GPU GDI,0.90890000000000,62.94840000000000,83.37140000000001,0.00000000000000,-19.93530000000000,12.19090000000000,0.00000000000000
ruffle.exe,11016,0x0000000000000000,Other,-1,0,0,59.09769230000001,0.00000000000000,58.50730000000000,0,Composed: Copy with GPU GDI,0.95130000000000,37.77210000000000,33.33100000000000,0.00000000000000,-16.61680000000000,13.53920000000000,0.00000000000000
ruffle.exe,11016,0x0000000000000000,Other,-1,0,0,59.15277240000000,0.00000000000000,55.08010000000000,0,Composed: Copy with GPU GDI,0.92870000000000,32.64840000000000,49.95640000000000,0.00000000000000,-16.79690000000000,13.35040000000000,0.00000000000000
ruffle.exe,11016,0x0000000000000000,Other,-1,0,0,59.20814480000001,0.00000000000000,55.37240000000001,0,Composed: Copy with GPU GDI,0.90940000000000,27.28500000000000,50.00900000000000,0.00000000000000,-15.00060000000000,12.11530000000000,0.00000000000000
ruffle.exe,11016,0x0000000000000000,Other,-1,0,0,59.24854740000001,0.00000000000000,40.40260000000000,0,Composed: Copy with GPU GDI,0.90280000000000,70.20070000000000,83.31830000000001,0.00000000000000,-16.73550000000000,12.50090000000000,0.00000000000000
ruffle.exe,11016,0x0000000000000000,Other,-1,0,0,59.32647580000000,0.00000000000000,77.92840000000001,0,Composed: Copy with GPU GDI,0.90210000000000,42.30230000000000,50.03000000000000,0.00000000000000,-15.36380000000000,13.93160000000000,0.00000000000000
ruffle.exe,11016,0x0000000000000000,Other,-1,0,0,59.59606500000000,0.00000000000000,269.58920000000001,0,Composed: Copy with GPU GDI,0.89050000000000,22.72450000000000,250.01140000000001,0.00000000000000,-17.59830000000000,12.97700000000000,0.00000000000000
ruffle.exe,11016,0x0000000000000000,Other,-1,0,0,59.64397870000000,0.00000000000000,47.91370000000001,0,Composed: Copy with GPU GDI,0.83520000000000,24.80630000000000,49.99550000000000,0.00000000000000,-12.71390000000000,12.69550000000000,0.00000000000000
ruffle.exe,11016,0x0000000000000000,Other,-1,0,0,59.67018180000000,0.00000000000000,26.20310000000000,0,Composed: Copy with GPU GDI,0.87780000000000,31.91170000000000,33.30850000000000,0.00000000000000,-11.68440000000000,11.64510000000000,0.00000000000000
ruffle.exe,11016,0x0000000000000000,Other,-1,0,0,59.70030340000000,0.00000000000000,30.12160000000000,0,Composed: Copy with GPU GDI,0.60590000000000,18.48370000000000,16.69360000000000,0.00000000000000,-14.28550000000000,13.44800000000000,0.00000000000000
ruffle.exe,11016,0x0000000000000000,Other,-1,0,0,59.73277520000000,0.00000000000000,32.47180000000000,0,Composed: Copy with GPU GDI,0.90300000000000,19.40920000000000,33.39730000000000,0.00000000000000,-14.07710000000000,13.88550000000000,0.00000000000000
ruffle.exe,11016,0x0000000000000000,Other,-1,0,0,59.76389290000000,0.00000000000000,31.11770000000000,0,Composed: Copy with GPU GDI,0.89000000000000,21.61940000000000,33.32790000000000,0.00000000000000,-11.37080000000000,11.46400000000000,0.00000000000000
ruffle.exe,11016,0x0000000000000000,Other,-1,0,0,59.80099460000000,0.00000000000000,37.10170000000000,0,Composed: Copy with GPU GDI,0.64770000000000,17.81440000000000,33.29670000000000,0.00000000000000,-11.38130000000000,11.33230000000000,0.00000000000000
ruffle.exe,11016,0x0000000000000000,Other,-1,0,0,59.83257180000000,0.00000000000000,31.57720000000000,0,Composed: Copy with GPU GDI,0.61060000000000,19.60910000000000,33.37190000000000,0.00000000000000,-12.33210000000000,11.91360000000000,0.00000000000000
ruffle.exe,11016,0x0000000000000000,Other,-1,0,0,59.86775500000000,0.00000000000000,35.18320000000000,0,Composed: Copy with GPU GDI,0.88200000000000,17.75360000000000,33.32770000000000,0.00000000000000,-15.04800000000000,11.78850000000000,0.00000000000000
ruffle.exe,11016,0x0000000000000000,Other,-1,0,0,59.90035130000000,0.00000000000000,32.59630000000000,0,Composed: Copy with GPU GDI,0.90770000000000,18.49010000000000,33.33280000000000,0.00000000000000,-12.36470000000000,12.38610000000000,0.00000000000000
ruffle.exe,11016,0x0000000000000000,Other,-1,0,0,59.93685800000000,0.00000000000000,36.50670000000000,0,Composed: Copy with GPU GDI,0.90910000000000,31.92590000000000,49.94250000000000,0.00000000000000,-14.11650000000000,14.12790000000000,0.00000000000000
ruffle.exe,11016,0x0000000000000000,Other,-1,0,0,59.96737450000000,0.00000000000000,30.51650000000000,0,Composed: Copy with GPU GDI,0.62420000000000,18.14590000000000,16.73650000000000,0.00000000000000,-11.74490000000000,10.89290000000000,0.00000000000000
ruffle.exe,11016,0x0000000000000000,Other,-1,0,0,59.99540990000000,0.00000000000000,28.03540000000000,0,Composed: Copy with GPU GDI,0.85490000000000,23.49450000000000,33.38400000000000,0.00000000000000,-11.96450000000000,11.95020000000000,0.00000000000000
ruffle.exe,11016,0x0000000000000000,Other,-1,0,0,60.02524890000000,0.00000000000000,29.83900000000000,0,Composed: Copy with GPU GDI,0.59680000000000,27.01240000000000,33.35690000000000,0.00000000000000,-11.98460000000000,11.86140000000000,0.00000000000000
ruffle.exe,11016,0x0000000000000000,Other,-1,0,0,60.05758280000000,0.00000000000000,32.33390000000000,0,Composed: Copy with GPU GDI,0.89350000000000,27.99450000000000,33.31600000000000,0.00000000000000,-11.46910000000000,11.37030000000000,0.00000000000000
ruffle.exe,11016,0x0000000000000000,Other,-1,0,0,60.09265350000000,0.00000000000000,35.07070000000000,0,Composed: Copy with GPU GDI,0.88130000000000,26.18730000000000,33.26350000000000,0.00000000000000,-11.97820000000000,11.99240000000000,0.00000000000000
ruffle.exe,11016,0x0000000000000000,Other,-1,0,0,60.12989680000000,0.00000000000000,37.24330000000000,0,Composed: Copy with GPU GDI,0.88850000000000,22.27040000000000,33.32640000000000,0.00000000000000,-13.60310000000000,13.59440000000000,0.00000000000000
ruffle.exe,11016,0x0000000000000000,Other,-1,0,0,60.16593460000000,0.00000000000000,36.03780000000000,0,Composed: Copy with GPU GDI,0.86480000000000,19.57840000000000,33.34580000000000,0.00000000000000,-13.44050000000000,13.45140000000000,0.00000000000000
ruffle.exe,11016,0x0000000000000000,Other,-1,0,0,60.19675230000000,0.00000000000000,30.81770000000000,0,Composed: Copy with GPU GDI,0.60810000000000,22.51300000000000,33.75230000000000,0.00000000000000,-11.60760000000000,11.48220000000000,0.00000000000000
ruffle.exe,11016,0x0000000000000000,Other,-1,0,0,60.23065260000000,0.00000000000000,33.90030000000000,0,Composed: Copy with GPU GDI,0.88830000000000,21.59200000000000,32.97930000000000,0.00000000000000,-12.10700000000000,11.98590000000000,0.00000000000000
ruffle.exe,11016,0x0000000000000000,Other,-1,0,0,60.26311870000000,0.00000000000000,32.46610000000000,0,Composed: Copy with GPU GDI,0.65050000000000,22.51110000000000,33.38520000000000,0.00000000000000,-12.29380000000000,12.22390000000000,0.00000000000000
ruffle.exe,11016,0x0000000000000000,Other,-1,0,0,60.29131750000000,0.00000000000000,28.19880000000000,0,Composed: Copy with GPU GDI,0.82500000000000,27.55330000000000,33.24100000000000,0.00000000000000,-11.61800000000000,11.50740000000000,0.00000000000000
ruffle.exe,11016,0x0000000000000000,Other,-1,0,0,60.52378910000000,0.00000000000000,232.47160000000002,0,Composed: Copy with GPU GDI,0.92770000000000,28.42300000000000,233.34130000000002,0.00000000000000,-15.11270000000000,13.64560000000000,0.00000000000000
ruffle.exe,11016,0x0000000000000000,Other,-1,0,0,60.62434830000000,0.00000000000000,100.55920000000000,0,Composed: Copy with GPU GDI,0.63160000000000,27.83570000000000,99.97190000000001,0.00000000000000,-12.60380000000000,12.52940000000000,0.00000000000000
ruffle.exe,11016,0x0000000000000000,Other,-1,0,0,60.65002180000000,0.00000000000000,25.67350000000000,0,Composed: Copy with GPU GDI,0.66680000000000,18.87010000000000,16.70790000000000,0.00000000000000,-10.77690000000000,10.77750000000000,0.00000000000000
ruffle.exe,11016,0x0000000000000000,Other,-1,0,0,60.68419870000000,0.00000000000000,34.17690000000000,0,Composed: Copy with GPU GDI,0.64110000000000,18.02270000000000,33.32950000000000,0.00000000000000,-11.86780000000000,11.81440000000000,0.00000000000000
ruffle.exe,11016,0x0000000000000000,Other,-1,0,0,60.72151240000000,0.00000000000000,37.31370000000000,0,Composed: Copy with GPU GDI,0.85010000000000,30.74690000000000,50.03790000000000,0.00000000000000,-12.02610000000000,12.04450000000000,0.00000000000000
ruffle.exe,11016,0x0000000000000000,Other,-1,0,0,60.76096260000000,0.00000000000000,39.45020000000000,0,Composed: Copy with GPU GDI,0.87510000000000,24.55340000000000,33.25670000000000,0.00000000000000,-14.26030000000000,14.23130000000000,0.00000000000000
ruffle.exe,11016,0x0000000000000000,Other,-1,0,0,60.78470510000000,0.00000000000000,23.74250000000000,0,Composed: Copy with GPU GDI,0.63130000000000,17.52660000000000,16.71570000000000,0.00000000000000,-10.81410000000000,10.84200000000000,0.00000000000000
ruffle.exe,11016,0x0000000000000000,Other,-1,0,0,60.82233530000000,0.00000000000000,37.63020000000000,0,Composed: Copy with GPU GDI,0.61480000000000,29.93070000000000,50.03430000000000,0.00000000000000,-12.17250000000000,11.73740000000000,0.00000000000000
ruffle.exe,11016,0x0000000000000000,Other,-1,0,0,60.85538710000000,0.00000000000000,33.05180000000000,0,Composed: Copy with GPU GDI,0.86990000000000,30.26010000000000,33.38120000000000,0.00000000000000,-11.69440000000000,11.70560000000000,0.00000000000000
ruffle.exe,11016,0x0000000000000000,Other,-1,0,0,60.89015570000000,0.00000000000000,34.76860000000000,0,Composed: Copy with GPU GDI,0.88680000000000,28.82280000000000,33.33130000000000,0.00000000000000,-12.37730000000000,12.21520000000000,0.00000000000000
ruffle.exe,11016,0x0000000000000000,Other,-1,0,0,60.92447340000000,0.00000000000000,34.31770000000000,0,Composed: Copy with GPU GDI,0.87030000000000,27.77740000000000,33.27230000000000,0.00000000000000,-13.23700000000000,13.17620000000000,0.00000000000000
ruffle.exe,11016,0x0000000000000000,Other,-1,0,0,60.96833870000000,0.00000000000000,43.86530000000000,0,Composed: Copy with GPU GDI,0.61250000000000,17.25730000000000,33.34520000000000,0.00000000000000,-14.12770000000000,14.01910000000000,0.00000000000000
ruffle.exe,11016,0x0000000000000000,Other,-1,0,0,60.99182400000000,0.00000000000000,23.48530000000000,0,Composed: Copy with GPU GDI,0.87200000000000,27.10680000000000,33.33480000000000,0.00000000000000,-11.11290000000000,11.16590000000000,0.00000000000000
ruffle.exe,11016,0x0000000000000000,Other,-1,0,0,61.02250020000000,0.00000000000000,30.67620000000000,0,Composed: Copy with GPU GDI,0.88280000000000,29.76980000000000,33.33920000000000,0.00000000000000,-12.05580000000000,11.95840000000000,0.00000000000000
ruffle.exe,11016,0x0000000000000000,Other,-1,0,0,61.05009790000000,0.00000000000000,27.59770000000000,0,Composed: Copy with GPU GDI,0.60580000000000,18.82220000000000,16.65010000000000,0.00000000000000,-12.19470000000000,11.42950000000000,0.00000000000000
ruffle.exe,11016,0x0000000000000000,Other,-1,0,0,61.08576260000000,0.00000000000000,35.66470000000000,0,Composed: Copy with GPU GDI,0.90600000000000,33.15010000000000,49.99260000000000,0.00000000000000,-11.51150000000000,11.54320000000000,0.00000000000000
ruffle.exe,11016,0x0000000000000000,Other,-1,0,0,61.11700120000000,0.00000000000000,31.23860000000000,0,Composed: Copy with GPU GDI,0.62950000000000,18.59710000000000,16.68560000000000,0.00000000000000,-11.20440000000000,11.19970000000000,0.00000000000000
ruffle.exe,11016,0x0000000000000000,Other,-1,0,0,61.16034760000000,0.00000000000000,43.34640000000000,0,Composed: Copy with GPU GDI,0.87170000000000,25.26440000000000,50.01370000000000,0.00000000000000,-14.32460000000000,14.33330000000000,0.00000000000000
ruffle.exe,11016,0x0000000000000000,Other,-1,0,0,61.18715410000000,0.00000000000000,26.80650000000000,0,Composed: Copy with GPU GDI,0.87280000000000,31.82870000000000,33.37080000000000,0.00000000000000,-12.53610000000000,12.60800000000000,0.00000000000000
ruffle.exe,11016,0x0000000000000000,Other,-1,0,0,61.22649590000000,0.00000000000000,39.34180000000000,0,Composed: Copy with GPU GDI,0.58980000000000,25.77270000000000,33.28580000000000,0.00000000000000,-12.88070000000000,12.79890000000000,0.00000000000000
ruffle.exe,11016,0x0000000000000000,Other,-1,0,0,61.25030680000000,0.00000000000000,23.81090000000000,0,Composed: Copy with GPU GDI,0.62670000000000,18.64920000000000,16.68740000000000,0.00000000000000,-10.62210000000000,10.61800000000000,0.00000000000000
ruffle.exe,11016,0x0000000000000000,Other,-1,0,0,61.28326170000000,0.00000000000000,32.95490000000000,0,Composed: Copy with GPU GDI,0.90680000000000,19.06100000000000,33.36670000000000,0.00000000000000,-11.77230000000000,11.78900000000000,0.00000000000000
ruffle.exe,11016,0x0000000000000000,Other,-1,0,0,61.49592500000001,0.00000000000000,212.66330000000002,0,Composed: Copy with GPU GDI,0.87380000000000,23.11870000000000,216.72100000000000,0.00000000000000,-15.68150000000000,15.75360000000000,0.00000000000000
ruffle.exe,11016,0x0000000000000000,Other,-1,0,0,61.52256510000000,0.00000000000000,26.64010000000000,0,Composed: Copy with GPU GDI,0.87590000000000,29.72050000000000,33.24190000000000,0.00000000000000,-12.56100000000000,12.50220000000000,0.00000000000000
ruffle.exe,11016,0x0000000000000000,Other,-1,0,0,61.55051870000000,0.00000000000000,27.95360000000000,0,Composed: Copy with GPU GDI,0.63490000000000,18.45150000000000,16.68460000000000,0.00000000000000,-10.78930000000000,10.78050000000000,0.00000000000000
ruffle.exe,11016,0x0000000000000000,Other,-1,0,0,61.58394260000000,0.00000000000000,33.42390000000000,0,Composed: Copy with GPU GDI,0.65260000000000,18.35530000000000,33.32770000000000,0.00000000000000,-14.84070000000000,12.08370000000000,0.00000000000000
ruffle.exe,11016,0x0000000000000000,Other,-1,0,0,61.61421590000000,0.00000000000000,30.27330000000000,0,Composed: Copy with GPU GDI,0.86000000000000,21.52830000000000,33.44630000000000,0.00000000000000,-11.72270000000000,11.60630000000000,0.00000000000000
ruffle.exe,11016,0x0000000000000000,Other,-1,0,0,61.64356120000000,0.00000000000000,29.34530000000000,0,Composed: Copy with GPU GDI,0.95360000000000,25.43570000000000,33.25270000000000,0.00000000000000,-11.96810000000000,12.13950000000000,0.00000000000000
ruffle.exe,11016,0x0000000000000000,Other,-1,0,0,61.67654050000000,0.00000000000000,32.97930000000000,0,Composed: Copy with GPU GDI,0.84760000000000,25.74020000000000,33.28380000000000,0.00000000000000,-12.68210000000000,12.68800000000000,0.00000000000000
ruffle.exe,11016,0x0000000000000000,Other,-1,0,0,61.70895510000000,0.00000000000000,32.41460000000000,0,Composed: Copy with GPU GDI,0.82560000000000,26.68200000000000,33.35640000000000,0.00000000000000,-14.33030000000000,14.26350000000000,0.00000000000000
ruffle.exe,11016,0x0000000000000000,Other,-1,0,0,61.73370930000000,0.00000000000000,24.75420000000000,0,Composed: Copy with GPU GDI,0.69990000000000,18.65980000000000,16.73200000000000,0.00000000000000,-10.94450000000000,11.00710000000000,0.00000000000000
ruffle.exe,11016,0x0000000000000000,Other,-1,0,0,61.76038030000000,0.00000000000000,26.67100000000000,0,Composed: Copy with GPU GDI,0.89950000000000,25.26680000000000,33.27800000000000,0.00000000000000,-11.61710000000000,11.65390000000000,0.00000000000000
ruffle.exe,11016,0x0000000000000000,Other,-1,0,0,61.80176440000000,0.00000000000000,41.38410000000000,0,Composed: Copy with GPU GDI,0.91240000000000,17.24890000000000,33.36620000000000,0.00000000000000,-13.02870000000000,11.75500000000000,0.00000000000000
ruffle.exe,11016,0x0000000000000000,Other,-1,0,0,61.83648480000000,0.00000000000000,34.72040000000001,0,Composed: Copy with GPU GDI,0.88230000000000,49.17500000000000,66.64650000000000,0.00000000000000,-12.53580000000000,11.94960000000000,0.00000000000000
ruffle.exe,11016,0x0000000000000000,Other,-1,0,0,61.87586820000000,0.00000000000000,39.38340000000000,0,Composed: Copy with GPU GDI,0.59450000000000,26.47840000000000,16.68680000000000,0.00000000000000,-14.86480000000000,12.51930000000000,0.00000000000000
ruffle.exe,11016,0x0000000000000000,Other,-1,0,0,61.91502520000000,0.00000000000000,39.15700000000000,0,Composed: Copy with GPU GDI,0.66220000000000,20.70270000000000,33.38130000000000,0.00000000000000,-14.50860000000000,14.43070000000000,0.00000000000000
ruffle.exe,11016,0x0000000000000000,Other,-1,0,0,61.94190560000000,0.00000000000000,26.88040000000000,0,Composed: Copy with GPU GDI,0.87210000000000,27.17240000000000,33.35010000000000,0.00000000000000,-11.20100000000000,11.23810000000000,0.00000000000000
ruffle.exe,11016,0x0000000000000000,Other,-1,0,0,61.97086670000000,0.00000000000000,28.96110000000000,0,Composed: Copy with GPU GDI,0.89120000000000,31.46860000000000,33.25730000000000,0.00000000000000,-11.71690000000000,11.71720000000000,0.00000000000000
ruffle.exe,11016,0x0000000000000000,Other,-1,0,0,61.99911020000000,0.00000000000000,28.24350000000000,0,Composed: Copy with GPU GDI,0.87110000000000,19.92470000000000,16.69960000000000,0.00000000000000,-12.30910000000000,11.61790000000000,0.00000000000000
ruffle.exe,11016,0x0000000000000000,Other,-1,0,0,62.02551360000000,0.00000000000000,26.40340000000000,0,Composed: Copy with GPU GDI,0.89780000000000,26.79860000000000,33.27730000000000,0.00000000000000,-12.24970000000000,12.19350000000000,0.00000000000000
ruffle.exe,11016,0x0000000000000000,Other,-1,0,0,62.05065080000001,0.00000000000000,25.13720000000000,0,Composed: Copy with GPU GDI,0.60460000000000,18.34210000000000,16.68070000000000,0.00000000000000,-10.33120000000000,10.28800000000000,0.00000000000000
ruffle.exe,11016,0x0000000000000000,Other,-1,0,0,62.08940730000000,0.00000000000000,38.75650000000000,0,Composed: Copy with GPU GDI,0.58390000000000,29.67360000000000,50.08800000000000,0.00000000000000,-13.81330000000000,13.72300000000000,0.00000000000000
ruffle.exe,11016,0x0000000000000000,Other,-1,0,0,62.12331070000000,0.00000000000000,33.90340000000000,0,Composed: Copy with GPU GDI,0.95290000000000,29.00250000000000,33.23230000000000,0.00000000000000,-12.51990000000000,12.40710000000000,0.00000000000000
ruffle.exe,11016,0x0000000000000000,Other,-1,0,0,62.15740640000000,0.00000000000000,34.09570000000000,0,Composed: Copy with GPU GDI,0.60820000000000,28.23020000000000,33.32340000000000,0.00000000000000,-12.07150000000000,12.03950000000000,0.00000000000000
ruffle.exe,11016,0x0000000000000000,Other,-1,0,0,62.18660440000000,0.00000000000000,29.19800000000000,0,Composed: Copy with GPU GDI,0.62020000000000,32.41280000000000,33.38060000000000,0.00000000000000,-11.40130000000000,11.42510000000000,0.00000000000000
ruffle.exe,11016,0x0000000000000000,Other,-1,0,0,62.22157860000000,0.00000000000000,34.97420000000000,0,Composed: Copy with GPU GDI,0.63710000000000,30.76810000000000,33.32950000000000,0.00000000000000,-12.35010000000000,12.13790000000000,0.00000000000000
ruffle.exe,11016,0x0000000000000000,Other,-1,0,0,62.25132380000000,0.00000000000000,29.74520000000000,0,Composed: Copy with GPU GDI,0.64140000000000,17.70890000000000,16.68600000000000,0.00000000000000,-10.56860000000000,10.58840000000000,0.00000000000000
ruffle.exe,11016,0x0000000000000000,Other,-1,0,0,62.29230510000000,0.00000000000000,40.98130000000000,0,Composed: Copy with GPU GDI,0.63590000000000,26.72060000000000,49.99300000000000,0.00000000000000,-14.28380000000000,14.11330000000000,0.00000000000000
ruffle.exe,11016,0x0000000000000000,Other,-1,0,0,62.48465810000000,0.00000000000000,192.35300000000001,0,Composed: Copy with GPU GDI,0.85780000000000,17.80380000000000,183.43620000000001,0.00000000000000,-13.08220000000000,13.21070000000000,0.00000000000000
ruffle.exe,11016,0x0000000000000000,Other,-1,0,0,62.51009010000000,0.00000000000000,25.43200000000000,0,Composed: Copy with GPU GDI,0.60870000000000,25.61500000000000,33.24320000000000,0.00000000000000,-11.63030000000000,11.45190000000000,0.00000000000000
ruffle.exe,11016,0x0000000000000000,Other,-1,0,0,62.53685910000000,0.00000000000000,26.76900000000000,0,Composed: Copy with GPU GDI,0.86560000000000,32.21750000000000,33.37150000000000,0.00000000000000,-11.49510000000000,11.53580000000000,0.00000000000000
ruffle.exe,11016,0x0000000000000000,Other,-1,0,0,62.57079260000000,0.00000000000000,33.93350000000000,0,Composed: Copy with GPU GDI,0.82320000000000,31.60010000000000,33.31610000000000,0.00000000000000,-11.86220000000000,11.71760000000000,0.00000000000000
ruffle.exe,11016,0x0000000000000000,Other,-1,0,0,62.60853080000000,0.00000000000000,37.73820000000000,0,Composed: Copy with GPU GDI,0.89680000000000,27.19450000000000,33.33260000000000,0.00000000000000,-13.25540000000000,13.32170000000000,0.00000000000000
ruffle.exe,11016,0x0000000000000000,Other,-1,0,0,62.64190910000000,0.00000000000000,33.37830000000000,0,Composed: Copy with GPU GDI,0.60810000000000,27.16360000000000,33.34740000000000,0.00000000000000,-13.65480000000000,13.51830000000000,0.00000000000000
ruffle.exe,11016,0x0000000000000000,Other,-1,0,0,62.67271900000000,0.00000000000000,30.80990000000000,0,Composed: Copy with GPU GDI,0.84210000000000,29.68010000000000,33.32640000000000,0.00000000000000,-11.68620000000000,11.54160000000000,0.00000000000000
ruffle.exe,11016,0x0000000000000000,Other,-1,0,0,62.70616800000000,0.00000000000000,33.44900000000000,0,Composed: Copy with GPU GDI,0.61010000000000,29.51950000000000,33.28840000000000,0.00000000000000,-11.75690000000000,11.60330000000000,0.00000000000000
ruffle.exe,11016,0x0000000000000000,Other,-1,0,0,62.73609980000001,0.00000000000000,29.93180000000000,0,Composed: Copy with GPU GDI,0.61880000000000,33.02780000000000,33.44010000000000,0.00000000000000,-11.12790000000000,11.14640000000000,0.00000000000000
ruffle.exe,11016,0x0000000000000000,Other,-1,0,0,62.77502340000000,0.00000000000000,38.92360000000000,0,Composed: Copy with GPU GDI,0.92830000000000,27.43060000000000,33.32640000000000,0.00000000000000,-13.07870000000000,12.90010000000000,0.00000000000000
ruffle.exe,11016,0x0000000000000000,Other,-1,0,0,62.80762280000000,0.00000000000000,32.59940000000000,0,Composed: Copy with GPU GDI,0.87990000000000,28.18070000000000,33.34950000000000,0.00000000000000,-13.57750000000000,13.36050000000000,0.00000000000000
ruffle.exe,11016,0x0000000000000000,Other,-1,0,0,62.84435430000000,0.00000000000000,36.73150000000000,0,Composed: Copy with GPU GDI,0.89030000000000,24.77500000000000,33.32580000000000,0.00000000000000,-13.97980000000000,13.55730000000000,0.00000000000000
ruffle.exe,11016,0x0000000000000000,Other,-1,0,0,62.87807460000000,0.00000000000000,33.72030000000000,0,Composed: Copy with GPU GDI,0.86450000000000,24.34030000000000,33.28560000000000,0.00000000000000,-15.90140000000000,11.14690000000000,0.00000000000000
ruffle.exe,11016,0x0000000000000000,Other,-1,0,0,62.91501380000000,0.00000000000000,36.93920000000000,0,Composed: Copy with GPU GDI,0.90080000000000,20.76790000000000,33.36680000000000,0.00000000000000,-12.19270000000000,12.20900000000000,0.00000000000000
ruffle.exe,11016,0x0000000000000000,Other,-1,0,0,62.94202270000000,0.00000000000000,27.00890000000000,0,Composed: Copy with GPU GDI,0.87130000000000,27.09380000000000,33.33480000000000,0.00000000000000,-11.44260000000000,11.42950000000000,0.00000000000000
ruffle.exe,11016,0x0000000000000000,Other,-1,0,0,62.97287630000000,0.00000000000000,30.85360000000000,0,Composed: Copy with GPU GDI,0.87880000000000,29.58440000000000,33.34420000000000,0.00000000000000,-14.13720000000000,12.39760000000000,0.00000000000000
ruffle.exe,11016,0x0000000000000000,Other,-1,0,0,63.00840820000000,0.00000000000000,35.53190000000000,0,Composed: Copy with GPU GDI,0.61140000000000,27.35110000000000,33.29860000000000,0.00000000000000,-10.71720000000000,10.58310000000000,0.00000000000000
ruffle.exe,11016,0x0000000000000000,Other,-1,0,0,63.03825860000000,0.00000000000000,29.85040000000000,0,Composed: Copy with GPU GDI,0.67360000000000,30.87440000000000,33.37370000000000,0.00000000000000,-13.51380000000000,13.36290000000000,0.00000000000000
ruffle.exe,11016,0x0000000000000000,Other,-1,0,0,63.07410030000000,0.00000000000000,35.84170000000000,0,Composed: Copy with GPU GDI,0.64600000000000,28.34310000000000,33.31040000000000,0.00000000000000,-15.00850000000000,13.25990000000000,0.00000000000000
ruffle.exe,11016,0x0000000000000000,Other,-1,0,0,63.11030100000000,0.00000000000000,36.20070000000000,0,Composed: Copy with GPU GDI,0.84860000000000,42.14520000000000,50.00280000000000,0.00000000000000,-14.70940000000000,12.09980000000000,0.00000000000000
ruffle.exe,11016,0x0000000000000000,Other,-1,0,0,63.13692570000000,0.00000000000000,26.62470000000000,0,Composed: Copy with GPU GDI,0.74070000000000,32.22270000000000,16.70220000000000,0.00000000000000,-13.06420000000000,10.99680000000000,0.00000000000000
ruffle.exe,11016,0x0000000000000000,Other,-1,0,0,63.17348130000000,0.00000000000000,36.55560000000000,0,Composed: Copy with GPU GDI,0.85510000000000,28.92050000000000,33.25340000000000,0.00000000000000,-11.41000000000000,11.38700000000000,0.00000000000000
ruffle.exe,11016,0x0000000000000000,Other,-1,0,0,63.20118430000000,0.00000000000000,27.70300000000000,0,Composed: Copy with GPU GDI,0.57550000000000,17.92850000000000,16.71100000000000,0.00000000000000,-11.15480000000000,11.14750000000000,0.00000000000000
ruffle.exe,11016,0x0000000000000000,Other,-1,0,0,63.23710900000000,0.00000000000000,35.92470000000000,0,Composed: Copy with GPU GDI,0.91330000000000,31.97610000000000,49.97230000000000,0.00000000000000,-13.04820000000000,13.29480000000000,0.00000000000000
ruffle.exe,11016,0x0000000000000000,Other,-1,0,0,63.27191190000000,0.00000000000000,34.80290000000000,0,Composed: Copy with GPU GDI,0.67560000000000,30.60870000000000,33.43550000000000,0.00000000000000,-14.96170000000000,13.25300000000000,0.00000000000000
ruffle.exe,11016,0x0000000000000000,Other,-1,0,0,63.47983280000000,0.00000000000000,207.92090000000002,0,Composed: Copy with GPU GDI,0.68030000000000,22.62530000000000,199.93750000000000,0.00000000000000,-13.23070000000000,12.98290000000000,0.00000000000000
ruffle.exe,11016,0x0000000000000000,Other,-1,0,0,63.50500080000000,0.00000000000000,25.16800000000000,0,Composed: Copy with GPU GDI,0.65400000000000,30.77190000000000,33.31460000000000,0.00000000000000,-11.39380000000000,11.27540000000000,0.00000000000000
ruffle.exe,11016,0x0000000000000000,Other,-1,0,0,63.53471530000000,0.00000000000000,29.71450000000000,0,Composed: Copy with GPU GDI,0.86960000000000,17.78660000000000,16.72920000000000,0.00000000000000,-10.96940000000000,11.05590000000000,0.00000000000000
ruffle.exe,11016,0x0000000000000000,Other,-1,0,0,63.57022240000000,0.00000000000000,35.50710000000000,0,Composed: Copy with GPU GDI,0.86390000000000,32.31750000000000,50.03800000000000,0.00000000000000,-13.69430000000000,13.72450000000000,0.00000000000000
ruffle.exe,11016,0x0000000000000000,Other,-1,0,0,63.60801320000000,0.00000000000000,37.79080000000000,0,Composed: Copy with GPU GDI,0.61200000000000,27.82560000000000,33.29890000000000,0.00000000000000,-13.24260000000000,13.09040000000000,0.00000000000000
ruffle.exe,11016,0x0000000000000000,Other,-1,0,0,63.64149750000000,0.00000000000000,33.48430000000000,0,Composed: Copy with GPU GDI,0.60430000000000,27.63790000000000,33.29660000000001,0.00000000000000,-10.69830000000000,10.57840000000000,0.00000000000000
ruffle.exe,11016,0x0000000000000000,Other,-1,0,0,63.67002080000000,0.00000000000000,28.52330000000000,0,Composed: Copy with GPU GDI,0.85000000000000,32.46190000000000,33.34730000000000,0.00000000000000,-12.01620000000000,11.98840000000000,0.00000000000000
ruffle.exe,11016,0x0000000000000000,Other,-1,0,0,63.69701440000000,0.00000000000000,26.99360000000000,0,Composed: Copy with GPU GDI,0.65860000000000,22.16780000000000,16.69950000000000,0.00000000000000,-11.94920000000000,11.14550000000000,0.00000000000000
ruffle.exe,11016,0x0000000000000000,Other,-1,0,0,63.73064230000000,0.00000000000000,33.62790000000000,0,Composed: Copy with GPU GDI,0.61920000000000,21.88730000000000,33.34740000000000,0.00000000000000,-11.67820000000000,11.55720000000000,0.00000000000000
ruffle.exe,11016,0x0000000000000000,Other,-1,0,0,63.76642610000000,0.00000000000000,35.78380000000000,0,Composed: Copy with GPU GDI,0.71960000000000,19.39080000000000,33.28730000000000,0.00000000000000,-13.22450000000000,13.17630000000000,0.00000000000000
ruffle.exe,11016,0x0000000000000000,Other,-1,0,0,63.79231980000000,0.00000000000000,25.89370000000000,0,Composed: Copy with GPU GDI,0.91980000000000,26.79770000000000,33.30060000000000,0.00000000000000,-12.99180000000000,13.11350000000000,0.00000000000000
ruffle.exe,11016,0x0000000000000000,Other,-1,0,0,63.81805230000001,0.00000000000000,25.73250000000000,0,Composed: Copy with GPU GDI,0.82740000000000,17.83000000000000,16.76480000000000,0.00000000000000,-11.08660000000000,11.15550000000000,0.00000000000000
ruffle.exe,11016,0x0000000000000000,Other,-1,0,0,63.85034200000000,0.00000000000000,32.28970000000000,0,Composed: Copy with GPU GDI,0.85310000000000,18.86580000000000,33.32550000000000,0.00000000000000,-14.94980000000000,12.11080000000000,0.00000000000000
ruffle.exe,11016,0x0000000000000000,Other,-1,0,0,63.88191180000000,0.00000000000000,31.56980000000000,0,Composed: Copy with GPU GDI,0.85590000000000,20.62370000000000,33.32770000000000,0.00000000000000,-11.73830000000000,11.74580000000000,0.00000000000000
ruffle.exe,11016,0x0000000000000000,Other,-1,0,0,63.91298350000000,0.00000000000000,31.07170000000000,0,Composed: Copy with GPU GDI,0.60290000000000,22.85970000000000,33.30770000000000,0.00000000000000,-11.39470000000000,11.31930000000000,0.00000000000000
ruffle.exe,11016,0x0000000000000000,Other,-1,0,0,63.94429020000000,0.00000000000000,31.30670000000000,0,Composed: Copy with GPU GDI,0.60040000000000,24.91350000000000,33.36050000000000,0.00000000000000,-11.40890000000000,11.31000000000000,0.00000000000000
ruffle.exe,11016,0x0000000000000000,Other,-1,0,0,63.98819950000000,0.00000000000000,43.90930000000000,0,Composed: Copy with GPU GDI,0.79830000000000,31.00130000000000,49.99710000000000,0.00000000000000,-14.28900000000000,14.33410000000000,0.00000000000000
ruffle.exe,11016,0x0000000000000000,Other,-1,0,0,64.01854320000000,0.00000000000000,30.34370000000000,0,Composed: Copy with GPU GDI,0.62810000000000,17.30250000000000,16.64490000000000,0.00000000000000,-13.45940000000000,12.55670000000000,0.00000000000000
ruffle.exe,11016,0x0000000000000000,Other,-1,0,0,64.05075110000000,0.00000000000000,32.20790000000000,0,Composed: Copy with GPU GDI,0.90440000000000,18.44370000000000,33.34910000000000,0.00000000000000,-12.34560000000000,12.52570000000000,0.00000000000000
ruffle.exe,11016,0x0000000000000000,Other,-1,0,0,64.07749560000001,0.00000000000000,26.74450000000000,0,Composed: Copy with GPU GDI,0.60330000000000,25.09850000000000,33.39930000000000,0.00000000000000,-11.25420000000000,11.14350000000000,0.00000000000000
ruffle.exe,11016,0x0000000000000000,Other,-1,0,0,64.10710349999999,0.00000000000000,29.60790000000000,0,Composed: Copy with GPU GDI,0.90650000000000,28.79990000000000,33.30930000000000,0.00000000000000,-11.02450000000000,11.11690000000000,0.00000000000000
ruffle.exe,11016,0x0000000000000000,Other,-1,0,0,64.14275540000000,0.00000000000000,35.65190000000000,0,Composed: Copy with GPU GDI,0.62570000000000,26.46670000000000,33.31870000000000,0.00000000000000,-11.54690000000000,11.53670000000000,0.00000000000000
ruffle.exe,11016,0x0000000000000000,Other,-1,0,0,64.18068090000000,0.00000000000000,37.92550000000000,0,Composed: Copy with GPU GDI,0.59550000000000,21.87940000000000,33.33820000000000,0.00000000000000,-13.13560000000000,13.07980000000000,0.00000000000000
ruffle.exe,11016,0x0000000000000000,Other,-1,0,0,64.21276600000000,0.00000000000000,32.08510000000000,0,Composed: Copy with GPU GDI,0.64430000000000,23.13030000000000,33.33600000000000,0.00000000000000,-13.31710000000000,13.17940000000000,0.00000000000000
ruffle.exe,11016,0x0000000000000000,Other,-1,0,0,64.24623500000000,0.00000000000000,33.46900000000000,0,Composed: Copy with GPU GDI,0.62170000000000,23.09420000000000,33.43290000000000,0.00000000000000,-11.29160000000000,11.24450000000000,0.00000000000000
ruffle.exe,11016,0x0000000000000000,Other,-1,0,0,64.27462130000001,0.00000000000000,28.38630000000000,0,Composed: Copy with GPU GDI,0.89950000000000,27.91960000000000,33.21170000000000,0.00000000000000,-10.83650000000000,10.68730000000000,0.00000000000000
ruffle.exe,11016,0x0000000000000000,Other,-1,0,0,64.45812730000000,0.00000000000000,183.50600000000000,0,Composed: Copy with GPU GDI,0.87560000000000,27.74320000000000,183.32960000000000,0.00000000000000,-15.21140000000000,13.75380000000000,0.00000000000000
ruffle.exe,11016,0x0000000000000000,Other,-1,0,0,64.48844200000001,0.00000000000000,30.31470000000000,0,Composed: Copy with GPU GDI,0.67890000000000,30.87780000000000,33.44930000000000,0.00000000000000,-12.58530000000000,12.37780000000000,0.00000000000000
ruffle.exe,11016,0x0000000000000000,Other,-1,0,0,64.52388760000001,0.00000000000000,35.44560000000000,0,Composed: Copy with GPU GDI,0.61180000000000,28.75990000000000,33.32770000000000,0.00000000000000,-12.98780000000000,12.86190000000000,0.00000000000000
ruffle.exe,11016,0x0000000000000000,Other,-1,0,0,64.56232040000000,0.00000000000000,38.43280000000000,0,Composed: Copy with GPU GDI,0.90560000000000,23.61600000000000,33.28890000000000,0.00000000000000,-16.52850000000000,12.66350000000000,0.00000000000000
ruffle.exe,11016,0x0000000000000000,Other,-1,0,0,64.59612290000000,0.00000000000000,33.80250000000000,0,Composed: Copy with GPU GDI,0.65380000000000,23.21720000000000,33.40370000000000,0.00000000000000,-11.19190000000000,11.05560000000000,0.00000000000000
ruffle.exe,11016,0x0000000000000000,Other,-1,0,0,64.63388680000000,0.00000000000000,37.76390000000000,0,Composed: Copy with GPU GDI,0.65860000000000,18.69920000000000,33.24590000000000,0.00000000000000,-16.02140000000000,12.22970000000000,0.00000000000000
ruffle.exe,11016,0x0000000000000000,Other,-1,0,0,64.68760620000000,0.00000000000000,53.71940000000000,0,Composed: Copy with GPU GDI,0.79510000000000,31.61840000000000,66.63860000000000,0.00000000000000,-13.47880000000000,13.30040000000000,0.00000000000000
ruffle.exe,11016,0x0000000000000000,Other,-1,0,0,64.72535700000000,0.00000000000000,37.75080000000001,0,Composed: Copy with GPU GDI,0.81820000000000,27.28760000000000,33.42000000000000,0.00000000000000,-13.81210000000000,13.73990000000000,0.00000000000000
ruffle.exe,11016,0x0000000000000000,Other,-1,0,0,64.76104620000000,0.00000000000000,35.68920000000000,0,Composed: Copy with GPU GDI,0.92070000000000,24.86720000000000,33.26880000000000,0.00000000000000,-16.67280000000000,12.37750000000000,0.00000000000000
ruffle.exe,11016,0x0000000000000000,Other,-1,0,0,64.80443710000000,0.00000000000000,43.39090000000000,0,Composed: Copy with GPU GDI,1.07470000000000,31.50060000000000,50.02430000000000,0.00000000000000,-11.94590000000000,11.63510000000000,0.00000000000000
ruffle.exe,11016,0x0000000000000000,Other,-1,0,0,64.85189160000000,0.00000000000000,47.45450000000000,0,Composed: Copy with GPU GDI,0.67590000000000,17.37650000000000,33.33040000000000,0.00000000000000,-12.02420000000000,11.94540000000000,0.00000000000000
ruffle.exe,11016,0x0000000000000000,Other,-1,0,0,64.88628650000000,0.00000000000000,34.39490000000000,0,Composed: Copy with GPU GDI,0.92490000000000,32.96740000000000,49.98580000000000,0.00000000000000,-11.65950000000000,11.71520000000000,0.00000000000000
ruffle.exe,11016,0x0000000000000000,Other,-1,0,0,64.94639390000000,0.00000000000000,60.10740000000001,0,Composed: Copy with GPU GDI,0.88570000000000,22.87860000000000,50.01860000000000,0.00000000000000,-14.47410000000000,14.53030000000000,0.00000000000000
ruffle.exe,11016,0x0000000000000000,Other,-1,0,0,64.99241330000000,0.00000000000000,46.01940000000000,0,Composed: Copy with GPU GDI,0.89280000000000,26.90240000000000,50.04320000000001,0.00000000000000,-15.88800000000000,12.42480000000000,0.00000000000000
ruffle.exe,11016,0x0000000000000000,Other,-1,0,0,65.02914450000000,0.00000000000000,36.73120000000000,0,Composed: Copy with GPU GDI,0.65080000000000,23.45810000000000,33.28690000000000,0.00000000000000,-10.90970000000000,10.75180000000000,0.00000000000000
ruffle.exe,11016,0x0000000000000000,Other,-1,0,0,65.06708530000000,0.00000000000000,37.94080000000000,0,Composed: Copy with GPU GDI,0.88580000000000,18.86260000000000,33.34530000000000,0.00000000000000,-11.69640000000000,11.79200000000000,0.00000000000000
ruffle.exe,11016,0x0000000000000000,Other,-1,0,0,65.10111530000000,0.00000000000000,34.03000000000000,0,Composed: Copy with GPU GDI,0.86090000000000,18.22290000000000,33.39030000000000,0.00000000000000,-11.11440000000000,11.07840000000000,0.00000000000000
ruffle.exe,11016,0x0000000000000000,Other,-1,0,0,65.15102290000000,0.00000000000000,49.90760000000000,0,Composed: Copy with GPU GDI,0.88600000000000,18.30380000000000,49.98850000000000,0.00000000000000,-15.05010000000000,14.92940000000000,0.00000000000000
ruffle.exe,11016,0x0000000000000000,Other,-1,0,0,65.18068480000001,0.00000000000000,29.66190000000000,0,Composed: Copy with GPU GDI,0.90720000000000,21.95500000000000,33.31310000000000,0.00000000000000,-14.70850000000000,11.56490000000000,0.00000000000000
ruffle.exe,11016,0x0000000000000000,Other,-1,0,0,65.21470400000000,0.00000000000000,34.01920000000000,0,Composed: Copy with GPU GDI,0.86860000000000,21.26750000000000,33.33170000000000,0.00000000000000,-12.59150000000000,12.56150000000000,0.00000000000000
ruffle.exe,11016,0x0000000000000000,Other,-1,0,0,65.24335520000000,0.00000000000000,28.65120000000000,0,Composed: Copy with GPU GDI,0.86510000000000,26.02010000000000,33.40380000000000,0.00000000000000,-11.83330000000000,11.76720000000000,0.00000000000000
ruffle.exe,11016,0x0000000000000000,Other,-1,0,0,65.27904550000000,0.00000000000000,35.69030000000000,0,Composed: Copy with GPU GDI,0.86300000000000,23.57610000000000,33.24630000000001,0.00000000000000,-15.81140000000000,11.72660000000000,0.00000000000000
ruffle.exe,11016,0x0000000000000000,Other,-1,0,0,65.49738450000000,0.00000000000000,218.33900000000000,0,Composed: Copy with GPU GDI,0.86640000000000,21.93860000000000,216.70150000000001,0.00000000000000,-13.18510000000000,12.97930000000000,0.00000000000000
ruffle.exe,11016,0x0000000000000000,Other,-1,0,0,65.53770350000001,0.00000000000000,40.31900000000000,0,Composed: Copy with GPU GDI,0.90190000000000,31.69060000000000,50.07100000000001,0.00000000000000,-13.16870000000000,13.19240000000000,0.00000000000000
ruffle.exe,11016,0x0000000000000000,Other,-1,0,0,65.57115949999999,0.00000000000000,33.45600000000000,0,Composed: Copy with GPU GDI,0.89890000000000,31.63560000000000,33.40100000000000,0.00000000000000,-13.04200000000000,12.87260000000000,0.00000000000000
ruffle.exe,11016,0x0000000000000000,Other,-1,0,0,65.61245040000000,0.00000000000000,41.29090000000000,0,Composed: Copy with GPU GDI,0.86010000000000,23.54110000000000,33.19640000000000,0.00000000000000,-15.50490000000000,11.75620000000000,0.00000000000000
ruffle.exe,11016,0x0000000000000000,Other,-1,0,0,65.64982809999999,0.00000000000000,37.37770000000000,0,Composed: Copy with GPU GDI,0.62170000000000,19.48870000000000,33.32530000000000,0.00000000000000,-10.72520000000000,10.68070000000000,0.00000000000000
ruffle.exe,11016,0x0000000000000000,Other,-1,0,0,65.68205220000000,0.00000000000000,32.22410000000000,0,Composed: Copy with GPU GDI,0.59280000000000,20.62080000000000,33.35620000000000,0.00000000000000,-12.52640000000000,12.44500000000000,0.00000000000000
ruffle.exe,11016,0x0000000000000000,Other,-1,0,0,65.78070650000001,0.00000000000000,98.65430000000001,0,Composed: Copy with GPU GDI,0.65800000000000,21.96600000000000,99.99950000000001,0.00000000000000,-13.47130000000000,13.43180000000000,0.00000000000000
ruffle.exe,11016,0x0000000000000000,Other,-1,0,0,65.84438540000001,0.00000000000000,63.67890000000001,0,Composed: Copy with GPU GDI,0.83620000000000,24.96180000000000,66.67470000000000,0.00000000000000,-15.67440000000000,14.77080000000000,0.00000000000000
ruffle.exe,11016,0x0000000000000000,Other,-1,0,0,65.87511490000000,0.00000000000000,30.72950000000000,0,Composed: Copy with GPU GDI,0.66150000000000,27.62200000000000,33.38970000000000,0.00000000000000,-12.84160000000000,11.13900000000000,0.00000000000000
ruffle.exe,11016,0x0000000000000000,Other,-1,0,0,65.90928470000000,0.00000000000000,34.16980000000000,0,Composed: Copy with GPU GDI,0.60980000000000,26.75400000000000,33.30180000000000,0.00000000000000,-11.73310000000000,11.67700000000000,0.00000000000000
ruffle.exe,11016,0x0000000000000000,Other,-1,0,0,65.94524080000001,0.00000000000000,35.95610000000000,0,Composed: Copy with GPU GDI,0.60060000000000,24.05490000000000,33.25700000000001,0.00000000000000,-11.45820000000000,11.32440000000000,0.00000000000000
ruffle.exe,11016,0x0000000000000000,Other,-1,0,0,65.97562770000000,0.00000000000000,30.38690000000000,0,Composed: Copy with GPU GDI,2.08110000000000,27.06200000000000,33.39400000000000,0.00000000000000,-13.20500000000000,12.80620000000000,0.00000000000000
ruffle.exe,11016,0x0000000000000000,Other,-1,0,0,65.99678810000000,0.00000000000000,21.16040000000000,0,Composed: Copy with GPU GDI,0.60310000000000,22.55890000000000,16.65730000000000,0.00000000000000,-11.70390000000000,10.89570000000000,0.00000000000000
ruffle.exe,11016,0x0000000000000000,Other,-1,0,0,66.02442750000000,0.00000000000000,27.63940000000000,0,Composed: Copy with GPU GDI,0.86410000000000,28.26630000000000,33.34680000000000,0.00000000000000,-14.66150000000000,14.55990000000000,0.00000000000000
ruffle.exe,11016,0x0000000000000000,Other,-1,0,0,66.05102610000000,0.00000000000000,26.59860000000000,0,Composed: Copy with GPU GDI,0.60240000000000,18.41040000000000,16.74270000000000,0.00000000000000,-13.95970000000000,13.04730000000000,0.00000000000000
ruffle.exe,11016,0x0000000000000000,Other,-1,0,0,66.07902890000001,0.00000000000000,28.00280000000000,0,Composed: Copy with GPU GDI,0.60100000000000,23.71090000000000,33.30330000000000,0.00000000000000,-12.05710000000000,11.98580000000000,0.00000000000000
ruffle.exe,11016,0x0000000000000000,Other,-1,0,0,66.10509380000001,0.00000000000000,26.06490000000000,0,Composed: Copy with GPU GDI,0.57880000000000,30.99550000000000,33.34950000000000,0.00000000000000,-11.77800000000000,11.62620000000000,0.00000000000000
ruffle.exe,11016,0x0000000000000000,Other,-1,0,0,66.14462570000001,0.00000000000000,39.53190000000000,0,Composed: Copy with GPU GDI,0.88160000000000,24.72610000000000,33.26250000000000,0.00000000000000,-12.71780000000000,12.75690000000000,0.00000000000000
ruffle.exe,11016,0x0000000000000000,Other,-1,0,0,66.16860360000000,0.00000000000000,23.97790000000000,0,Composed: Copy with GPU GDI,0.59900000000000,17.43980000000000,16.69160000000000,0.00000000000000,-10.93840000000000,10.89910000000000,0.00000000000000
ruffle.exe,11016,0x0000000000000000,Other,-1,0,0,66.21023299999999,0.00000000000000,41.62940000000000,0,Composed: Copy with GPU GDI,0.62390000000000,25.85340000000000,50.04300000000000,0.00000000000000,-14.10550000000000,14.03270000000000,0.00000000000000
ruffle.exe,11016,0x0000000000000000,Other,-1,0,0,66.24380719999999,0.00000000000000,33.57420000000000,0,Composed: Copy with GPU GDI,0.60530000000000,25.53640000000000,33.25720000000000,0.00000000000000,-13.08710000000000,12.98850000000000,0.00000000000000
ruffle.exe,11016,0x0000000000000000,Other,-1,0,0,66.26999139999999,0.00000000000000,26.18420000000000,0,Composed: Copy with GPU GDI,0.89930000000000,32.73730000000000,33.38510000000000,0.00000000000000,-11.82280000000000,11.74820000000000,0.00000000000000
ruffle.exe,11016,0x0000000000000000,Other,-1,0,0,66.45977660000000,0.00000000000000,189.78520000000000,0,Composed: Copy with GPU GDI,0.88910000000000,26.32290000000000,183.37080000000000,0.00000000000000,-13.42230000000000,13.56510000000000,0.00000000000000
ruffle.exe,11016,0x0000000000000000,Other,-1,0,0,66.49070320000000,0.00000000000000,30.92660000000000,0,Composed: Copy with GPU GDI,0.92470000000000,28.78840000000000,33.39210000000000,0.00000000000000,-12.64760000000000,12.54430000000000,0.00000000000000
ruffle.exe,11016,0x0000000000000000,Other,-1,0,0,66.52455400000001,0.00000000000000,33.85080000000000,0,Composed: Copy with GPU GDI,0.90620000000000,28.23890000000000,33.30130000000000,0.00000000000000,-13.57090000000000,13.45730000000000,0.00000000000000
ruffle.exe,11016,0x0000000000000000,Other,-1,0,0,66.57022660000000,0.00000000000000,45.67260000000000,0,Composed: Copy with GPU GDI,0.88890000000000,32.57730000000000,50.01100000000000,0.00000000000000,-13.78190000000000,13.92500000000000,0.00000000000000
ruffle.exe,11016,0x0000000000000000,Other,-1,0,0,66.59651210000001,0.00000000000000,26.28550000000000,0,Composed: Copy with GPU GDI,0.59250000000000,22.93280000000000,16.64100000000000,0.00000000000000,-12.18350000000000,11.40760000000000,0.00000000000000
ruffle.exe,11016,0x0000000000000000,Other,-1,0,0,66.62889680000001,0.00000000000000,32.38470000000000,0,Composed: Copy with GPU GDI,0.61860000000000,23.92150000000000,33.37340000000000,0.00000000000000,-11.52120000000000,11.42750000000000,0.00000000000000
ruffle.exe,11016,0x0000000000000000,Other,-1,0,0,66.65694409999999,0.00000000000000,28.04730000000000,0,Composed: Copy with GPU GDI,0.91780000000000,29.11300000000000,33.23880000000000,0.00000000000000,-10.66840000000000,10.53090000000000,0.00000000000000
ruffle.exe,11016,0x0000000000000000,Other,-1,0,0,66.68733170000000,0.00000000000000,30.38760000000000,0,Composed: Copy with GPU GDI,0.85500000000000,32.07690000000000,33.35150000000000,0.00000000000000,-12.27380000000000,12.34400000000000,0.00000000000000
ruffle.exe,11016,0x0000000000000000,Other,-1,0,0,66.71634610000000,0.00000000000000,29.01440000000000,0,Composed: Copy with GPU GDI,0.61380000000000,19.71640000000000,16.65390000000000,0.00000000000000,-14.30380000000000,13.43630000000000,0.00000000000000
ruffle.exe,11016,0x0000000000000000,Other,-1,0,0,66.74188110000000,0.00000000000000,25.53500000000000,0,Composed: Copy with GPU GDI,0.62180000000000,27.52850000000000,33.34710000000000,0.00000000000000,-13.09670000000000,12.93690000000000,0.00000000000000
ruffle.exe,11016,0x0000000000000000,Other,-1,0,0,66.77000079999999,0.00000000000000,28.11970000000000,0,Composed: Copy with GPU GDI,0.95460000000000,32.76270000000000,33.35390000000000,0.00000000000000,-11.99590000000000,11.99750000000000,0.00000000000000
ruffle.exe,11016,0x0000000000000000,Other,-1,0,0,66.80117940000000,0.00000000000000,31.17860000000000,0,Composed: Copy with GPU GDI,0.62300000000000,18.26750000000000,16.68340000000000,0.00000000000000,-11.42440000000000,11.33720000000000,0.00000000000000
ruffle.exe,11016,0x0000000000000000,Other,-1,0,0,66.83405200000000,0.00000000000000,32.87260000000000,0,Composed: Copy with GPU GDI,0.63370000000000,18.69480000000000,33.29990000000000,0.00000000000000,-11.40890000000000,11.29170000000000,0.00000000000000
ruffle.exe,11016,0x0000000000000000,Other,-1,0,0,66.87103470000001,0.00000000000000,36.98270000000000,0,Composed: Copy with GPU GDI,0.84370000000000,31.73270000000000,50.02060000000000,0.00000000000000,-12.63820000000000,12.37900000000000,0.00000000000000
ruffle.exe,11016,0x0000000000000000,Other,-1,0,0,66.90592160000000,0.00000000000000,34.88690000000000,0,Composed: Copy with GPU GDI,0.71280000000000,46.85480000000000,50.00900000000000,0.00000000000000,-12.82910000000000,11.48030000000000,0.00000000000000
ruffle.exe,11016,0x0000000000000000,Other,-1,0,0,66.94341250000001,0.00000000000000,37.49090000000000,0,Composed: Copy with GPU GDI,0.88080000000000,26.05220000000000,16.68830000000000,0.00000000000000,-15.75680000000000,13.44000000000000,0.00000000000000
ruffle.exe,11016,0x0000000000000000,Other,-1,0,0,66.97978620000001,0.00000000000000,36.37370000000000,0,Composed: Copy with GPU GDI,0.62930000000000,22.99930000000000,33.32080000000000,0.00000000000000,-15.43130000000000,13.75850000000000,0.00000000000000
ruffle.exe,11016,0x0000000000000000,Other,-1,0,0,67.00635380000000,0.00000000000000,26.56760000000000,0,Composed: Copy with GPU GDI,0.64690000000000,29.81440000000000,33.38270000000000,0.00000000000000,-11.12920000000000,11.15560000000000,0.00000000000000
ruffle.exe,11016,0x0000000000000000,Other,-1,0,0,67.04164500000000,0.00000000000000,35.29120000000000,0,Composed: Copy with GPU GDI,0.89410000000000,27.81710000000000,33.29390000000000,0.00000000000000,-14.87660000000000,12.14160000000000,0.00000000000000
ruffle.exe,11016,0x0000000000000000,Other,-1,0,0,67.07665810000000,0.00000000000000,35.01310000000000,0,Composed: Copy with GPU GDI,1.24370000000000,26.09920000000000,33.29520000000000,0.00000000000000,-13.96360000000000,11.85850000000000,0.00000000000000
ruffle.exe,11016,0x0000000000000000,Other,-1,0,0,67.10297530000001,0.00000000000000,26.31720000000000,0,Composed: Copy with GPU GDI,0.64510000000000,33.16620000000000,33.38420000000000,0.00000000000000,-12.81960000000000,11.21000000000000,0.00000000000000
ruffle.exe,11016,0x0000000000000000,Other,-1,0,0,67.14701680000000,0.00000000000000,44.04150000000000,0,Composed: Copy with GPU GDI,0.62760000000000,22.43860000000000,33.31390000000000,0.00000000000000,-15.04680000000000,13.38240000000000,0.00000000000000
ruffle.exe,11016,0x0000000000000000,Other,-1,0,0,67.17649820000000,0.00000000000000,29.48140000000000,0,Composed: Copy with GPU GDI,0.81250000000000,26.29430000000000,33.33710000000000,0.00000000000000,-14.11770000000000,13.12720000000000,0.00000000000000
ruffle.exe,11016,0x0000000000000000,Other,-1,0,0,67.20481100000001,0.00000000000000,28.31280000000000,0,Composed: Copy with GPU GDI,0.66980000000000,31.42450000000000,33.44300000000000,0.00000000000000,-11.79680000000000,11.69600000000000,0.00000000000000
ruffle.exe,11016,0x0000000000000000,Other,-1,0,0,67.24194840000000,0.00000000000000,37.13740000000000,0,Composed: Copy with GPU GDI,0.63400000000000,27.52190000000000,33.23480000000000,0.00000000000000,-11.34550000000000,11.25510000000000,0.00000000000000
ruffle.exe,11016,0x0000000000000000,Other,-1,0,0,67.28497870000001,0.00000000000000,43.03030000000000,0,Composed: Copy with GPU GDI,0.62910000000000,17.82810000000000,33.33650000000000,0.00000000000000,-12.70090000000000,12.67940000000000,0.00000000000000
ruffle.exe,11016,0x0000000000000000,Other,-1,0,0,67.43520310000000,0.00000000000000,150.22440000000000,0,Composed: Copy with GPU GDI,0.64760000000000,17.67900000000000,150.07530000000000,0.00000000000000,-10.12370000000000,10.11810000000000,0.00000000000000
ruffle.exe,11016,0x0000000000000000,Other,-1,0,0,67.48844030000001,0.00000000000000,53.23720000000000,0,Composed: Copy with GPU GDI,0.69030000000000,31.04270000000000,66.60090000000001,0.00000000000000,-15.33220000000000,15.07630000000000,0.00000000000000
ruffle.exe,11016,0x0000000000000000,Other,-1,0,0,67.51112730000000,0.00000000000000,22.68700000000000,0,Composed: Copy with GPU GDI,0.59190000000000,25.05430000000000,16.69860000000000,0.00000000000000,-11.35500000000000,10.56540000000000,0.00000000000000
ruffle.exe,11016,0x0000000000000000,Other,-1,0,0,67.53946600000000,0.00000000000000,28.33870000000000,0,Composed: Copy with GPU GDI,0.87550000000000,30.05890000000000,33.34330000000000,0.00000000000000,-13.20970000000000,13.23640000000000,0.00000000000000
ruffle.exe,11016,0x0000000000000000,Other,-1,0,0,67.56551669999999,0.00000000000000,26.05070000000000,0,Composed: Copy with GPU GDI,0.82680000000000,20.66860000000000,16.66040000000000,0.00000000000000,-11.76770000000000,11.03830000000000,0.00000000000000
ruffle.exe,11016,0x0000000000000000,Other,-1,0,0,67.60027580000001,0.00000000000000,34.75910000000000,0,Composed: Copy with GPU GDI,0.92300000000000,19.24830000000000,33.33880000000000,0.00000000000000,-11.58110000000000,11.70940000000000,0.00000000000000
ruffle.exe,11016,0x0000000000000000,Other,-1,0,0,67.63933320000000,0.00000000000000,39.05740000000000,0,Composed: Copy with GPU GDI,0.88810000000000,30.12770000000000,49.93680000000001,0.00000000000000,-14.32190000000000,14.34310000000000,0.00000000000000
ruffle.exe,11016,0x0000000000000000,Other,-1,0,0,67.67074010000000,0.00000000000000,31.40690000000000,0,Composed: Copy with GPU GDI,0.90510000000000,32.05330000000000,33.33250000000000,0.00000000000000,-14.54770000000000,13.79240000000000,0.00000000000000
ruffle.exe,11016,0x0000000000000000,Other,-1,0,0,67.69982899999999,0.00000000000000,29.08890000000000,0,Composed: Copy with GPU GDI,0.61540000000000,19.67600000000000,16.71160000000000,0.00000000000000,-11.47690000000000,10.64660000000000,0.00000000000000
ruffle.exe,11016,0x0000000000000000,Other,-1,0,0,67.73500040000000,0.00000000000000,35.17140000000000,0,Composed: Copy with GPU GDI,0.65000000000000,17.86470000000000,33.36010000000000,0.00000000000000,-13.32990000000000,13.33270000000000,0.00000000000000
ruffle.exe,11016,0x0000000000000000,Other,-1,0,0,67.76258450000000,0.00000000000000,27.58410000000000,0,Composed: Copy with GPU GDI,0.58450000000000,23.60170000000000,33.32110000000000,0.00000000000000,-11.16090000000000,11.06040000000000,0.00000000000000
ruffle.exe,11016,0x0000000000000000,Other,-1,0,0,67.79646430000001,0.00000000000000,33.87980000000000,0,Composed: Copy with GPU GDI,0.86140000000000,23.07980000000000,33.35790000000000,0.00000000000000,-11.83100000000000,11.78400000000000,0.00000000000000
ruffle.exe,11016,0x0000000000000000,Other,-1,0,0,67.83240700000000,0.00000000000000,35.94270000000000,0,Composed: Copy with GPU GDI,0.62250000000000,20.47210000000000,33.33500000000000,0.00000000000000,-12.81740000000000,12.34350000000000,0.00000000000000
ruffle.exe,11016,0x0000000000000000,Other,-1,0,0,67.86759780000000,0.00000000000000,35.19080000000000,0,Composed: Copy with GPU GDI,0.87660000000000,18.59400000000000,33.31270000000000,0.00000000000000,-13.57610000000000,13.53750000000000,0.00000000000000
ruffle.exe,11016,0x0000000000000000,Other,-1,0,0,67.89953079999999,0.00000000000000,31.93300000000000,0,Composed: Copy with GPU GDI,0.62820000000000,20.01520000000000,33.35420000000000,0.00000000000000,-12.84340000000000,12.55790000000000,0.00000000000000
ruffle.exe,11016,0x0000000000000000,Other,-1,0,0,67.94741809999999,0.00000000000000,47.88730000000000,0,Composed: Copy with GPU GDI,0.61570000000000,22.16880000000000,50.04090000000000,0.00000000000000,-13.25000000000000,13.09300000000000,0.00000000000000
ruffle.exe,11016,0x0000000000000000,Other,-1,0,0,67.97317800000000,0.00000000000000,25.75990000000000,0,Composed: Copy with GPU GDI,0.61920000000000,29.70440000000000,33.29550000000000,0.00000000000000,-11.06730000000000,10.88470000000000,0.00000000000000
ruffle.exe,11016,0x0000000000000000,Other,-1,0,0,67.99978670000000,0.00000000000000,26.60870000000000,0,Composed: Copy with GPU GDI,0.63540000000000,19.75930000000000,16.66360000000000,0.00000000000000,-11.42310000000000,10.67650000000000,0.00000000000000
ruffle.exe,11016,0x0000000000000000,Other,-1,0,0,68.04237190000001,0.00000000000000,42.58520000000000,0,Composed: Copy with GPU GDI,0.70070000000000,27.21120000000000,50.03710000000000,0.00000000000000,-11.70500000000000,11.58740000000000,0.00000000000000
ruffle.exe,11016,0x0000000000000000,Other,-1,0,0,68.07876990000000,0.00000000000000,36.39800000000000,0,Composed: Copy with GPU GDI,0.86150000000000,24.12240000000000,33.30920000000000,0.00000000000000,-13.67890000000000,13.62910000000000,0.00000000000000
ruffle.exe,11016,0x0000000000000000,Other,-1,0,0,68.11356960000001,0.00000000000000,34.79970000000000,0,Composed: Copy with GPU GDI,0.92150000000000,22.67070000000000,33.34800000000000,0.00000000000000,-13.85540000000000,13.80570000000000,0.00000000000000
ruffle.exe,11016,0x0000000000000000,Other,-1,0,0,68.14928750000001,0.00000000000000,35.71790000000000,0,Composed: Copy with GPU GDI,0.60990000000000,20.29330000000000,33.34050000000000,0.00000000000000,-14.76110000000000,11.65740000000000,0.00000000000000
ruffle.exe,11016,0x0000000000000000,Other,-1,0,0,68.17233500000000,0.00000000000000,23.04750000000000,0,Composed: Copy with GPU GDI,0.70320000000000,30.58130000000000,33.33550000000000,0.00000000000000,-11.06730000000000,10.97130000000000,0.00000000000000
ruffle.exe,11016,0x0000000000000000,Other,-1,0,0,68.19913090000000,0.00000000000000,26.79590000000000,0,Composed: Copy with GPU GDI,0.60520000000000,20.42220000000000,16.63680000000000,0.00000000000000,-14.76850000000000,11.07550000000000,0.00000000000000
ruffle.exe,11016,0x0000000000000000,Other,-1,0,0,68.23764840000001,0.00000000000000,38.51750000000000,0,Composed: Copy with GPU GDI,1.02210000000000,31.92370000000000,50.01900000000001,0.00000000000000,-14.73950000000000,11.35530000000000,0.00000000000000
ruffle.exe,11016,0x0000000000000000,Other,-1,0,0,68.26703100000000,0.00000000000000,29.38260000000000,0,Composed: Copy with GPU GDI,0.89110000000000,19.22550000000000,16.68440000000000,0.00000000000000,-16.31000000000000,12.65340000000000,0.00000000000000
ruffle.exe,11016,0x0000000000000000,Other,-1,0,0,68.44593619999999,0.00000000000000,178.90520000000001,0,Composed: Copy with GPU GDI,0.88010000000000,23.70560000000000,183.38530000000000,0.00000000000000,-12.75980000000000,12.78410000000000,0.00000000000000
ruffle.exe,11016,0x0000000000000000,Other,-1,0,0,68.47411620000001,0.00000000000000,28.18000000000000,0,Composed: Copy with GPU GDI,0.87810000000000,28.84420000000000,33.31860000000000,0.00000000000000,-11.64830000000000,11.59470000000000,0.00000000000000
ruffle.exe,11016,0x0000000000000000,Other,-1,0,0,68.50386999999999,0.00000000000000,29.75380000000000,0,Composed: Copy with GPU GDI,0.89930000000000,32.37470000000000,33.28430000000000,0.00000000000000,-12.37700000000000,12.49340000000000,0.00000000000000
ruffle.exe,11016,0x0000000000000000,Other,-1,0,0,68.53689010000001,0.00000000000000,33.02010000000000,0,Composed: Copy with GPU GDI,0.92140000000000,32.69010000000000,33.33550000000000,0.00000000000000,-12.16760000000000,12.08710000000000,0.00000000000000
ruffle.exe,11016,0x0000000000000000,Other,-1,0,0,68.57412180000000,0.00000000000000,37.23170000000000,0,Composed: Copy with GPU GDI,0.91290000000000,28.83030000000000,33.37190000000000,0.00000000000000,-12.75880000000000,12.74270000000000,0.00000000000000
ruffle.exe,11016,0x0000000000000000,Other,-1,0,0,68.61340790000001,0.00000000000000,39.28610000000000,0,Composed: Copy with GPU GDI,0.83420000000000,22.93320000000000,33.38900000000000,0.00000000000000,-13.79770000000000,13.70480000000000,0.00000000000000
ruffle.exe,11016,0x0000000000000000,Other,-1,0,0,68.64111500000001,0.00000000000000,27.70710000000000,0,Composed: Copy with GPU GDI,0.60740000000000,28.46590000000000,33.23980000000000,0.00000000000000,-11.38560000000000,11.30560000000000,0.00000000000000
ruffle.exe,11016,0x0000000000000000,Other,-1,0,0,68.66639870000000,0.00000000000000,25.28370000000000,0,Composed: Copy with GPU GDI,0.59600000000000,19.87110000000000,16.68890000000000,0.00000000000000,-12.20330000000000,11.42570000000000,0.00000000000000
ruffle.exe,11016,0x0000000000000000,Other,-1,0,0,68.69740510000001,0.00000000000000,31.00640000000000,0,Composed: Copy with GPU GDI,0.59930000000000,22.18300000000000,33.31830000000000,0.00000000000000,-11.89970000000000,11.84970000000000,0.00000000000000
ruffle.exe,11016,0x0000000000000000,Other,-1,0,0,68.73149910000001,0.00000000000000,34.09400000000000,0,Composed: Copy with GPU GDI,0.85150000000000,21.46670000000000,33.37770000000000,0.00000000000000,-11.28670000000000,11.22050000000000,0.00000000000000
ruffle.exe,11016,0x0000000000000000,Other,-1,0,0,68.76133330000000,0.00000000000000,29.83420000000000,0,Composed: Copy with GPU GDI,0.60600000000000,24.93990000000000,33.30740000000000,0.00000000000000,-9.87560000000000,9.82910000000000,0.00000000000000
ruffle.exe,11016,0x0000000000000000,Other,-1,0,0,68.80397060000000,0.00000000000000,42.63730000000000,0,Composed: Copy with GPU GDI,1.07760000000000,32.28900000000000,49.98640000000000,0.00000000000000,-13.93530000000000,13.62670000000000,0.00000000000000
ruffle.exe,11016,0x0000000000000000,Other,-1,0,0,68.84159729999999,0.00000000000000,37.62670000000000,0,Composed: Copy with GPU GDI,0.87030000000000,27.96900000000000,33.30670000000000,0.00000000000000,-14.14640000000000,14.08920000000000,0.00000000000000
ruffle.exe,11016,0x0000000000000000,Other,-1,0,0,68.86768640000001,0.00000000000000,26.08910000000000,0,Composed: Copy with GPU GDI,0.59300000000000,18.60000000000000,16.72010000000000,0.00000000000000,-11.65640000000000,10.93300000000000,0.00000000000000
ruffle.exe,11016,0x0000000000000000,Other,-1,0,0,68.90077880000000,0.00000000000000,33.09240000000000,0,Composed: Copy with GPU GDI,0.58820000000000,18.84020000000000,33.33260000000000,0.00000000000000,-11.60890000000000,11.56590000000000,0.00000000000000
ruffle.exe,11016,0x0000000000000000,Other,-1,0,0,68.93192710000000,0.00000000000000,31.14830000000000,0,Composed: Copy with GPU GDI,0.60710000000000,21.06350000000000,33.37160000000000,0.00000000000000,-11.49020000000000,11.40400000000000,0.00000000000000
ruffle.exe,11016,0x0000000000000000,Other,-1,0,0,68.96404430000000,0.00000000000000,32.11720000000000,0,Composed: Copy with GPU GDI,0.90060000000000,22.25590000000000,33.30960000000000,0.00000000000000,-11.01800000000000,11.09640000000000,0.00000000000000
ruffle.exe,11016,0x0000000000000000,Other,-1,0,0,69.00110860000001,0.00000000000000,37.06430000000000,0,Composed: Copy with GPU GDI,0.60520000000000,18.52940000000000,33.33780000000000,0.00000000000000,-14.42400000000000,14.29690000000000,0.00000000000000
ruffle.exe,11016,0x0000000000000000,Other,-1,0,0,69.03919190000001,0.00000000000000,38.08330000000000,0,Composed: Copy with GPU GDI,0.68760000000000,30.43080000000000,49.98470000000000,0.00000000000000,-13.42450000000000,13.27040000000000,0.00000000000000
ruffle.exe,11016,0x0000000000000000,Other,-1,0,0,69.06891530000000,0.00000000000000,29.72340000000000,0,Composed: Copy with GPU GDI,0.87640000000000,34.05570000000000,33.34830000000000,0.00000000000000,-13.53840000000000,11.12410000000000,0.00000000000000
ruffle.exe,11016,0x0000000000000000,Other,-1,0,0,69.09788950000001,0.00000000000000,28.97420000000000,0,Composed: Copy with GPU GDI,0.64350000000000,21.76280000000000,16.68130000000000,0.00000000000000,-12.48910000000000,11.67260000000000,0.00000000000000
ruffle.exe,11016,0x0000000000000000,Other,-1,0,0,69.14056290000001,0.00000000000000,42.67340000000000,0,Composed: Copy with GPU GDI,0.60480000000000,29.11040000000000,50.02100000000000,0.00000000000000,-11.39460000000000,11.34090000000000,0.00000000000000
ruffle.exe,11016,0x0000000000000000,Other,-1,0,0,69.16408620000000,0.00000000000000,23.52330000000000,0,Composed: Copy with GPU GDI,0.62210000000000,22.21210000000000,16.62500000000000,0.00000000000000,-12.18040000000000,11.48370000000000,0.00000000000000
ruffle.exe,11016,0x0000000000000000,Other,-1,0,0,69.19932439999999,0.00000000000000,35.23820000000000,0,Composed: Copy with GPU GDI,0.85770000000000,20.30440000000000,33.33050000000000,0.00000000000000,-12.09930000000000,12.02890000000000,0.00000000000000
ruffle.exe,11016,0x0000000000000000,Other,-1,0,0,69.23832670000000,0.00000000000000,39.00230000000001,0,Composed: Copy with GPU GDI,0.72600000000000,31.30560000000000,50.00350000000000,0.00000000000000,-13.40320000000000,13.16330000000000,0.00000000000000
ruffle.exe,11016,0x0000000000000000,Other,-1,0,0,69.27404500000000,0.00000000000000,35.71830000000000,0,Composed: Copy with GPU GDI,0.87980000000000,28.96030000000000,33.37300000000000,0.00000000000000,-14.43860000000000,12.91080000000000,0.00000000000000
ruffle.exe,11016,0x0000000000000000,Other,-1,0,0,69.47367620000000,0.00000000000000,199.63120000000001,0,Composed: Copy with GPU GDI,0.82220000000000,29.37090000000000,200.04180000000002,0.00000000000000,-14.85140000000000,13.49620000000000,0.00000000000000
ruffle.exe,11016,0x0000000000000000,Other,-1,0,0,69.51060510000001,0.00000000000000,36.92890000000000,0,Composed: Copy with GPU GDI,0.88190000000000,25.82470000000000,33.38270000000000,0.00000000000000,-12.57790000000000,12.51660000000000,0.00000000000000
ruffle.exe,11016,0x0000000000000000,Other,-1,0,0,69.54988580000000,0.00000000000000,39.28070000000000,0,Composed: Copy with GPU GDI,0.73730000000000,19.78170000000000,33.23770000000000,0.00000000000000,-15.24850000000000,12.39060000000000,0.00000000000000
ruffle.exe,11016,0x0000000000000000,Other,-1,0,0,69.61145639999999,0.00000000000000,61.57060000000001,0,Composed: Copy with GPU GDI,0.60040000000000,24.91530000000000,66.70420000000000,0.00000000000000,-15.81340000000000,15.75610000000000,0.00000000000000
ruffle.exe,11016,0x0000000000000000,Other,-1,0,0,69.65019330000000,0.00000000000000,38.73690000000000,0,Composed: Copy with GPU GDI,0.63500000000000,19.48860000000000,33.31020000000000,0.00000000000000,-15.72430000000000,12.43430000000000,0.00000000000000
ruffle.exe,11016,0x0000000000000000,Other,-1,0,0,69.69180100000001,0.00000000000000,41.60770000000000,0,Composed: Copy with GPU GDI,0.84620000000000,27.89680000000000,50.01590000000000,0.00000000000000,-13.40920000000000,13.43220000000000,0.00000000000000
ruffle.exe,11016,0x0000000000000000,Other,-1,0,0,69.71355230000000,0.00000000000000,21.75130000000000,0,Composed: Copy with GPU GDI,0.85310000000000,22.80720000000000,16.66170000000000,0.00000000000000,-12.09050000000000,11.22790000000000,0.00000000000000
ruffle.exe,11016,0x0000000000000000,Other,-1,0,0,69.75144250000001,0.00000000000000,37.89020000000000,0,Composed: Copy with GPU GDI,0.59460000000000,18.33340000000000,33.41640000000000,0.00000000000000,-14.38580000000000,14.31960000000000,0.00000000000000
ruffle.exe,11016,0x0000000000000000,Other,-1,0,0,69.78264150000000,0.00000000000000,31.19900000000000,0,Composed: Copy with GPU GDI,0.88250000000000,20.44210000000000,33.30770000000000,0.00000000000000,-13.30190000000000,13.38930000000000,0.00000000000000
ruffle.exe,11016,0x0000000000000000,Other,-1,0,0,69.81404680000000,0.00000000000000,31.40530000000000,0,Composed: Copy with GPU GDI,0.86410000000000,22.32670000000000,33.28990000000000,0.00000000000000,-12.31630000000000,11.88080000000000,0.00000000000000
ruffle.exe,11016,0x0000000000000000,Other,-1,0,0,69.85881909999999,0.00000000000000,44.77230000000000,0,Composed: Copy with GPU GDI,0.88630000000000,27.57950000000000,50.02510000000000,0.00000000000000,-12.45760000000000,12.54150000000000,0.00000000000000
ruffle.exe,11016,0x0000000000000000,Other,-1,0,0,69.89055760000001,0.00000000000000,31.73850000000000,0,Composed: Copy with GPU GDI,0.83980000000000,29.13160000000000,33.29060000000000,0.00000000000000,-12.45430000000000,12.21080000000000,0.00000000000000
ruffle.exe,11016,0x0000000000000000,Other,-1,0,0,69.91969030000000,0.00000000000000,29.13270000000000,0,Composed: Copy with GPU GDI,0.68630000000000,33.37830000000000,33.37940000000000,0.00000000000000,-15.88390000000000,11.43470000000000,0.00000000000000
ruffle.exe,11016,0x0000000000000000,Other,-1,0,0,69.96153200000001,0.00000000000000,41.84170000000000,0,Composed: Copy with GPU GDI,0.60840000000000,24.92070000000000,33.38410000000000,0.00000000000000,-14.47180000000000,14.31390000000000,0.00000000000000
ruffle.exe,11016,0x0000000000000000,Other,-1,0,0,69.99303100000000,0.00000000000000,31.49900000000000,0,Composed: Copy with GPU GDI,0.59810000000000,26.76010000000000,33.33840000000000,0.00000000000000,-13.72830000000000,13.52900000000000,0.00000000000000
ruffle.exe,11016,0x0000000000000000,Other,-1,0,0,70.02340230000000,0.00000000000000,30.37130000000000,0,Composed: Copy with GPU GDI,0.60560000000000,29.61930000000000,33.23050000000000,0.00000000000000,-11.87470000000000,11.60000000000000,0.00000000000000
ruffle.exe,11016,0x0000000000000000,Other,-1,0,0,70.05286470000000,0.00000000000000,29.46240000000000,0,Composed: Copy with GPU GDI,0.85760000000000,33.58730000000000,33.43040000000000,0.00000000000000,-12.22110000000000,12.34840000000000,0.00000000000000
ruffle.exe,11016,0x0000000000000000,Other,-1,0,0,70.08065200000000,0.00000000000000,27.78730000000000,0,Composed: Copy with GPU GDI,0.89400000000000,22.40790000000000,16.60790000000000,0.00000000000000,-13.17730000000000,12.23180000000000,0.00000000000000
ruffle.exe,11016,0x0000000000000000,Other,-1,0,0,70.11677460000000,0.00000000000000,36.12260000000000,0,Composed: Copy with GPU GDI,0.84010000000000,19.61110000000000,33.32580000000000,0.00000000000000,-11.10500000000000,11.26420000000000,0.00000000000000
ruffle.exe,11016,0x0000000000000000,Other,-1,0,0,70.15989569999999,0.00000000000000,43.12110000000001,0,Composed: Copy with GPU GDI,0.85480000000000,26.69280000000000,50.20280000000000,0.00000000000000,-13.10900000000000,13.04560000000000,0.00000000000000
ruffle.exe,11016,0x0000000000000000,Other,-1,0,0,70.19868590000000,0.00000000000000,38.79020000000000,0,Composed: Copy with GPU GDI,0.61080000000000,21.08830000000000,33.18570000000000,0.00000000000000,-13.07360000000000,13.04190000000000,0.00000000000000
ruffle.exe,11016,0x0000000000000000,Other,-1,0,0,70.22769439999999,0.00000000000000,29.00850000000000,0,Composed: Copy with GPU GDI,0.89260000000000,25.41680000000000,33.33700000000000,0.00000000000000,-13.45950000000000,13.53470000000000,0.00000000000000
ruffle.exe,11016,0x0000000000000000,Other,-1,0,0,70.25645660000001,0.00000000000000,28.76220000000000,0,Composed: Copy with GPU GDI,0.87960000000000,29.90480000000000,33.25020000000000,0.00000000000000,-12.75190000000000,12.77320000000000,0.00000000000000
ruffle.exe,11016,0x0000000000000000,Other,-1,0,0,70.28521640000001,0.00000000000000,28.75980000000000,0,Composed: Copy with GPU GDI,0.86630000000000,17.85070000000000,16.70570000000000,0.00000000000000,-11.58030000000000,11.64380000000000,0.00000000000000
ruffle.exe,11016,0x0000000000000000,Other,-1,0,0,70.43994240000001,0.00000000000000,154.72600000000000,0,Composed: Copy with GPU GDI,0.86640000000000,29.86100000000000,166.73630000000000,0.00000000000000,-13.52220000000000,13.46470000000000,0.00000000000000
ruffle.exe,11016,0x0000000000000000,Other,-1,0,0,70.47564029999999,0.00000000000000,35.69790000000000,0,Composed: Copy with GPU GDI,0.92520000000000,27.49520000000000,33.33210000000000,0.00000000000000,-14.54590000000000,14.15980000000000,0.00000000000000
ruffle.exe,11016,0x0000000000000000,Other,-1,0,0,70.51197580000000,0.00000000000000,36.33550000000000,0,Composed: Copy with GPU GDI,0.63390000000000,24.49200000000000,33.33230000000000,0.00000000000000,-13.44630000000000,13.38900000000000,0.00000000000000
ruffle.exe,11016,0x0000000000000000,Other,-1,0,0,70.54248960000000,0.00000000000000,30.51380000000000,0,Composed: Copy with GPU GDI,0.60580000000000,27.26300000000000,33.28480000000000,0.00000000000000,-12.71890000000000,12.57210000000000,0.00000000000000
ruffle.exe,11016,0x0000000000000000,Other,-1,0,0,70.57385400000001,0.00000000000000,31.36440000000000,0,Composed: Copy with GPU GDI,0.59260000000000,29.20000000000000,33.30140000000000,0.00000000000000,-12.08030000000000,11.93970000000000,0.00000000000000
ruffle.exe,11016,0x0000000000000000,Other,-1,0,0,70.60201530000001,0.00000000000000,28.16130000000000,0,Composed: Copy with GPU GDI,0.60390000000000,17.75530000000000,16.71660000000000,0.00000000000000,-10.92860000000000,10.88960000000000,0.00000000000000
ruffle.exe,11016,0x0000000000000000,Other,-1,0,0,70.63450510000000,0.00000000000000,32.48980000000000,0,Composed: Copy with GPU GDI,0.60410000000000,18.60390000000000,33.33840000000000,0.00000000000000,-12.64580000000000,12.60710000000000,0.00000000000000
ruffle.exe,11016,0x0000000000000000,Other,-1,0,0,70.67476250000000,0.00000000000000,40.25740000000000,0,Composed: Copy with GPU GDI,0.90740000000000,28.35030000000000,50.00380000000001,0.00000000000000,-11.64230000000000,11.72400000000000,0.00000000000000
ruffle.exe,11016,0x0000000000000000,Other,-1,0,0,70.71136220000001,0.00000000000000,36.59970000000000,0,Composed: Copy with GPU GDI,0.60910000000000,25.09600000000000,33.34540000000001,0.00000000000000,-13.44750000000000,13.34160000000000,0.00000000000000
ruffle.exe,11016,0x0000000000000000,Other,-1,0,0,70.74446810000001,0.00000000000000,33.10590000000000,0,Composed: Copy with GPU GDI,0.63010000000000,25.36320000000000,33.37310000000000,0.00000000000000,-14.36150000000000,14.26880000000000,0.00000000000000
ruffle.exe,11016,0x0000000000000000,Other,-1,0,0,70.77828870000000,0.00000000000000,33.82060000000000,0,Composed: Copy with GPU GDI,0.92100000000000,24.93300000000000,33.39040000000000,0.00000000000000,-13.89160000000000,12.20910000000000,0.00000000000000
ruffle.exe,11016,0x0000000000000000,Other,-1,0,0,70.81925160000000,0.00000000000000,40.96290000000000,0,Composed: Copy with GPU GDI,0.73040000000000,17.21290000000000,33.24280000000000,0.00000000000000,-14.99470000000000,11.26310000000000,0.00000000000000
ruffle.exe,11016,0x0000000000000000,Other,-1,0,0,70.86441390000000,0.00000000000000,45.16230000000000,0,Composed: Copy with GPU GDI,0.61960000000000,22.08830000000000,50.03770000000000,0.00000000000000,-12.84450000000000,12.76490000000000,0.00000000000000
ruffle.exe,11016,0x0000000000000000,Other,-1,0,0,70.89191330000000,0.00000000000000,27.49940000000000,0,Composed: Copy with GPU GDI,0.89190000000000,27.89870000000000,33.30980000000000,0.00000000000000,-11.81980000000000,11.73000000000000,0.00000000000000
ruffle.exe,11016,0x0000000000000000,Other,-1,0,0,70.93155580000000,0.00000000000000,39.64250000000001,0,Composed: Copy with GPU GDI,0.63270000000000,21.68220000000000,33.42600000000000,0.00000000000000,-16.76740000000000,13.27600000000000,0.00000000000000
ruffle.exe,11016,0x0000000000000000,Other,-1,0,0,70.95993690000000,0.00000000000000,28.38110000000000,0,Composed: Copy with GPU GDI,0.63550000000000,26.57620000000000,33.27510000000000,0.00000000000000,-12.88150000000000,12.66600000000000,0.00000000000000
ruffle.exe,11016,0x0000000000000000,Other,-1,0,0,70.99163510000000,0.00000000000000,31.69820000000000,0,Composed: Copy with GPU GDI,0.61480000000000,28.17850000000000,33.30050000000000,0.00000000000000,-11.63210000000000,11.54800000000000,0.00000000000000
ruffle.exe,11016,0x0000000000000000,Other,-1,0,0,71.01937200000000,0.00000000000000,27.73690000000000,0,Composed: Copy with GPU GDI,0.66250000000000,17.12560000000000,16.68400000000000,0.00000000000000,-14.12250000000000,11.80940000000000,0.00000000000000
ruffle.exe,11016,0x0000000000000000,Other,-1,0,0,71.04575070000000,0.00000000000000,26.37870000000000,0,Composed: Copy with GPU GDI,0.86010000000000,24.14980000000000,33.40290000000000,0.00000000000000,-12.86940000000000,12.10190000000000,0.00000000000000
ruffle.exe,11016,0x0000000000000000,Other,-1,0,0,71.07545980000000,0.00000000000000,29.70910000000000,0,Composed: Copy with GPU GDI,0.63040000000000,27.67300000000000,33.23230000000000,0.00000000000000,-11.85320000000000,11.68610000000000,0.00000000000000
ruffle.exe,11016,0x0000000000000000,Other,-1,0,0,71.10693069999999,0.00000000000000,31.47090000000000,0,Composed: Copy with GPU GDI,1.04470000000000,29.58850000000000,33.38640000000000,0.00000000000000,-11.76770000000000,12.00920000000000,0.00000000000000
ruffle.exe,11016,0x0000000000000000,Other,-1,0,0,71.14005109999999,0.00000000000000,33.12040000000000,0,Composed: Copy with GPU GDI,0.86260000000000,29.73490000000000,33.26680000000000,0.00000000000000,-13.93340000000000,13.90440000000000,0.00000000000000
ruffle.exe,11016,0x0000000000000000,Other,-1,0,0,71.17553669999999,0.00000000000000,35.48560000000001,0,Composed: Copy with GPU GDI,0.62110000000000,27.59100000000000,33.34170000000000,0.00000000000000,-14.00380000000000,13.81230000000000,0.00000000000000
ruffle.exe,11016,0x0000000000000000,Other,-1,0,0,71.20069880000000,0.00000000000000,25.16210000000000,0,Composed: Copy with GPU GDI,0.59830000000000,19.11150000000000,16.68260000000000,0.00000000000000,-11.89560000000000,11.26970000000000,0.00000000000000
ruffle.exe,11016,0x0000000000000000,Other,-1,0,0,71.23479170000000,0.00000000000000,34.09290000000000,0,Composed: Copy with GPU GDI,0.63770000000000,18.35230000000000,33.33370000000000,0.00000000000000,-11.88940000000000,11.88200000000000,0.00000000000000
ruffle.exe,11016,0x0000000000000000,Other,-1,0,0,71.26648040000001,0.00000000000000,31.68870000000000,0,Composed: Copy with GPU GDI,0.61990000000000,20.00500000000000,33.34140000000000,0.00000000000000,-11.30360000000000,11.16890000000000,0.00000000000000
ruffle.exe,11016,0x0000000000000000,Other,-1,0,0,71.46076880000001,0.00000000000000,194.28840000000000,0,Composed: Copy with GPU GDI,0.80370000000000,25.73860000000000,200.02200000000002,0.00000000000000,-16.08320000000000,15.95330000000000,0.00000000000000
ruffle.exe,11016,0x0000000000000000,Other,-1,0,0,71.48313000000000,0.00000000000000,22.36120000000000,0,Composed: Copy with GPU GDI,0.60980000000000,20.15380000000000,16.77640000000000,0.00000000000000,-12.49380000000000,11.57120000000000,0.00000000000000
ruffle.exe,11016,0x0000000000000000,Other,-1,0,0,71.51387280000000,0.00000000000000,30.74280000000000,0,Composed: Copy with GPU GDI,0.82560000000000,22.66900000000000,33.25800000000000,0.00000000000000,-12.21120000000000,11.96840000000000,0.00000000000000
ruffle.exe,11016,0x0000000000000000,Other,-1,0,0,71.54420850000000,0.00000000000000,30.33570000000000,0,Composed: Copy with GPU GDI,0.86350000000000,25.58570000000000,33.25240000000000,0.00000000000000,-11.78990000000000,11.70170000000000,0.00000000000000
ruffle.exe,11016,0x0000000000000000,Other,-1,0,0,71.57081640000000,0.00000000000000,26.60790000000000,0,Composed: Copy with GPU GDI,0.71520000000000,32.35350000000000,33.37570000000000,0.00000000000000,-12.20710000000000,12.28330000000000,0.00000000000000
ruffle.exe,11016,0x0000000000000000,Other,-1,0,0,71.60342660000001,0.00000000000000,32.61020000000000,0,Composed: Copy with GPU GDI,0.86000000000000,33.09630000000000,33.35300000000000,0.00000000000000,-11.71340000000000,11.86590000000000,0.00000000000000
ruffle.exe,11016,0x0000000000000000,Other,-1,0,0,71.64119820000001,0.00000000000000,37.77160000000000,0,Composed: Copy with GPU GDI,0.65540000000000,28.77680000000000,33.45210000000000,0.00000000000000,-13.26010000000000,13.15120000000000,0.00000000000000
ruffle.exe,11016,0x0000000000000000,Other,-1,0,0,71.67632570000001,0.00000000000000,35.12750000000000,0,Composed: Copy with GPU GDI,0.63690000000000,26.85750000000000,33.20820000000001,0.00000000000000,-12.62120000000000,12.42100000000000,0.00000000000000
ruffle.exe,11016,0x0000000000000000,Other,-1,0,0,71.72453270000000,0.00000000000000,48.20700000000000,0,Composed: Copy with GPU GDI,0.65310000000000,28.66070000000000,50.01020000000000,0.00000000000000,-13.19460000000000,12.99410000000000,0.00000000000000
ruffle.exe,11016,0x0000000000000000,Other,-1,0,0,71.74753849999999,0.00000000000000,23.00580000000000,0,Composed: Copy with GPU GDI,0.64080000000000,22.35690000000000,16.70200000000000,0.00000000000000,-12.02980000000000,11.11080000000000,0.00000000000000
ruffle.exe,11016,0x0000000000000000,Other,-1,0,0,71.77255140000000,0.00000000000000,25.01290000000000,0,Composed: Copy with GPU GDI,0.64710000000000,30.71690000000000,33.37290000000000,0.00000000000000,-11.88760000000000,11.79160000000000,0.00000000000000
ruffle.exe,11016,0x0000000000000000,Other,-1,0,0,71.80242360000000,0.00000000000000,29.87220000000000,0,Composed: Copy with GPU GDI,0.86690000000000,17.45530000000000,16.61060000000000,0.00000000000000,-13.86600000000000,12.82620000000000,0.00000000000000
ruffle.exe,11016,0x0000000000000000,Other,-1,0,0,71.84704140000001,0.00000000000000,44.61780000000000,0,Composed: Copy with GPU GDI,0.89490000000000,22.84190000000000,50.00440000000000,0.00000000000000,-13.97510000000000,13.63770000000000,0.00000000000000
ruffle.exe,11016,0x0000000000000000,Other,-1,0,0,71.87979180000001,0.00000000000000,32.75040000000000,0,Composed: Copy with GPU GDI,0.61590000000000,23.44670000000000,33.35520000000000,0.00000000000000,-13.38350000000000,13.23940000000000,0.00000000000000
ruffle.exe,11016,0x0000000000000000,Other,-1,0,0,71.91460510000000,0.00000000000000,34.81330000000000,0,Composed: Copy with GPU GDI,0.84340000000000,22.02460000000000,33.39120000000000,0.00000000000000,-13.36580000000000,13.29440000000000,0.00000000000000
ruffle.exe,11016,0x0000000000000000,Other,-1,0,0,71.94226230000001,0.00000000000000,27.65720000000000,0,Composed: Copy with GPU GDI,0.85260000000000,44.30870000000000,49.94130000000001,0.00000000000000,-11.68490000000000,11.53590000000000,0.00000000000000
ruffle.exe,11016,0x0000000000000000,Other,-1,0,0,71.97797349999999,0.00000000000000,35.71120000000001,0,Composed: Copy with GPU GDI,0.61460000000000,25.25900000000000,16.66150000000000,0.00000000000000,-13.97570000000000,11.69800000000000,0.00000000000000
ruffle.exe,11016,0x0000000000000000,Other,-1,0,0,72.01214690000000,0.00000000000000,34.17340000000000,0,Composed: Copy with GPU GDI,0.59300000000000,24.47940000000000,33.39380000000000,0.00000000000000,-12.75200000000000,12.64310000000000,0.00000000000000
ruffle.exe,11016,0x0000000000000000,Other,-1,0,0,72.04923450000001,0.00000000000000,37.08760000000000,0,Composed: Copy with GPU GDI,1.76940000000000,20.65880000000000,33.26700000000000,0.00000000000000,-13.30640000000000,11.53240000000000,0.00000000000000
ruffle.exe,11016,0x0000000000000000,Other,-1,0,0,72.07995220000001,0.00000000000000,30.71770000000000,0,Composed: Copy with GPU GDI,0.92300000000000,23.28670000000000,33.34560000000000,0.00000000000000,-13.45840000000000,13.47190000000000,0.00000000000000
ruffle.exe,11016,0x0000000000000000,Other,-1,0,0,72.12069860000001,0.00000000000000,40.74640000000000,0,Composed: Copy with GPU GDI,1.72360000000000,49.21320000000000,66.67290000000000,0.00000000000000,-16.73820000000000,14.69890000000000,0.00000000000000
ruffle.exe,11016,0x0000000000000000,Other,-1,0,0,72.15710799999999,0.00000000000000,36.40940000000001,0,Composed: Copy with GPU GDI,0.92770000000000,29.45980000000000,16.65600000000000,0.00000000000000,-16.19040000000000,11.44060000000000,0.00000000000000
ruffle.exe,11016,0x0000000000000000,Other,-1,0,0,72.20170960000000,0.00000000000000,44.60160000000000,0,Composed: Copy with GPU GDI,0.65020000000000,18.25330000000000,33.39510000000000,0.00000000000000,-11.67960000000000,11.70310000000000,0.00000000000000
ruffle.exe,11016,0x0000000000000000,Other,-1,0,0,72.22932589999999,0.00000000000000,27.61630000000000,0,Composed: Copy with GPU GDI,0.88140000000000,23.94810000000000,33.31110000000000,0.00000000000000,-12.80920000000000,12.79260000000000,0.00000000000000
ruffle.exe,11016,0x0000000000000000,Other,-1,0,0,72.27244229999999,0.00000000000000,43.11640000000000,0,Composed: Copy with GPU GDI,0.63980000000000,30.80780000000000,49.97610000000000,0.00000000000000,-14.99330000000000,11.79100000000000,0.00000000000000
ruffle.exe,11016,0x0000000000000000,Other,-1,0,0,72.45647440000000,0.00000000000000,184.03210000000001,0,Composed: Copy with GPU GDI,0.87030000000000,30.17020000000000,183.39450000000002,0.00000000000000,-13.42250000000000,13.22010000000000,0.00000000000000
ruffle.exe,11016,0x0000000000000000,Other,-1,0,0,72.50973220000000,0.00000000000000,53.25780000000000,0,Composed: Copy with GPU GDI,0.66140000000000,26.89770000000000,49.98530000000000,0.00000000000000,-14.25250000000000,13.96230000000000,0.00000000000000
ruffle.exe,11016,0x0000000000000000,Other,-1,0,0,72.53917210000000,0.00000000000000,29.43990000000000,0,Composed: Copy with GPU GDI,0.80770000000000,30.78610000000000,33.32830000000000,0.00000000000000,-12.24660000000000,12.12220000000000,0.00000000000000
ruffle.exe,11016,0x0000000000000000,Other,-1,0,0,72.57499079999999,0.00000000000000,35.81870000000000,0,Composed: Copy with GPU GDI,0.62670000000000,28.32810000000000,33.36070000000000,0.00000000000000,-12.12340000000000,11.98550000000000,0.00000000000000
ruffle.exe,11016,0x0000000000000000,Other,-1,0,0,72.60229900000000,0.00000000000000,27.30820000000000,0,Composed: Copy with GPU GDI,0.89370000000000,17.68570000000000,16.66580000000000,0.00000000000000,-11.31510000000000,11.53930000000000,0.00000000000000
ruffle.exe,11016,0x0000000000000000,Other,-1,0,0,72.62761830000001,0.00000000000000,25.31930000000000,0,Composed: Copy with GPU GDI,0.88990000000000,25.64170000000000,33.27530000000000,0.00000000000000,-12.16100000000000,12.16640000000000,0.00000000000000
ruffle.exe,11016,0x0000000000000000,Other,-1,0,0,72.66035920000000,0.00000000000000,32.74090000000000,0,Composed: Copy with GPU GDI,0.63270000000000,26.22040000000000,33.31960000000000,0.00000000000000,-14.43500000000000,14.28250000000000,0.00000000000000
ruffle.exe,11016,0x0000000000000000,Other,-1,0,0,72.68673430000000,0.00000000000000,26.37510000000000,0,Composed: Copy with GPU GDI,0.83970000000000,33.23210000000000,33.38680000000000,0.00000000000000,-13.77500000000000,13.07050000000000,0.00000000000000
ruffle.exe,11016,0x0000000000000000,Other,-1,0,0,72.71451470000000,0.00000000000000,27.78040000000000,0,Composed: Copy with GPU GDI,0.64590000000000,22.10830000000000,16.65660000000000,0.00000000000000,-12.54970000000000,11.62350000000000,0.00000000000000
ruffle.exe,11016,0x0000000000000000,Other,-1,0,0,72.75135619999999,0.00000000000000,36.84150000000000,0,Composed: Copy with GPU GDI,0.58290000000000,18.60060000000000,33.33380000000000,0.00000000000000,-11.87070000000000,11.87730000000000,0.00000000000000
ruffle.exe,11016,0x0000000000000000,Other,-1,0,0,72.78108060000000,0.00000000000000,29.72440000000000,0,Composed: Copy with GPU GDI,0.58730000000000,22.24980000000000,33.37360000000000,0.00000000000000,-11.86780000000000,11.80890000000000,0.00000000000000
ruffle.exe,11016,0x0000000000000000,Other,-1,0,0,72.81814130000001,0.00000000000000,37.06070000000000,0,Composed: Copy with GPU GDI,0.86560000000000,18.50320000000000,33.31410000000000,0.00000000000000,-11.81270000000000,11.70750000000000,0.00000000000000
ruffle.exe,11016,0x0000000000000000,Other,-1,0,0,72.85963580000001,0.00000000000000,41.49450000000000,0,Composed: Copy with GPU GDI,0.91280000000000,26.99510000000000,49.98640000000000,0.00000000000000,-14.34020000000000,14.25560000000000,0.00000000000000
ruffle.exe,11016,0x0000000000000000,Other,-1,0,0,72.88877340000001,0.00000000000000,29.13760000000000,0,Composed: Copy with GPU GDI,0.69560000000000,31.16720000000000,33.30970000000000,0.00000000000000,-12.94380000000000,12.91960000000000,0.00000000000000
ruffle.exe,11016,0x0000000000000000,Other,-1,0,0,72.91774880000000,0.00000000000000,28.97540000000000,0,Composed: Copy with GPU GDI,0.80000000000000,18.91630000000000,16.72450000000000,0.00000000000000,-12.89230000000000,12.03760000000000,0.00000000000000
ruffle.exe,11016,0x0000000000000000,Other,-1,0,0,72.94651020000001,0.00000000000000,28.76140000000000,0,Composed: Copy with GPU GDI,0.58230000000000,23.48960000000000,33.33470000000001,0.00000000000000,-12.36120000000000,12.08840000000000,0.00000000000000
ruffle.exe,11016,0x0000000000000000,Other,-1,0,0,72.98027940000000,0.00000000000000,33.76920000000000,0,Composed: Copy with GPU GDI,0.60080000000000,23.05490000000000,33.33450000000000,0.00000000000000,-11.67440000000000,11.60930000000000,0.00000000000000
ruffle.exe,11016,0x0000000000000000,Other,-1,0,0,73.01159299999999,0.00000000000000,31.31360000000000,0,Composed: Copy with GPU GDI,0.81960000000000,25.04360000000000,33.30230000000000,0.00000000000000,-11.52120000000000,11.41300000000000,0.00000000000000
ruffle.exe,11016,0x0000000000000000,Other,-1,0,0,73.04904530000000,0.00000000000000,37.45230000000000,0,Composed: Copy with GPU GDI,0.60970000000000,20.95530000000000,33.36400000000000,0.00000000000000,-12.29780000000000,12.23680000000000,0.00000000000000
ruffle.exe,11016,0x0000000000000000,Other,-1,0,0,73.07990760000001,0.00000000000000,30.86230000000000,0,Composed: Copy with GPU GDI,0.58910000000000,23.43990000000000,33.34690000000001,0.00000000000000,-13.20590000000000,13.11660000000000,0.00000000000000
ruffle.exe,11016,0x0000000000000000,Other,-1,0,0,73.11865940000000,0.00000000000000,38.75180000000000,0,Composed: Copy with GPU GDI,0.93000000000000,18.00910000000000,33.32100000000001,0.00000000000000,-13.24420000000000,13.37440000000000,0.00000000000000
ruffle.exe,11016,0x0000000000000000,Other,-1,0,0,73.14736350000001,0.00000000000000,28.70410000000000,0,Composed: Copy with GPU GDI,0.70350000000000,22.64510000000000,33.34010000000000,0.00000000000000,-10.65450000000000,10.61720000000000,0.00000000000000
ruffle.exe,11016,0x0000000000000000,Other,-1,0,0,73.18884420000001,0.00000000000000,41.48070000000000,0,Composed: Copy with GPU GDI,0.69230000000000,31.13920000000000,49.97480000000000,0.00000000000000,-13.00830000000000,12.94770000000000,0.00000000000000
ruffle.exe,11016,0x0000000000000000,Other,-1,0,0,73.21630700000000,0.00000000000000,27.46280000000000,0,Composed: Copy with GPU GDI,0.85410000000000,20.34290000000000,16.66650000000000,0.00000000000000,-12.21020000000000,11.37010000000000,0.00000000000000
ruffle.exe,11016,0x0000000000000000,Other,-1,0,0,73.25445879999999,0.00000000000000,38.15180000000000,0,Composed: Copy with GPU GDI,0.92110000000000,32.20290000000000,50.01180000000000,0.00000000000000,-12.24550000000000,12.24410000000000,0.00000000000000
ruffle.exe,11016,0x0000000000000000,Other,-1,0,0,73.28779780000001,0.00000000000000,33.33900000000000,0,Composed: Copy with GPU GDI,0.87350000000000,32.23080000000000,33.36690000000000,0.00000000000000,-13.67370000000000,13.66160000000000,0.00000000000000
ruffle.exe,11016,0x0000000000000000,Other,-1,0,0,73.45899650000000,0.00000000000000,171.19870000000000,0,Composed: Copy with GPU GDI,0.82880000000000,27.68460000000000,166.65250000000000,0.00000000000000,-15.59850000000000,13.78770000000000,0.00000000000000
ruffle.exe,11016,0x0000000000000000,Other,-1,0,0,73.57240829999999,0.00000000000000,113.41180000000000,0,Composed: Copy with GPU GDI,0.65300000000000,30.94530000000000,116.67250000000000,0.00000000000000,-15.81360000000000,14.00190000000000,0.00000000000000
ruffle.exe,11016,0x0000000000000000,Other,-1,0,0,73.59430999999999,0.00000000000000,21.90170000000000,0,Composed: Copy with GPU GDI,0.82180000000000,25.73090000000000,16.68730000000000,0.00000000000000,-11.80430000000000,11.21480000000000,0.00000000000000
ruffle.exe,11016,0x0000000000000000,Other,-1,0,0,73.63018799999999,0.00000000000000,35.87800000000000,0,Composed: Copy with GPU GDI,0.65040000000000,23.18570000000000,33.33280000000000,0.00000000000000,-11.71160000000000,11.63830000000000,0.00000000000000
ruffle.exe,11016,0x0000000000000000,Other,-1,0,0,73.66865030000000,0.00000000000000,38.46230000000000,0,Composed: Copy with GPU GDI,0.64600000000000,18.04300000000000,33.31960000000000,0.00000000000000,-15.47160000000000,12.39390000000000,0.00000000000000
ruffle.exe,11016,0x0000000000000000,Other,-1,0,0,73.70141550000001,0.00000000000000,32.76520000000000,0,Composed: Copy with GPU GDI,0.84940000000000,18.67080000000000,33.39300000000000,0.00000000000000,-13.90210000000000,13.84540000000000,0.00000000000000
ruffle.exe,11016,0x0000000000000000,Other,-1,0,0,73.73239520000000,0.00000000000000,30.97970000000000,0,Composed: Copy with GPU GDI,0.64360000000000,21.02750000000000,33.33640000000000,0.00000000000000,-13.54830000000000,13.37250000000000,0.00000000000000
ruffle.exe,11016,0x0000000000000000,Other,-1,0,0,73.76367740000001,0.00000000000000,31.28220000000000,0,Composed: Copy with GPU GDI,0.59890000000000,23.06690000000000,33.32160000000000,0.00000000000000,-12.35430000000000,12.26030000000000,0.00000000000000
ruffle.exe,11016,0x0000000000000000,Other,-1,0,0,73.79375340000000,0.00000000000000,30.07600000000000,0,Composed: Copy with GPU GDI,0.62220000000000,26.32950000000000,33.33860000000000,0.00000000000000,-11.38580000000000,11.32410000000000,0.00000000000000
ruffle.exe,11016,0x0000000000000000,Other,-1,0,0,73.83054540000001,0.00000000000000,36.79200000000000,0,Composed: Copy with GPU GDI,0.87960000000000,22.83360000000000,33.29610000000000,0.00000000000000,-12.10140000000000,11.63330000000000,0.00000000000000
ruffle.exe,11016,0x0000000000000000,Other,-1,0,0,73.86844980000001,0.00000000000000,37.90440000000000,0,Composed: Copy with GPU GDI,0.65170000000000,18.27460000000000,33.34540000000001,0.00000000000000,-11.98230000000000,12.01490000000000,0.00000000000000
ruffle.exe,11016,0x0000000000000000,Other,-1,0,0,73.90123170000001,0.00000000000000,32.78190000000000,0,Composed: Copy with GPU GDI,0.86980000000000,18.84330000000000,33.35060000000000,0.00000000000000,-14.15910000000000,14.15120000000000,0.00000000000000
ruffle.exe,11016,0x0000000000000000,Other,-1,0,0,73.93824700000000,0.00000000000000,37.01530000000000,0,Composed: Copy with GPU GDI,0.90460000000000,31.84110000000000,50.01310000000000,0.00000000000000,-13.17240000000000,13.16360000000000,0.00000000000000
ruffle.exe,11016,0x0000000000000000,Other,-1,0,0,73.97499530000000,0.00000000000000,36.74830000000000,0,Composed: Copy with GPU GDI,0.81830000000000,28.43410000000000,33.34130000000000,0.00000000000000,-12.25720000000000,12.20670000000000,0.00000000000000
ruffle.exe,11016,0x0000000000000000,Other,-1,0,0,74.00676590000000,0.00000000000000,31.77060000000000,0,Composed: Copy with GPU GDI,0.91680000000000,29.99780000000000,33.33430000000000,0.00000000000000,-14.10740000000000,10.85140000000000,0.00000000000000
ruffle.exe,11016,0x0000000000000000,Other,-1,0,0,74.05015810000000,0.00000000000000,43.39220000000000,0,Composed: Copy with GPU GDI,0.84430000000000,19.92150000000000,33.31590000000000,0.00000000000000,-12.05470000000000,12.15010000000000,0.00000000000000
ruffle.exe,11016,0x0000000000000000,Other,-1,0,0,74.07359130000000,0.00000000000000,23.43320000000000,0,Composed: Copy with GPU GDI,0.87020000000000,29.84390000000000,33.35560000000000,0.00000000000000,-12.45220000000000,12.49590000000000,0.00000000000000
ruffle.exe,11016,0x0000000000000000,Other,-1,0,0,74.10156280000000,0.00000000000000,27.97150000000000,0,Composed: Copy with GPU GDI,0.84210000000000,18.54670000000000,16.67430000000000,0.00000000000000,-11.31140000000000,11.35100000000000,0.00000000000000
ruffle.exe,11016,0x0000000000000000,Other,-1,0,0,74.13868320000000,0.00000000000000,37.12040000000000,0,Composed: Copy with GPU GDI,0.72670000000000,31.38080000000000,49.95450000000000,0.00000000000000,-13.15830000000000,13.13450000000000,0.00000000000000
ruffle.exe,11016,0x0000000000000000,Other,-1,0,0,74.16867230000001,0.00000000000000,29.98910000000000,0,Composed: Copy with GPU GDI,0.58960000000000,18.14840000000000,16.75670000000000,0.00000000000000,-15.21690000000000,14.14720000000000,0.00000000000000
ruffle.exe,11016,0x0000000000000000,Other,-1,0,0,74.19453760000000,0.00000000000000,25.86530000000000,0,Composed: Copy with GPU GDI,0.59670000000000,25.55320000000000,33.27010000000000,0.00000000000000,-11.43370000000000,11.29890000000000,0.00000000000000
ruffle.exe,11016,0x0000000000000000,Other,-1,0,0,74.23274570000000,0.00000000000000,38.20810000000000,0,Composed: Copy with GPU GDI,0.64060000000000,20.68240000000000,33.33730000000000,0.00000000000000,-12.39750000000000,12.27350000000000,0.00000000000000
ruffle.exe,11016,0x0000000000000000,Other,-1,0,0,74.27119870000000,0.00000000000000,38.45300000000000,0,Composed: Copy with GPU GDI,0.91200000000000,32.23570000000000,50.00630000000000,0.00000000000000,-12.18410000000000,12.27670000000000,0.00000000000000
ruffle.exe,11016,0x0000000000000000,Other,-1,0,0,74.42970290000001,0.00000000000000,158.50420000000000,0,Composed: Copy with GPU GDI,0.60120000000000,23.73700000000000,150.00550000000001,0.00000000000000,-11.68230000000000,11.60660000000000,0.00000000000000
ruffle.exe,11016,0x0000000000000000,Other,-1,0,0,74.47384630000001,0.00000000000000,44.14340000000000,0,Composed: Copy with GPU GDI,0.84120000000000,29.58060000000000,49.98700000000000,0.00000000000000,-14.07160000000000,13.75260000000000,0.00000000000000
ruffle.exe,11016,0x0000000000000000,Other,-1,0,0,74.49988350000000,0.00000000000000,26.03720000000000,0,Composed: Copy with GPU GDI,0.67800000000000,20.25330000000000,16.70990000000000,0.00000000000000,-12.52730000000000,11.50370000000000,0.00000000000000
ruffle.exe,11016,0x0000000000000000,Other,-1,0,0,74.53119599999999,0.00000000000000,31.31250000000000,0,Composed: Copy with GPU GDI,0.61150000000000,22.27450000000000,33.33370000000000,0.00000000000000,-11.81630000000000,11.72660000000000,0.00000000000000
ruffle.exe,11016,0x0000000000000000,Other,-1,0,0,74.56137080000001,0.00000000000000,30.17480000000000,0,Composed: Copy with GPU GDI,0.64470000000000,25.45150000000000,33.35180000000000,0.00000000000000,-11.45150000000000,11.32760000000000,0.00000000000000
ruffle.exe,11016,0x0000000000000000,Other,-1,0,0,74.58990300000001,0.00000000000000,28.53220000000000,0,Composed: Copy with GPU GDI,0.61500000000000,30.21850000000000,33.29920000000000,0.00000000000000,-12.38480000000000,12.16660000000000,0.00000000000000
ruffle.exe,11016,0x0000000000000000,Other,-1,0,0,74.63929610000001,0.00000000000000,49.39310000000000,0,Composed: Copy with GPU GDI,0.83690000000000,30.84970000000000,50.02430000000000,0.00000000000000,-14.24200000000000,14.02840000000000,0.00000000000000
ruffle.exe,11016,0x0000000000000000,Other,-1,0,0,74.66928670000000,0.00000000000000,29.99060000000000,0,Composed: Copy with GPU GDI,0.90070000000000,17.50990000000000,16.65080000000000,0.00000000000000,-13.74630000000000,13.08630000000000,0.00000000000000
ruffle.exe,11016,0x0000000000000000,Other,-1,0,0,74.70172000000001,0.00000000000000,32.43330000000000,0,Composed: Copy with GPU GDI,0.84580000000000,18.40730000000000,33.33070000000000,0.00000000000000,-12.16350000000000,12.23300000000000,0.00000000000000
ruffle.exe,11016,0x0000000000000000,Other,-1,0,0,74.74114100000000,0.00000000000000,39.42100000000000,0,Composed: Copy with GPU GDI,0.60610000000000,45.66840000000001,66.68210000000001,0.00000000000000,-11.48020000000000,11.41490000000000,0.00000000000000
ruffle.exe,11016,0x0000000000000000,Other,-1,0,0,74.77363930000000,0.00000000000000,32.49830000000000,0,Composed: Copy with GPU GDI,0.83010000000000,29.81740000000000,16.64730000000000,0.00000000000000,-14.18400000000000,12.18320000000000,0.00000000000000
ruffle.exe,11016,0x0000000000000000,Other,-1,0,0,74.80336590000000,0.00000000000000,29.72660000000000,0,Composed: Copy with GPU GDI,0.92330000000000,33.46040000000000,33.36960000000000,0.00000000000000,-13.58640000000000,11.48230000000000,0.00000000000000
ruffle.exe,11016,0x0000000000000000,Other,-1,0,0,74.84996670000001,0.00000000000000,46.60080000000000,0,Composed: Copy with GPU GDI,0.96120000000000,20.66950000000000,33.80990000000000,0.00000000000000,-17.09850000000000,14.17060000000000,0.00000000000000
ruffle.exe,11016,0x0000000000000000,Other,-1,0,0,74.88637450000000,0.00000000000000,36.40780000000000,0,Composed: Copy with GPU GDI,0.64680000000000,33.75090000000000,49.48920000000000,0.00000000000000,-12.85720000000000,12.80760000000000,0.00000000000000
ruffle.exe,11016,0x0000000000000000,Other,-1,0,0,74.92089920000001,0.00000000000000,34.52470000000000,0,Composed: Copy with GPU GDI,0.63620000000000,32.63670000000000,33.41050000000000,0.00000000000000,-13.85630000000000,11.82540000000000,0.00000000000000
ruffle.exe,11016,0x0000000000000000,Other,-1,0,0,74.94647270000000,0.00000000000000,25.57350000000000,0,Composed: Copy with GPU GDI,0.60880000000000,23.71390000000000,16.65070000000000,0.00000000000000,-13.16790000000000,12.12080000000000,0.00000000000000
ruffle.exe,11016,0x0000000000000000,Other,-1,0,0,74.97976100000000,0.00000000000000,33.28830000000000,0,Composed: Copy with GPU GDI,0.84470000000000,23.69600000000000,33.27040000000000,0.00000000000000,-11.86260000000000,11.84460000000000,0.00000000000000
ruffle.exe,11016,0x0000000000000000,Other,-1,0,0,75.00250830000000,0.00000000000000,22.74730000000000,0,Composed: Copy with GPU GDI,0.63080000000000,17.67280000000000,16.72410000000000,0.00000000000000,-11.46500000000000,11.32870000000000,0.00000000000000
ruffle.exe,11016,0x0000000000000000,Other,-1,0,0,75.02929589999999,0.00000000000000,26.78760000000000,0,Composed: Copy with GPU GDI,0.61700000000000,24.24000000000000,33.35480000000000,0.00000000000000,-12.51090000000000,12.50310000000000,0.00000000000000
ruffle.exe,11016,0x0000000000000000,Other,-1,0,0,75.05494570000000,0.00000000000000,25.64980000000000,0,Composed: Copy with GPU GDI,0.65420000000000,31.84470000000000,33.25450000000000,0.00000000000000,-12.77550000000000,12.81240000000000,0.00000000000000
ruffle.exe,11016,0x0000000000000000,Other,-1,0,0,75.09197240000000,0.00000000000000,37.02670000000001,0,Composed: Copy with GPU GDI,0.66150000000000,28.22790000000000,33.40990000000000,0.00000000000000,-14.63450000000000,14.55630000000000,0.00000000000000
ruffle.exe,11016,0x0000000000000000,Other,-1,0,0,75.12409889999999,0.00000000000000,32.12650000000000,0,Composed: Copy with GPU GDI,0.60190000000000,29.35740000000000,33.25600000000000,0.00000000000000,-12.12170000000000,12.02140000000000,0.00000000000000
ruffle.exe,11016,0x0000000000000000,Other,-1,0,0,75.15387310000000,0.00000000000000,29.77420000000000,0,Composed: Copy with GPU GDI,0.59990000000000,32.95360000000000,33.37040000000000,0.00000000000000,-11.45100000000000,11.42610000000000,0.00000000000000
ruffle.exe,11016,0x0000000000000000,Other,-1,0,0,75.18511460000001,0.00000000000000,31.24150000000000,0,Composed: Copy with GPU GDI,0.83630000000000,18.38050000000000,16.66840000000000,0.00000000000000,-11.33260000000000,11.37210000000000,0.00000000000000
ruffle.exe,11016,0x0000000000000000,Other,-1,0,0,75.22263450000000,0.00000000000000,37.51990000000000,0,Composed: Copy with GPU GDI,0.60450000000000,30.88260000000000,50.02200000000001,0.00000000000000,-12.25870000000000,12.18270000000000,0.00000000000000
ruffle.exe,11016,0x0000000000000000,Other,-1,0,0,75.25768330000001,0.00000000000000,35.04880000000000,0,Composed: Copy with GPU GDI,0.60520000000000,29.20410000000000,33.37030000000000,0.00000000000000,-12.90800000000000,12.83990000000000,0.00000000000000
ruffle.exe,11016,0x0000000000000000,Other,-1,0,0,75.29554589999999,0.00000000000000,37.86260000000000,0,Composed: Copy with GPU GDI,0.89490000000000,24.62800000000000,33.28650000000000,0.00000000000000,-14.18150000000000,14.23070000000000,0.00000000000000
ruffle.exe,11016,0x0000000000000000,Other,-1,0,0,75.49294259999999,0.00000000000000,197.39670000000001,0,Composed: Copy with GPU GDI,0.84210000000000,27.27220000000000,200.04090000000002,0.00000000000000,-13.20310000000000,13.13290000000000,0.00000000000000
ruffle.exe,11016,0x0000000000000000,Other,-1,0,0,75.53439510000000,0.00000000000000,41.45250000000000,0,Composed: Copy with GPU GDI,0.60160000000000,19.15350000000000,33.33380000000000,0.00000000000000,-15.75270000000000,14.26070000000000,0.00000000000000
ruffle.exe,11016,0x0000000000000000,Other,-1,0,0,75.56897730000000,0.00000000000000,34.58220000000000,0,Composed: Copy with GPU GDI,0.87890000000000,17.95410000000000,33.38280000000000,0.00000000000000,-12.45860000000000,12.56690000000000,0.00000000000000
ruffle.exe,11016,0x0000000000000000,Other,-1,0,0,75.59745260000001,0.00000000000000,28.47530000000000,0,Composed: Copy with GPU GDI,0.63590000000000,22.80290000000000,33.32410000000000,0.00000000000000,-11.43390000000000,11.45140000000000,0.00000000000000
ruffle.exe,11016,0x0000000000000000,Other,-1,0,0,75.62582309999999,0.00000000000000,28.37050000000000,0,Composed: Copy with GPU GDI,0.61730000000000,27.67500000000000,33.24260000000000,0.00000000000000,-12.62740000000000,12.52610000000000,0.00000000000000
ruffle.exe,11016,0x0000000000000000,Other,-1,0,0,75.65269010000002,0.00000000000000,26.86700000000000,0,Composed: Copy with GPU GDI,0.60620000000000,17.51080000000000,16.70280000000000,0.00000000000000,-11.18710000000000,11.24500000000000,0.00000000000000
ruffle.exe,11016,0x0000000000000000,Other,-1,0,0,75.69102350000000,0.00000000000000,38.33340000000000,0,Composed: Copy with GPU GDI,0.60010000000000,29.23530000000000,50.05790000000000,0.00000000000000,-13.47480000000000,13.38000000000000,0.00000000000000
ruffle.exe,11016,0x0000000000000000,Other,-1,0,0,75.72356370000000,0.00000000000000,32.54020000000000,0,Composed: Copy with GPU GDI,0.59780000000000,30.01800000000000,33.32290000000000,0.00000000000000,-13.50030000000000,13.43650000000000,0.00000000000000
ruffle.exe,11016,0x0000000000000000,Other,-1,0,0,75.75434489999999,0.00000000000000,30.78120000000000,0,Composed: Copy with GPU GDI,0.86270000000000,32.55070000000000,33.31390000000000,0.00000000000000,-11.78900000000000,11.83960000000000,0.00000000000000
ruffle.exe,11016,0x0000000000000000,Other,-1,0,0,75.78842070000000,0.00000000000000,34.07580000000000,0,Composed: Copy with GPU GDI,0.89940000000000,31.80220000000000,33.32730000000000,0.00000000000000,-11.96440000000000,12.12040000000000,0.00000000000000
ruffle.exe,11016,0x0000000000000000,Other,-1,0,0,75.82229330000001,0.00000000000000,33.87260000000000,0,Composed: Copy with GPU GDI,0.73750000000000,31.32690000000000,33.39730000000000,0.00000000000000,-12.28130000000000,11.96090000000000,0.00000000000000
ruffle.exe,11016,0x0000000000000000,Other,-1,0,0,75.85799210000000,0.00000000000000,35.69880000000000,0,Composed: Copy with GPU GDI,0.66880000000000,28.96320000000000,33.33510000000000,0.00000000000000,-12.98670000000000,11.32800000000000,0.00000000000000
ruffle.exe,11016,0x0000000000000000,Other,-1,0,0,75.89679090000001,0.00000000000000,38.79880000000000,0,Composed: Copy with GPU GDI,0.82480000000000,23.44170000000000,33.27730000000000,0.00000000000000,-12.11460000000000,11.96370000000000,0.00000000000000
ruffle.exe,11016,0x0000000000000000,Other,-1,0,0,75.93882809999999,0.00000000000000,42.03720000000000,0,Composed: Copy with GPU GDI,0.76340000000000,31.41620000000000,50.01170000000000,0.00000000000000,-15.55680000000000,13.71890000000000,0.00000000000000
ruffle.exe,11016,0x0000000000000000,Other,-1,0,0,75.96889670000000,0.00000000000000,30.06860000000000,0,Composed: Copy with GPU GDI,0.87130000000000,18.03720000000000,16.68960000000000,0.00000000000000,-17.54640000000000,13.75830000000000,0.00000000000000
ruffle.exe,11016,0x0000000000000000,Other,-1,0,0,76.01280079999999,0.00000000000000,43.90410000000000,0,Composed: Copy with GPU GDI,0.85830000000000,24.08480000000000,49.95170000000000,0.00000000000000,-15.27150000000000,12.05150000000000,0.00000000000000
ruffle.exe,11016,0x0000000000000000,Other,-1,0,0,76.04286220000000,0.00000000000000,30.06140000000000,0,Composed: Copy with GPU GDI,0.63930000000000,27.37490000000000,33.35150000000000,0.00000000000000,-11.76900000000000,11.64340000000000,0.00000000000000
ruffle.exe,11016,0x0000000000000000,Other,-1,0,0,76.06432660000000,0.00000000000000,21.46440000000000,0,Composed: Copy with GPU GDI,0.59730000000000,23.17900000000000,17.26850000000000,0.00000000000000,-11.50080000000000,10.59360000000000,0.00000000000000
ruffle.exe,11016,0x0000000000000000,Other,-1,0,0,76.09457840000000,0.00000000000000,30.25180000000000,0,Composed: Copy with GPU GDI,0.59990000000000,25.69300000000000,32.76580000000000,0.00000000000000,-11.75870000000000,11.68770000000000,0.00000000000000
ruffle.exe,11016,0x0000000000000000,Other,-1,0,0,76.12528270000000,0.00000000000000,30.70430000000000,0,Composed: Copy with GPU GDI,0.64050000000000,28.31920000000000,33.33050000000000,0.00000000000000,-14.20570000000000,14.04190000000000,0.00000000000000
ruffle.exe,11016,0x0000000000000000,Other,-1,0,0,76.16741920000001,0.00000000000000,42.13650000000001,0,Composed: Copy with GPU GDI,0.88620000000000,19.55680000000000,33.37410000000000,0.00000000000000,-14.29990000000000,14.34430000000000,0.00000000000000
ruffle.exe,11016,0x0000000000000000,Other,-1,0,0,76.19202390000000,0.00000000000000,24.60470000000000,0,Composed: Copy with GPU GDI,0.62720000000000,28.28150000000000,33.32940000000000,0.00000000000000,-11.36120000000000,11.24190000000000,0.00000000000000
ruffle.exe,11016,0x0000000000000000,Other,-1,0,0,76.22697830000000,0.00000000000000,34.95440000000000,0,Composed: Copy with GPU GDI,0.62410000000000,26.63250000000000,33.30540000000000,0.00000000000000,-11.79220000000000,11.67530000000000,0.00000000000000
ruffle.exe,11016,0x0000000000000000,Other,-1,0,0,76.25564410000001,0.00000000000000,28.66580000000000,0,Composed: Copy with GPU GDI,0.62830000000000,31.35640000000000,33.38970000000000,0.00000000000000,-12.18750000000000,12.02510000000000,0.00000000000000
ruffle.exe,11016,0x0000000000000000,Other,-1,0,0,76.29622740000001,0.00000000000000,40.58330000000000,0,Composed: Copy with GPU GDI,0.87240000000000,24.05880000000000,33.28570000000000,0.00000000000000,-12.00050000000000,11.97080000000000,0.00000000000000
ruffle.exe,11016,0x0000000000000000,Other,-1,0,0,76.47340090000000,0.00000000000000,177.17350000000002,0,Composed: Copy with GPU GDI,0.84400000000000,30.21700000000000,183.33170000000001,0.00000000000000,-11.92250000000000,11.84890000000000,0.00000000000000
ruffle.exe,11016,0x0000000000000000,Other,-1,0,0,76.52988390000000,0.00000000000000,56.48300000000000,0,Composed: Copy with GPU GDI,0.86210000000000,23.76730000000000,50.03330000000000,0.00000000000000,-13.66260000000000,13.40180000000000,0.00000000000000
ruffle.exe,11016,0x0000000000000000,Other,-1,0,0,76.56327659999999,0.00000000000000,33.39270000000000,0,Composed: Copy with GPU GDI,0.60920000000000,23.67350000000000,33.29890000000000,0.00000000000000,-12.63130000000000,12.48950000000000,0.00000000000000
ruffle.exe,11016,0x0000000000000000,Other,-1,0,0,76.59430000000000,0.00000000000000,31.02340000000000,0,Composed: Copy with GPU GDI,0.59530000000000,25.96080000000000,33.31070000000000,0.00000000000000,-11.60360000000000,11.41260000000000,0.00000000000000
ruffle.exe,11016,0x0000000000000000,Other,-1,0,0,76.62123020000001,0.00000000000000,26.93020000000000,0,Composed: Copy with GPU GDI,0.66700000000000,32.38890000000000,33.35830000000000,0.00000000000000,-11.56880000000000,11.58340000000000,0.00000000000000
ruffle.exe,11016,0x0000000000000000,Other,-1,0,0,76.65361360000000,0.00000000000000,32.38340000000000,0,Composed: Copy with GPU GDI,0.90010000000000,33.41450000000000,33.40900000000000,0.00000000000000,-14.65280000000000,13.85440000000000,0.00000000000000
ruffle.exe,11016,0x0000000000000000,Other,-1,0,0,76.68301840000001,0.00000000000000,29.40480000000000,0,Composed: Copy with GPU GDI,0.59770000000000,20.63090000000000,16.62120000000000,0.00000000000000,-13.96440000000000,13.05240000000000,0.00000000000000
ruffle.exe,11016,0x0000000000000000,Other,-1,0,0,76.71001660000000,0.00000000000000,26.99820000000000,0,Composed: Copy with GPU GDI,0.60040000000000,26.90570000000000,33.27300000000000,0.00000000000000,-11.94240000000000,11.86040000000000,0.00000000000000
ruffle.exe,11016,0x0000000000000000,Other,-1,0,0,76.73570190000000,0.00000000000000,25.68530000000000,0,Composed: Copy with GPU GDI,0.87980000000000,17.93760000000000,16.71720000000000,0.00000000000000,-11.76410000000000,11.92140000000000,0.00000000000000
ruffle.exe,11016,0x0000000000000000,Other,-1,0,0,76.77099790000000,0.00000000000000,35.29600000000000,0,Composed: Copy with GPU GDI,0.67090000000000,32.71340000000000,50.07180000000000,0.00000000000000,-11.03320000000000,11.07070000000000,0.00000000000000
ruffle.exe,11016,0x0000000000000000,Other,-1,0,0,76.81131280000000,0.00000000000000,40.31490000000000,0,Composed: Copy with GPU GDI,0.89560000000000,25.66820000000000,33.26970000000000,0.00000000000000,-11.86890000000000,11.81610000000000,0.00000000000000
ruffle.exe,11016,0x0000000000000000,Other,-1,0,0,76.85254220000000,0.00000000000000,41.22940000000001,0,Composed: Copy with GPU GDI,0.85440000000000,17.81940000000000,33.38060000000000,0.00000000000000,-13.11510000000000,13.27200000000000,0.00000000000000
ruffle.exe,11016,0x0000000000000000,Other,-1,0,0,76.87875509999999,0.00000000000000,26.21290000000000,0,Composed: Copy with GPU GDI,0.65270000000000,24.92900000000000,33.32250000000001,0.00000000000000,-13.04010000000000,12.94640000000000,0.00000000000000
ruffle.exe,11016,0x0000000000000000,Other,-1,0,0,76.91089030000001,0.00000000000000,32.13520000000000,0,Composed: Copy with GPU GDI,0.62560000000000,26.09390000000000,33.30010000000000,0.00000000000000,-13.57660000000000,13.45550000000000,0.00000000000000
ruffle.exe,11016,0x0000000000000000,Other,-1,0,0,76.94138390000001,0.00000000000000,30.49360000000000,0,Composed: Copy with GPU GDI,0.83990000000000,29.01860000000000,33.41830000000000,0.00000000000000,-11.72870000000000,11.76820000000000,0.00000000000000
ruffle.exe,11016,0x0000000000000000,Other,-1,0,0,76.97252880000001,0.00000000000000,31.14490000000000,0,Composed: Copy with GPU GDI,0.64420000000000,31.08790000000000,33.21420000000000,0.00000000000000,-11.81590000000000,11.64640000000000,0.00000000000000
ruffle.exe,11016,0x0000000000000000,Other,-1,0,0,77.00418800000000,0.00000000000000,31.65920000000000,0,Composed: Copy with GPU GDI,0.71550000000000,32.82890000000000,33.40020000000000,0.00000000000000,-11.99020000000000,12.04490000000000,0.00000000000000
ruffle.exe,11016,0x0000000000000000,Other,-1,0,0,77.04191969999999,0.00000000000000,37.73170000000000,0,Composed: Copy with GPU GDI,0.89920000000000,28.40870000000000,33.31150000000000,0.00000000000000,-12.42570000000000,12.32740000000000,0.00000000000000
ruffle.exe,11016,0x0000000000000000,Other,-1,0,0,77.07452289999999,0.00000000000000,32.60320000000000,0,Composed: Copy with GPU GDI,0.59570000000000,29.15670000000000,33.35120000000000,0.00000000000000,-14.71690000000000,12.92980000000000,0.00000000000000
ruffle.exe,11016,0x0000000000000000,Other,-1,0,0,77.10798250000001,0.00000000000000,33.45960000000000,0,Composed: Copy with GPU GDI,0.64540000000000,28.98730000000000,33.29020000000000,0.00000000000000,-16.03690000000000,13.80050000000000,0.00000000000000
ruffle.exe,11016,0x0000000000000000,Other,-1,0,0,77.13587720000001,0.00000000000000,27.89470000000000,0,Composed: Copy with GPU GDI,0.59280000000000,17.80140000000000,16.70880000000000,0.00000000000000,-11.46970000000000,11.49590000000000,0.00000000000000
ruffle.exe,11016,0x0000000000000000,Other,-1,0,0,77.24692949999999,0.00000000000000,111.05230000000000,0,Composed: Copy with GPU GDI,0.91620000000000,23.44600000000000,116.69690000000000,0.00000000000000,-12.90150000000000,12.88720000000000,0.00000000000000
ruffle.exe,11016,0x0000000000000000,Other,-1,0,0,77.28431490000000,0.00000000000000,37.38540000000000,0,Composed: Copy with GPU GDI,0.86570000000000,19.37550000000000,33.31490000000000,0.00000000000000,-15.06440000000000,11.95440000000000,0.00000000000000
ruffle.exe,11016,0x0000000000000000,Other,-1,0,0,77.46877870000000,0.00000000000000,184.46380000000002,0,Composed: Copy with GPU GDI,0.61840000000000,18.24890000000000,183.33720000000000,0.00000000000000,-12.83290000000000,12.66380000000000,0.00000000000000
ruffle.exe,11016,0x0000000000000000,Other,-1,0,0,77.48855270000000,0.00000000000000,19.77400000000000,0,Composed: Copy with GPU GDI,0.65990000000000,31.87350000000000,33.39860000000000,0.00000000000000,-11.34740000000000,11.41700000000000,0.00000000000000
ruffle.exe,11016,0x0000000000000000,Other,-1,0,0,77.53055760000001,0.00000000000000,42.00490000000000,0,Composed: Copy with GPU GDI,0.59610000000000,23.19070000000000,33.32210000000000,0.00000000000000,-13.23400000000000,12.89530000000000,0.00000000000000
ruffle.exe,11016,0x0000000000000000,Other,-1,0,0,77.56515589999999,0.00000000000000,34.59830000000000,0,Composed: Copy with GPU GDI,0.64080000000000,21.91780000000000,33.32540000000000,0.00000000000000,-13.85470000000000,13.68020000000000,0.00000000000000
ruffle.exe,11016,0x0000000000000000,Other,-1,0,0,77.59896170000000,0.00000000000000,33.80580000000000,0,Composed: Copy with GPU GDI,0.59700000000000,21.48820000000000,33.37620000000000,0.00000000000000,-12.24220000000000,12.05190000000000,0.00000000000000
ruffle.exe,11016,0x0000000000000000,Other,-1,0,0,77.62557560000000,0.00000000000000,26.61390000000000,0,Composed: Copy with GPU GDI,0.82460000000000,28.16780000000000,33.29350000000000,0.00000000000000,-11.58020000000000,11.48750000000000,0.00000000000000
ruffle.exe,11016,0x0000000000000000,Other,-1,0,0,77.66020789999999,0.00000000000000,34.63230000000000,0,Composed: Copy with GPU GDI,0.60580000000000,26.93550000000000,33.40000000000000,0.00000000000000,-12.13080000000000,12.05540000000000,0.00000000000000
ruffle.exe,11016,0x0000000000000000,Other,-1,0,0,77.69151450000001,0.00000000000000,31.30660000000000,0,Composed: Copy with GPU GDI,0.58230000000000,28.87320000000000,33.24430000000000,0.00000000000000,-10.42900000000000,10.37640000000000,0.00000000000000
ruffle.exe,11016,0x0000000000000000,Other,-1,0,0,77.72716869999999,0.00000000000000,35.65420000000000,0,Composed: Copy with GPU GDI,0.60510000000000,26.51420000000000,33.29520000000000,0.00000000000000,-13.40400000000000,13.30120000000000,0.00000000000000
ruffle.exe,11016,0x0000000000000000,Other,-1,0,0,77.76016899999999,0.00000000000000,33.00030000000000,0,Composed: Copy with GPU GDI,0.61180000000000,27.03370000000000,33.51980000000000,0.00000000000000,-13.46980000000000,13.46180000000000,0.00000000000000
ruffle.exe,11016,0x0000000000000000,Other,-1,0,0,77.79575210000000,0.00000000000000,35.58310000000000,0,Composed: Copy with GPU GDI,0.60040000000000,24.73090000000000,33.28030000000000,0.00000000000000,-12.55560000000000,12.42700000000000,0.00000000000000
ruffle.exe,11016,0x0000000000000000,Other,-1,0,0,77.82549170000000,0.00000000000000,29.73960000000000,0,Composed: Copy with GPU GDI,0.85550000000000,28.28510000000000,33.29380000000000,0.00000000000000,-11.52300000000000,11.17290000000000,0.00000000000000
ruffle.exe,11016,0x0000000000000000,Other,-1,0,0,77.86092320000000,0.00000000000000,35.43150000000000,0,Composed: Copy with GPU GDI,0.58710000000000,26.15260000000000,33.29900000000000,0.00000000000000,-11.92400000000000,11.86410000000000,0.00000000000000
ruffle.exe,11016,0x0000000000000000,Other,-1,0,0,77.88888940000000,0.00000000000000,27.96620000000000,0,Composed: Copy with GPU GDI,0.69870000000000,31.50820000000000,33.32180000000000,0.00000000000000,-11.88050000000000,11.84530000000000,0.00000000000000
ruffle.exe,11016,0x0000000000000000,Other,-1,0,0,77.92380070000002,0.00000000000000,34.91130000000000,0,Composed: Copy with GPU GDI,0.60430000000000,29.93280000000000,33.33590000000000,0.00000000000000,-11.26310000000000,11.19510000000000,0.00000000000000
ruffle.exe,11016,0x0000000000000000,Other,-1,0,0,77.95673340000000,0.00000000000000,32.93270000000000,0,Composed: Copy with GPU GDI,0.65440000000000,30.32170000000000,33.32160000000000,0.00000000000000,-14.01950000000000,13.89460000000000,0.00000000000000
ruffle.exe,11016,0x0000000000000000,Other,-1,0,0,77.99365740000000,0.00000000000000,36.92400000000000,0,Composed: Copy with GPU GDI,0.83640000000000,26.79830000000000,33.40060000000000,0.00000000000000,-14.24640000000000,13.98630000000000,0.00000000000000
ruffle.exe,11016,0x0000000000000000,Other,-1,0,0,78.02841870000000,0.00000000000000,34.76130000000000,0,Composed: Copy with GPU GDI,0.81470000000000,25.34240000000000,33.30540000000000,0.00000000000000,-11.19490000000000,11.12110000000000,0.00000000000000
ruffle.exe,11016,0x0000000000000000,Other,-1,0,0,78.05750200000000,0.00000000000000,29.08330000000000,0,Composed: Copy with GPU GDI,0.63450000000000,29.61460000000000,33.35550000000000,0.00000000000000,-12.23680000000000,12.14600000000000,0.00000000000000
ruffle.exe,11016,0x0000000000000000,Other,-1,0,0,78.08937519999999,0.00000000000000,31.87320000000000,0,Composed: Copy with GPU GDI,0.62740000000000,31.09350000000000,33.35210000000000,0.00000000000000,-12.15720000000000,11.94560000000000,0.00000000000000
ruffle.exe,11016,0x0000000000000000,Other,-1,0,0,78.12542110000001,0.00000000000000,36.04590000000000,0,Composed: Copy with GPU GDI,0.62250000000000,28.31540000000000,33.26780000000000,0.00000000000000,-11.61310000000000,11.54970000000000,0.00000000000000
ruffle.exe,11016,0x0000000000000000,Other,-1,0,0,78.15846180000001,0.00000000000000,33.04070000000000,0,Composed: Copy with GPU GDI,0.61870000000000,28.64760000000000,33.37290000000000,0.00000000000000,-13.51600000000000,13.44540000000000,0.00000000000000
ruffle.exe,11016,0x0000000000000000,Other,-1,0,0,78.19441740000001,0.00000000000000,35.95560000000000,0,Composed: Copy with GPU GDI,0.86740000000000,26.05850000000000,33.36650000000000,0.00000000000000,-13.86690000000000,13.89760000000000,0.00000000000000
ruffle.exe,11016,0x0000000000000000,Other,-1,0,0,78.22547980000000,0.00000000000000,31.06240000000000,0,Composed: Copy with GPU GDI,0.62470000000000,28.28770000000000,33.29160000000000,0.00000000000000,-11.23390000000000,11.11970000000000,0.00000000000000
ruffle.exe,11016,0x0000000000000000,Other,-1,0,0,78.25671009999999,0.00000000000000,31.23030000000000,0,Composed: Copy with GPU GDI,0.60300000000000,30.49800000000000,33.44060000000000,0.00000000000000,-12.01740000000000,11.86590000000000,0.00000000000000
ruffle.exe,11016,0x0000000000000000,Other,-1,0,0,78.29303980000000,0.00000000000000,36.32970000000000,0,Composed: Copy with GPU GDI,0.91350000000000,27.41460000000000,33.24630000000001,0.00000000000000,-12.92410000000000,12.73280000000000,0.00000000000000
ruffle.exe,11016,0x0000000000000000,Other,-1,0,0,78.48956710000000,0.00000000000000,196.52730000000000,0,Composed: Copy with GPU GDI,0.66060000000000,30.91930000000000,200.03200000000001,0.00000000000000,-16.22730000000000,14.62740000000000,0.00000000000000
ruffle.exe,11016,0x0000000000000000,Other,-1,0,0,78.53553710000000,0.00000000000000,45.97000000000000,0,Composed: Copy with GPU GDI,0.89440000000000,18.26140000000000,33.31210000000000,0.00000000000000,-13.76450000000000,13.57550000000000,0.00000000000000
ruffle.exe,11016,0x0000000000000000,Other,-1,0,0,78.58512100000000,0.00000000000000,49.58390000000000,0,Composed: Copy with GPU GDI,1.80390000000000,18.76860000000000,50.09110000000000,0.00000000000000,-13.61390000000000,11.98100000000000,0.00000000000000
ruffle.exe,11016,0x0000000000000000,Other,-1,0,0,78.61575280000001,0.00000000000000,30.63180000000000,0,Composed: Copy with GPU GDI,0.84090000000000,21.46270000000000,33.32590000000000,0.00000000000000,-13.94350000000000,13.89570000000000,0.00000000000000
ruffle.exe,11016,0x0000000000000000,Other,-1,0,0,78.64760559999999,0.00000000000000,31.85280000000000,0,Composed: Copy with GPU GDI,1.80340000000000,22.90470000000000,33.29480000000000,0.00000000000000,-14.94800000000000,13.23750000000000,0.00000000000000
ruffle.exe,11016,0x0000000000000000,Other,-1,0,0,78.67686070000001,0.00000000000000,29.25510000000000,0,Composed: Copy with GPU GDI,0.83790000000000,26.97550000000000,33.32590000000000,0.00000000000000,-12.51540000000000,12.38760000000000,0.00000000000000
ruffle.exe,11016,0x0000000000000000,Other,-1,0,0,78.71520849999999,0.00000000000000,38.34780000000000,0,Composed: Copy with GPU GDI,0.88410000000000,21.93260000000000,33.30490000000000,0.00000000000000,-14.47520000000000,11.92090000000000,0.00000000000000
ruffle.exe,11016,0x0000000000000000,Other,-1,0,0,78.74918140000000,0.00000000000000,33.97290000000000,0,Composed: Copy with GPU GDI,0.61750000000000,21.27530000000000,33.31560000000000,0.00000000000000,-12.23060000000000,12.11420000000000,0.00000000000000
ruffle.exe,11016,0x0000000000000000,Other,-1,0,0,78.77126369999999,0.00000000000000,22.08230000000000,0,Composed: Copy with GPU GDI,0.61800000000000,32.56020000000000,33.36720000000000,0.00000000000000,-11.35150000000000,11.36000000000000,0.00000000000000
ruffle.exe,11016,0x0000000000000000,Other,-1,0,0,78.79831900000001,0.00000000000000,27.05530000000000,0,Composed: Copy with GPU GDI,0.90010000000000,22.22410000000000,16.71920000000000,0.00000000000000,-13.61630000000000,12.91690000000000,0.00000000000000
ruffle.exe,11016,0x0000000000000000,Other,-1,0,0,78.82920260000000,0.00000000000000,30.88360000000000,0,Composed: Copy with GPU GDI,0.82990000000000,24.66900000000000,33.32850000000000,0.00000000000000,-13.83360000000000,13.27740000000000,0.00000000000000
ruffle.exe,11016,0x0000000000000000,Other,-1,0,0,78.86673510000001,0.00000000000000,37.53250000000000,0,Composed: Copy with GPU GDI,0.59370000000000,20.48200000000000,33.34550000000000,0.00000000000000,-13.55610000000000,13.42090000000000,0.00000000000000
ruffle.exe,11016,0x0000000000000000,Other,-1,0,0,78.89366380000000,0.00000000000000,26.92870000000000,0,Composed: Copy with GPU GDI,0.59610000000000,26.87070000000000,33.31740000000000,0.00000000000000,-11.63710000000000,11.56040000000000,0.00000000000000
ruffle.exe,11016,0x0000000000000000,Other,-1,0,0,78.92962550000000,0.00000000000000,35.96170000000000,0,Composed: Copy with GPU GDI,0.66080000000000,24.22560000000000,33.31660000000000,0.00000000000000,-11.40840000000000,11.30130000000000,0.00000000000000
ruffle.exe,11016,0x0000000000000000,Other,-1,0,0,78.96369170000000,0.00000000000000,34.06620000000000,0,Composed: Copy with GPU GDI,0.59510000000000,23.51040000000000,33.35100000000000,0.00000000000000,-12.18620000000000,12.08600000000000,0.00000000000000
ruffle.exe,11016,0x0000000000000000,Other,-1,0,0,78.99446420000001,0.00000000000000,30.77250000000000,0,Composed: Copy with GPU GDI,0.59890000000000,26.03820000000000,33.30030000000000,0.00000000000000,-12.37300000000000,12.07870000000000,0.00000000000000
ruffle.exe,11016,0x0000000000000000,Other,-1,0,0,79.03700900000001,0.00000000000000,42.54480000000000,0,Composed: Copy with GPU GDI,0.99390000000000,33.52820000000000,50.03480000000000,0.00000000000000,-12.48780000000000,12.72450000000000,0.00000000000000
ruffle.exe,11016,0x0000000000000000,Other,-1,0,0,79.06762089999999,0.00000000000000,30.61190000000000,0,Composed: Copy with GPU GDI,0.69420000000000,19.55850000000000,16.64220000000000,0.00000000000000,-14.48800000000000,13.65170000000000,0.00000000000000
ruffle.exe,11016,0x0000000000000000,Other,-1,0,0,79.08999450000000,0.00000000000000,22.37360000000000,0,Composed: Copy with GPU GDI,0.64670000000000,30.52740000000000,33.34250000000000,0.00000000000000,-11.65090000000000,11.64260000000000,0.00000000000000
ruffle.exe,11016,0x0000000000000000,Other,-1,0,0,79.12665579999999,0.00000000000000,36.66130000000000,0,Composed: Copy with GPU GDI,0.61410000000000,27.22780000000000,33.36170000000000,0.00000000000000,-12.13900000000000,12.05790000000000,0.00000000000000
ruffle.exe,11016,0x0000000000000000,Other,-1,0,0,79.15721670000001,0.00000000000000,30.56090000000000,0,Composed: Copy with GPU GDI,0.59730000000000,29.97000000000000,33.30310000000000,0.00000000000000,-11.99030000000000,11.61220000000000,0.00000000000000
ruffle.exe,11016,0x0000000000000000,Other,-1,0,0,79.19023200000001,0.00000000000000,33.01530000000000,0,Composed: Copy with GPU GDI,0.65680000000000,30.31580000000000,33.36110000000000,0.00000000000000,-12.30530000000000,12.11720000000000,0.00000000000000
ruffle.exe,11016,0x0000000000000000,Other,-1,0,0,79.22361719999999,0.00000000000000,33.38520000000000,0,Composed: Copy with GPU GDI,0.67130000000000,30.27990000000000,33.34930000000000,0.00000000000000,-11.05380000000000,10.94450000000000,0.00000000000000
ruffle.exe,11016,0x0000000000000000,Other,-1,0,0,79.26178770000000,0.00000000000000,38.17050000000000,0,Composed: Copy with GPU GDI,0.61610000000000,25.43350000000000,33.32410000000000,0.00000000000000,-13.55030000000000,13.48270000000000,0.00000000000000
ruffle.exe,11016,0x0000000000000000,Other,-1,0,0,79.29803210000000,0.00000000000000,36.24440000000000,0,Composed: Copy with GPU GDI,0.63330000000000,22.50890000000000,33.31980000000000,0.00000000000000,-14.38510000000000,14.29340000000000,0.00000000000000
ruffle.exe,11016,0x0000000000000000,Other,-1,0,0,79.48274830000001,0.00000000000000,184.71620000000001,0,Composed: Copy with GPU GDI,0.84500000000000,21.15580000000000,183.36310000000000,0.00000000000000,-13.03730000000000,13.01190000000000,0.00000000000000
ruffle.exe,11016,0x0000000000000000,Other,-1,0,0,79.51402290000000,0.00000000000000,31.27460000000000,0,Composed: Copy with GPU GDI,0.86520000000000,23.22150000000000,33.34030000000000,0.00000000000000,-11.23660000000000,11.19030000000000,0.00000000000000
ruffle.exe,11016,0x0000000000000000,Other,-1,0,0,79.54990979999999,0.00000000000000,35.88690000000000,0,Composed: Copy with GPU GDI,0.84200000000000,20.68500000000000,33.35040000000000,0.00000000000000,-14.88750000000000,14.77490000000000,0.00000000000000
ruffle.exe,11016,0x0000000000000000,Other,-1,0,0,79.58907600000001,0.00000000000000,39.16620000000000,0,Composed: Copy with GPU GDI,0.83090000000000,31.43810000000000,49.91930000000000,0.00000000000000,-13.71930000000000,13.54980000000000,0.00000000000000
ruffle.exe,11016,0x0000000000000000,Other,-1,0,0,79.62072980000001,0.00000000000000,31.65380000000000,0,Composed: Copy with GPU GDI,0.64050000000000,33.22370000000000,33.43940000000000,0.00000000000000,-11.07470000000000,11.11520000000000,0.00000000000000
ruffle.exe,11016,0x0000000000000000,Other,-1,0,0,79.64677970000000,0.00000000000000,26.04990000000000,0,Composed: Copy with GPU GDI,0.86710000000000,23.80850000000000,16.63470000000000,0.00000000000000,-12.22400000000000,11.53410000000000,0.00000000000000
ruffle.exe,11016,0x0000000000000000,Other,-1,0,0,79.67508570000000,0.00000000000000,28.30600000000000,0,Composed: Copy with GPU GDI,0.67450000000000,28.77200000000000,33.26950000000000,0.00000000000000,-12.12610000000000,12.05650000000000,0.00000000000000
ruffle.exe,11016,0x0000000000000000,Other,-1,0,0,79.70248090000000,0.00000000000000,27.39520000000000,0,Composed: Copy with GPU GDI,0.59650000000000,18.13420000000000,16.75740000000000,0.00000000000000,-12.05130000000000,11.41060000000000,0.00000000000000
ruffle.exe,11016,0x0000000000000000,Other,-1,0,0,79.72907140000001,0.00000000000000,26.59050000000000,0,Composed: Copy with GPU GDI,0.64710000000000,24.88100000000000,33.33730000000000,0.00000000000000,-11.77930000000000,11.72400000000000,0.00000000000000
ruffle.exe,11016,0x0000000000000000,Other,-1,0,0,79.76310590000000,0.00000000000000,34.03450000000000,0,Composed: Copy with GPU GDI,0.59520000000000,24.13590000000000,33.28940000000000,0.00000000000000,-12.41610000000000,12.30810000000000,0.00000000000000
ruffle.exe,11016,0x0000000000000000,Other,-1,0,0,79.80160250000000,0.00000000000000,38.49660000000000,0,Composed: Copy with GPU GDI,0.88190000000000,18.98340000000000,33.34410000000000,0.00000000000000,-13.31330000000000,13.29170000000000,0.00000000000000
ruffle.exe,11016,0x0000000000000000,Other,-1,0,0,79.83651150000000,0.00000000000000,34.90900000000000,0,Composed: Copy with GPU GDI,0.75010000000000,17.39250000000000,33.31810000000000,0.00000000000000,-14.82840000000000,11.50300000000000,0.00000000000000
ruffle.exe,11016,0x0000000000000000,Other,-1,0,0,79.87589070000000,0.00000000000000,39.37920000000000,0,Composed: Copy with GPU GDI,0.95150000000000,28.01180000000000,49.99850000000000,0.00000000000000,-12.64300000000000,12.27580000000000,0.00000000000000
ruffle.exe,11016,0x0000000000000000,Other,-1,0,0,79.90214840000000,0.00000000000000,26.25770000000000,0,Composed: Copy with GPU GDI,0.61890000000000,18.43370000000000,16.67960000000000,0.00000000000000,-10.76170000000000,10.73760000000000,0.00000000000000
ruffle.exe,11016,0x0000000000000000,Other,-1,0,0,79.93210120000001,0.00000000000000,29.95280000000000,0,Composed: Copy with GPU GDI,0.84460000000000,21.81570000000000,33.33480000000000,0.00000000000000,-11.79140000000000,11.80930000000000,0.00000000000000
ruffle.exe,11016,0x0000000000000000,Other,-1,0,0,79.96880969999999,0.00000000000000,36.70850000000000,0,Composed: Copy with GPU GDI,0.60750000000000,18.43850000000000,33.33130000000000,0.00000000000000,-13.20870000000000,13.23170000000000,0.00000000000000
ruffle.exe,11016,0x0000000000000000,Other,-1,0,0,80.00061119999999,0.00000000000000,31.80150000000000,0,Composed: Copy with GPU GDI,0.61060000000000,20.02590000000000,33.38890000000000,0.00000000000000,-13.46340000000000,13.14630000000000,0.00000000000000
ruffle.exe,11016,0x0000000000000000,Other,-1,0,0,80.02709759999999,0.00000000000000,26.48640000000000,0,Composed: Copy with GPU GDI,0.62650000000000,26.83740000000000,33.29790000000000,0.00000000000000,-12.03120000000000,11.91180000000000,0.00000000000000
ruffle.exe,11016,0x0000000000000000,Other,-1,0,0,80.05824020000000,0.00000000000000,31.14260000000000,0,Composed: Copy with GPU GDI,0.57650000000000,29.01580000000000,33.32100000000001,0.00000000000000,-12.40140000000000,12.27490000000000,0.00000000000000
ruffle.exe,11016,0x0000000000000000,Other,-1,0,0,80.08960309999999,0.00000000000000,31.36290000000000,0,Composed: Copy with GPU GDI,0.70580000000000,31.01760000000000,33.36470000000000,0.00000000000000,-10.96840000000000,10.99760000000000,0.00000000000000
ruffle.exe,11016,0x0000000000000000,Other,-1,0,0,80.12664389999999,0.00000000000000,37.04080000000000,0,Composed: Copy with GPU GDI,0.87330000000000,27.31250000000000,33.33570000000000,0.00000000000000,-12.10550000000000,12.12140000000000,0.00000000000000
ruffle.exe,11016,0x0000000000000000,Other,-1,0,0,80.15471760000001,0.00000000000000,28.07370000000000,0,Composed: Copy with GPU GDI,0.89940000000000,32.59170000000000,33.35290000000000,0.00000000000000,-11.84020000000000,12.04560000000000,0.00000000000000
ruffle.exe,11016,0x0000000000000000,Other,-1,0,0,80.19261109999999,0.00000000000000,37.89350000000000,0,Composed: Copy with GPU GDI,0.62880000000000,28.06120000000000,33.36300000000000,0.00000000000000,-13.45530000000000,13.36450000000000,0.00000000000000
ruffle.exe,11016,0x0000000000000000,Other,-1,0,0,80.22356490000000,0.00000000000000,30.95380000000000,0,Composed: Copy with GPU GDI,0.88650000000000,30.38810000000000,33.28070000000000,0.00000000000000,-13.73120000000000,13.76120000000000,0.00000000000000
ruffle.exe,11016,0x0000000000000000,Other,-1,0,0,80.25579990000000,0.00000000000000,32.23500000000000,0,Composed: Copy with GPU GDI,0.70240000000000,31.47110000000000,33.31800000000000,0.00000000000000,-11.84940000000000,11.91550000000000,0.00000000000000
ruffle.exe,11016,0x0000000000000000,Other,-1,0,0,80.28459110000000,0.00000000000000,28.79120000000000,0,Composed: Copy with GPU GDI,0.65820000000000,19.35580000000000,16.67590000000000,0.00000000000000,-11.69800000000000,11.00780000000000,0.00000000000000
ruffle.exe,11016,0x0000000000000000,Other,-1,0,0,80.47466770000001,0.00000000000000,190.07660000000001,0,Composed: Copy with GPU GDI,0.80640000000000,29.25900000000000,199.97980000000001,0.00000000000000,-15.21150000000000,15.11930000000000,0.00000000000000
ruffle.exe,11016,0x0000000000000000,Other,-1,0,0,80.50546700000001,0.00000000000000,30.79930000000000,0,Composed: Copy with GPU GDI,0.89740000000000,31.80960000000000,33.34990000000000,0.00000000000000,-12.85570000000000,12.94140000000000,0.00000000000000
ruffle.exe,11016,0x0000000000000000,Other,-1,0,0,80.53725609999999,0.00000000000000,31.78910000000000,0,Composed: Copy with GPU GDI,0.67130000000000,33.35290000000000,33.33240000000000,0.00000000000000,-12.49740000000000,12.48970000000000,0.00000000000000
ruffle.exe,11016,0x0000000000000000,Other,-1,0,0,80.56795849999999,0.00000000000000,30.70240000000000,0,Composed: Copy with GPU GDI,0.61220000000000,19.39590000000000,16.74540000000000,0.00000000000000,-11.61970000000000,11.03880000000000,0.00000000000000
ruffle.exe,11016,0x0000000000000000,Other,-1,0,0,80.60233920000000,0.00000000000000,34.38070000000000,0,Composed: Copy with GPU GDI,0.89700000000000,18.30680000000000,33.29160000000000,0.00000000000000,-16.69690000000000,13.20940000000000,0.00000000000000
ruffle.exe,11016,0x0000000000000000,Other,-1,0,0,80.63699280000002,0.00000000000000,34.65360000000000,0,Composed: Copy with GPU GDI,0.88310000000000,33.65770000000000,50.00450000000000,0.00000000000000,-12.21240000000000,12.20800000000000,0.00000000000000
ruffle.exe,11016,0x0000000000000000,Other,-1,0,0,80.67134040000001,0.00000000000000,34.34760000000000,0,Composed: Copy with GPU GDI,0.90550000000000,32.65480000000000,33.34470000000000,0.00000000000000,-12.19330000000000,12.28720000000000,0.00000000000000
ruffle.exe,11016,0x0000000000000000,Other,-1,0,0,80.70242710000001,0.00000000000000,31.08670000000000,0,Composed: Copy with GPU GDI,0.84720000000000,18.27850000000000,16.71040000000000,0.00000000000000,-14.35030000000000,13.43120000000000,0.00000000000000
ruffle.exe,11016,0x0000000000000000,Other,-1,0,0,80.73734660000001,0.00000000000000,34.91950000000000,0,Composed: Copy with GPU GDI,0.87590000000000,33.33720000000000,49.97820000000000,0.00000000000000,-13.93220000000000,14.09750000000000,0.00000000000000
ruffle.exe,11016,0x0000000000000000,Other,-1,0,0,80.76019920000000,0.00000000000000,22.85260000000000,0,Composed: Copy with GPU GDI,0.60550000000000,27.15060000000000,16.66600000000000,0.00000000000000,-12.42340000000000,11.69270000000000,0.00000000000000
ruffle.exe,11016,0x0000000000000000,Other,-1,0,0,80.78237840000000,0.00000000000000,22.17920000000000,0,Composed: Copy with GPU GDI,0.63140000000000,21.66680000000000,16.69540000000000,0.00000000000000,-12.58780000000000,11.72530000000000,0.00000000000000
ruffle.exe,11016,0x0000000000000000,Other,-1,0,0,80.81620310000000,0.00000000000000,33.82470000000000,0,Composed: Copy with GPU GDI,0.81460000000000,21.15650000000000,33.31440000000000,0.00000000000000,-14.58040000000000,11.99190000000000,0.00000000000000
ruffle.exe,11016,0x0000000000000000,Other,-1,0,0,80.84646010000000,0.00000000000000,30.25700000000000,0,Composed: Copy with GPU GDI,0.58250000000000,24.17570000000000,33.27620000000000,0.00000000000000,-11.79380000000000,11.71700000000000,0.00000000000000
ruffle.exe,11016,0x0000000000000000,Other,-1,0,0,80.87730920000000,0.00000000000000,30.84910000000000,0,Composed: Copy with GPU GDI,0.65120000000000,26.82000000000000,33.49340000000000,0.00000000000000,-13.31320000000000,13.16130000000000,0.00000000000000
ruffle.exe,11016,0x0000000000000000,Other,-1,0,0,80.91368550000001,0.00000000000000,36.37630000000000,0,Composed: Copy with GPU GDI,0.61060000000000,23.72760000000000,33.28390000000000,0.00000000000000,-14.07090000000000,13.94860000000000,0.00000000000000
ruffle.exe,11016,0x0000000000000000,Other,-1,0,0,80.94229220000000,0.00000000000000,28.60670000000000,0,Composed: Copy with GPU GDI,1.78090000000000,45.04490000000001,49.92400000000000,0.00000000000000,-11.79420000000000,11.58170000000000,0.00000000000000
ruffle.exe,11016,0x0000000000000000,Other,-1,0,0,80.97688800000000,0.00000000000000,34.59580000000000,0,Composed: Copy with GPU GDI,0.60660000000000,27.13240000000000,16.68330000000000,0.00000000000000,-15.13180000000000,11.50900000000000,0.00000000000000
ruffle.exe,11016,0x0000000000000000,Other,-1,0,0,81.00912100000001,0.00000000000000,32.23300000000000,0,Composed: Copy with GPU GDI,0.73940000000000,28.24760000000000,33.34820000000000,0.00000000000000,-13.17020000000000,11.45280000000000,0.00000000000000
ruffle.exe,11016,0x0000000000000000,Other,-1,0,0,81.04542479999999,0.00000000000000,36.30380000000000,0,Composed: Copy with GPU GDI,0.59130000000000,25.30010000000000,33.35630000000000,0.00000000000000,-12.98210000000000,11.81560000000000,0.00000000000000
ruffle.exe,11016,0x0000000000000000,Other,-1,0,0,81.07612230000001,0.00000000000000,30.69750000000000,0,Composed: Copy with GPU GDI,1.76360000000000,27.96610000000000,33.36350000000000,0.00000000000000,-11.80750000000000,11.54960000000000,0.00000000000000
ruffle.exe,11016,0x0000000000000000,Other,-1,0,0,81.11453870000001,0.00000000000000,38.41640000000000,0,Composed: Copy with GPU GDI,0.66570000000000,22.82630000000000,33.27660000000000,0.00000000000000,-14.31900000000000,13.17380000000000,0.00000000000000
ruffle.exe,11016,0x0000000000000000,Other,-1,0,0,81.15357469999999,0.00000000000000,39.03600000000000,0,Composed: Copy with GPU GDI,0.61420000000000,33.81990000000000,50.02960000000000,0.00000000000000,-13.34880000000000,13.34840000000000,0.00000000000000
ruffle.exe,11016,0x0000000000000000,Other,-1,0,0,81.19036570000000,0.00000000000000,36.79100000000000,0,Composed: Copy with GPU GDI,0.87440000000000,30.33950000000000,33.31060000000000,0.00000000000000,-12.11280000000000,12.03900000000000,0.00000000000000
ruffle.exe,11016,0x0000000000000000,Other,-1,0,0,81.21596830000000,0.00000000000000,25.60260000000000,0,Composed: Copy with GPU GDI,0.64640000000000,21.42530000000000,16.68840000000000,0.00000000000000,-12.29490000000000,11.48470000000000,0.00000000000000
ruffle.exe,11016,0x0000000000000000,Other,-1,0,0,81.24662680000000,0.00000000000000,30.65850000000000,0,Composed: Copy with GPU GDI,0.65660000000000,24.10560000000000,33.33880000000000,0.00000000000000,-12.26200000000000,12.32180000000000,0.00000000000000
ruffle.exe,11016,0x0000000000000000,Other,-1,0,0,81.27900260000001,0.00000000000000,32.37580000000000,0,Composed: Copy with GPU GDI,0.66400000000000,25.04460000000000,33.31480000000000,0.00000000000000,-13.24540000000000,11.51890000000000,0.00000000000000
ruffle.exe,11016,0x0000000000000000,Other,-1,0,0,81.46447630000000,0.00000000000000,185.47370000000001,0,Composed: Copy with GPU GDI,0.85000000000000,22.94130000000000,183.37040000000002,0.00000000000000,-13.69140000000000,13.53620000000000,0.00000000000000
ruffle.exe,11016,0x0000000000000000,Other,-1,0,0,81.49576880000001,0.00000000000000,31.29250000000000,0,Composed: Copy with GPU GDI,0.61470000000000,25.00280000000000,33.35400000000000,0.00000000000000,-11.88050000000000,11.82340000000000,0.00000000000000
ruffle.exe,11016,0x0000000000000000,Other,-1,0,0,81.52504709999999,0.00000000000000,29.27830000000000,0,Composed: Copy with GPU GDI,0.88380000000000,28.98370000000000,33.25920000000000,0.00000000000000,-11.84310000000000,11.65470000000000,0.00000000000000
ruffle.exe,11016,0x0000000000000000,Other,-1,0,0,81.55567200000000,0.00000000000000,30.62490000000000,0,Composed: Copy with GPU GDI,0.88100000000000,31.71640000000000,33.35760000000001,0.00000000000000,-12.20870000000000,12.13060000000000,0.00000000000000
ruffle.exe,11016,0x0000000000000000,Other,-1,0,0,81.58633940000000,0.00000000000000,30.66740000000000,0,Composed: Copy with GPU GDI,0.64230000000000,17.77700000000000,16.72800000000000,0.00000000000000,-11.61610000000000,11.52720000000000,0.00000000000000
ruffle.exe,11016,0x0000000000000000,Other,-1,0,0,81.61425210000000,0.00000000000000,27.91270000000000,0,Composed: Copy with GPU GDI,0.80830000000000,23.15370000000000,33.28940000000000,0.00000000000000,-13.46940000000000,13.41250000000000,0.00000000000000
ruffle.exe,11016,0x0000000000000000,Other,-1,0,0,81.65253470000000,0.00000000000000,38.28260000000000,0,Composed: Copy with GPU GDI,0.61960000000000,18.23880000000000,33.36770000000000,0.00000000000000,-14.32670000000000,14.25060000000000,0.00000000000000
ruffle.exe,11016,0x0000000000000000,Other,-1,0,0,81.67602719999999,0.00000000000000,23.49250000000000,0,Composed: Copy with GPU GDI,0.62120000000000,28.02700000000000,33.28070000000000,0.00000000000000,-11.75870000000000,11.70500000000000,0.00000000000000
ruffle.exe,11016,0x0000000000000000,Other,-1,0,0,81.70372190000001,0.00000000000000,27.69470000000000,0,Composed: Copy with GPU GDI,0.87800000000000,33.67480000000000,33.34250000000000,0.00000000000000,-11.10100000000000,11.29570000000000,0.00000000000000
ruffle.exe,11016,0x0000000000000000,Other,-1,0,0,81.73549600000000,0.00000000000000,31.77410000000000,0,Composed: Copy with GPU GDI,0.62750000000000,18.62320000000000,16.72250000000000,0.00000000000000,-12.44020000000000,11.80540000000000,0.00000000000000
ruffle.exe,11016,0x0000000000000000,Other,-1,0,0,81.77723610000000,0.00000000000000,41.74010000000001,0,Composed: Copy with GPU GDI,0.60300000000000,26.90060000000000,50.01750000000001,0.00000000000000,-11.87270000000000,11.72790000000000,0.00000000000000
ruffle.exe,11016,0x0000000000000000,Other,-1,0,0,81.80610430000000,0.00000000000000,28.86820000000000,0,Composed: Copy with GPU GDI,0.82570000000000,31.35610000000000,33.32370000000000,0.00000000000000,-13.30910000000000,13.13630000000000,0.00000000000000
ruffle.exe,11016,0x0000000000000000,Other,-1,0,0,81.84035030000001,0.00000000000000,34.24600000000000,0,Composed: Copy with GPU GDI,0.61590000000000,30.42740000000000,33.31730000000000,0.00000000000000,-13.70260000000000,13.63110000000000,0.00000000000000
ruffle.exe,11016,0x0000000000000000,Other,-1,0,0,81.86829549999999,0.00000000000000,27.94520000000000,0,Composed: Copy with GPU GDI,0.61760000000000,19.13640000000000,16.65420000000000,0.00000000000000,-10.05000000000000,10.06310000000000,0.00000000000000
ruffle.exe,11016,0x0000000000000000,Other,-1,0,0,81.90396020000000,0.00000000000000,35.66470000000000,0,Composed: Copy with GPU GDI,0.67400000000000,33.47500000000000,50.00330000000000,0.00000000000000,-11.31650000000000,11.33140000000000,0.00000000000000
ruffle.exe,11016,0x0000000000000000,Other,-1,0,0,81.93652450000000,0.00000000000000,32.56430000000000,0,Composed: Copy with GPU GDI,0.89210000000000,17.59880000000000,16.68810000000000,0.00000000000000,-11.69380000000000,11.92810000000000,0.00000000000000
ruffle.exe,11016,0x0000000000000000,Other,-1,0,0,81.97479610000001,0.00000000000000,38.27160000000000,0,Composed: Copy with GPU GDI,0.85720000000000,29.28880000000000,49.96160000000000,0.00000000000000,-12.52320000000000,12.24750000000000,0.00000000000000
ruffle.exe,11016,0x0000000000000000,Other,-1,0,0,82.00249340000001,0.00000000000000,27.69730000000000,0,Composed: Copy with GPU GDI,0.81410000000000,18.28880000000000,16.69730000000000,0.00000000000000,-11.95700000000000,11.17220000000000,0.00000000000000
ruffle.exe,11016,0x0000000000000000,Other,-1,0,0,82.04763220000000,0.00000000000000,45.13880000000000,0,Composed: Copy with GPU GDI,0.83770000000000,23.16700000000000,50.01700000000000,0.00000000000000,-13.93630000000000,13.89670000000000,0.00000000000000
ruffle.exe,11016,0x0000000000000000,Other,-1,0,0,82.08344860000001,0.00000000000000,35.81640000000000,0,Composed: Copy with GPU GDI,0.61180000000000,20.66980000000000,33.31920000000000,0.00000000000000,-13.59950000000000,13.49750000000000,0.00000000000000
ruffle.exe,11016,0x0000000000000000,Other,-1,0,0,82.11589549999999,0.00000000000000,32.44690000000000,0,Composed: Copy with GPU GDI,0.84770000000000,21.57140000000000,33.34850000000000,0.00000000000000,-11.69530000000000,11.62110000000000,0.00000000000000
ruffle.exe,11016,0x0000000000000000,Other,-1,0,0,82.14614550000000,0.00000000000000,30.25000000000000,0,Composed: Copy with GPU GDI,0.87840000000000,24.63660000000000,33.31520000000000,0.00000000000000,-11.96960000000000,12.03460000000000,0.00000000000000
ruffle.exe,11016,0x0000000000000000,Other,-1,0,0,82.21342140000000,0.00000000000000,67.27590000000001,0,Composed: Copy with GPU GDI,1.16320000000000,24.03170000000000,66.67100000000001,0.00000000000000,-13.86410000000000,11.72630000000000,0.00000000000000
ruffle.exe,11016,0x0000000000000000,Other,-1,0,0,82.28919630000000,0.00000000000000,75.77490000000000,0,Composed: Copy with GPU GDI,0.86170000000000,31.60860000000000,83.35180000000000,0.00000000000000,-19.94390000000000,16.57800000000000,0.00000000000000
ruffle.exe,11016,0x0000000000000000,Other,-1,0,0,82.43538599999999,0.00000000000000,146.18970000000002,0,Composed: Copy with GPU GDI,0.80780000000000,18.80950000000000,133.39060000000001,0.00000000000000,-12.44660000000000,12.51380000000000,0.00000000000000
ruffle.exe,11016,0x0000000000000000,Other,-1,0,0,82.46355420000000,0.00000000000000,28.16820000000000,0,Composed: Copy with GPU GDI,0.66650000000000,23.92490000000000,33.28360000000000,0.00000000000000,-12.06700000000000,11.92190000000000,0.00000000000000
ruffle.exe,11016,0x0000000000000000,Other,-1,0,0,82.50043700000001,0.00000000000000,36.88280000000000,0,Composed: Copy with GPU GDI,0.88020000000000,20.38530000000000,33.34320000000000,0.00000000000000,-12.15560000000000,12.22240000000000,0.00000000000000
ruffle.exe,11016,0x0000000000000000,Other,-1,0,0,82.53498300000000,0.00000000000000,34.54600000000000,0,Composed: Copy with GPU GDI,0.93620000000000,19.16250000000000,33.32320000000000,0.00000000000000,-11.67340000000000,11.75490000000000,0.00000000000000
ruffle.exe,11016,0x0000000000000000,Other,-1,0,0,82.56595480000001,0.00000000000000,30.97180000000000,0,Composed: Copy with GPU GDI,0.86170000000000,21.55850000000000,33.36780000000000,0.00000000000000,-11.76570000000000,11.81300000000000,0.00000000000000
ruffle.exe,11016,0x0000000000000000,Other,-1,0,0,82.59623119999999,0.00000000000000,30.27640000000000,0,Composed: Copy with GPU GDI,0.58020000000000,24.61260000000000,33.33050000000000,0.00000000000000,-12.62220000000000,12.55400000000000,0.00000000000000
ruffle.exe,11016,0x0000000000000000,Other,-1,0,0,82.63040420000000,0.00000000000000,34.17300000000000,0,Composed: Copy with GPU GDI,0.60650000000000,23.78050000000000,33.34090000000000,0.00000000000000,-12.63660000000000,12.57570000000000,0.00000000000000
ruffle.exe,11016,0x0000000000000000,Other,-1,0,0,82.66424030000000,0.00000000000000,33.83610000000000,0,Composed: Copy with GPU GDI,0.64990000000000,23.30080000000000,33.35640000000000,0.00000000000000,-13.43650000000000,13.32260000000000,0.00000000000000
ruffle.exe,11016,0x0000000000000000,Other,-1,0,0,82.69735810000000,0.00000000000000,33.11780000000000,0,Composed: Copy with GPU GDI,0.61850000000000,23.51490000000000,33.33190000000000,0.00000000000000,-11.02190000000000,11.01760000000000,0.00000000000000
ruffle.exe,11016,0x0000000000000000,Other,-1,0,0,82.73259700000000,0.00000000000000,35.23890000000000,0,Composed: Copy with GPU GDI,0.62300000000000,21.63180000000000,33.35580000000000,0.00000000000000,-12.21500000000000,12.14530000000000,0.00000000000000
ruffle.exe,11016,0x0000000000000000,Other,-1,0,0,82.76387600000001,0.00000000000000,31.27900000000000,0,Composed: Copy with GPU GDI,0.92280000000000,23.61040000000000,33.25760000000000,0.00000000000000,-11.14430000000000,11.25950000000000,0.00000000000000
ruffle.exe,11016,0x0000000000000000,Other,-1,0,0,82.80062060000000,0.00000000000000,36.74460000000000,0,Composed: Copy with GPU GDI,0.85670000000000,20.23630000000000,33.37050000000000,0.00000000000000,-12.55450000000000,12.37390000000000,0.00000000000000
ruffle.exe,11016,0x0000000000000000,Other,-1,0,0,82.84105530000001,0.00000000000000,40.43470000000000,0,Composed: Copy with GPU GDI,0.60070000000000,29.84170000000000,50.04010000000000,0.00000000000000,-13.42430000000000,13.04490000000000,0.00000000000000
ruffle.exe,11016,0x0000000000000000,Other,-1,0,0,82.88059350000000,0.00000000000000,39.53820000000000,0,Composed: Copy with GPU GDI,0.83170000000000,23.62370000000000,33.32020000000000,0.00000000000000,-13.85810000000000,13.74980000000000,0.00000000000000
ruffle.exe,11016,0x0000000000000000,Other,-1,0,0,82.91043280000000,0.00000000000000,29.83930000000000,0,Composed: Copy with GPU GDI,0.58330000000000,27.09700000000000,33.31260000000000,0.00000000000000,-12.33630000000000,12.21440000000000,0.00000000000000
ruffle.exe,11016,0x0000000000000000,Other,-1,0,0,82.93460970000000,0.00000000000000,24.17690000000000,0,Composed: Copy with GPU GDI,0.87570000000000,19.61710000000000,16.69700000000000,0.00000000000000,-12.52030000000000,11.79140000000000,0.00000000000000
ruffle.exe,11016,0x0000000000000000,Other,-1,0,0,82.96527120000000,0.00000000000000,30.66150000000000,0,Composed: Copy with GPU GDI,0.88550000000000,22.24870000000000,33.29310000000000,0.00000000000000,-11.68500000000000,11.62410000000000,0.00000000000000
ruffle.exe,11016,0x0000000000000000,Other,-1,0,0,83.00580710000001,0.00000000000000,40.53590000000001,0,Composed: Copy with GPU GDI,0.63130000000000,31.75060000000000,50.03780000000000,0.00000000000000,-12.50830000000000,12.48020000000000,0.00000000000000
ruffle.exe,11016,0x0000000000000000,Other,-1,0,0,83.03284850000000,0.00000000000000,27.04140000000000,0,Composed: Copy with GPU GDI,0.67740000000000,21.36030000000000,16.65110000000000,0.00000000000000,-12.18850000000000,11.29030000000000,0.00000000000000
ruffle.exe,11016,0x0000000000000000,Other,-1,0,0,83.07260099999999,0.00000000000000,39.75250000000000,0,Composed: Copy with GPU GDI,0.77050000000000,31.59160000000000,49.98380000000000,0.00000000000000,-14.00910000000000,13.74540000000000,0.00000000000000
ruffle.exe,11016,0x0000000000000000,Other,-1,0,0,83.10097640000001,0.00000000000000,28.37540000000000,0,Composed: Copy with GPU GDI,0.63570000000000,19.90250000000000,16.68630000000000,0.00000000000000,-14.70100000000000,13.70410000000000,0.00000000000000
ruffle.exe,11016,0x0000000000000000,Other,-1,0,0,83.13643410000000,0.00000000000000,35.45770000000000,0,Composed: Copy with GPU GDI,0.62360000000000,17.81090000000000,33.36610000000000,0.00000000000000,-11.75280000000000,11.71390000000000,0.00000000000000
ruffle.exe,11016,0x0000000000000000,Other,-1,0,0,83.16461730000000,0.00000000000000,28.18320000000000,0,Composed: Copy with GPU GDI,0.59370000000000,22.92990000000000,33.30220000000000,0.00000000000000,-11.58600000000000,11.49380000000000,0.00000000000000
ruffle.exe,11016,0x0000000000000000,Other,-1,0,0,83.20080020000000,0.00000000000000,36.18290000000000,0,Composed: Copy with GPU GDI,0.90070000000000,20.09260000000000,33.34560000000000,0.00000000000000,-12.24220000000000,12.12780000000000,0.00000000000000
ruffle.exe,11016,0x0000000000000000,Other,-1,0,0,83.23070940000001,0.00000000000000,29.90920000000000,0,Composed: Copy with GPU GDI,0.62270000000000,23.53460000000000,33.35120000000000,0.00000000000000,-11.82940000000000,11.84120000000000,0.00000000000000
ruffle.exe,11016,0x0000000000000000,Other,-1,0,0,83.26449120000001,0.00000000000000,33.78180000000000,0,Composed: Copy with GPU GDI,0.86340000000000,23.05310000000000,33.30030000000000,0.00000000000000,-13.34780000000000,13.26840000000000,0.00000000000000
ruffle.exe,11016,0x0000000000000000,Other,-1,0,0,83.43654540000000,0.00000000000000,172.05420000000001,0,Composed: Copy with GPU GDI,0.61120000000000,17.74910000000000,166.75020000000001,0.00000000000000,-13.95040000000000,13.90800000000000,0.00000000000000
ruffle.exe,11016,0x0000000000000000,Other,-1,0,0,83.45913539999999,0.00000000000000,22.59000000000000,0,Composed: Copy with GPU GDI,0.64840000000000,28.38680000000000,33.22770000000000,0.00000000000000,-12.26620000000000,12.17800000000000,0.00000000000000
ruffle.exe,11016,0x0000000000000000,Other,-1,0,0,83.48745630000001,0.00000000000000,28.32090000000000,0,Composed: Copy with GPU GDI,0.72290000000000,33.43820000000000,33.37230000000000,0.00000000000000,-11.32200000000000,11.43760000000000,0.00000000000000
ruffle.exe,11016,0x0000000000000000,Other,-1,0,0,83.51572520000001,0.00000000000000,28.26890000000000,0,Composed: Copy with GPU GDI,0.61440000000000,21.85150000000000,16.68220000000000,0.00000000000000,-12.10210000000000,11.29100000000000,0.00000000000000
ruffle.exe,11016,0x0000000000000000,Other,-1,0,0,83.56017360000000,0.00000000000000,44.44840000000000,0,Composed: Copy with GPU GDI,0.87150000000000,27.45240000000000,50.04930000000000,0.00000000000000,-14.28890000000000,14.09460000000000,0.00000000000000
ruffle.exe,11016,0x0000000000000000,Other,-1,0,0,83.59757040000000,0.00000000000000,37.39680000000000,0,Composed: Copy with GPU GDI,0.60530000000000,23.35640000000000,33.30080000000000,0.00000000000000,-13.61730000000000,13.53740000000000,0.00000000000000
ruffle.exe,11016,0x0000000000000000,Other,-1,0,0,83.63068840000000,0.00000000000000,33.11800000000000,0,Composed: Copy with GPU GDI,0.90790000000000,23.58680000000000,33.34840000000001,0.00000000000000,-13.49370000000000,11.75390000000000,0.00000000000000
ruffle.exe,11016,0x0000000000000000,Other,-1,0,0,83.67134369999999,0.00000000000000,40.65530000000000,0,Composed: Copy with GPU GDI,0.97790000000000,32.90910000000000,49.97760000000000,0.00000000000000,-13.84170000000000,11.92770000000000,0.00000000000000
ruffle.exe,11016,0x0000000000000000,Other,-1,0,0,83.70109819999999,0.00000000000000,29.75450000000000,0,Composed: Copy with GPU GDI,0.87840000000000,19.87140000000000,16.71680000000000,0.00000000000000,-15.65280000000000,11.72550000000000,0.00000000000000
ruffle.exe,11016,0x0000000000000000,Other,-1,0,0,83.72452920000001,0.00000000000000,23.43100000000000,0,Composed: Copy with GPU GDI,0.86710000000000,29.75640000000000,33.31600000000000,0.00000000000000,-11.73240000000000,11.63500000000000,0.00000000000000
ruffle.exe,11016,0x0000000000000000,Other,-1,0,0,83.76294310000000,0.00000000000000,38.41390000000001,0,Composed: Copy with GPU GDI,0.86900000000000,24.67700000000000,33.33450000000000,0.00000000000000,-13.78600000000000,13.67950000000000,0.00000000000000
ruffle.exe,11016,0x0000000000000000,Other,-1,0,0,83.80322930000001,0.00000000000000,40.28620000000000,0,Composed: Copy with GPU GDI,0.88620000000000,17.70330000000000,33.31250000000000,0.00000000000000,-15.90390000000000,14.23300000000000,0.00000000000000
ruffle.exe,11016,0x0000000000000000,Other,-1,0,0,83.84381580000000,0.00000000000000,40.58650000000000,0,Composed: Copy with GPU GDI,0.87550000000000,27.11330000000000,49.99650000000000,0.00000000000000,-15.86140000000000,12.12900000000000,0.00000000000000
ruffle.exe,11016,0x0000000000000000,Other,-1,0,0,83.87599659999999,0.00000000000000,32.18080000000000,0,Composed: Copy with GPU GDI,0.64870000000000,28.23890000000000,33.30640000000000,0.00000000000000,-11.68620000000000,11.59890000000000,0.00000000000000
ruffle.exe,11016,0x0000000000000000,Other,-1,0,0,83.90495470000000,0.00000000000000,28.95810000000000,0,Composed: Copy with GPU GDI,0.89980000000000,32.65180000000000,33.37100000000000,0.00000000000000,-11.83960000000000,12.02810000000000,0.00000000000000
ruffle.exe,11016,0x0000000000000000,Other,-1,0,0,83.93597560000001,0.00000000000000,31.02090000000000,0,Composed: Copy with GPU GDI,0.92250000000000,18.29340000000000,16.66250000000000,0.00000000000000,-14.95770000000000,11.77250000000000,0.00000000000000
ruffle.exe,11016,0x0000000000000000,Other,-1,0,0,83.96909810000001,0.00000000000000,33.12250000000000,0,Composed: Copy with GPU GDI,0.82380000000000,18.55410000000000,33.38320000000000,0.00000000000000,-12.12450000000000,12.26320000000000,0.00000000000000
ruffle.exe,11016,0x0000000000000000,Other,-1,0,0,83.99512290000000,0.00000000000000,26.02480000000000,0,Composed: Copy with GPU GDI,0.68200000000000,25.85230000000000,33.32300000000000,0.00000000000000,-13.67170000000000,13.56700000000000,0.00000000000000
ruffle.exe,11016,0x0000000000000000,Other,-1,0,0,84.02305869999999,0.00000000000000,27.93580000000000,0,Composed: Copy with GPU GDI,0.79420000000000,31.25070000000000,33.33420000000000,0.00000000000000,-13.19430000000000,12.87050000000000,0.00000000000000
ruffle.exe,11016,0x0000000000000000,Other,-1,0,0,84.06053190000000,0.00000000000000,37.47320000000000,0,Composed: Copy with GPU GDI,0.85100000000000,27.12050000000000,33.34300000000000,0.00000000000000,-11.66900000000000,11.73500000000000,0.00000000000000
ruffle.exe,11016,0x0000000000000000,Other,-1,0,0,84.09442790000000,0.00000000000000,33.89600000000000,0,Composed: Copy with GPU GDI,0.63240000000000,26.54550000000000,33.32100000000001,0.00000000000000,-13.27850000000000,10.93430000000000,0.00000000000000
ruffle.exe,11016,0x0000000000000000,Other,-1,0,0,84.12648670000000,0.00000000000000,32.05880000000001,0,Composed: Copy with GPU GDI,0.88830000000000,27.81710000000000,33.33040000000000,0.00000000000000,-12.83300000000000,12.85910000000000,0.00000000000000
ruffle.exe,11016,0x0000000000000000,Other,-1,0,0,84.15170990000000,0.00000000000000,25.22320000000000,0,Composed: Copy with GPU GDI,0.61290000000000,19.29740000000000,16.70350000000000,0.00000000000000,-11.92530000000000,11.27410000000000,0.00000000000000
ruffle.exe,11016,0x0000000000000000,Other,-1,0,0,84.19350419999999,0.00000000000000,41.79430000000000,0,Composed: Copy with GPU GDI,0.65080000000000,27.45210000000000,49.94900000000001,0.00000000000000,-13.40970000000000,13.30280000000000,0.00000000000000
ruffle.exe,11016,0x0000000000000000,Other,-1,0,0,84.22247920000001,0.00000000000000,28.97500000000000,0,Composed: Copy with GPU GDI,0.80890000000000,31.79700000000000,33.31990000000000,0.00000000000000,-13.28290000000000,13.03970000000000,0.00000000000000
ruffle.exe,11016,0x0000000000000000,Other,-1,0,0,84.25311820000000,0.00000000000000,30.63900000000000,0,Composed: Copy with GPU GDI,0.60670000000000,17.85990000000000,16.70190000000000,0.00000000000000,-11.61900000000000,11.60450000000000,0.00000000000000
ruffle.exe,11016,0x0000000000000000,Other,-1,0,0,84.28448450000000,0.00000000000000,31.36630000000000,0,Composed: Copy with GPU GDI,0.87640000000000,19.81990000000000,33.32630000000000,0.00000000000000,-12.54150000000000,12.49170000000000,0.00000000000000
ruffle.exe,11016,0x0000000000000000,Other,-1,0,0,84.45844140000000,0.00000000000000,173.95690000000002,0,Composed: Copy with GPU GDI,0.65370000000000,29.24600000000000,183.38300000000001,0.00000000000000,-12.90380000000000,12.82510000000000,0.00000000000000
ruffle.exe,11016,0x0000000000000000,Other,-1,0,0,84.48397680000001,0.00000000000000,25.53540000000000,0,Composed: Copy with GPU GDI,0.64980000000000,20.36770000000000,16.65710000000000,0.00000000000000,-14.23110000000000,13.29970000000000,0.00000000000000
ruffle.exe,11016,0x0000000000000000,Other,-1,0,0,84.51411210000001,0.00000000000000,30.13530000000000,0,Composed: Copy with GPU GDI,0.60430000000000,23.57310000000000,33.34070000000000,0.00000000000000,-13.93240000000000,13.78990000000000,0.00000000000000
ruffle.exe,11016,0x0000000000000000,Other,-1,0,0,84.54875260000001,0.00000000000000,34.64050000000000,0,Composed: Copy with GPU GDI,0.89900000000000,22.25130000000000,33.31870000000000,0.00000000000000,-15.07380000000000,12.54500000000000,0.00000000000000
ruffle.exe,11016,0x0000000000000000,Other,-1,0,0,84.58780240000000,0.00000000000000,39.04980000000000,0,Composed: Copy with GPU GDI,0.91000000000000,33.18490000000000,49.98340000000000,0.00000000000000,-11.19950000000000,11.40750000000000,0.00000000000000
ruffle.exe,11016,0x0000000000000000,Other,-1,0,0,84.61802890000001,0.00000000000000,30.22650000000000,0,Composed: Copy with GPU GDI,0.62500000000000,19.66480000000000,16.70640000000000,0.00000000000000,-12.43460000000000,11.69090000000000,0.00000000000000
ruffle.exe,11016,0x0000000000000000,Other,-1,0,0,84.65020600000001,0.00000000000000,32.17710000000000,0,Composed: Copy with GPU GDI,0.86250000000000,20.86010000000000,33.37240000000000,0.00000000000000,-12.20880000000000,12.20790000000000,0.00000000000000
ruffle.exe,11016,0x0000000000000000,Other,-1,0,0,84.68368860000000,0.00000000000000,33.48260000000001,0,Composed: Copy with GPU GDI,0.63220000000000,20.63400000000000,33.25650000000000,0.00000000000000,-13.66930000000000,13.49400000000000,0.00000000000000
ruffle.exe,11016,0x0000000000000000,Other,-1,0,0,84.71017150000000,0.00000000000000,26.48290000000000,0,Composed: Copy with GPU GDI,0.63080000000000,27.55190000000000,33.40080000000000,0.00000000000000,-13.46360000000000,13.46580000000000,0.00000000000000
ruffle.exe,11016,0x0000000000000000,Other,-1,0,0,84.74259200000000,0.00000000000000,32.42050000000000,0,Composed: Copy with GPU GDI,2.08420000000000,28.46540000000000,33.33400000000000,0.00000000000000,-12.27670000000000,11.84340000000000,0.00000000000000
ruffle.exe,11016,0x0000000000000000,Other,-1,0,0,84.77692260000001,0.00000000000000,34.33060000000000,0,Composed: Copy with GPU GDI,3.18370000000000,27.44700000000000,33.31220000000000,0.00000000000000,-11.50910000000000,11.18410000000000,0.00000000000000
ruffle.exe,11016,0x0000000000000000,Other,-1,0,0,84.81332069999999,0.00000000000000,36.39810000000000,0,Composed: Copy with GPU GDI,0.61720000000000,24.36430000000000,33.31540000000000,0.00000000000000,-13.70970000000000,10.80880000000000,0.00000000000000
ruffle.exe,11016,0x0000000000000000,Other,-1,0,0,84.85341680000001,0.00000000000000,40.09610000000000,0,Composed: Copy with GPU GDI,0.64940000000000,17.68150000000000,33.41330000000000,0.00000000000000,-15.75070000000000,12.38250000000000,0.00000000000000
ruffle.exe,11016,0x0000000000000000,Other,-1,0,0,84.87799840000000,0.00000000000000,24.58160000000000,0,Composed: Copy with GPU GDI,0.61970000000000,26.38770000000000,33.28780000000000,0.00000000000000,-13.39080000000000,11.59930000000000,0.00000000000000
ruffle.exe,11016,0x0000000000000000,Other,-1,0,0,84.91648610000000,0.00000000000000,38.48770000000000,0,Composed: Copy with GPU GDI,0.72520000000000,21.24250000000000,33.34250000000000,0.00000000000000,-16.01770000000000,13.32200000000000,0.00000000000000
ruffle.exe,11016,0x0000000000000000,Other,-1,0,0,84.94780200000000,0.00000000000000,31.31590000000000,0,Composed: Copy with GPU GDI,0.58290000000000,23.18260000000000,33.25600000000000,0.00000000000000,-14.82610000000000,13.63150000000000,0.00000000000000
ruffle.exe,11016,0x0000000000000000,Other,-1,0,0,84.96976010000000,0.00000000000000,21.95810000000000,0,Composed: Copy with GPU GDI,0.59270000000000,17.93520000000000,16.71070000000000,0.00000000000000,-11.24840000000000,11.27320000000000,0.00000000000000
ruffle.exe,11016,0x0000000000000000,Other,-1,0,0,85.00878600000000,0.00000000000000,39.02590000000000,0,Composed: Copy with GPU GDI,0.84920000000000,28.91430000000000,50.00500000000000,0.00000000000000,-12.49650000000000,12.44390000000000,0.00000000000000
ruffle.exe,11016,0x0000000000000000,Other,-1,0,0,85.06566570000000,0.00000000000000,56.87970000000000,0,Composed: Copy with GPU GDI,0.87470000000000,22.08670000000000,50.05210000000000,0.00000000000000,-13.05230000000000,13.14430000000000,0.00000000000000
ruffle.exe,11016,0x0000000000000000,Other,-1,0,0,85.10024230000001,0.00000000000000,34.57660000000000,0,Composed: Copy with GPU GDI,0.89260000000000,20.81750000000000,33.30740000000000,0.00000000000000,-14.54110000000000,11.80920000000000,0.00000000000000
ruffle.exe,11016,0x0000000000000000,Other,-1,0,0,85.13862690000001,0.00000000000000,38.38460000000000,0,Composed: Copy with GPU GDI,0.88060000000000,32.41580000000000,49.98290000000000,0.00000000000000,-13.74220000000000,13.83390000000000,0.00000000000000
ruffle.exe,11016,0x0000000000000000,Other,-1,0,0,85.16810460000001,0.00000000000000,29.47770000000000,0,Composed: Copy with GPU GDI,0.92090000000000,19.63190000000000,16.69380000000000,0.00000000000000,-14.95140000000000,14.04540000000000,0.00000000000000
ruffle.exe,11016,0x0000000000000000,Other,-1,0,0,85.19256910000000,0.00000000000000,24.46450000000000,0,Composed: Copy with GPU GDI,0.63510000000000,28.44240000000000,33.27500000000000,0.00000000000000,-12.05870000000000,11.95680000000000,0.00000000000000
ruffle.exe,11016,0x0000000000000000,Other,-1,0,0,85.22004380000000,0.00000000000000,27.47470000000000,0,Composed: Copy with GPU GDI,0.59990000000000,17.69530000000000,16.72760000000000,0.00000000000000,-11.34340000000000,11.38180000000000,0.00000000000000
ruffle.exe,11016,0x0000000000000000,Other,-1,0,0,85.25294270000001,0.00000000000000,32.89890000000000,0,Composed: Copy with GPU GDI,0.62210000000000,18.13690000000000,33.34050000000000,0.00000000000000,-12.22630000000000,12.19450000000000,0.00000000000000
ruffle.exe,11016,0x0000000000000000,Other,-1,0,0,85.27820160000000,0.00000000000000,25.25890000000000,0,Composed: Copy with GPU GDI,0.59920000000000,26.19270000000000,33.31470000000000,0.00000000000000,-11.41520000000000,11.26440000000000,0.00000000000000
ruffle.exe,11016,0x0000000000000000,Other,-1,0,0,85.47578960000000,0.00000000000000,197.58800000000002,0,Composed: Copy with GPU GDI,0.61710000000000,28.58520000000000,199.98050000000001,0.00000000000000,-15.06900000000000,14.97380000000000,0.00000000000000
ruffle.exe,11016,0x0000000000000000,Other,-1,0,0,85.50337570000001,0.00000000000000,27.58610000000000,0,Composed: Copy with GPU GDI,0.63390000000000,17.73370000000000,16.73460000000000,0.00000000000000,-13.94240000000000,13.07090000000000,0.00000000000000
ruffle.exe,11016,0x0000000000000000,Other,-1,0,0,85.53835490000000,0.00000000000000,34.97920000000000,0,Composed: Copy with GPU GDI,0.89900000000000,32.79340000000000,50.03890000000001,0.00000000000000,-15.19090000000000,11.70440000000000,0.00000000000000
ruffle.exe,11016,0x0000000000000000,Other,-1,0,0,85.57306490000001,0.00000000000000,34.71000000000000,0,Composed: Copy with GPU GDI,0.69700000000000,31.36830000000000,33.28490000000000,0.00000000000000,-12.07230000000000,11.94310000000000,0.00000000000000
ruffle.exe,11016,0x0000000000000000,Other,-1,0,0,85.60531650000000,0.00000000000000,32.25160000000000,0,Composed: Copy with GPU GDI,0.86460000000000,32.42710000000000,33.31040000000000,0.00000000000000,-11.39850000000000,11.44680000000000,0.00000000000000
ruffle.exe,11016,0x0000000000000000,Other,-1,0,0,85.63783950000000,0.00000000000000,32.52300000000000,0,Composed: Copy with GPU GDI,0.92770000000000,33.29480000000000,33.39070000000000,0.00000000000000,-12.18520000000000,12.41840000000000,0.00000000000000
ruffle.exe,11016,0x0000000000000000,Other,-1,0,0,85.66838070000000,0.00000000000000,30.54120000000000,0,Composed: Copy with GPU GDI,0.86390000000000,19.38320000000000,16.62960000000000,0.00000000000000,-14.95280000000000,14.03250000000000,0.00000000000000
ruffle.exe,11016,0x0000000000000000,Other,-1,0,0,85.70515519999999,0.00000000000000,36.77450000000000,0,Composed: Copy with GPU GDI,0.86350000000000,32.60710000000000,49.99840000000000,0.00000000000000,-13.20410000000000,13.27430000000000,0.00000000000000
ruffle.exe,11016,0x0000000000000000,Other,-1,0,0,85.73317900000001,0.00000000000000,28.02380000000000,0,Composed: Copy with GPU GDI,0.91870000000000,21.25400000000000,16.67070000000000,0.00000000000000,-12.22600000000000,11.63160000000000,0.00000000000000
ruffle.exe,11016,0x0000000000000000,Other,-1,0,0,85.77086500000000,0.00000000000000,37.68600000000000,0,Composed: Copy with GPU GDI,0.88430000000000,33.56860000000000,50.00060000000001,0.00000000000000,-12.51340000000000,12.67410000000000,0.00000000000000
ruffle.exe,11016,0x0000000000000000,Other,-1,0,0,85.79726370000000,0.00000000000000,26.39870000000000,0,Composed: Copy with GPU GDI,0.61930000000000,23.85640000000000,16.68650000000000,0.00000000000000,-12.26150000000000,11.36830000000000,0.00000000000000
ruffle.exe,11016,0x0000000000000000,Other,-1,0,0,85.83114360000000,0.00000000000000,33.87990000000000,0,Composed: Copy with GPU GDI,0.66250000000000,23.34090000000000,33.36440000000000,0.00000000000000,-12.46470000000000,12.06130000000000,0.00000000000000
ruffle.exe,11016,0x0000000000000000,Other,-1,0,0,85.85916860000000,0.00000000000000,28.02500000000000,0,Composed: Copy with GPU GDI,0.61190000000000,29.53310000000000,34.21720000000000,0.00000000000000,-11.75970000000000,11.66320000000000,0.00000000000000
ruffle.exe,11016,0x0000000000000000,Other,-1,0,0,85.90605950000000,0.00000000000000,46.89090000000000,0,Composed: Copy with GPU GDI,0.71110000000000,31.76040000000000,49.11820000000000,0.00000000000000,-13.66680000000000,13.42820000000000,0.00000000000000
ruffle.exe,11016,0x0000000000000000,Other,-1,0,0,85.93889640000000,0.00000000000000,32.83690000000000,0,Composed: Copy with GPU GDI,0.91030000000000,32.21920000000000,33.29570000000000,0.00000000000000,-13.53550000000000,13.61340000000000,0.00000000000000
ruffle.exe,11016,0x0000000000000000,Other,-1,0,0,85.97376260000000,0.00000000000000,34.86620000000000,0,Composed: Copy with GPU GDI,0.83440000000000,30.68890000000000,33.33590000000000,0.00000000000000,-13.47010000000000,13.32390000000000,0.00000000000000
ruffle.exe,11016,0x0000000000000000,Other,-1,0,0,85.99878780000000,0.00000000000000,25.02520000000000,0,Composed: Copy with GPU GDI,0.86890000000000,22.33700000000000,16.67330000000000,0.00000000000000,-12.16250000000000,11.42910000000000,0.00000000000000
ruffle.exe,11016,0x0000000000000000,Other,-1,0,0,86.03624900000000,0.00000000000000,37.46120000000001,0,Composed: Copy with GPU GDI,0.68210000000000,18.24410000000000,33.36830000000000,0.00000000000000,-12.92830000000000,11.61800000000000,0.00000000000000
ruffle.exe,11016,0x0000000000000000,Other,-1,0,0,86.06511209999999,0.00000000000000,28.86310000000000,0,Composed: Copy with GPU GDI,0.61600000000000,22.71560000000000,33.33460000000000,0.00000000000000,-13.46190000000000,11.70750000000000,0.00000000000000
ruffle.exe,11016,0x0000000000000000,Other,-1,0,0,86.09788000000000,0.00000000000000,32.76790000000000,0,Composed: Copy with GPU GDI,1.75810000000000,23.25520000000000,33.30750000000000,0.00000000000000,-14.09360000000000,12.93390000000000,0.00000000000000
ruffle.exe,11016,0x0000000000000000,Other,-1,0,0,86.18025569999999,0.00000000000000,82.37570000000001,0,Composed: Copy with GPU GDI,0.85540000000000,24.23470000000000,83.35520000000001,0.00000000000000,-14.23210000000000,14.18130000000000,0.00000000000000
ruffle.exe,11016,0x0000000000000000,Other,-1,0,0,86.23642960000001,0.00000000000000,56.17390000000000,0,Composed: Copy with GPU GDI,2.04320000000000,34.74870000000000,66.68790000000000,0.00000000000000,-15.25350000000000,13.20860000000000,0.00000000000000
ruffle.exe,11016,0x0000000000000000,Other,-1,0,0,86.28164330000000,0.00000000000000,45.21370000000000,0,Composed: Copy with GPU GDI,0.84920000000000,22.84110000000000,33.30610000000000,0.00000000000000,-15.75160000000000,12.92730000000000,0.00000000000000
ruffle.exe,11016,0x0000000000000000,Other,-1,0,0,86.44020709999999,0.00000000000000,158.56380000000001,0,Composed: Copy with GPU GDI,0.70660000000000,30.95430000000000,166.67700000000002,0.00000000000000,-12.34190000000000,11.93100000000000,0.00000000000000
ruffle.exe,11016,0x0000000000000000,Other,-1,0,0,86.48808370000000,0.00000000000000,47.87660000000000,0,Composed: Copy with GPU GDI,0.90060000000000,33.11220000000000,50.03450000000000,0.00000000000000,-15.41350000000000,15.22850000000000,0.00000000000000
ruffle.exe,11016,0x0000000000000000,Other,-1,0,0,86.51706090000000,0.00000000000000,28.97720000000000,0,Composed: Copy with GPU GDI,0.90670000000000,20.77140000000000,16.63640000000000,0.00000000000000,-14.43490000000000,11.25770000000000,0.00000000000000
ruffle.exe,11016,0x0000000000000000,Other,-1,0,0,86.55833190000001,0.00000000000000,41.27100000000000,0,Composed: Copy with GPU GDI,0.63360000000000,29.54600000000000,50.04560000000000,0.00000000000000,-11.91470000000000,11.87050000000000,0.00000000000000
ruffle.exe,11016,0x0000000000000000,Other,-1,0,0,86.59468400000000,0.00000000000000,36.35210000000000,0,Composed: Copy with GPU GDI,0.80510000000000,26.52780000000000,33.33390000000000,0.00000000000000,-11.87430000000000,11.75660000000000,0.00000000000000
ruffle.exe,11016,0x0000000000000000,Other,-1,0,0,86.62871590000000,0.00000000000000,34.03190000000000,0,Composed: Copy with GPU GDI,0.61340000000000,25.79520000000000,33.29930000000000,0.00000000000000,-12.37060000000000,12.13550000000000,0.00000000000000
ruffle.exe,11016,0x0000000000000000,Other,-1,0,0,86.65838800000000,0.00000000000000,29.67210000000000,0,Composed: Copy with GPU GDI,0.88730000000000,29.51560000000000,33.39250000000000,0.00000000000000,-13.08010000000000,13.08200000000000,0.00000000000000
ruffle.exe,11016,0x0000000000000000,Other,-1,0,0,86.69760240000001,0.00000000000000,39.21440000000000,0,Composed: Copy with GPU GDI,0.61000000000000,23.60780000000000,33.30660000000000,0.00000000000000,-14.08420000000000,14.00950000000000,0.00000000000000
ruffle.exe,11016,0x0000000000000000,Other,-1,0,0,86.72749850000001,0.00000000000000,29.89610000000000,0,Composed: Copy with GPU GDI,0.60800000000000,27.02150000000000,33.30980000000000,0.00000000000000,-11.10520000000000,10.95750000000000,0.00000000000000
ruffle.exe,11016,0x0000000000000000,Other,-1,0,0,86.75325390000000,0.00000000000000,25.75540000000000,0,Composed: Copy with GPU GDI,0.85810000000000,17.96940000000000,16.70330000000000,0.00000000000000,-11.62180000000000,11.70280000000000,0.00000000000000
ruffle.exe,11016,0x0000000000000000,Other,-1,0,0,86.79828999999999,0.00000000000000,45.03610000000000,0,Composed: Copy with GPU GDI,0.94950000000000,22.92830000000000,49.99500000000000,0.00000000000000,-18.74020000000000,13.02440000000000,0.00000000000000
ruffle.exe,11016,0x0000000000000000,Other,-1,0,0,86.84064590000000,0.00000000000000,42.35590000000001,0,Composed: Copy with GPU GDI,0.89960000000000,30.59260000000000,50.02020000000000,0.00000000000000,-12.01110000000000,12.04730000000000,0.00000000000000
ruffle.exe,11016,0x0000000000000000,Other,-1,0,0,86.87035180000001,0.00000000000000,29.70590000000000,0,Composed: Copy with GPU GDI,0.94570000000000,17.56350000000000,16.67680000000000,0.00000000000000,-16.60120000000000,11.73160000000000,0.00000000000000
ruffle.exe,11016,0x0000000000000000,Other,-1,0,0,86.91771940000001,0.00000000000000,47.36760000000000,0,Composed: Copy with GPU GDI,0.83530000000000,20.18250000000000,49.98660000000000,0.00000000000000,-14.39880000000000,14.30140000000000,0.00000000000000
ruffle.exe,11016,0x0000000000000000,Other,-1,0,0,86.94326820000001,0.00000000000000,25.54880000000000,0,Composed: Copy with GPU GDI,0.81700000000000,27.92730000000000,33.29360000000000,0.00000000000000,-12.30920000000000,12.22210000000000,0.00000000000000
ruffle.exe,11016,0x0000000000000000,Other,-1,0,0,86.96970810000001,0.00000000000000,26.43990000000000,0,Composed: Copy with GPU GDI,0.84670000000000,18.15940000000000,16.67200000000000,0.00000000000000,-12.52870000000000,11.75750000000000,0.00000000000000
ruffle.exe,11016,0x0000000000000000,Other,-1,0,0,87.00572930000001,0.00000000000000,36.02120000000000,0,Composed: Copy with GPU GDI,0.88270000000000,32.14470000000000,50.00650000000000,0.00000000000000,-11.36900000000000,11.51120000000000,0.00000000000000
ruffle.exe,11016,0x0000000000000000,Other,-1,0,0,87.03295560000001,0.00000000000000,27.22630000000000,0,Composed: Copy with GPU GDI,0.61640000000000,21.65210000000000,16.73370000000000,0.00000000000000,-12.49680000000000,10.30670000000000,0.00000000000000
ruffle.exe,11016,0x0000000000000000,Other,-1,0,0,87.07148380000001,0.00000000000000,38.52820000000001,0,Composed: Copy with GPU GDI,0.89850000000000,33.08650000000000,49.96260000000000,0.00000000000000,-14.20620000000000,14.10520000000000,0.00000000000000
ruffle.exe,11016,0x0000000000000000,Other,-1,0,0,87.10574140000000,0.00000000000000,34.25760000000000,0,Composed: Copy with GPU GDI,0.86660000000000,32.16510000000000,33.33620000000000,0.00000000000000,-13.20380000000000,13.12780000000000,0.00000000000000
ruffle.exe,11016,0x0000000000000000,Other,-1,0,0,87.13288890000001,0.00000000000000,27.14750000000000,0,Composed: Copy with GPU GDI,0.63980000000000,21.68090000000000,16.66330000000000,0.00000000000000,-12.22690000000000,11.53820000000000,0.00000000000000
ruffle.exe,11016,0x0000000000000000,Other,-1,0,0,87.16701530000000,0.00000000000000,34.12640000000000,0,Composed: Copy with GPU GDI,0.61030000000000,20.93110000000000,33.37660000000000,0.00000000000000,-11.75890000000000,11.70210000000000,0.00000000000000
ruffle.exe,11016,0x0000000000000000,Other,-1,0,0,87.19730310000001,0.00000000000000,30.28780000000000,0,Composed: Copy with GPU GDI,0.62110000000000,23.95780000000000,33.31450000000000,0.00000000000000,-11.91610000000000,11.68910000000000,0.00000000000000
ruffle.exe,11016,0x0000000000000000,Other,-1,0,0,87.22843330000001,0.00000000000000,31.13020000000000,0,Composed: Copy with GPU GDI,0.72310000000000,26.13050000000000,33.30290000000000,0.00000000000000,-11.27180000000000,11.27620000000000,0.00000000000000
ruffle.exe,11016,0x0000000000000000,Other,-1,0,0,87.28044670000000,0.00000000000000,52.01340000000000,0,Composed: Copy with GPU GDI,0.60110000000000,24.11960000000000,50.00250000000000,0.00000000000000,-13.68180000000000,13.59680000000000,0.00000000000000
ruffle.exe,11016,0x0000000000000000,Other,-1,0,0,87.47611120000001,0.00000000000000,195.66450000000000,0,Composed: Copy with GPU GDI,0.85940000000000,28.46720000000000,200.01210000000000,0.00000000000000,-13.32070000000000,13.18920000000000,0.00000000000000
ruffle.exe,11016,0x0000000000000000,Other,-1,0,0,87.54135450000000,0.00000000000000,65.24330000000000,0,Composed: Copy with GPU GDI,0.92930000000000,29.92310000000000,66.69920000000000,0.00000000000000,-15.52750000000000,13.68520000000000,0.00000000000000
ruffle.exe,11016,0x0000000000000000,Other,-1,0,0,87.57957120000000,0.00000000000000,38.21670000000000,0,Composed: Copy with GPU GDI,0.66410000000000,25.01700000000000,33.31060000000000,0.00000000000000,-12.01740000000000,11.85690000000000,0.00000000000000
ruffle.exe,11016,0x0000000000000000,Other,-1,0,0,87.62396590000000,0.00000000000000,44.39470000000000,0,Composed: Copy with GPU GDI,0.89590000000000,30.61960000000000,49.99730000000000,0.00000000000000,-14.41810000000000,14.50410000000000,0.00000000000000
ruffle.exe,11016,0x0000000000000000,Other,-1,0,0,87.65386900000001,0.00000000000000,29.90310000000000,0,Composed: Copy with GPU GDI,0.61450000000000,17.45890000000000,16.74240000000000,0.00000000000000,-14.75180000000000,13.71760000000000,0.00000000000000
ruffle.exe,11016,0x0000000000000000,Other,-1,0,0,87.67807120000001,0.00000000000000,24.20220000000000,0,Composed: Copy with GPU GDI,0.84040000000000,26.51880000000000,33.26210000000000,0.00000000000000,-12.29250000000000,12.18820000000000,0.00000000000000
ruffle.exe,11016,0x0000000000000000,Other,-1,0,0,87.70616140000000,0.00000000000000,28.09020000000000,0,Composed: Copy with GPU GDI,0.88490000000000,31.78770000000000,33.35910000000001,0.00000000000000,-12.67570000000000,12.50500000000000,0.00000000000000
ruffle.exe,11016,0x0000000000000000,Other,-1,0,0,87.73602490000000,0.00000000000000,29.86350000000000,0,Composed: Copy with GPU GDI,0.82790000000000,18.61370000000000,16.68950000000000,0.00000000000000,-11.34930000000000,11.38450000000000,0.00000000000000
ruffle.exe,11016,0x0000000000000000,Other,-1,0,0,87.77999300000000,0.00000000000000,43.96810000000000,0,Composed: Copy with GPU GDI,0.70290000000000,24.61550000000000,49.96990000000000,0.00000000000000,-12.04740000000000,11.98290000000000,0.00000000000000
ruffle.exe,11016,0x0000000000000000,Other,-1,0,0,87.81834040000000,0.00000000000000,38.34740000000000,0,Composed: Copy with GPU GDI,0.60370000000000,19.64770000000000,33.37960000000000,0.00000000000000,-11.31150000000000,10.94380000000000,0.00000000000000
ruffle.exe,11016,0x0000000000000000,Other,-1,0,0,87.85487060000000,0.00000000000000,36.53020000000000,0,Composed: Copy with GPU GDI,0.82670000000000,33.06950000000001,49.95200000000001,0.00000000000000,-14.78480000000000,14.82410000000000,0.00000000000000
ruffle.exe,11016,0x0000000000000000,Other,-1,0,0,87.88541030000000,0.00000000000000,30.53970000000000,0,Composed: Copy with GPU GDI,0.61830000000000,19.27660000000000,16.74680000000000,0.00000000000000,-14.65460000000000,13.72340000000000,0.00000000000000
ruffle.exe,11016,0x0000000000000000,Other,-1,0,0,87.90940230000000,0.00000000000000,23.99200000000000,0,Composed: Copy with GPU GDI,0.64600000000000,28.52650000000000,33.24190000000000,0.00000000000000,-11.57440000000000,11.46400000000000,0.00000000000000
ruffle.exe,11016,0x0000000000000000,Other,-1,0,0,87.93910430000001,0.00000000000000,29.70200000000000,0,Composed: Copy with GPU GDI,0.85020000000000,32.19180000000000,33.36730000000000,0.00000000000000,-11.58340000000000,11.64770000000000,0.00000000000000
ruffle.exe,11016,0x0000000000000000,Other,-1,0,0,87.97071960000000,0.00000000000000,31.61530000000000,0,Composed: Copy with GPU GDI,0.62660000000000,17.24720000000000,16.67070000000000,0.00000000000000,-11.97100000000000,11.92400000000000,0.00000000000000
ruffle.exe,11016,0x0000000000000000,Other,-1,0,0,88.00254799999999,0.00000000000000,31.82840000000000,0,Composed: Copy with GPU GDI,0.59580000000000,18.75460000000000,33.33580000000000,0.00000000000000,-11.18540000000000,11.22780000000000,0.00000000000000
ruffle.exe,11016,0x0000000000000000,Other,-1,0,0,88.05252820000000,0.00000000000000,49.98020000000000,0,Composed: Copy with GPU GDI,0.83760000000000,18.78550000000000,50.01110000000000,0.00000000000000,-14.70310000000000,14.55510000000000,0.00000000000000
ruffle.exe,11016,0x0000000000000000,Other,-1,0,0,88.08250100000001,0.00000000000000,29.97280000000000,0,Composed: Copy with GPU GDI,0.61230000000000,22.13850000000000,33.32580000000000,0.00000000000000,-13.33770000000000,13.21840000000000,0.00000000000000
ruffle.exe,11016,0x0000000000000000,Other,-1,0,0,88.10660300000001,0.00000000000000,24.10200000000000,0,Composed: Copy with GPU GDI,0.69240000000000,31.41890000000000,33.38240000000000,0.00000000000000,-11.60200000000000,11.50690000000000,0.00000000000000
ruffle.exe,11016,0x0000000000000000,Other,-1,0,0,88.13993650000000,0.00000000000000,33.33350000000000,0,Composed: Copy with GPU GDI,0.83800000000000,31.41750000000000,33.33210000000000,0.00000000000000,-11.66090000000000,11.56880000000000,0.00000000000000
ruffle.exe,11016,0x0000000000000000,Other,-1,0,0,88.18051410000000,0.00000000000000,40.57760000000000,0,Composed: Copy with GPU GDI,0.86010000000000,24.15870000000000,33.31880000000000,0.00000000000000,-12.74370000000000,12.59420000000000,0.00000000000000
ruffle.exe,11016,0x0000000000000000,Other,-1,0,0,88.20798810000001,0.00000000000000,27.47400000000000,0,Composed: Copy with GPU GDI,0.65020000000000,30.02800000000000,33.34330000000000,0.00000000000000,-11.58750000000000,11.46480000000000,0.00000000000000
ruffle.exe,11016,0x0000000000000000,Other,-1,0,0,88.24104450000000,0.00000000000000,33.05640000000000,0,Composed: Copy with GPU GDI,0.63910000000000,30.31350000000000,33.34190000000000,0.00000000000000,-11.76580000000000,11.72380000000000,0.00000000000000
ruffle.exe,11016,0x0000000000000000,Other,-1,0,0,88.27503170000001,0.00000000000000,33.98720000000000,0,Composed: Copy with GPU GDI,0.92280000000000,29.63190000000000,33.30560000000000,0.00000000000000,-14.00410000000000,13.77270000000000,0.00000000000000
ruffle.exe,11016,0x0000000000000000,Other,-1,0,0,88.45450470000000,0.00000000000000,179.47300000000001,0,Composed: Copy with GPU GDI,0.94090000000000,33.50530000000000,183.34640000000002,0.00000000000000,-13.61050000000000,13.72260000000000,0.00000000000000
ruffle.exe,11016,0x0000000000000000,Other,-1,0,0,88.47753660000001,0.00000000000000,23.03190000000000,0,Composed: Copy with GPU GDI,0.61020000000000,27.12840000000000,16.65500000000000,0.00000000000000,-11.81410000000000,11.02220000000000,0.00000000000000
ruffle.exe,11016,0x0000000000000000,Other,-1,0,0,88.50115540000000,0.00000000000000,23.61880000000000,0,Composed: Copy with GPU GDI,0.85890000000000,20.21850000000000,16.70890000000000,0.00000000000000,-12.35670000000000,11.61600000000000,0.00000000000000
ruffle.exe,11016,0x0000000000000000,Other,-1,0,0,88.53350170000000,0.00000000000000,32.34630000000000,0,Composed: Copy with GPU GDI,0.87530000000000,21.16490000000000,33.29270000000000,0.00000000000000,-12.94660000000000,12.83390000000000,0.00000000000000
ruffle.exe,11016,0x0000000000000000,Other,-1,0,0,88.56757720000000,0.00000000000000,34.07550000000000,0,Composed: Copy with GPU GDI,0.62510000000000,20.44280000000000,33.35340000000000,0.00000000000000,-13.21140000000000,13.13900000000000,0.00000000000000
ruffle.exe,11016,0x0000000000000000,Other,-1,0,0,88.59983850000000,0.00000000000000,32.26130000000000,0,Composed: Copy with GPU GDI,0.59640000000000,21.51670000000000,33.33520000000000,0.00000000000000,-12.22240000000000,12.07780000000000,0.00000000000000
ruffle.exe,11016,0x0000000000000000,Other,-1,0,0,88.63557140000000,0.00000000000000,35.73290000000000,0,Composed: Copy with GPU GDI,0.62650000000000,19.16890000000000,33.38510000000000,0.00000000000000,-11.56670000000000,11.54080000000000,0.00000000000000
ruffle.exe,11016,0x0000000000000000,Other,-1,0,0,88.66454890000000,0.00000000000000,28.97750000000000,0,Composed: Copy with GPU GDI,1.26120000000000,23.50930000000000,33.31790000000000,0.00000000000000,-13.06840000000000,11.05340000000000,0.00000000000000
ruffle.exe,11016,0x0000000000000000,Other,-1,0,0,88.71188480000001,0.00000000000000,47.33590000000000,0,Composed: Copy with GPU GDI,0.89140000000000,26.17740000000000,50.00400000000000,0.00000000000000,-11.91830000000000,12.00780000000000,0.00000000000000
ruffle.exe,11016,0x0000000000000000,Other,-1,0,0,88.74541800000000,0.00000000000000,33.53320000000000,0,Composed: Copy with GPU GDI,2.33380000000000,25.95930000000000,33.31510000000000,0.00000000000000,-14.07260000000000,12.15780000000000,0.00000000000000
ruffle.exe,11016,0x0000000000000000,Other,-1,0,0,88.78250520000000,0.00000000000000,37.08720000000000,0,Composed: Copy with GPU GDI,0.90900000000000,22.15920000000000,33.28710000000000,0.00000000000000,-15.23710000000000,13.46510000000000,0.00000000000000
ruffle.exe,11016,0x0000000000000000,Other,-1,0,0,88.81121440000000,0.00000000000000,28.70920000000000,0,Composed: Copy with GPU GDI,0.70280000000000,26.95760000000000,33.50760000000000,0.00000000000000,-13.83750000000000,13.46880000000000,0.00000000000000
ruffle.exe,11016,0x0000000000000000,Other,-1,0,0,88.84042660000001,0.00000000000000,29.21220000000000,0,Composed: Copy with GPU GDI,0.89510000000000,31.03570000000000,33.29030000000000,0.00000000000000,-12.29060000000000,12.26350000000000,0.00000000000000
ruffle.exe,11016,0x0000000000000000,Other,-1,0,0,88.87331390000000,0.00000000000000,32.88730000000000,0,Composed: Copy with GPU GDI,0.86490000000000,31.43620000000000,33.28780000000000,0.00000000000000,-11.67590000000000,11.47660000000000,0.00000000000000
ruffle.exe,11016,0x0000000000000000,Other,-1,0,0,88.90819550000001,0.00000000000000,34.88160000000000,0,Composed: Copy with GPU GDI,0.63350000000000,29.86050000000000,33.30590000000000,0.00000000000000,-11.96750000000000,11.76430000000000,0.00000000000000
ruffle.exe,11016,0x0000000000000000,Other,-1,0,0,88.93552860000001,0.00000000000000,27.33310000000000,0,Composed: Copy with GPU GDI,0.87460000000000,19.23620000000000,16.70880000000000,0.00000000000000,-12.87570000000000,12.14800000000000,0.00000000000000
ruffle.exe,11016,0x0000000000000000,Other,-1,0,0,88.96752130000000,0.00000000000000,31.99270000000000,0,Composed: Copy with GPU GDI,0.86750000000000,20.53700000000000,33.29350000000000,0.00000000000000,-13.26020000000000,13.26820000000000,0.00000000000000
ruffle.exe,11016,0x0000000000000000,Other,-1,0,0,89.01026410000000,0.00000000000000,42.74280000000000,0,Composed: Copy with GPU GDI,0.87460000000000,27.79030000000000,49.99610000000001,0.00000000000000,-13.82750000000000,13.83680000000000,0.00000000000000
ruffle.exe,11016,0x0000000000000000,Other,-1,0,0,89.04682290000000,0.00000000000000,36.55880000000001,0,Composed: Copy with GPU GDI,0.89640000000000,24.56370000000000,33.33220000000000,0.00000000000000,-12.53030000000000,12.09870000000000,0.00000000000000
ruffle.exe,11016,0x0000000000000000,Other,-1,0,0,89.08246850000000,0.00000000000000,35.64560000000000,0,Composed: Copy with GPU GDI,0.62930000000000,22.27600000000000,33.35790000000000,0.00000000000000,-15.07910000000000,11.80650000000000,0.00000000000000
ruffle.exe,11016,0x0000000000000000,Other,-1,0,0,89.11566760000001,0.00000000000000,33.19910000000000,0,Composed: Copy with GPU GDI,0.61130000000000,22.45160000000000,33.37470000000000,0.00000000000000,-12.00080000000000,11.88000000000000,0.00000000000000
ruffle.exe,11016,0x0000000000000000,Other,-1,0,0,89.14336299999999,0.00000000000000,27.69540000000000,0,Composed: Copy with GPU GDI,0.85570000000000,28.03560000000000,33.27940000000000,0.00000000000000,-11.94090000000000,11.92660000000000,0.00000000000000
ruffle.exe,11016,0x0000000000000000,Other,-1,0,0,89.17122580000000,0.00000000000000,27.86280000000000,0,Composed: Copy with GPU GDI,0.89670000000000,33.50290000000000,33.33010000000000,0.00000000000000,-11.50470000000000,11.54740000000000,0.00000000000000
ruffle.exe,11016,0x0000000000000000,Other,-1,0,0,89.20278540000000,0.00000000000000,31.55960000000000,0,Composed: Copy with GPU GDI,0.90220000000000,18.60510000000000,16.66180000000000,0.00000000000000,-13.69770000000000,12.84940000000000,0.00000000000000
ruffle.exe,11016,0x0000000000000000,Other,-1,0,0,89.24174890000000,0.00000000000000,38.96350000000000,0,Composed: Copy with GPU GDI,0.63280000000000,29.65950000000000,50.01790000000000,0.00000000000000,-13.67460000000000,13.60620000000000,0.00000000000000
ruffle.exe,11016,0x0000000000000000,Other,-1,0,0,89.26437630000001,0.00000000000000,22.62740000000000,0,Composed: Copy with GPU GDI,0.90930000000000,23.70380000000000,16.67170000000000,0.00000000000000,-12.33930000000000,11.68460000000000,0.00000000000000
ruffle.exe,11016,0x0000000000000000,Other,-1,0,0,89.43630689999999,0.00000000000000,171.93060000000000,0,Composed: Copy with GPU GDI,0.90350000000000,18.47350000000000,166.70030000000000,0.00000000000000,-12.81280000000000,13.01100000000000,0.00000000000000
ruffle.exe,11016,0x0000000000000000,Other,-1,0,0,89.46395140000001,0.00000000000000,27.64450000000000,0,Composed: Copy with GPU GDI,0.90010000000000,24.17210000000000,33.34310000000000,0.00000000000000,-13.70150000000000,13.67630000000000,0.00000000000000
ruffle.exe,11016,0x0000000000000000,Other,-1,0,0,89.50108870000000,0.00000000000000,37.13730000000000,0,Composed: Copy with GPU GDI,0.87480000000000,20.35800000000000,33.32320000000000,0.00000000000000,-14.14680000000000,14.13250000000000,0.00000000000000
ruffle.exe,11016,0x0000000000000000,Other,-1,0,0,89.52338970000000,0.00000000000000,22.30100000000000,0,Composed: Copy with GPU GDI,0.86550000000000,31.39300000000000,33.33600000000000,0.00000000000000,-11.68190000000000,11.70910000000000,0.00000000000000
ruffle.exe,11016,0x0000000000000000,Other,-1,0,0,89.58296980000001,0.00000000000000,59.58010000000000,0,Composed: Copy with GPU GDI,0.94380000000000,21.91460000000000,50.10170000000000,0.00000000000000,-12.53320000000000,12.48800000000000,0.00000000000000
ruffle.exe,11016,0x0000000000000000,Other,-1,0,0,89.63098490000000,0.00000000000000,48.01510000000000,0,Composed: Copy with GPU GDI,0.87900000000000,23.83300000000000,49.93350000000000,0.00000000000000,-17.57620000000000,12.53440000000000,0.00000000000000
ruffle.exe,11016,0x0000000000000000,Other,-1,0,0,89.68864049999999,0.00000000000000,57.65560000000000,0,Composed: Copy with GPU GDI,0.92540000000000,32.84890000000000,66.67150000000001,0.00000000000000,-13.97480000000000,13.79400000000000,0.00000000000000
ruffle.exe,11016,0x0000000000000000,Other,-1,0,0,89.72348960000001,0.00000000000000,34.84910000000000,0,Composed: Copy with GPU GDI,0.79040000000000,31.29310000000000,33.29330000000000,0.00000000000000,-13.91770000000000,13.65650000000000,0.00000000000000
ruffle.exe,11016,0x0000000000000000,Other,-1,0,0,89.75433910000000,0.00000000000000,30.84950000000000,0,Composed: Copy with GPU GDI,0.60470000000000,33.79720000000000,33.35360000000000,0.00000000000000,-13.83070000000000,12.96460000000000,0.00000000000000
ruffle.exe,11016,0x0000000000000000,Other,-1,0,0,89.77995729999999,0.00000000000000,25.61820000000000,0,Composed: Copy with GPU GDI,0.89140000000000,24.85780000000000,16.67880000000000,0.00000000000000,-12.96800000000000,12.12320000000000,0.00000000000000
ruffle.exe,11016,0x0000000000000000,Other,-1,0,0,89.81436020000000,0.00000000000000,34.40290000000000,0,Composed: Copy with GPU GDI,0.95160000000000,23.77190000000000,33.31700000000000,0.00000000000000,-15.14440000000000,12.34470000000000,0.00000000000000
ruffle.exe,11016,0x0000000000000000,Other,-1,0,0,89.85118520000000,0.00000000000000,36.82500000000000,0,Composed: Copy with GPU GDI,0.87480000000000,20.30340000000000,33.35650000000000,0.00000000000000,-12.24930000000000,12.25300000000000,0.00000000000000
ruffle.exe,11016,0x0000000000000000,Other,-1,0,0,89.87964540000000,0.00000000000000,28.46020000000000,0,Composed: Copy with GPU GDI,0.88260000000000,25.16580000000000,33.32260000000000,0.00000000000000,-11.81670000000000,11.90310000000000,0.00000000000000
ruffle.exe,11016,0x0000000000000000,Other,-1,0,0,89.92084029999999,0.00000000000000,41.19490000000000,0,Composed: Copy with GPU GDI,0.64480000000000,17.30140000000000,33.33050000000000,0.00000000000000,-16.64140000000000,13.64260000000000,0.00000000000000
ruffle.exe,11016,0x0000000000000000,Other,-1,0,0,89.96208820000000,0.00000000000000,41.24790000000000,0,Composed: Copy with GPU GDI,0.87290000000000,26.07930000000000,50.02580000000000,0.00000000000000,-13.19710000000000,13.04770000000000,0.00000000000000
ruffle.exe,11016,0x0000000000000000,Other,-1,0,0,90.00573679999999,0.00000000000000,43.64860000000000,0,Composed: Copy with GPU GDI,0.88270000000000,32.41900000000000,49.98830000000000,0.00000000000000,-17.11070000000000,12.53730000000000,0.00000000000000
ruffle.exe,11016,0x0000000000000000,Other,-1,0,0,90.05325689999999,0.00000000000000,47.52010000000000,0,Composed: Copy with GPU GDI,0.65730000000000,18.26350000000000,33.36460000000000,0.00000000000000,-15.61190000000000,12.56430000000000,0.00000000000000
ruffle.exe,11016,0x0000000000000000,Other,-1,0,0,90.07777110000001,0.00000000000000,24.51420000000000,0,Composed: Copy with GPU GDI,0.59430000000000,27.03990000000000,33.29060000000000,0.00000000000000,-12.07010000000000,11.79090000000000,0.00000000000000
ruffle.exe,11016,0x0000000000000000,Other,-1,0,0,90.11493820000001,0.00000000000000,37.16710000000000,0,Composed: Copy with GPU GDI,0.58930000000000,23.25320000000000,33.38040000000000,0.00000000000000,-11.93120000000000,11.83710000000000,0.00000000000000
ruffle.exe,11016,0x0000000000000000,Other,-1,0,0,90.14578930000000,0.00000000000000,30.85110000000000,0,Composed: Copy with GPU GDI,0.60750000000000,25.67550000000000,33.27340000000000,0.00000000000000,-12.94770000000000,12.84110000000000,0.00000000000000
ruffle.exe,11016,0x0000000000000000,Other,-1,0,0,90.17877039999999,0.00000000000000,32.98110000000000,0,Composed: Copy with GPU GDI,0.88380000000000,26.08000000000000,33.38560000000000,0.00000000000000,-14.58180000000000,14.66370000000000,0.00000000000000
ruffle.exe,11016,0x0000000000000000,Other,-1,0,0,90.21085300000000,0.00000000000000,32.08260000000000,0,Composed: Copy with GPU GDI,0.84960000000000,27.30690000000000,33.30950000000000,0.00000000000000,-11.66490000000000,11.70880000000000,0.00000000000000
ruffle.exe,11016,0x0000000000000000,Other,-1,0,0,90.23749010000000,0.00000000000000,26.63710000000000,0,Composed: Copy with GPU GDI,0.84710000000000,34.01840000000000,33.34860000000000,0.00000000000000,-12.02200000000000,12.07970000000000,0.00000000000000
ruffle.exe,11016,0x0000000000000000,Other,-1,0,0,90.27062960000001,0.00000000000000,33.13950000000000,0,Composed: Copy with GPU GDI,0.85890000000000,17.53560000000000,16.65670000000000,0.00000000000000,-12.52770000000000,11.77220000000000,0.00000000000000
ruffle.exe,11016,0x0000000000000000,Other,-1,0,0,90.44393529999999,0.00000000000000,173.30570000000000,0,Composed: Copy with GPU GDI,0.59920000000000,27.63490000000000,183.40500000000000,0.00000000000000,-12.21690000000000,12.15050000000000,0.00000000000000
ruffle.exe,11016,0x0000000000000000,Other,-1,0,0,90.48962330000001,0.00000000000000,45.68800000000000,0,Composed: Copy with GPU GDI,0.89630000000000,31.86450000000000,49.91760000000000,0.00000000000000,-14.65270000000000,14.65080000000000,0.00000000000000
ruffle.exe,11016,0x0000000000000000,Other,-1,0,0,90.52208610000000,0.00000000000000,32.46280000000000,0,Composed: Copy with GPU GDI,0.65500000000000,32.76530000000000,33.36360000000000,0.00000000000000,-11.47660000000000,11.55380000000000,0.00000000000000
ruffle.exe,11016,0x0000000000000000,Other,-1,0,0,90.55497620000001,0.00000000000000,32.89010000000000,0,Composed: Copy with GPU GDI,0.90420000000000,33.22580000000000,33.35060000000000,0.00000000000000,-11.83040000000000,11.59390000000000,0.00000000000000
ruffle.exe,11016,0x0000000000000000,Other,-1,0,0,90.58557250000000,0.00000000000000,30.59630000000000,0,Composed: Copy with GPU GDI,0.83820000000000,19.30490000000000,16.67540000000000,0.00000000000000,-12.37170000000000,11.65320000000000,0.00000000000000
ruffle.exe,11016,0x0000000000000000,Other,-1,0,0,90.61618430000000,0.00000000000000,30.61180000000000,0,Composed: Copy with GPU GDI,0.62520000000000,22.04810000000000,33.35500000000000,0.00000000000000,-12.47060000000000,12.45440000000000,0.00000000000000
ruffle.exe,11016,0x0000000000000000,Other,-1,0,0,90.64180320000000,0.00000000000000,25.61890000000000,0,Composed: Copy with GPU GDI,0.87100000000000,29.71910000000000,33.28990000000000,0.00000000000000,-11.50230000000000,11.39710000000000,0.00000000000000
ruffle.exe,11016,0x0000000000000000,Other,-1,0,0,90.67522030000001,0.00000000000000,33.41710000000000,0,Composed: Copy with GPU GDI,0.60140000000000,29.61590000000000,33.31390000000000,0.00000000000000,-13.76800000000000,13.60300000000000,0.00000000000000
ruffle.exe,11016,0x0000000000000000,Other,-1,0,0,90.70691860000001,0.00000000000000,31.69830000000000,0,Composed: Copy with GPU GDI,0.64560000000000,31.32780000000000,33.41020000000000,0.00000000000000,-12.09190000000000,12.05290000000000,0.00000000000000
ruffle.exe,11016,0x0000000000000000,Other,-1,0,0,90.73909990000000,0.00000000000000,32.18130000000000,0,Composed: Copy with GPU GDI,0.90120000000000,32.43160000000000,33.28510000000000,0.00000000000000,-15.51730000000000,12.05170000000000,0.00000000000000
ruffle.exe,11016,0x0000000000000000,Other,-1,0,0,90.77603400000000,0.00000000000000,36.93410000000000,0,Composed: Copy with GPU GDI,0.62100000000000,28.88150000000000,33.38400000000000,0.00000000000000,-12.96100000000000,12.42660000000000,0.00000000000000
ruffle.exe,11016,0x0000000000000000,Other,-1,0,0,90.80902760000001,0.00000000000000,32.99360000000000,0,Composed: Copy with GPU GDI,0.59000000000000,29.23180000000000,33.34390000000000,0.00000000000000,-12.64870000000000,12.10570000000000,0.00000000000000
ruffle.exe,11016,0x0000000000000000,Other,-1,0,0,90.84449980000001,0.00000000000000,35.47220000000000,0,Composed: Copy with GPU GDI,0.65930000000000,27.08810000000000,33.32850000000000,0.00000000000000,-14.35050000000000,11.51570000000000,0.00000000000000
ruffle.exe,11016,0x0000000000000000,Other,-1,0,0,90.88460100000000,0.00000000000000,40.10120000000000,0,Composed: Copy with GPU GDI,0.61960000000000,20.30880000000000,33.32190000000000,0.00000000000000,-13.98160000000000,13.81860000000000,0.00000000000000
ruffle.exe,11016,0x0000000000000000,Other,-1,0,0,90.90831680000001,0.00000000000000,23.71580000000000,0,Composed: Copy with GPU GDI,0.65470000000000,29.97300000000000,33.38000000000000,0.00000000000000,-13.51330000000000,13.32790000000000,0.00000000000000
ruffle.exe,11016,0x0000000000000000,Other,-1,0,0,90.93990370000000,0.00000000000000,31.58690000000000,0,Composed: Copy with GPU GDI,0.86770000000000,31.73340000000000,33.34730000000000,0.00000000000000,-12.40640000000000,12.47250000000000,0.00000000000000
ruffle.exe,11016,0x0000000000000000,Other,-1,0,0,90.97424219999999,0.00000000000000,34.33850000000000,0,Composed: Copy with GPU GDI,0.68790000000000,30.61390000000000,33.21900000000000,0.00000000000000,-17.12160000000000,11.91180000000000,0.00000000000000
ruffle.exe,11016,0x0000000000000000,Other,-1,0,0,91.00527020000000,0.00000000000000,31.02800000000000,0,Composed: Copy with GPU GDI,0.94580000000000,32.92440000000000,33.33850000000000,0.00000000000000,-12.38860000000000,12.49840000000000,0.00000000000000
ruffle.exe,11016,0x0000000000000000,Other,-1,0,0,91.03839450000000,0.00000000000000,33.12430000000000,0,Composed: Copy with GPU GDI,0.90950000000000,33.18390000000000,33.38380000000000,0.00000000000000,-11.64280000000000,11.80460000000000,0.00000000000000
ruffle.exe,11016,0x0000000000000000,Other,-1,0,0,91.07428470000001,0.00000000000000,35.89020000000000,0,Composed: Copy with GPU GDI,0.90360000000000,30.79770000000000,33.50400000000000,0.00000000000000,-11.94940000000000,12.02380000000000,0.00000000000000
ruffle.exe,11016,0x0000000000000000,Other,-1,0,0,91.11277749999999,0.00000000000000,38.49280000000000,0,Composed: Copy with GPU GDI,0.60190000000000,25.46990000000000,33.16500000000000,0.00000000000000,-14.03070000000000,13.87930000000000,0.00000000000000
ruffle.exe,11016,0x0000000000000000,Other,-1,0,0,91.14526340000000,0.00000000000000,32.48590000000000,0,Composed: Copy with GPU GDI,0.88910000000000,26.33420000000000,33.35020000000000,0.00000000000000,-15.59590000000000,13.86830000000000,0.00000000000000
ruffle.exe,11016,0x0000000000000000,Other,-1,0,0,91.17912200000001,0.00000000000000,33.85860000000000,0,Composed: Copy with GPU GDI,0.59590000000000,25.78800000000000,33.31240000000000,0.00000000000000,-12.29600000000000,12.20540000000000,0.00000000000000
ruffle.exe,11016,0x0000000000000000,Other,-1,0,0,91.21033079999999,0.00000000000000,31.20880000000000,0,Composed: Copy with GPU GDI,0.60310000000000,27.97400000000000,33.39480000000000,0.00000000000000,-14.18280000000000,12.47120000000000,0.00000000000000
ruffle.exe,11016,0x0000000000000000,Other,-1,0,0,91.29030650000001,0.00000000000000,79.97570000000000,0,Composed: Copy with GPU GDI,0.80930000000000,31.28000000000000,83.28170000000000,0.00000000000000,-12.28980000000000,12.11080000000000,0.00000000000000
ruffle.exe,11016,0x0000000000000000,Other,-1,0,0,91.47640320000001,0.00000000000000,186.09670000000000,0,Composed: Copy with GPU GDI,0.59950000000000,28.54040000000000,183.35710000000000,0.00000000000000,-15.39250000000000,15.27510000000000,0.00000000000000
ruffle.exe,11016,0x0000000000000000,Other,-1,0,0,91.50176490000000,0.00000000000000,25.36170000000000,0,Composed: Copy with GPU GDI,0.58780000000000,19.86820000000000,16.68950000000000,0.00000000000000,-14.49670000000000,13.54840000000000,0.00000000000000
ruffle.exe,11016,0x0000000000000000,Other,-1,0,0,91.53374409999999,0.00000000000000,31.97920000000000,0,Composed: Copy with GPU GDI,1.36590000000000,21.20840000000000,33.31940000000000,0.00000000000000,-12.52680000000000,12.54390000000000,0.00000000000000
ruffle.exe,11016,0x0000000000000000,Other,-1,0,0,91.57083370000001,0.00000000000000,37.08960000000000,0,Composed: Copy with GPU GDI,0.65230000000000,17.44150000000000,33.32270000000000,0.00000000000000,-12.65620000000000,12.60830000000000,0.00000000000000
ruffle.exe,11016,0x0000000000000000,Other,-1,0,0,91.60078390000000,0.00000000000000,29.95020000000000,0,Composed: Copy with GPU GDI,0.57860000000000,20.82310000000000,33.33180000000000,0.00000000000000,-11.93130000000000,11.86420000000000,0.00000000000000
ruffle.exe,11016,0x0000000000000000,Other,-1,0,0,91.64138920000001,0.00000000000000,40.60530000000000,0,Composed: Copy with GPU GDI,0.62130000000000,30.24670000000000,50.02890000000000,0.00000000000000,-13.11880000000000,12.96510000000000,0.00000000000000
ruffle.exe,11016,0x0000000000000000,Other,-1,0,0,91.66644950000000,0.00000000000000,25.06030000000000,0,Composed: Copy with GPU GDI,0.59280000000000,21.87710000000000,16.69070000000000,0.00000000000000,-12.08840000000000,11.15660000000000,0.00000000000000
ruffle.exe,11016,0x0000000000000000,Other,-1,0,0,91.69927319999999,0.00000000000000,32.82370000000000,0,Composed: Copy with GPU GDI,0.58510000000000,22.38300000000000,33.32960000000000,0.00000000000000,-13.72660000000000,13.61880000000000,0.00000000000000
ruffle.exe,11016,0x0000000000000000,Other,-1,0,0,91.73871500000000,0.00000000000000,39.44180000000000,0,Composed: Copy with GPU GDI,0.88740000000000,32.86980000000001,49.92860000000000,0.00000000000000,-14.21550000000000,14.37410000000000,0.00000000000000
ruffle.exe,11016,0x0000000000000000,Other,-1,0,0,91.76980780000000,0.00000000000000,31.09280000000000,0,Composed: Copy with GPU GDI,0.61670000000000,18.48540000000000,16.70840000000000,0.00000000000000,-12.93430000000000,12.12750000000000,0.00000000000000
ruffle.exe,11016,0x0000000000000000,Other,-1,0,0,91.79799180000001,0.00000000000000,28.18400000000000,0,Composed: Copy with GPU GDI,0.89240000000000,23.66370000000000,33.36230000000000,0.00000000000000,-12.10180000000000,11.87310000000000,0.00000000000000
ruffle.exe,11016,0x0000000000000000,Other,-1,0,0,91.85127240000000,0.00000000000000,53.28060000000000,0,Composed: Copy with GPU GDI,0.60300000000000,20.41350000000000,50.03040000000000,0.00000000000000,-13.70240000000000,13.30380000000000,0.00000000000000
ruffle.exe,11016,0x0000000000000000,Other,-1,0,0,91.87867630000001,0.00000000000000,27.40390000000000,0,Composed: Copy with GPU GDI,0.62380000000000,26.31180000000000,33.30220000000000,0.00000000000000,-11.61150000000000,11.49580000000000,0.00000000000000
ruffle.exe,11016,0x0000000000000000,Other,-1,0,0,91.91296910000000,0.00000000000000,34.29280000000000,0,Composed: Copy with GPU GDI,0.85460000000000,25.45110000000000,33.43210000000000,0.00000000000000,-13.79890000000000,13.79300000000000,0.00000000000000
ruffle.exe,11016,0x0000000000000000,Other,-1,0,0,91.94726820000001,0.00000000000000,34.29910000000000,0,Composed: Copy with GPU GDI,0.65190000000000,24.48360000000000,33.33160000000000,0.00000000000000,-14.76130000000000,14.65550000000000,0.00000000000000
ruffle.exe,11016,0x0000000000000000,Other,-1,0,0,91.97366310000001,0.00000000000000,26.39490000000000,0,Composed: Copy with GPU GDI,0.71370000000000,31.32630000000000,33.23760000000000,0.00000000000000,-12.07570000000000,12.08310000000000,0.00000000000000
ruffle.exe,11016,0x0000000000000000,Other,-1,0,0,91.99945400000000,0.00000000000000,25.79090000000000,0,Composed: Copy with GPU GDI,0.60340000000000,22.19490000000000,16.65950000000000,0.00000000000000,-11.96590000000000,11.18390000000000,0.00000000000000
ruffle.exe,11016,0x0000000000000000,Other,-1,0,0,92.03857570000001,0.00000000000000,39.12170000000000,0,Composed: Copy with GPU GDI,0.84030000000000,33.07220000000000,49.99900000000000,0.00000000000000,-13.40380000000000,13.50960000000000,0.00000000000000
ruffle.exe,11016,0x0000000000000000,Other,-1,0,0,92.06809510000001,0.00000000000000,29.51940000000000,0,Composed: Copy with GPU GDI,0.58700000000000,20.26410000000000,16.71130000000000,0.00000000000000,-12.04150000000000,11.27770000000000,0.00000000000000
ruffle.exe,11016,0x0000000000000000,Other,-1,0,0,92.10456180000000,0.00000000000000,36.46670000000000,0,Composed: Copy with GPU GDI,0.88920000000000,33.74060000000000,49.94320000000000,0.00000000000000,-12.16370000000000,12.35510000000000,0.00000000000000
ruffle.exe,11016,0x0000000000000000,Other,-1,0,0,92.13575609999999,0.00000000000000,31.19430000000000,0,Composed: Copy with GPU GDI,0.85460000000000,19.23880000000000,16.69250000000000,0.00000000000000,-15.33250000000000,14.51250000000000,0.00000000000000
ruffle.exe,11016,0x0000000000000000,Other,-1,0,0,92.17478010000001,0.00000000000000,39.02400000000000,0,Composed: Copy with GPU GDI,0.88200000000000,30.26520000000000,50.05040000000000,0.00000000000000,-14.05230000000000,13.89540000000000,0.00000000000000
ruffle.exe,11016,0x0000000000000000,Other,-1,0,0,92.21237500000001,0.00000000000000,37.59490000000000,0,Composed: Copy with GPU GDI,0.86320000000000,25.98950000000000,33.31920000000000,0.00000000000000,-11.66650000000000,11.64370000000000,0.00000000000000
ruffle.exe,11016,0x0000000000000000,Other,-1,0,0,92.24206269999999,0.00000000000000,29.68770000000000,0,Composed: Copy with GPU GDI,0.85040000000000,29.60890000000000,33.30710000000000,0.00000000000000,-13.11200000000000,12.99490000000000,0.00000000000000
ruffle.exe,11016,0x0000000000000000,Other,-1,0,0,92.27182570000001,0.00000000000000,29.76300000000000,0,Composed: Copy with GPU GDI,0.87250000000000,33.19160000000000,33.34570000000000,0.00000000000000,-12.29100000000000,12.26740000000000,0.00000000000000
ruffle.exe,11016,0x0000000000000000,Other,-1,0,0,92.44728590000001,0.00000000000000,175.46020000000001,0,Composed: Copy with GPU GDI,0.65280000000000,24.44080000000000,166.70940000000002,0.00000000000000,-14.60590000000000,14.41550000000000,0.00000000000000
ruffle.exe,11016,0x0000000000000000,Other,-1,0,0,92.47565650000000,0.00000000000000,28.37060000000000,0,Composed: Copy with GPU GDI,0.66310000000000,29.34280000000000,33.27260000000000,0.00000000000000,-14.11760000000000,13.89150000000000,0.00000000000000
ruffle.exe,11016,0x0000000000000000,Other,-1,0,0,92.50540490000000,0.00000000000000,29.74840000000000,0,Composed: Copy with GPU GDI,0.90140000000000,32.99760000000000,33.40320000000000,0.00000000000000,-11.65070000000000,11.53080000000000,0.00000000000000
ruffle.exe,11016,0x0000000000000000,Other,-1,0,0,92.54642710000000,0.00000000000000,41.02220000000001,0,Composed: Copy with GPU GDI,0.84180000000000,25.29480000000000,33.31940000000000,0.00000000000000,-13.25370000000000,13.11340000000000,0.00000000000000
ruffle.exe,11016,0x0000000000000000,Other,-1,0,0,92.58111250000000,0.00000000000000,34.68540000000000,0,Composed: Copy with GPU GDI,0.61110000000000,23.93360000000000,33.32420000000000,0.00000000000000,-11.90660000000000,11.73710000000000,0.00000000000000
ruffle.exe,11016,0x0000000000000000,Other,-1,0,0,92.61532540000000,0.00000000000000,34.21290000000000,0,Composed: Copy with GPU GDI,0.85730000000000,23.08880000000000,33.36810000000000,0.00000000000000,-12.03420000000000,11.98190000000000,0.00000000000000
ruffle.exe,11016,0x0000000000000000,Other,-1,0,0,92.64969510000000,0.00000000000000,34.36970000000000,0,Composed: Copy with GPU GDI,0.87830000000000,22.03490000000000,33.31580000000000,0.00000000000000,-15.78540000000000,12.54040000000000,0.00000000000000
ruffle.exe,11016,0x0000000000000000,Other,-1,0,0,92.69050160000000,0.00000000000000,40.80650000000000,0,Composed: Copy with GPU GDI,1.01530000000000,31.21140000000000,49.98300000000000,0.00000000000000,-15.44380000000000,13.54620000000000,0.00000000000000
ruffle.exe,11016,0x0000000000000000,Other,-1,0,0,92.72121160000000,0.00000000000000,30.71000000000000,0,Composed: Copy with GPU GDI,0.60320000000000,17.18920000000000,16.68780000000000,0.00000000000000,-15.16510000000000,13.44490000000000,0.00000000000000
ruffle.exe,11016,0x0000000000000000,Other,-1,0,0,92.75236819999999,0.00000000000000,31.15660000000000,0,Composed: Copy with GPU GDI,0.88940000000000,19.42070000000000,33.38810000000000,0.00000000000000,-16.06390000000000,12.63680000000000,0.00000000000000
ruffle.exe,11016,0x0000000000000000,Other,-1,0,0,92.77954590000000,0.00000000000000,27.17770000000000,0,Composed: Copy with GPU GDI,0.61600000000000,25.56240000000000,33.31940000000000,0.00000000000000,-12.10150000000000,11.94260000000000,0.00000000000000
ruffle.exe,11016,0x0000000000000000,Other,-1,0,0,92.80844610000000,0.00000000000000,28.90020000000000,0,Composed: Copy with GPU GDI,0.60370000000000,29.95600000000000,33.29380000000000,0.00000000000000,-12.36100000000000,11.71810000000000,0.00000000000000
ruffle.exe,11016,0x0000000000000000,Other,-1,0,0,92.83613180000000,0.00000000000000,27.68570000000000,0,Composed: Copy with GPU GDI,0.71290000000000,18.98440000000000,16.71410000000000,0.00000000000000,-12.75100000000000,11.69080000000000,0.00000000000000
ruffle.exe,11016,0x0000000000000000,Other,-1,0,0,92.88173979999999,0.00000000000000,45.60800000000000,0,Composed: Copy with GPU GDI,0.69260000000000,23.32310000000000,49.94670000000000,0.00000000000000,-14.09190000000000,14.05630000000000,0.00000000000000
ruffle.exe,11016,0x0000000000000000,Other,-1,0,0,92.91222170000000,0.00000000000000,30.48190000000000,0,Composed: Copy with GPU GDI,0.85590000000000,26.20990000000000,33.36870000000000,0.00000000000000,-13.66480000000000,13.69400000000000,0.00000000000000
ruffle.exe,11016,0x0000000000000000,Other,-1,0,0,92.93916250000001,0.00000000000000,26.94080000000000,0,Composed: Copy with GPU GDI,0.87320000000000,32.55600000000000,33.28690000000000,0.00000000000000,-11.98510000000000,11.99830000000000,0.00000000000000
ruffle.exe,11016,0x0000000000000000,Other,-1,0,0,92.97121030000001,0.00000000000000,32.04780000000000,0,Composed: Copy with GPU GDI,0.59260000000000,17.18500000000000,16.67680000000000,0.00000000000000,-11.07310000000000,11.05620000000000,0.00000000000000
ruffle.exe,11016,0x0000000000000000,Other,-1,0,0,93.00953710000000,0.00000000000000,38.32680000000000,0,Composed: Copy with GPU GDI,0.62740000000000,28.82890000000000,49.97070000000000,0.00000000000000,-11.56120000000000,11.50100000000000,0.00000000000000
ruffle.exe,11016,0x0000000000000000,Other,-1,0,0,93.03861070000001,0.00000000000000,29.07360000000000,0,Composed: Copy with GPU GDI,0.86350000000000,33.16710000000000,33.41180000000000,0.00000000000000,-12.21170000000000,12.31010000000000,0.00000000000000
ruffle.exe,11016,0x0000000000000000,Other,-1,0,0,93.07491419999999,0.00000000000000,36.30350000000000,0,Composed: Copy with GPU GDI,0.88240000000000,30.16500000000000,33.30140000000000,0.00000000000000,-12.73780000000000,12.54350000000000,0.00000000000000
ruffle.exe,11016,0x0000000000000000,Other,-1,0,0,93.11043110000000,0.00000000000000,35.51690000000000,0,Composed: Copy with GPU GDI,0.59880000000000,28.04210000000000,33.39400000000000,0.00000000000000,-13.72010000000000,13.42190000000000,0.00000000000000
ruffle.exe,11016,0x0000000000000000,Other,-1,0,0,93.14780730000000,0.00000000000000,37.37620000000000,0,Composed: Copy with GPU GDI,0.89100000000000,23.91380000000000,33.24790000000000,0.00000000000000,-13.92960000000000,13.92030000000000,0.00000000000000
ruffle.exe,11016,0x0000000000000000,Other,-1,0,0,93.17176700000000,0.00000000000000,23.95970000000000,0,Composed: Copy with GPU GDI,0.63580000000000,33.28120000000000,33.32710000000000,0.00000000000000,-11.85450000000000,11.86950000000000,0.00000000000000
ruffle.exe,11016,0x0000000000000000,Other,-1,0,0,93.20412940000001,0.00000000000000,32.36240000000000,0,Composed: Copy with GPU GDI,0.61500000000000,17.63730000000000,16.71850000000000,0.00000000000000,-11.54360000000000,11.49300000000000,0.00000000000000
ruffle.exe,11016,0x0000000000000000,Other,-1,0,0,93.24325200000000,0.00000000000000,39.12260000000000,0,Composed: Copy with GPU GDI,0.59790000000000,28.46060000000000,49.94590000000000,0.00000000000000,-12.06980000000000,11.93910000000000,0.00000000000000
ruffle.exe,11016,0x0000000000000000,Other,-1,0,0,93.27452450000000,0.00000000000000,31.27250000000000,0,Composed: Copy with GPU GDI,0.62310000000000,30.55570000000000,33.36760000000000,0.00000000000000,-13.65500000000000,11.97400000000000,0.00000000000000
ruffle.exe,11016,0x0000000000000000,Other,-1,0,0,93.46162960000001,0.00000000000000,187.10510000000002,0,Composed: Copy with GPU GDI,0.60630000000000,26.83580000000000,183.38520000000000,0.00000000000000,-14.15150000000000,14.05840000000000,0.00000000000000
ruffle.exe,11016,0x0000000000000000,Other,-1,0,0,93.48950070000001,0.00000000000000,27.87110000000000,0,Composed: Copy with GPU GDI,0.86100000000000,32.29010000000000,33.32540000000000,0.00000000000000,-11.71220000000000,11.77340000000000,0.00000000000000
ruffle.exe,11016,0x0000000000000000,Other,-1,0,0,93.52111930000001,0.00000000000000,31.61860000000000,0,Composed: Copy with GPU GDI,0.84520000000000,33.99090000000000,33.31940000000000,0.00000000000000,-11.84130000000000,11.86910000000000,0.00000000000000
ruffle.exe,11016,0x0000000000000000,Other,-1,0,0,93.55213069999999,0.00000000000000,31.01140000000000,0,Composed: Copy with GPU GDI,0.69360000000000,19.71600000000000,16.73650000000000,0.00000000000000,-12.73850000000000,11.87800000000000,0.00000000000000
ruffle.exe,11016,0x0000000000000000,Other,-1,0,0,93.58230520000001,0.00000000000000,30.17450000000000,0,Composed: Copy with GPU GDI,0.85000000000000,22.84950000000000,33.30800000000000,0.00000000000000,-11.55640000000000,11.57900000000000,0.00000000000000
ruffle.exe,11016,0x0000000000000000,Other,-1,0,0,93.61708720000000,0.00000000000000,34.78200000000000,0,Composed: Copy with GPU GDI,0.61790000000000,21.38410000000000,33.31660000000000,0.00000000000000,-13.76420000000000,13.63820000000000,0.00000000000000
ruffle.exe,11016,0x0000000000000000,Other,-1,0,0,93.64979450000000,0.00000000000000,32.70730000000000,0,Composed: Copy with GPU GDI,0.84970000000000,22.04030000000000,33.36350000000000,0.00000000000000,-14.31530000000000,14.28960000000000,0.00000000000000
ruffle.exe,11016,0x0000000000000000,Other,-1,0,0,93.67385490000001,0.00000000000000,24.06040000000000,0,Composed: Copy with GPU GDI,0.83690000000000,31.28620000000000,33.30630000000000,0.00000000000000,-11.17910000000000,11.01690000000000,0.00000000000000
ruffle.exe,11016,0x0000000000000000,Other,-1,0,0,93.70479500000000,0.00000000000000,30.94010000000000,0,Composed: Copy with GPU GDI,0.86260000000000,33.69540000000000,33.34930000000000,0.00000000000000,-10.97900000000000,10.91180000000000,0.00000000000000
ruffle.exe,11016,0x0000000000000000,Other,-1,0,0,93.73635510000000,0.00000000000000,31.56010000000000,0,Composed: Copy with GPU GDI,0.87000000000000,18.82050000000000,16.68520000000000,0.00000000000000,-13.06260000000000,12.28250000000000,0.00000000000000
ruffle.exe,11016,0x0000000000000000,Other,-1,0,0,93.76580000000000,0.00000000000000,29.44490000000000,0,Composed: Copy with GPU GDI,0.59560000000000,22.66400000000000,33.28840000000000,0.00000000000000,-11.41540000000000,11.34580000000000,0.00000000000000
ruffle.exe,11016,0x0000000000000000,Other,-1,0,0,93.80561490000001,0.00000000000000,39.81490000000000,0,Composed: Copy with GPU GDI,0.85760000000000,32.85150000000000,50.00240000000000,0.00000000000000,-13.85120000000000,13.95980000000000,0.00000000000000
ruffle.exe,11016,0x0000000000000000,Other,-1,0,0,93.83863910000001,0.00000000000000,33.02420000000000,0,Composed: Copy with GPU GDI,1.63680000000000,33.15640000000000,33.32910000000000,0.00000000000000,-15.03480000000000,13.68320000000000,0.00000000000000
ruffle.exe,11016,0x0000000000000000,Other,-1,0,0,93.86893900000000,0.00000000000000,30.29990000000000,0,Composed: Copy with GPU GDI,1.72120000000000,19.53620000000000,16.67970000000000,0.00000000000000,-13.51250000000000,11.38580000000000,0.00000000000000
ruffle.exe,11016,0x0000000000000000,Other,-1,0,0,93.96142560000000,0.00000000000000,92.48660000000001,0,Composed: Copy with GPU GDI,0.60330000000000,27.07660000000000,100.02700000000000,0.00000000000000,-11.59800000000000,11.56580000000000,0.00000000000000
ruffle.exe,11016,0x0000000000000000,Other,-1,0,0,94.01439359999999,0.00000000000000,52.96800000000000,0,Composed: Copy with GPU GDI,0.59420000000000,24.12170000000000,50.01310000000000,0.00000000000000,-15.79360000000000,13.20890000000000,0.00000000000000
ruffle.exe,11016,0x0000000000000000,Other,-1,0,0,94.04301040000000,0.00000000000000,28.61680000000000,0,Composed: Copy with GPU GDI,0.66690000000000,28.79200000000000,33.28710000000000,0.00000000000000,-10.64400000000000,10.55000000000000,0.00000000000000
ruffle.exe,11016,0x0000000000000000,Other,-1,0,0,94.07079370000000,0.00000000000000,27.78330000000000,0,Composed: Copy with GPU GDI,0.65510000000000,17.71030000000000,16.70160000000000,0.00000000000000,-11.66390000000000,11.65060000000000,0.00000000000000
ruffle.exe,11016,0x0000000000000000,Other,-1,0,0,94.10289419999999,0.00000000000000,32.10050000000000,0,Composed: Copy with GPU GDI,1.61640000000000,18.94930000000000,33.33950000000000,0.00000000000000,-13.89830000000000,13.63830000000000,0.00000000000000
ruffle.exe,11016,0x0000000000000000,Other,-1,0,0,94.13796570000001,0.00000000000000,35.07150000000000,0,Composed: Copy with GPU GDI,0.83750000000000,33.86880000000000,49.99100000000000,0.00000000000000,-13.62840000000000,13.78030000000000,0.00000000000000
ruffle.exe,11016,0x0000000000000000,Other,-1,0,0,94.16408280000000,0.00000000000000,26.11710000000000,0,Composed: Copy with GPU GDI,0.85810000000000,24.40850000000000,16.65680000000000,0.00000000000000,-12.62980000000000,11.61020000000000,0.00000000000000
ruffle.exe,11016,0x0000000000000000,Other,-1,0,0,94.19236740000001,0.00000000000000,28.28460000000000,0,Composed: Copy with GPU GDI,0.60340000000000,29.57240000000000,33.44850000000000,0.00000000000000,-12.84790000000000,12.75590000000000,0.00000000000000
ruffle.exe,11016,0x0000000000000000,Other,-1,0,0,94.22650760000001,0.00000000000000,34.14020000000000,0,Composed: Copy with GPU GDI,0.91770000000000,28.65830000000000,33.22610000000000,0.00000000000000,-15.53560000000000,11.76730000000000,0.00000000000000
ruffle.exe,11016,0x0000000000000000,Other,-1,0,0,94.25905030000000,0.00000000000000,32.54270000000000,0,Composed: Copy with GPU GDI,0.67880000000000,29.49850000000000,33.38290000000000,0.00000000000000,-12.04370000000000,11.97750000000000,0.00000000000000
ruffle.exe,11016,0x0000000000000000,Other,-1,0,0,94.29540129999999,0.00000000000000,36.35100000000000,0,Composed: Copy with GPU GDI,0.62880000000000,26.47070000000000,33.32320000000000,0.00000000000000,-14.03740000000000,13.89910000000000,0.00000000000000
ruffle.exe,11016,0x0000000000000000,Other,-1,0,0,94.46868200000000,0.00000000000000,173.28070000000000,0,Composed: Copy with GPU GDI,0.61650000000000,19.85440000000000,166.66440000000000,0.00000000000000,-13.04720000000000,13.04920000000000,0.00000000000000
ruffle.exe,11016,0x0000000000000000,Other,-1,0,0,94.50697390000001,0.00000000000000,38.29190000000001,0,Composed: Copy with GPU GDI,0.94640000000000,31.52180000000000,49.95930000000000,0.00000000000000,-14.59620000000000,11.68550000000000,0.00000000000000
ruffle.exe,11016,0x0000000000000000,Other,-1,0,0,94.53751579999999,0.00000000000000,30.54190000000000,0,Composed: Copy with GPU GDI,0.86170000000000,17.72080000000000,16.74090000000000,0.00000000000000,-12.17100000000000,11.49630000000000,0.00000000000000
ruffle.exe,11016,0x0000000000000000,Other,-1,0,0,94.56523639999999,0.00000000000000,27.72060000000000,0,Composed: Copy with GPU GDI,0.85250000000000,23.33880000000000,33.33860000000000,0.00000000000000,-13.30750000000000,13.11850000000000,0.00000000000000
ruffle.exe,11016,0x0000000000000000,Other,-1,0,0,94.59402229999999,0.00000000000000,28.78590000000000,0,Composed: Copy with GPU GDI,0.86120000000000,27.83570000000000,33.28280000000000,0.00000000000000,-13.14700000000000,13.05720000000000,0.00000000000000
ruffle.exe,11016,0x0000000000000000,Other,-1,0,0,94.62814270000000,0.00000000000000,34.12040000000000,0,Composed: Copy with GPU GDI,0.60720000000000,27.12880000000000,33.41350000000000,0.00000000000000,-12.86470000000000,12.79120000000000,0.00000000000000
ruffle.exe,11016,0x0000000000000000,Other,-1,0,0,94.66233910000000,0.00000000000000,34.19640000000000,0,Composed: Copy with GPU GDI,0.58700000000000,26.25110000000000,33.31870000000000,0.00000000000000,-13.05990000000000,12.96130000000000,0.00000000000000
ruffle.exe,11016,0x0000000000000000,Other,-1,0,0,94.68549580000001,0.00000000000000,23.15670000000000,0,Composed: Copy with GPU GDI,0.87890000000000,19.73560000000000,16.64120000000000,0.00000000000000,-11.50060000000000,10.79360000000000,0.00000000000000
ruffle.exe,11016,0x0000000000000000,Other,-1,0,0,94.72086800000001,0.00000000000000,35.37220000000000,0,Composed: Copy with GPU GDI,0.61740000000000,17.69310000000000,33.32970000000000,0.00000000000000,-11.70290000000000,11.67440000000000,0.00000000000000
ruffle.exe,11016,0x0000000000000000,Other,-1,0,0,94.75267520000000,0.00000000000000,31.80720000000000,0,Composed: Copy with GPU GDI,0.61300000000000,19.25670000000000,33.37080000000000,0.00000000000000,-11.91990000000000,11.86240000000000,0.00000000000000
ruffle.exe,11016,0x0000000000000000,Other,-1,0,0,94.78257050000001,0.00000000000000,29.89530000000000,0,Composed: Copy with GPU GDI,0.57880000000000,22.64820000000000,33.28680000000000,0.00000000000000,-12.91100000000000,12.78310000000000,0.00000000000000
ruffle.exe,11016,0x0000000000000000,Other,-1,0,0,94.82091880000000,0.00000000000000,38.34830000000000,0,Composed: Copy with GPU GDI,0.59540000000000,17.64680000000000,33.34690000000001,0.00000000000000,-13.29390000000000,13.30740000000000,0.00000000000000
ruffle.exe,11016,0x0000000000000000,Other,-1,0,0,94.85651940000001,0.00000000000000,35.60060000000000,0,Composed: Copy with GPU GDI,0.88750000000000,32.06600000000000,50.01980000000000,0.00000000000000,-12.35200000000000,12.40790000000000,0.00000000000000
ruffle.exe,11016,0x0000000000000000,Other,-1,0,0,94.88497800000000,0.00000000000000,28.45860000000000,0,Composed: Copy with GPU GDI,0.61700000000000,20.28370000000000,16.67630000000000,0.00000000000000,-12.30690000000000,11.42350000000000,0.00000000000000
ruffle.exe,11016,0x0000000000000000,Other,-1,0,0,94.92237400000000,0.00000000000000,37.39600000000000,0,Composed: Copy with GPU GDI,0.90020000000000,32.88320000000000,49.99550000000000,0.00000000000000,-11.31160000000000,11.30940000000000,0.00000000000000
ruffle.exe,11016,0x0000000000000000,Other,-1,0,0,94.94956449999999,0.00000000000000,27.19050000000000,0,Composed: Copy with GPU GDI,0.85830000000000,22.35280000000000,16.66010000000000,0.00000000000000,-12.83910000000000,12.22360000000000,0.00000000000000
ruffle.exe,11016,0x0000000000000000,Other,-1,0,0,94.98621960000000,0.00000000000000,36.65510000000000,0,Composed: Copy with GPU GDI,0.91220000000000,19.11060000000000,33.41290000000000,0.00000000000000,-11.91170000000000,11.83820000000000,0.00000000000000
ruffle.exe,11016,0x0000000000000000,Other,-1,0,0,95.02847980000000,0.00000000000000,42.26020000000000,0,Composed: Copy with GPU GDI,0.94160000000000,26.82670000000000,49.97630000000000,0.00000000000000,-17.59070000000000,13.90410000000000,0.00000000000000
ruffle.exe,11016,0x0000000000000000,Other,-1,0,0,95.07437420000001,0.00000000000000,45.89440000000000,0,Composed: Copy with GPU GDI,0.77110000000000,30.94270000000000,50.01040000000000,0.00000000000000,-14.79090000000000,14.47290000000000,0.00000000000000
ruffle.exe,11016,0x0000000000000000,Other,-1,0,0,95.11669890000000,0.00000000000000,42.32470000000000,0,Composed: Copy with GPU GDI,0.96890000000000,21.93100000000000,33.31300000000000,0.00000000000000,-16.65950000000000,11.67780000000000,0.00000000000000
ruffle.exe,11016,0x0000000000000000,Other,-1,0,0,95.16193740000000,0.00000000000000,45.23850000000000,0,Composed: Copy with GPU GDI,0.89040000000000,26.69500000000000,50.00250000000000,0.00000000000000,-13.24120000000000,11.32990000000000,0.00000000000000
ruffle.exe,11016,0x0000000000000000,Other,-1,0,0,95.21979979999999,0.00000000000000,57.86240000000000,0,Composed: Copy with GPU GDI,0.90040000000000,18.80230000000000,49.96970000000000,0.00000000000000,-16.87210000000000,13.63350000000000,0.00000000000000
ruffle.exe,11016,0x0000000000000000,Other,-1,0,0,95.25650170000000,0.00000000000000,36.70190000000000,0,Composed: Copy with GPU GDI,0.68790000000000,32.13050000000000,50.03010000000000,0.00000000000000,-16.41950000000000,13.11670000000000,0.00000000000000
ruffle.exe,11016,0x0000000000000000,Other,-1,0,0,95.29000680000000,0.00000000000000,33.50510000000000,0,Composed: Copy with GPU GDI,0.88950000000000,31.94500000000000,33.31960000000000,0.00000000000000,-16.44920000000000,14.25940000000000,0.00000000000000
ruffle.exe,11016,0x0000000000000000,Other,-1,0,0,95.48254420000001,0.00000000000000,192.53740000000002,0,Composed: Copy with GPU GDI,0.92470000000000,22.76780000000000,183.36020000000002,0.00000000000000,-15.59170000000000,12.12410000000000,0.00000000000000
ruffle.exe,11016,0x0000000000000000,Other,-1,0,0,95.53962510000001,0.00000000000000,57.08090000000000,0,Composed: Copy with GPU GDI,0.89960000000000,32.34490000000000,66.65800000000000,0.00000000000000,-14.13010000000000,13.53060000000000,0.00000000000000
ruffle.exe,11016,0x0000000000000000,Other,-1,0,0,95.57724580000000,0.00000000000000,37.62070000000000,0,Composed: Copy with GPU GDI,0.91580000000000,28.05220000000000,33.32800000000000,0.00000000000000,-16.13560000000000,12.33840000000000,0.00000000000000
ruffle.exe,11016,0x0000000000000000,Other,-1,0,0,95.61137440000000,0.00000000000000,34.12860000000000,0,Composed: Copy with GPU GDI,0.88770000000000,27.27920000000000,33.35560000000000,0.00000000000000,-11.52600000000000,11.42230000000000,0.00000000000000
ruffle.exe,11016,0x0000000000000000,Other,-1,0,0,95.65494540000000,0.00000000000000,43.57100000000001,0,Composed: Copy with GPU GDI,0.87730000000000,33.73770000000000,50.02950000000001,0.00000000000000,-14.10440000000000,14.03520000000000,0.00000000000000
ruffle.exe,11016,0x0000000000000000,Other,-1,0,0,95.70776820000000,0.00000000000000,52.82280000000000,0,Composed: Copy with GPU GDI,0.73820000000000,30.93460000000000,50.01970000000000,0.00000000000000,-16.51170000000000,12.23360000000000,0.00000000000000
ruffle.exe,11016,0x0000000000000000,Other,-1,0,0,95.74933419999999,0.00000000000000,41.56600000000000,0,Composed: Copy with GPU GDI,0.91190000000000,22.70360000000000,33.33500000000000,0.00000000000000,-12.91340000000000,12.89710000000000,0.00000000000000
ruffle.exe,11016,0x0000000000000000,Other,-1,0,0,95.78123309999999,0.00000000000000,31.89890000000000,0,Composed: Copy with GPU GDI,0.91070000000000,24.08570000000000,33.28100000000000,0.00000000000000,-15.51070000000000,11.94200000000000,0.00000000000000
ruffle.exe,11016,0x0000000000000000,Other,-1,0,0,95.81963710000001,0.00000000000000,38.40400000000000,0,Composed: Copy with GPU GDI,0.90200000000000,19.03030000000000,33.34860000000000,0.00000000000000,-11.43790000000000,11.36380000000000,0.00000000000000
ruffle.exe,11016,0x0000000000000000,Other,-1,0,0,95.86226500000001,0.00000000000000,42.62790000000000,0,Composed: Copy with GPU GDI,0.90950000000000,26.42260000000000,50.02020000000000,0.00000000000000,-15.06590000000000,14.88130000000000,0.00000000000000
ruffle.exe,11016,0x0000000000000000,Other,-1,0,0,95.91388130000000,0.00000000000000,51.61630000000000,0,Composed: Copy with GPU GDI,0.82840000000000,24.80570000000000,49.99940000000000,0.00000000000000,-11.99600000000000,11.96990000000000,0.00000000000000
ruffle.exe,11016,0x0000000000000000,Other,-1,0,0,95.94749700000000,0.00000000000000,33.61570000000000,0,Composed: Copy with GPU GDI,0.89320000000000,24.56110000000000,33.37110000000000,0.00000000000000,-12.59850000000000,12.38380000000000,0.00000000000000
ruffle.exe,11016,0x0000000000000000,Other,-1,0,0,95.98790360000001,0.00000000000000,40.40660000000000,0,Composed: Copy with GPU GDI,0.91880000000000,17.44590000000000,33.29140000000000,0.00000000000000,-16.58450000000000,11.77850000000000,0.00000000000000
ruffle.exe,11016,0x0000000000000000,Other,-1,0,0,96.03897850000000,0.00000000000000,51.07490000000000,0,Composed: Copy with GPU GDI,0.88200000000000,33.00960000000000,66.63860000000000,0.00000000000000,-13.04620000000000,13.17230000000000,0.00000000000000
ruffle.exe,11016,0x0000000000000000,Other,-1,0,0,96.07324319999999,0.00000000000000,34.26470000000000,0,Composed: Copy with GPU GDI,0.84330000000000,32.09930000000000,33.35440000000000,0.00000000000000,-14.44060000000000,13.61700000000000,0.00000000000000
ruffle.exe,11016,0x0000000000000000,Other,-1,0,0,96.11204570000001,0.00000000000000,38.80250000000000,0,Composed: Copy with GPU GDI,0.89480000000000,26.64600000000000,33.34920000000000,0.00000000000000,-13.56860000000000,13.20760000000000,0.00000000000000
ruffle.exe,11016,0x0000000000000000,Other,-1,0,0,96.14472860000001,0.00000000000000,32.68290000000000,0,Composed: Copy with GPU GDI,0.85370000000000,27.30820000000000,33.34510000000000,0.00000000000000,-13.00030000000000,12.34790000000000,0.00000000000000
ruffle.exe,11016,0x0000000000000000,Other,-1,0,0,96.17861300000000,0.00000000000000,33.88440000000000,0,Composed: Copy with GPU GDI,0.83310000000000,26.74200000000000,33.31820000000000,0.00000000000000,-12.02980000000000,11.96140000000000,0.00000000000000
ruffle.exe,11016,0x0000000000000000,Other,-1,0,0,96.21155680000001,0.00000000000000,32.94380000000000,0,Composed: Copy with GPU GDI,0.69960000000000,27.11540000000000,33.31720000000000,0.00000000000000,-11.55390000000000,11.15680000000000,0.00000000000000
ruffle.exe,11016,0x0000000000000000,Other,-1,0,0,96.24251769999999,0.00000000000000,30.96090000000000,0,Composed: Copy with GPU GDI,0.86980000000000,29.56680000000000,33.41230000000000,0.00000000000000,-12.92430000000000,13.00250000000000,0.00000000000000
ruffle.exe,11016,0x0000000000000000,Other,-1,0,0,96.28056170000001,0.00000000000000,38.04400000000000,0,Composed: Copy with GPU GDI,0.87200000000000,24.83990000000000,33.31710000000000,0.00000000000000,-13.42750000000000,13.25820000000000,0.00000000000000
ruffle.exe,11016,0x0000000000000000,Other,-1,0,0,96.53538220000000,0.00000000000000,254.82050000000001,0,Composed: Copy with GPU GDI,0.95790000000000,20.07020000000000,250.05080000000001,0.00000000000000,-17.74070000000000,13.92210000000000,0.00000000000000
ruffle.exe,11016,0x0000000000000000,Other,-1,0,0,96.66653930000001,0.00000000000000,131.15710000000001,0,Composed: Copy with GPU GDI,0.95040000000000,38.90950000000000,149.99639999999999,0.00000000000000,-14.22830000000000,14.09840000000000,0.00000000000000
ruffle.exe,11016,0x0000000000000000,Other,-1,0,0,96.76117850000000,0.00000000000000,94.63920000000000,0,Composed: Copy with GPU GDI,0.92460000000000,27.55630000000000,83.28600000000000,0.00000000000000,-16.18830000000000,13.46030000000000,0.00000000000000
ruffle.exe,11016,0x0000000000000000,Other,-1,0,0,96.81676690000000,0.00000000000000,55.58840000000000,0,Composed: Copy with GPU GDI,0.89440000000000,22.02350000000000,50.05560000000001,0.00000000000000,-20.74810000000000,14.66060000000000,0.00000000000000
ruffle.exe,11016,0x0000000000000000,Other,-1,0,0,96.88222760000001,0.00000000000000,65.46070000000000,0,Composed: Copy with GPU GDI,0.89730000000000,73.26870000000001,116.70590000000000,0.00000000000000,-14.56400000000000,13.52560000000000,0.00000000000000
ruffle.exe,11016,0x0000000000000000,Other,-1,0,0,97.00067640000000,0.00000000000000,118.44880000000001,0,Composed: Copy with GPU GDI,0.94270000000000,38.18640000000000,83.36650000000000,0.00000000000000,-32.58270000000000,13.12960000000000,0.00000000000000
ruffle.exe,11016,0x0000000000000000,Other,-1,0,0,97.04957420000001,0.00000000000000,48.89780000000000,0,Composed: Copy with GPU GDI,0.91620000000000,22.55420000000000,33.26560000000000,0.00000000000000,-22.57990000000000,11.48470000000000,0.00000000000000
ruffle.exe,11016,0x0000000000000000,Other,-1,0,0,97.09916160000000,0.00000000000000,49.58740000000000,0,Composed: Copy with GPU GDI,0.94020000000000,22.97710000000000,50.01030000000000,0.00000000000000,-17.21340000000000,12.86990000000000,0.00000000000000
ruffle.exe,11016,0x0000000000000000,Other,-1,0,0,97.15903640000001,0.00000000000000,59.87480000000000,0,Composed: Copy with GPU GDI,0.98450000000000,29.76240000000000,66.66010000000000,0.00000000000000,-13.85340000000000,11.93280000000000,0.00000000000000
ruffle.exe,11016,0x0000000000000000,Other,-1,0,0,97.21178060000000,0.00000000000000,52.74420000000000,0,Composed: Copy with GPU GDI,0.93740000000000,77.07370000000000,100.05550000000001,0.00000000000000,-20.35640000000000,13.96970000000000,0.00000000000000
ruffle.exe,11016,0x0000000000000000,Other,-1,0,0,97.25549340000001,0.00000000000000,43.71280000000000,0,Composed: Copy with GPU GDI,18.09240000000000,49.97370000000000,16.61280000000000,0.00000000000000,-13.94260000000000,13.70540000000000,0.00000000000000
ruffle.exe,11016,0x0000000000000000,Other,-1,0,0,97.30935249999999,0.00000000000000,53.85910000000001,0,Composed: Copy with GPU GDI,0.94710000000000,29.44990000000000,33.33530000000000,0.00000000000000,-19.90290000000000,12.94880000000000,0.00000000000000
ruffle.exe,11016,0x0000000000000000,Other,-1,0,0,97.56018850000001,0.00000000000000,250.83600000000001,0,Composed: Copy with GPU GDI,0.92010000000000,28.66480000000000,250.05090000000001,0.00000000000000,-12.05340000000000,11.58820000000000,0.00000000000000
ruffle.exe,11016,0x0000000000000000,Other,-1,0,0,97.60413670000000,0.00000000000000,43.94820000000000,0,Composed: Copy with GPU GDI,0.91080000000000,18.02260000000000,33.30600000000000,0.00000000000000,-17.60550000000000,12.71220000000000,0.00000000000000
ruffle.exe,11016,0x0000000000000000,Other,-1,0,0,97.64962400000000,0.00000000000000,45.48730000000000,0,Composed: Copy with GPU GDI,0.93990000000000,22.54690000000000,50.01160000000000,0.00000000000000,-12.87990000000000,12.67820000000000,0.00000000000000
ruffle.exe,11016,0x0000000000000000,Other,-1,0,0,97.70339930000000,0.00000000000000,53.77530000000000,0,Composed: Copy with GPU GDI,0.94400000000000,18.77400000000000,50.00240000000000,0.00000000000000,-17.59110000000000,13.32390000000000,0.00000000000000
ruffle.exe,11016,0x0000000000000000,Other,-1,0,0,97.74926060000000,0.00000000000000,45.86130000000000,0,Composed: Copy with GPU GDI,0.97350000000000,22.91410000000000,50.00140000000000,0.00000000000000,-13.77560000000000,13.65730000000000,0.00000000000000
ruffle.exe,11016,0x0000000000000000,Other,-1,0,0,97.79251020000001,0.00000000000000,43.24960000000000,0,Composed: Copy with GPU GDI,0.96160000000000,29.68290000000000,50.01840000000000,0.00000000000000,-14.43780000000000,14.29010000000000,0.00000000000000
ruffle.exe,11016,0x0000000000000000,Other,-1,0,0,97.83794130000001,0.00000000000000,45.43110000000000,0,Composed: Copy with GPU GDI,0.95080000000000,17.58090000000000,33.32910000000000,0.00000000000000,-17.88960000000000,12.28820000000000,0.00000000000000
ruffle.exe,11016,0x0000000000000000,Other,-1,0,0,97.89821100000000,0.00000000000000,60.26970000000000,0,Composed: Copy with GPU GDI,0.92980000000000,23.99460000000000,66.68340000000001,0.00000000000000,-14.67840000000000,14.53980000000000,0.00000000000000
ruffle.exe,11016,0x0000000000000000,Other,-1,0,0,97.94272150000000,0.00000000000000,44.51050000000000,0,Composed: Copy with GPU GDI,0.95180000000000,29.45270000000000,49.96860000000000,0.00000000000000,-16.54260000000000,12.68840000000000,0.00000000000000
ruffle.exe,11016,0x0000000000000000,Other,-1,0,0,98.00793330000000,0.00000000000000,65.21180000000000,0,Composed: Copy with GPU GDI,0.73950000000000,31.03420000000000,66.79330000000000,0.00000000000000,-14.59450000000000,14.27920000000000,0.00000000000000
ruffle.exe,11016,0x0000000000000000,Other,-1,0,0,98.04887990000000,0.00000000000000,40.94660000000000,0,Composed: Copy with GPU GDI,0.91320000000000,23.32610000000000,33.23850000000000,0.00000000000000,-17.51040000000000,12.78490000000000,0.00000000000000
ruffle.exe,11016,0x0000000000000000,Other,-1,0,0,98.10004459999999,0.00000000000000,51.16470000000000,0,Composed: Copy with GPU GDI,0.90780000000000,22.19500000000000,50.03360000000000,0.00000000000000,-13.39970000000000,13.28500000000000,0.00000000000000
ruffle.exe,11016,0x0000000000000000,Other,-1,0,0,98.13380750000000,0.00000000000000,33.76290000000000,0,Composed: Copy with GPU GDI,0.89300000000000,21.71800000000000,33.28590000000000,0.00000000000000,-16.08480000000000,12.70230000000000,0.00000000000000
ruffle.exe,11016,0x0000000000000000,Other,-1,0,0,98.17128220000001,0.00000000000000,37.47470000000000,0,Composed: Copy with GPU GDI,0.66690000000000,17.62760000000000,33.38430000000000,0.00000000000000,-10.52400000000000,10.48650000000000,0.00000000000000
ruffle.exe,11016,0x0000000000000000,Other,-1,0,0,98.20849160000000,0.00000000000000,37.20940000000000,0,Composed: Copy with GPU GDI,0.89480000000000,30.40250000000000,49.98430000000000,0.00000000000000,-14.61250000000000,14.52040000000000,0.00000000000000
ruffle.exe,11016,0x0000000000000000,Other,-1,0,0,98.25662870000001,0.00000000000000,48.13710000000000,0,Composed: Copy with GPU GDI,0.90540000000000,32.25500000000000,49.98960000000000,0.00000000000000,-13.42070000000000,13.39800000000000,0.00000000000000
ruffle.exe,11016,0x0000000000000000,Other,-1,0,0,98.29441160000000,0.00000000000000,37.78290000000001,0,Composed: Copy with GPU GDI,0.90590000000000,27.84930000000000,33.37720000000000,0.00000000000000,-16.24230000000000,12.53940000000000,0.00000000000000
ruffle.exe,11016,0x0000000000000000,Other,-1,0,0,98.49732250000000,0.00000000000000,202.91090000000000,0,Composed: Copy with GPU GDI,0.91430000000000,24.90070000000000,199.96230000000000,0.00000000000000,-12.81370000000000,12.65330000000000,0.00000000000000
ruffle.exe,11016,0x0000000000000000,Other,-1,0,0,98.55129870000000,0.00000000000000,53.97620000000001,0,Composed: Copy with GPU GDI,0.85840000000000,20.93730000000000,50.01280000000001,0.00000000000000,-14.93340000000000,14.95150000000000,0.00000000000000
ruffle.exe,11016,0x0000000000000000,Other,-1,0,0,98.59246140000000,0.00000000000000,41.16270000000000,0,Composed: Copy with GPU GDI,0.84060000000000,29.77880000000000,50.00420000000000,0.00000000000000,-14.70660000000000,13.62450000000000,0.00000000000000
ruffle.exe,11016,0x0000000000000000,Other,-1,0,0,98.62754799999999,0.00000000000000,35.08660000000000,0,Composed: Copy with GPU GDI,0.85880000000000,28.09140000000000,33.39920000000000,0.00000000000000,-12.72020000000000,12.72790000000000,0.00000000000000
ruffle.exe,11016,0x0000000000000000,Other,-1,0,0,98.66153050000000,0.00000000000000,33.98250000000000,0,Composed: Copy with GPU GDI,0.84330000000000,27.37830000000000,33.26940000000000,0.00000000000000,-11.53020000000000,11.46940000000000,0.00000000000000
ruffle.exe,11016,0x0000000000000000,Other,-1,0,0,98.70939410000001,0.00000000000000,47.86360000000001,0,Composed: Copy with GPU GDI,0.61350000000000,29.47910000000000,49.96440000000000,0.00000000000000,-15.06120000000000,13.50430000000000,0.00000000000000
ruffle.exe,11016,0x0000000000000000,Other,-1,0,0,98.73954480000000,0.00000000000000,30.15070000000000,0,Composed: Copy with GPU GDI,0.89530000000000,32.74990000000000,33.42150000000000,0.00000000000000,-13.59450000000000,11.53890000000000,0.00000000000000
ruffle.exe,11016,0x0000000000000000,Other,-1,0,0,98.78327229999999,0.00000000000000,43.72750000000000,0,Composed: Copy with GPU GDI,0.94430000000000,38.99900000000000,49.97660000000000,0.00000000000000,-18.49600000000000,14.45010000000000,0.00000000000000
ruffle.exe,11016,0x0000000000000000,Other,-1,0,0,98.83648310000000,0.00000000000000,53.21080000000001,0,Composed: Copy with GPU GDI,0.92720000000000,19.12530000000000,33.33710000000000,0.00000000000000,-15.89360000000000,13.88180000000000,0.00000000000000
ruffle.exe,11016,0x0000000000000000,Other,-1,0,0,98.89262990000000,0.00000000000000,56.14680000000001,0,Composed: Copy with GPU GDI,0.91870000000000,29.70820000000000,66.72970000000001,0.00000000000000,-15.89060000000000,13.28700000000000,0.00000000000000
ruffle.exe,11016,0x0000000000000000,Other,-1,0,0,98.93862150000000,0.00000000000000,45.99160000000001,0,Composed: Copy with GPU GDI,0.89500000000000,16.98780000000000,33.27120000000000,0.00000000000000,-19.89270000000000,12.07770000000000,0.00000000000000
ruffle.exe,11016,0x0000000000000000,Other,-1,0,0,99.01864610000000,0.00000000000000,80.02460000000001,0,Composed: Copy with GPU GDI,0.92210000000000,36.96090000000000,99.99770000000001,0.00000000000000,-15.00160000000000,14.70140000000000,0.00000000000000
ruffle.exe,11016,0x0000000000000000,Other,-1,0,0,99.10989770000000,0.00000000000000,91.25160000000001,0,Composed: Copy with GPU GDI,0.94440000000000,62.40870000000000,116.69940000000001,0.00000000000000,-15.66140000000000,12.27270000000000,0.00000000000000
ruffle.exe,11016,0x0000000000000000,Other,-1,0,0,99.16196350000000,0.00000000000000,52.06580000000000,0,Composed: Copy with GPU GDI,0.90860000000000,60.34390000000000,50.00100000000000,0.00000000000000,-24.69140000000000,13.00430000000000,0.00000000000000
ruffle.exe,11016,0x0000000000000000,Other,-1,0,0,99.21902990000000,0.00000000000000,57.06640000000000,0,Composed: Copy with GPU GDI,0.71400000000000,36.99250000000000,33.71500000000000,0.00000000000000,-13.21720000000000,11.65900000000000,0.00000000000000
ruffle.exe,11016,0x0000000000000000,Other,-1,0,0,99.25180630000000,0.00000000000000,32.77640000000000,0,Composed: Copy with GPU GDI,0.96200000000000,20.49010000000000,16.27400000000000,0.00000000000000,-16.17930000000000,11.64400000000000,0.00000000000000
ruffle.exe,11016,0x0000000000000000,Other,-1,0,0,99.28610790000000,0.00000000000000,34.30160000000000,0,Composed: Copy with GPU GDI,0.88180000000000,36.21470000000000,50.02620000000000,0.00000000000000,-12.45620000000000,12.24660000000000,0.00000000000000
ruffle.exe,11016,0x0000000000000000,Other,-1,0,0,99.50131840000000,0.00000000000000,215.21050000000000,0,Composed: Copy with GPU GDI,0.85120000000000,21.04850000000000,200.04430000000002,0.00000000000000,-14.21310000000000,14.17770000000000,0.00000000000000
ruffle.exe,11016,0x0000000000000000,Other,-1,0,0,99.53334570000001,0.00000000000000,32.02730000000000,0,Composed: Copy with GPU GDI,0.64590000000000,22.47370000000000,33.45250000000000,0.00000000000000,-13.59820000000000,12.71310000000000,0.00000000000000
ruffle.exe,11016,0x0000000000000000,Other,-1,0,0,99.56480630000000,0.00000000000000,31.46060000000000,0,Composed: Copy with GPU GDI,0.58510000000000,24.29030000000000,33.27720000000000,0.00000000000000,-14.13730000000000,12.45490000000000,0.00000000000000
ruffle.exe,11016,0x0000000000000000,Other,-1,0,0,99.59841120000000,0.00000000000000,33.60490000000000,0,Composed: Copy with GPU GDI,0.85220000000000,24.00520000000000,33.31980000000000,0.00000000000000,-16.54940000000000,12.61040000000000,0.00000000000000
ruffle.exe,11016,0x0000000000000000,Other,-1,0,0,99.63121690000000,0.00000000000000,32.80570000000000,0,Composed: Copy with GPU GDI,0.90170000000000,24.48190000000000,33.28240000000000,0.00000000000000,-11.55700000000000,11.59250000000000,0.00000000000000
ruffle.exe,11016,0x0000000000000000,Other,-1,0,0,99.66706380000001,0.00000000000000,35.84690000000001,0,Composed: Copy with GPU GDI,0.84880000000000,21.94060000000000,33.30560000000000,0.00000000000000,-16.06800000000000,12.79100000000000,0.00000000000000
ruffle.exe,11016,0x0000000000000000,Other,-1,0,0,99.72154130000000,0.00000000000000,54.47750000000000,0,Composed: Copy with GPU GDI,0.90330000000000,34.13850000000000,66.67540000000000,0.00000000000000,-14.45850000000000,13.95270000000000,0.00000000000000
ruffle.exe,11016,0x0000000000000000,Other,-1,0,0,99.78106860000000,0.00000000000000,59.52730000000000,0,Composed: Copy with GPU GDI,0.89470000000000,24.63630000000000,50.02510000000000,0.00000000000000,-18.49550000000000,13.28870000000000,0.00000000000000
ruffle.exe,11016,0x0000000000000000,Other,-1,0,0,99.83823050000001,0.00000000000000,57.16190000000000,0,Composed: Copy with GPU GDI,0.81610000000000,17.44730000000000,49.97290000000000,0.00000000000000,-13.64080000000000,12.48050000000000,0.00000000000000
ruffle.exe,11016,0x0000000000000000,Other,-1,0,0,99.88997700000000,0.00000000000000,51.74650000000000,0,Composed: Copy with GPU GDI,0.89080000000000,32.37110000000000,66.67030000000000,0.00000000000000,-13.64350000000000,12.94990000000000,0.00000000000000
ruffle.exe,11016,0x0000000000000000,Other,-1,0,0,99.97561930000001,0.00000000000000,85.64230000000001,0,Composed: Copy with GPU GDI,0.93790000000000,46.76900000000001,100.04020000000000,0.00000000000000,-24.96840000000000,15.83100000000000,0.00000000000000
ruffle.exe,11016,0x0000000000000000,Other,-1,0,0,100.04890320000000,0.00000000000000,73.28390000000000,0,Composed: Copy with GPU GDI,0.89740000000000,40.17530000000000,66.69020000000000,0.00000000000000,-15.86820000000000,14.16160000000000,0.00000000000000
ruffle.exe,11016,0x0000000000000000,Other,-1,0,0,100.18692019999999,0.00000000000000,138.01700000000000,0,Composed: Copy with GPU GDI,1.17600000000000,18.80430000000000,116.64600000000000,0.00000000000000,-16.68850000000000,13.88000000000000,0.00000000000000
ruffle.exe,11016,0x0000000000000000,Other,-1,0,0,100.24524000000001,0.00000000000000,58.31980000000000,0,Composed: Copy with GPU GDI,0.95010000000000,27.16260000000000,66.67810000000000,0.00000000000000,-13.43070000000000,12.90480000000000,0.00000000000000
ruffle.exe,11016,0x0000000000000000,Other,-1,0,0,100.28386890000000,0.00000000000000,38.62890000000000,0,Composed: Copy with GPU GDI,0.79940000000000,21.85370000000000,33.32000000000000,0.00000000000000,-13.15340000000000,13.05430000000000,0.00000000000000
ruffle.exe,11016,0x0000000000000000,Other,-1,0,0,100.48033550000001,0.00000000000000,196.46660000000000,0,Composed: Copy with GPU GDI,0.88200000000000,25.45680000000000,200.06970000000001,0.00000000000000,-14.16450000000000,14.17540000000000,0.00000000000000
ruffle.exe,11016,0x0000000000000000,Other,-1,0,0,100.51581190000000,0.00000000000000,35.47640000000000,0,Composed: Copy with GPU GDI,0.90300000000000,23.28440000000000,33.30400000000000,0.00000000000000,-16.71730000000000,12.53550000000000,0.00000000000000
ruffle.exe,11016,0x0000000000000000,Other,-1,0,0,100.55950480000000,0.00000000000000,43.69290000000000,0,Composed: Copy with GPU GDI,0.87080000000000,29.63060000000000,50.03910000000000,0.00000000000000,-12.48970000000000,12.09980000000000,0.00000000000000
ruffle.exe,11016,0x0000000000000000,Other,-1,0,0,100.59435140000001,0.00000000000000,34.84660000000000,0,Composed: Copy with GPU GDI,0.92880000000000,28.07550000000000,33.29150000000000,0.00000000000000,-13.58890000000000,12.09510000000000,0.00000000000000
ruffle.exe,11016,0x0000000000000000,Other,-1,0,0,100.64422440000001,0.00000000000000,49.87300000000000,0,Composed: Copy with GPU GDI,0.89010000000000,28.20120000000000,49.99870000000000,0.00000000000000,-16.54590000000000,12.89900000000000,0.00000000000000
ruffle.exe,11016,0x0000000000000000,Other,-1,0,0,100.68493429999999,0.00000000000000,40.70990000000000,0,Composed: Copy with GPU GDI,0.91830000000000,20.83330000000000,33.34200000000000,0.00000000000000,-11.61850000000000,11.53350000000000,0.00000000000000
ruffle.exe,11016,0x0000000000000000,Other,-1,0,0,100.72708229999999,0.00000000000000,42.14800000000000,0,Composed: Copy with GPU GDI,0.88420000000000,28.66280000000000,49.97750000000000,0.00000000000000,-13.93130000000000,13.84270000000000,0.00000000000000
ruffle.exe,11016,0x0000000000000000,Other,-1,0,0,100.76644259999999,0.00000000000000,39.36030000000000,0,Composed: Copy with GPU GDI,0.88940000000000,22.66260000000000,33.36010000000000,0.00000000000000,-14.53140000000000,14.37340000000000,0.00000000000000
ruffle.exe,11016,0x0000000000000000,Other,-1,0,0,100.80951159999999,0.00000000000000,43.06900000000000,0,Composed: Copy with GPU GDI,0.89550000000000,29.61360000000000,50.02000000000000,0.00000000000000,-16.02660000000000,12.31880000000000,0.00000000000000
ruffle.exe,11016,0x0000000000000000,Other,-1,0,0,100.84158090000000,0.00000000000000,32.06930000000000,0,Composed: Copy with GPU GDI,0.78450000000000,30.94260000000000,33.39830000000000,0.00000000000000,-11.84840000000000,11.71520000000000,0.00000000000000
ruffle.exe,11016,0x0000000000000000,Other,-1,0,0,100.88389770000001,0.00000000000000,42.31680000000000,0,Composed: Copy with GPU GDI,0.63290000000000,21.88780000000000,33.26200000000000,0.00000000000000,-12.54270000000000,12.27590000000000,0.00000000000000
ruffle.exe,11016,0x0000000000000000,Other,-1,0,0,100.93726910000001,0.00000000000000,53.37140000000000,0,Composed: Copy with GPU GDI,0.90970000000000,18.55760000000000,50.04120000000000,0.00000000000000,-14.24720000000000,14.18780000000000,0.00000000000000
ruffle.exe,11016,0x0000000000000000,Other,-1,0,0,100.97507220000000,0.00000000000000,37.80310000000000,0,Composed: Copy with GPU GDI,0.67300000000000,30.73740000000000,49.98290000000000,0.00000000000000,-13.16560000000000,12.99540000000000,0.00000000000000
ruffle.exe,11016,0x0000000000000000,Other,-1,0,0,101.00929889999999,0.00000000000000,34.22670000000000,0,Composed: Copy with GPU GDI,0.71680000000000,29.89440000000000,33.38370000000000,0.00000000000000,-15.70710000000000,11.35580000000000,0.00000000000000
ruffle.exe,11016,0x0000000000000000,Other,-1,0,0,101.04769560000001,0.00000000000000,38.39670000000000,0,Composed: Copy with GPU GDI,0.83870000000000,24.78490000000000,33.28720000000000,0.00000000000000,-11.59660000000000,11.55210000000000,0.00000000000000
ruffle.exe,11016,0x0000000000000000,Other,-1,0,0,101.10391370000001,0.00000000000000,56.21810000000000,0,Composed: Copy with GPU GDI,0.62610000000000,18.55160000000000,49.98480000000000,0.00000000000000,-13.00210000000000,12.85760000000000,0.00000000000000
ruffle.exe,11016,0x0000000000000000,Other,-1,0,0,101.15009420000001,0.00000000000000,46.18050000000000,0,Composed: Copy with GPU GDI,0.83190000000000,22.36550000000000,49.99440000000001,0.00000000000000,-16.73090000000000,12.64480000000000,0.00000000000000
ruffle.exe,11016,0x0000000000000000,Other,-1,0,0,101.20925740000000,0.00000000000000,59.16320000000000,0,Composed: Copy with GPU GDI,0.62850000000000,29.85020000000000,66.64790000000001,0.00000000000000,-14.58500000000000,14.47770000000000,0.00000000000000
ruffle.exe,11016,0x0000000000000000,Other,-1,0,0,101.23703530000000,0.00000000000000,27.77790000000000,0,Composed: Copy with GPU GDI,0.61090000000000,18.77920000000000,16.70690000000000,0.00000000000000,-11.89710000000000,10.98520000000000,0.00000000000000
ruffle.exe,11016,0x0000000000000000,Other,-1,0,0,101.27555580000001,0.00000000000000,38.52050000000000,0,Composed: Copy with GPU GDI,0.84080000000000,30.24420000000000,49.98550000000000,0.00000000000000,-12.79450000000000,12.75230000000000,0.00000000000000
ruffle.exe,11016,0x0000000000000000,Other,-1,0,0,101.42705320000000,0.00000000000000,151.49740000000000,0,Composed: Copy with GPU GDI,0.65310000000000,28.78800000000000,150.04120000000000,0.00000000000000,-11.46100000000000,11.33290000000000,0.00000000000000
ruffle.exe,11016,0x0000000000000000,Other,-1,0,0,101.46478290000000,0.00000000000000,37.72970000000000,0,Composed: Copy with GPU GDI,0.63490000000000,24.45920000000000,33.40090000000000,0.00000000000000,-14.60910000000000,14.49760000000000,0.00000000000000
ruffle.exe,11016,0x0000000000000000,Other,-1,0,0,101.49465029999999,0.00000000000000,29.86740000000000,0,Composed: Copy with GPU GDI,0.81780000000000,27.93180000000000,33.34000000000000,0.00000000000000,-13.00850000000000,12.95730000000000,0.00000000000000
ruffle.exe,11016,0x0000000000000000,Other,-1,0,0,101.54774120000000,0.00000000000000,53.09090000000000,0,Composed: Copy with GPU GDI,0.89590000000000,24.77650000000000,49.93560000000000,0.00000000000000,-19.30270000000000,12.12770000000000,0.00000000000000
ruffle.exe,11016,0x0000000000000000,Other,-1,0,0,101.59990070000001,0.00000000000000,52.15950000000000,0,Composed: Copy with GPU GDI,0.88510000000000,22.62670000000000,50.00970000000000,0.00000000000000,-13.87940000000000,12.59260000000000,0.00000000000000
ruffle.exe,11016,0x0000000000000000,Other,-1,0,0,101.65208749999999,0.00000000000000,52.18680000000001,0,Composed: Copy with GPU GDI,0.87410000000000,20.43190000000000,49.99200000000000,0.00000000000000,-15.57030000000000,12.20970000000000,0.00000000000000
ruffle.exe,11016,0x0000000000000000,Other,-1,0,0,101.69106359999999,0.00000000000000,38.97610000000000,0,Composed: Copy with GPU GDI,1.04640000000000,31.48220000000000,50.02640000000000,0.00000000000000,-14.06590000000000,11.93060000000000,0.00000000000000
ruffle.exe,11016,0x0000000000000000,Other,-1,0,0,101.74839160000001,0.00000000000000,57.32800000000000,0,Composed: Copy with GPU GDI,1.03140000000000,40.79120000000000,66.63700000000000,0.00000000000000,-22.99090000000000,13.81300000000000,0.00000000000000
ruffle.exe,11016,0x0000000000000000,Other,-1,0,0,101.81992850000000,0.00000000000000,71.53690000000000,0,Composed: Copy with GPU GDI,0.88630000000000,35.93120000000000,66.67690000000000,0.00000000000000,-15.58970000000000,13.14470000000000,0.00000000000000
ruffle.exe,11016,0x0000000000000000,Other,-1,0,0,101.87847070000001,0.00000000000000,58.54220000000000,0,Composed: Copy with GPU GDI,0.90480000000000,44.11450000000000,66.72550000000000,0.00000000000000,-17.54280000000000,11.60990000000000,0.00000000000000
ruffle.exe,11016,0x0000000000000000,Other,-1,0,0,101.94046030000001,0.00000000000000,61.98960000000000,0,Composed: Copy with GPU GDI,1.17250000000000,48.75750000000000,66.63260000000000,0.00000000000000,-20.42690000000000,14.49750000000000,0.00000000000000
ruffle.exe,11016,0x0000000000000000,Other,-1,0,0,101.99318070000000,0.00000000000000,52.72040000000001,0,Composed: Copy with GPU GDI,0.94740000000000,46.03080000000000,49.99370000000000,0.00000000000000,-13.79850000000000,13.28260000000000,0.00000000000000
ruffle.exe,11016,0x0000000000000000,Other,-1,0,0,102.02893970000001,0.00000000000000,35.75900000000000,0,Composed: Copy with GPU GDI,0.61860000000000,26.93420000000000,16.66240000000000,0.00000000000000,-13.96630000000000,10.93540000000000,0.00000000000000
ruffle.exe,11016,0x0000000000000000,Other,-1,0,0,102.08019360000000,0.00000000000000,51.25390000000000,0,Composed: Copy with GPU GDI,0.62760000000000,25.63650000000000,49.95620000000000,0.00000000000000,-12.97270000000000,12.85990000000000,0.00000000000000
ruffle.exe,11016,0x0000000000000000,Other,-1,0,0,102.10613000000001,0.00000000000000,25.93640000000000,0,Composed: Copy with GPU GDI,0.65170000000000,33.10070000000000,33.40060000000000,0.00000000000000,-11.99820000000000,12.01350000000000,0.00000000000000
ruffle.exe,11016,0x0000000000000000,Other,-1,0,0,102.13514789999999,0.00000000000000,29.01790000000000,0,Composed: Copy with GPU GDI,0.91610000000000,20.72730000000000,16.64450000000000,0.00000000000000,-14.88090000000000,13.83490000000000,0.00000000000000
ruffle.exe,11016,0x0000000000000000,Other,-1,0,0,102.18314980000000,0.00000000000000,48.00190000000000,0,Composed: Copy with GPU GDI,0.61530000000000,22.78410000000000,50.05870000000000,0.00000000000000,-15.07710000000000,14.85310000000000,0.00000000000000
ruffle.exe,11016,0x0000000000000000,Other,-1,0,0,102.20674080000001,0.00000000000000,23.59100000000000,0,Composed: Copy with GPU GDI,0.89970000000000,32.49350000000000,33.30040000000000,0.00000000000000,-11.40270000000000,11.15210000000000,0.00000000000000
ruffle.exe,11016,0x0000000000000000,Other,-1,0,0,102.23511310000001,0.00000000000000,28.37230000000000,0,Composed: Copy with GPU GDI,0.87510000000000,20.77120000000000,16.65000000000000,0.00000000000000,-15.17720000000000,12.14040000000000,0.00000000000000
ruffle.exe,11016,0x0000000000000000,Other,-1,0,0,102.27100890000000,0.00000000000000,35.89580000000000,0,Composed: Copy with GPU GDI,0.87770000000000,18.22580000000000,33.35040000000000,0.00000000000000,-12.90020000000000,12.83840000000000,0.00000000000000
ruffle.exe,11016,0x0000000000000000,Other,-1,0,0,102.44439170000000,0.00000000000000,173.38280000000000,0,Composed: Copy with GPU GDI,0.58420000000000,28.24190000000000,183.39890000000000,0.00000000000000,-11.28860000000000,11.20730000000000,0.00000000000000
ruffle.exe,11016,0x0000000000000000,Other,-1,0,0,102.48315290000001,0.00000000000000,38.76120000000000,0,Composed: Copy with GPU GDI,0.66400000000000,22.79250000000000,33.31180000000000,0.00000000000000,-14.91670000000000,14.75390000000000,0.00000000000000
ruffle.exe,11016,0x0000000000000000,Other,-1,0,0,102.51756840000000,0.00000000000000,34.41550000000000,0,Composed: Copy with GPU GDI,0.92330000000000,21.71830000000000,33.34130000000000,0.00000000000000,-14.91590000000000,11.97300000000000,0.00000000000000
ruffle.exe,11016,0x0000000000000000,Other,-1,0,0,102.54674630000000,0.00000000000000,29.17790000000000,0,Composed: Copy with GPU GDI,0.87290000000000,25.80250000000000,33.26210000000000,0.00000000000000,-11.32330000000000,11.39780000000000,0.00000000000000
ruffle.exe,11016,0x0000000000000000,Other,-1,0,0,102.57252540000000,0.00000000000000,25.77910000000000,0,Composed: Copy with GPU GDI,0.86490000000000,33.40460000000000,33.38120000000000,0.00000000000000,-12.87320000000000,13.03330000000000,0.00000000000000
ruffle.exe,11016,0x0000000000000000,Other,-1,0,0,102.60283540000000,0.00000000000000,30.31000000000000,0,Composed: Copy with GPU GDI,0.63200000000000,19.74780000000000,16.65320000000000,0.00000000000000,-11.64650000000000,10.71800000000000,0.00000000000000
ruffle.exe,11016,0x0000000000000000,Other,-1,0,0,102.63703120000000,0.00000000000000,34.19580000000000,0,Composed: Copy with GPU GDI,0.57860000000000,18.88340000000000,33.33140000000000,0.00000000000000,-11.07480000000000,11.04350000000000,0.00000000000000
ruffle.exe,11016,0x0000000000000000,Other,-1,0,0,102.67684880000002,0.00000000000000,39.81760000000000,0,Composed: Copy with GPU GDI,0.61010000000000,29.05420000000000,49.98840000000001,0.00000000000000,-14.89840000000000,14.85670000000000,0.00000000000000
ruffle.exe,11016,0x0000000000000000,Other,-1,0,0,102.71042940000000,0.00000000000000,33.58060000000000,0,Composed: Copy with GPU GDI,0.64610000000000,28.82820000000000,33.35460000000000,0.00000000000000,-12.84410000000000,12.68500000000000,0.00000000000000
ruffle.exe,11016,0x0000000000000000,Other,-1,0,0,102.74530899999999,0.00000000000000,34.87960000000000,0,Composed: Copy with GPU GDI,0.59960000000000,27.31170000000000,33.36310000000000,0.00000000000000,-11.42430000000000,11.36220000000000,0.00000000000000
ruffle.exe,11016,0x0000000000000000,Other,-1,0,0,102.77586130000000,0.00000000000000,30.55230000000000,0,Composed: Copy with GPU GDI,0.88300000000000,30.12000000000000,33.36060000000001,0.00000000000000,-13.16900000000000,13.16440000000000,0.00000000000000
ruffle.exe,11016,0x0000000000000000,Other,-1,0,0,102.81491430000001,0.00000000000000,39.05300000000000,0,Composed: Copy with GPU GDI,0.93480000000000,24.38830000000000,33.32130000000000,0.00000000000000,-14.87590000000000,11.85970000000000,0.00000000000000
ruffle.exe,11016,0x0000000000000000,Other,-1,0,0,102.84867810000000,0.00000000000000,33.76380000000000,0,Composed: Copy with GPU GDI,0.90850000000000,23.96630000000000,33.34180000000000,0.00000000000000,-11.34790000000000,11.47500000000000,0.00000000000000
ruffle.exe,11016,0x0000000000000000,Other,-1,0,0,102.88526960000000,0.00000000000000,36.59150000000000,0,Composed: Copy with GPU GDI,0.86510000000000,20.67650000000000,33.30170000000000,0.00000000000000,-14.96870000000000,14.84350000000000,0.00000000000000
ruffle.exe,11016,0x0000000000000000,Other,-1,0,0,102.91929300000001,0.00000000000000,34.02340000000000,0,Composed: Copy with GPU GDI,0.89110000000000,20.01980000000000,33.36670000000000,0.00000000000000,-13.11440000000000,13.14960000000000,0.00000000000000
ruffle.exe,11016,0x0000000000000000,Other,-1,0,0,102.95074490000000,0.00000000000000,31.45190000000000,0,Composed: Copy with GPU GDI,0.61790000000000,21.88750000000000,33.31960000000000,0.00000000000000,-11.90730000000000,11.88490000000000,0.00000000000000
ruffle.exe,11016,0x0000000000000000,Other,-1,0,0,102.98453700000000,0.00000000000000,33.79210000000000,0,Composed: Copy with GPU GDI,0.61480000000000,21.56810000000000,33.47270000000000,0.00000000000000,-14.87550000000000,11.79700000000000,0.00000000000000
ruffle.exe,11016,0x0000000000000000,Other,-1,0,0,103.01691830000000,0.00000000000000,32.38130000000000,0,Composed: Copy with GPU GDI,0.56980000000000,22.44510000000000,33.25830000000000,0.00000000000000,-14.78600000000000,11.57660000000000,0.00000000000000
ruffle.exe,11016,0x0000000000000000,Other,-1,0,0,103.04932310000000,0.00000000000000,32.40480000000000,0,Composed: Copy with GPU GDI,0.61450000000000,23.30600000000000,33.26570000000000,0.00000000000000,-14.07710000000000,11.59380000000000,0.00000000000000
ruffle.exe,11016,0x0000000000000000,Other,-1,0,0,103.09190550000000,0.00000000000000,42.58240000000000,0,Composed: Copy with GPU GDI,0.70990000000000,30.71580000000000,49.99220000000000,0.00000000000000,-14.98210000000000,13.18960000000000,0.00000000000000
ruffle.exe,11016,0x0000000000000000,Other,-1,0,0,103.12050650000000,0.00000000000000,28.60100000000000,0,Composed: Copy with GPU GDI,0.60130000000000,18.78680000000000,16.67200000000000,0.00000000000000,-13.56080000000000,12.68610000000000,0.00000000000000
ruffle.exe,11016,0x0000000000000000,Other,-1,0,0,103.15370630000001,0.00000000000000,33.19980000000000,0,Composed: Copy with GPU GDI,0.71170000000000,18.95570000000000,33.36870000000000,0.00000000000000,-16.06140000000000,12.87060000000000,0.00000000000000
ruffle.exe,11016,0x0000000000000000,Other,-1,0,0,103.18581740000000,0.00000000000000,32.11110000000000,0,Composed: Copy with GPU GDI,0.89180000000000,20.15920000000000,33.31460000000000,0.00000000000000,-16.73080000000000,12.02010000000000,0.00000000000000
ruffle.exe,11016,0x0000000000000000,Other,-1,0,0,103.22171050000000,0.00000000000000,35.89310000000000,0,Composed: Copy with GPU GDI,0.62100000000000,17.61880000000000,33.35270000000000,0.00000000000000,-11.03930000000000,10.92250000000000,0.00000000000000
ruffle.exe,11016,0x0000000000000000,Other,-1,0,0,103.25027370000001,0.00000000000000,28.56320000000000,0,Composed: Copy with GPU GDI,0.86970000000000,22.42520000000000,33.36960000000000,0.00000000000000,-11.72150000000000,11.70970000000000,0.00000000000000
ruffle.exe,11016,0x0000000000000000,Other,-1,0,0,103.28471640000001,0.00000000000000,34.44270000000000,0,Composed: Copy with GPU GDI,0.90710000000000,21.26030000000000,33.27780000000000,0.00000000000000,-13.46850000000000,11.93820000000000,0.00000000000000
ruffle.exe,11016,0x0000000000000000,Other,-1,0,0,103.46676340000000,0.00000000000000,182.04700000000000,0,Composed: Copy with GPU GDI,0.91940000000000,22.56650000000000,183.35320000000002,0.00000000000000,-13.13550000000000,13.23130000000000,0.00000000000000
ruffle.exe,11016,0x0000000000000000,Other,-1,0,0,103.50850830000000,0.00000000000000,41.74490000000000,0,Composed: Copy with GPU GDI,0.70230000000000,30.83520000000000,50.01360000000000,0.00000000000000,-13.56040000000000,13.36370000000000,0.00000000000000
ruffle.exe,11016,0x0000000000000000,Other,-1,0,0,103.54139139999999,0.00000000000000,32.88310000000000,0,Composed: Copy with GPU GDI,0.59150000000000,31.24160000000000,33.28950000000000,0.00000000000000,-11.80800000000000,11.69210000000000,0.00000000000000
ruffle.exe,11016,0x0000000000000000,Other,-1,0,0,103.57142490000000,0.00000000000000,30.03350000000000,0,Composed: Copy with GPU GDI,0.86590000000000,17.90770000000000,16.69960000000000,0.00000000000000,-11.90250000000000,11.28440000000000,0.00000000000000
ruffle.exe,11016,0x0000000000000000,Other,-1,0,0,103.61081480000000,0.00000000000000,39.38990000000000,0,Composed: Copy with GPU GDI,0.89150000000000,28.50390000000000,49.98610000000000,0.00000000000000,-12.65960000000000,12.80630000000000,0.00000000000000
ruffle.exe,11016,0x0000000000000000,Other,-1,0,0,103.63646400000000,0.00000000000000,25.64920000000000,0,Composed: Copy with GPU GDI,0.60350000000000,19.55030000000000,16.69560000000000,0.00000000000000,-11.43610000000000,10.81270000000000,0.00000000000000
ruffle.exe,11016,0x0000000000000000,Other,-1,0,0,103.66926230000000,0.00000000000000,32.79830000000000,0,Composed: Copy with GPU GDI,0.90930000000000,20.10670000000000,33.35470000000000,0.00000000000000,-13.36420000000000,13.46320000000000,0.00000000000000
ruffle.exe,11016,0x0000000000000000,Other,-1,0,0,103.69921780000000,0.00000000000000,29.95550000000000,0,Composed: Copy with GPU GDI,0.59870000000000,23.45270000000000,33.30150000000000,0.00000000000000,-14.33810000000000,14.17090000000000,0.00000000000000
ruffle.exe,11016,0x0000000000000000,Other,-1,0,0,103.72484799999999,0.00000000000000,25.63020000000000,0,Composed: Copy with GPU GDI,0.56220000000000,31.19930000000000,33.37680000000000,0.00000000000000,-10.94510000000000,10.98680000000000,0.00000000000000
ruffle.exe,11016,0x0000000000000000,Other,-1,0,0,103.76197750000000,0.00000000000000,37.12950000000000,0,Composed: Copy with GPU GDI,0.60150000000000,27.46660000000000,33.39680000000000,0.00000000000000,-11.50790000000000,11.29350000000000,0.00000000000000
ruffle.exe,11016,0x0000000000000000,Other,-1,0,0,103.80154490000000,0.00000000000000,39.56740000000000,0,Composed: Copy with GPU GDI,0.88970000000000,21.18180000000000,33.28260000000000,0.00000000000000,-13.28800000000000,13.18310000000000,0.00000000000000
ruffle.exe,11016,0x0000000000000000,Other,-1,0,0,103.82570590000000,0.00000000000000,24.16100000000000,0,Composed: Copy with GPU GDI,0.71820000000000,30.35170000000000,33.33090000000000,0.00000000000000,-11.79360000000000,11.48460000000000,0.00000000000000
ruffle.exe,11016,0x0000000000000000,Other,-1,0,0,103.87125480000000,0.00000000000000,45.54890000000000,0,Composed: Copy with GPU GDI,0.95960000000000,18.16250000000000,33.35970000000000,0.00000000000000,-13.80270000000000,13.70000000000000,0.00000000000000
ruffle.exe,11016,0x0000000000000000,Other,-1,0,0,103.90262940000001,0.00000000000000,31.37460000000000,0,Composed: Copy with GPU GDI,0.93960000000000,20.16160000000000,33.37370000000000,0.00000000000000,-13.91700000000000,13.90620000000000,0.00000000000000
ruffle.exe,11016,0x0000000000000000,Other,-1,0,0,103.94630860000001,0.00000000000000,43.67920000000000,0,Composed: Copy with GPU GDI,0.90060000000000,26.39570000000000,49.91330000000000,0.00000000000000,-15.33740000000000,11.80620000000000,0.00000000000000
ruffle.exe,11016,0x0000000000000000,Other,-1,0,0,103.97663540000001,0.00000000000000,30.32680000000000,0,Composed: Copy with GPU GDI,0.86830000000000,29.39290000000000,33.32400000000000,0.00000000000000,-10.91260000000000,10.85150000000000,0.00000000000000
ruffle.exe,11016,0x0000000000000000,Other,-1,0,0,104.01235970000000,0.00000000000000,35.72430000000000,0,Composed: Copy with GPU GDI,0.60940000000000,27.00620000000000,33.33760000000000,0.00000000000000,-12.96690000000000,12.92650000000000,0.00000000000000
ruffle.exe,11016,0x0000000000000000,Other,-1,0,0,104.03862590000000,0.00000000000000,26.26620000000000,0,Composed: Copy with GPU GDI,0.81870000000000,34.05930000000000,33.31930000000000,0.00000000000000,-11.50370000000000,11.55690000000000,0.00000000000000
ruffle.exe,11016,0x0000000000000000,Other,-1,0,0,104.07143680000000,0.00000000000000,32.81090000000000,0,Composed: Copy with GPU GDI,0.89620000000000,18.00050000000000,16.75210000000000,0.00000000000000,-15.82720000000000,12.10770000000000,0.00000000000000
ruffle.exe,11016,0x0000000000000000,Other,-1,0,0,104.10782460000001,0.00000000000000,36.38780000000000,0,Composed: Copy with GPU GDI,1.01860000000000,31.58640000000000,49.97370000000000,0.00000000000000,-13.69220000000000,13.52720000000000,0.00000000000000
ruffle.exe,11016,0x0000000000000000,Other,-1,0,0,104.13866499999999,0.00000000000000,30.84040000000000,0,Composed: Copy with GPU GDI,0.70210000000000,17.42060000000000,16.67460000000000,0.00000000000000,-14.77750000000000,13.96630000000000,0.00000000000000
ruffle.exe,11016,0x0000000000000000,Other,-1,0,0,104.16330540000000,0.00000000000000,24.64040000000000,0,Composed: Copy with GPU GDI,0.81800000000000,26.08710000000000,33.30690000000000,0.00000000000000,-11.63560000000000,11.55630000000000,0.00000000000000
ruffle.exe,11016,0x0000000000000000,Other,-1,0,0,104.20666410000000,0.00000000000000,43.35870000000000,0,Composed: Copy with GPU GDI,0.89960000000000,32.72430000000000,49.99590000000000,0.00000000000000,-12.73040000000000,12.71940000000000,0.00000000000000
ruffle.exe,11016,0x0000000000000000,Other,-1,0,0,104.23014310000001,0.00000000000000,23.47900000000000,0,Composed: Copy with GPU GDI,1.60090000000000,25.95160000000000,16.70630000000000,0.00000000000000,-11.75780000000000,10.91250000000000,0.00000000000000
ruffle.exe,11016,0x0000000000000000,Other,-1,0,0,104.26748680000000,0.00000000000000,37.34370000000000,0,Composed: Copy with GPU GDI,0.65650000000000,21.93100000000000,33.32310000000000,0.00000000000000,-14.47220000000000,12.11210000000000,0.00000000000000
ruffle.exe,11016,0x0000000000000000,Other,-1,0,0,104.40460100000000,0.00000000000000,137.11420000000001,0,Composed: Copy with GPU GDI,0.59540000000000,18.14400000000000,133.32720000000000,0.00000000000000,-14.25890000000000,14.13480000000000,0.00000000000000
ruffle.exe,11016,0x0000000000000000,Other,-1,0,0,104.50889540000000,0.00000000000000,104.29440000000001,0,Composed: Copy with GPU GDI,0.75580000000000,30.53070000000000,116.68110000000000,0.00000000000000,-16.24990000000000,14.27670000000000,0.00000000000000
ruffle.exe,11016,0x0000000000000000,Other,-1,0,0,104.53721190000000,0.00000000000000,28.31650000000000,0,Composed: Copy with GPU GDI,0.60700000000000,18.89310000000000,16.67890000000000,0.00000000000000,-12.46710000000000,11.76860000000000,0.00000000000000
ruffle.exe,11016,0x0000000000000000,Other,-1,0,0,104.57113219999999,0.00000000000000,33.92030000000000,0,Composed: Copy with GPU GDI,0.82090000000000,18.33790000000000,33.36510000000000,0.00000000000000,-11.81540000000000,11.71640000000000,0.00000000000000
ruffle.exe,11016,0x0000000000000000,Other,-1,0,0,104.59925520000000,0.00000000000000,28.12300000000000,0,Composed: Copy with GPU GDI,0.60960000000000,23.52930000000000,33.31440000000000,0.00000000000000,-11.71050000000000,11.50610000000000,0.00000000000000
ruffle.exe,11016,0x0000000000000000,Other,-1,0,0,104.63648950000000,0.00000000000000,37.23430000000000,0,Composed: Copy with GPU GDI,0.85350000000000,19.60910000000000,33.31410000000000,0.00000000000000,-14.65090000000000,14.64480000000000,0.00000000000000
ruffle.exe,11016,0x0000000000000000,Other,-1,0,0,104.67155190000001,0.00000000000000,35.06240000000000,0,Composed: Copy with GPU GDI,0.63480000000000,17.91830000000000,33.37160000000000,0.00000000000000,-12.85560000000000,12.67580000000000,0.00000000000000
ruffle.exe,11016,0x0000000000000000,Other,-1,0,0,104.69773190000001,0.00000000000000,26.18000000000000,0,Composed: Copy with GPU GDI,0.58630000000000,25.03890000000000,33.30060000000000,0.00000000000000,-11.58290000000000,11.50180000000000,0.00000000000000
ruffle.exe,11016,0x0000000000000000,Other,-1,0,0,104.74121170000001,0.00000000000000,43.47980000000000,0,Composed: Copy with GPU GDI,0.92310000000000,31.56140000000000,50.00230000000001,0.00000000000000,-12.07810000000000,12.12790000000000,0.00000000000000
ruffle.exe,11016,0x0000000000000000,Other,-1,0,0,104.77101930000001,0.00000000000000,29.80760000000000,0,Composed: Copy with GPU GDI,0.86400000000000,18.47890000000000,16.72510000000000,0.00000000000000,-14.31760000000000,12.33930000000000,0.00000000000000
ruffle.exe,11016,0x0000000000000000,Other,-1,0,0,104.79836150000000,0.00000000000000,27.34220000000000,0,Composed: Copy with GPU GDI,0.60230000000000,24.42560000000000,33.28890000000000,0.00000000000000,-11.35340000000000,11.29250000000000,0.00000000000000
ruffle.exe,11016,0x0000000000000000,Other,-1,0,0,104.84100860000001,0.00000000000000,42.64710000000000,0,Composed: Copy with GPU GDI,0.91520000000000,31.74700000000000,49.96850000000001,0.00000000000000,-14.57890000000000,14.53890000000000,0.00000000000000
ruffle.exe,11016,0x0000000000000000,Other,-1,0,0,104.87086040000001,0.00000000000000,29.85180000000000,0,Composed: Copy with GPU GDI,0.83740000000000,18.62170000000000,16.72650000000000,0.00000000000000,-14.03320000000000,13.20060000000000,0.00000000000000
ruffle.exe,11016,0x0000000000000000,Other,-1,0,0,104.89789620000001,0.00000000000000,27.03580000000000,0,Composed: Copy with GPU GDI,0.61940000000000,24.89640000000000,33.31050000000000,0.00000000000000,-11.52780000000000,11.49230000000000,0.00000000000000
ruffle.exe,11016,0x0000000000000000,Other,-1,0,0,104.93628230000000,0.00000000000000,38.38610000000000,0,Composed: Copy with GPU GDI,0.63430000000000,19.91610000000000,33.40580000000000,0.00000000000000,-12.91140000000000,12.76040000000000,0.00000000000000
ruffle.exe,11016,0x0000000000000000,Other,-1,0,0,104.96368280000000,0.00000000000000,27.40050000000000,0,Composed: Copy with GPU GDI,0.85030000000000,25.79320000000000,33.27760000000000,0.00000000000000,-11.68290000000000,11.68530000000000,0.00000000000000
