Application,ProcessID,SwapChainAddress,Runtime,SyncInterval,PresentFlags,Dropped,TimeInSeconds,msInPresentAPI,msBetweenPresents,AllowsTearing,PresentMode,msUntilRenderComplete,msUntilDisplayed,msBetweenDisplayChange,msFlipDelay,msUntilRenderStart,msGPUActive,msSinceInput
ruffle.exe,12960,0x0000000000000000,Other,-1,0,0,25.03091430000000,0.00000000000000,14.55370000000000,0,Composed: Copy with GPU GDI,0.89550000000000,24.04610000000000,50.04600000000000,0.00000000000000,-13.59890000000000,6.40350000000000,0.00000000000000
ruffle.exe,12960,0x0000000000000000,Other,-1,0,0,25.06107020000000,0.00000000000000,30.15590000000000,0,Composed: Copy with GPU GDI,0.60240000000000,10.52270000000000,16.63250000000000,0.00000000000000,-9.44310000000000,9.43280000000000,19.54090000000000
ruffle.exe,12960,0x0000000000000000,Other,-1,0,0,25.09453070000000,0.00000000000000,33.46050000000000,0,Composed: Copy with GPU GDI,0.65420000000000,10.42720000000000,33.36500000000000,0.00000000000000,-11.23690000000000,11.22290000000000,31.03710000000000
ruffle.exe,12960,0x0000000000000000,Other,-1,0,0,25.11879680000000,0.00000000000000,24.26610000000000,0,Composed: Copy with GPU GDI,0.91210000000000,19.48930000000000,33.32820000000000,0.00000000000000,-11.76700000000000,11.71420000000000,0.00000000000000
ruffle.exe,12960,0x0000000000000000,Other,-1,0,0,25.15214270000000,0.00000000000000,33.34590000000000,0,Composed: Copy with GPU GDI,0.92670000000000,19.47320000000000,33.32980000000000,0.00000000000000,-13.45360000000000,10.42220000000000,26.65870000000000
ruffle.exe,12960,0x0000000000000000,Other,-1,0,0,25.18625470000000,0.00000000000000,34.11200000000000,0,Composed: Copy with GPU GDI,0.90000000000000,18.72680000000000,33.36560000000000,0.00000000000000,-9.96410000000000,9.90960000000000,20.74910000000000
ruffle.exe,12960,0x0000000000000000,Other,-1,0,0,25.22433810000000,0.00000000000000,38.08340000000000,0,Composed: Copy with GPU GDI,0.59520000000000,13.97360000000000,33.33020000000000,0.00000000000000,-10.90150000000000,10.42790000000000,26.79630000000000
ruffle.exe,12960,0x0000000000000000,Other,-1,0,0,25.26172470000000,0.00000000000000,37.38660000000000,0,Composed: Copy with GPU GDI,0.89600000000000,9.90470000000000,33.31770000000000,0.00000000000000,-28.06220000000000,11.35230000000000,18.22800000000000
ruffle.exe,12960,0x0000000000000000,Other,-1,0,0,25.28563510000000,0.00000000000000,23.91040000000000,0,Composed: Copy with GPU GDI,0.96590000000000,19.37250000000000,33.37820000000000,0.00000000000000,-12.00570000000000,11.63850000000000,26.09520000000000
ruffle.exe,12960,0x0000000000000000,Other,-1,0,0,25.37096150000000,0.00000000000000,85.32640000000001,0,Composed: Copy with GPU GDI,0.90450000000000,17.44860000000000,83.40250000000000,0.00000000000000,-68.22590000000001,22.11700000000000,41.47550000000000
ruffle.exe,12960,0x0000000000000000,Other,-1,0,0,25.48066370000000,0.00000000000000,109.70220000000000,0,Composed: Copy with GPU GDI,1.37110000000000,7.67000000000000,99.92360000000001,0.00000000000000,-89.47590000000001,25.11830000000000,45.12480000000000
ruffle.exe,12960,0x0000000000000000,Other,-1,0,0,25.73304600000000,0.00000000000000,252.38230000000001,0,Composed: Copy with GPU GDI,0.88570000000000,5.26480000000000,249.97710000000001,0.00000000000000,-12.26280000000000,12.46330000000000,139.52209999999999
ruffle.exe,12960,0x0000000000000000,Other,-1,0,0,25.76721400000000,0.00000000000000,34.16800000000000,0,Composed: Copy with GPU GDI,0.90150000000000,21.17310000000000,50.07630000000000,0.00000000000000,-10.04120000000000,10.02810000000000,0.00000000000000
ruffle.exe,12960,0x0000000000000000,Other,-1,0,0,25.79819300000000,0.00000000000000,30.97900000000000,0,Composed: Copy with GPU GDI,0.91230000000000,6.82840000000000,16.63430000000000,0.00000000000000,-13.20180000000000,10.66930000000000,0.00000000000000
ruffle.exe,12960,0x0000000000000000,Other,-1,0,0,25.82380480000000,0.00000000000000,25.61180000000000,0,Composed: Copy with GPU GDI,0.94980000000000,14.61110000000000,33.39450000000000,0.00000000000000,-10.07270000000000,9.89540000000000,0.00000000000000
ruffle.exe,12960,0x0000000000000000,Other,-1,0,0,25.86436630000000,0.00000000000000,40.56150000000000,0,Composed: Copy with GPU GDI,0.86960000000000,7.33340000000000,33.28380000000000,0.00000000000000,-15.00050000000000,10.42720000000000,0.00000000000000
ruffle.exe,12960,0x0000000000000000,Other,-1,0,0,25.91564150000000,0.00000000000000,51.27520000000001,0,Composed: Copy with GPU GDI,0.89800000000000,6.08660000000000,50.02840000000000,0.00000000000000,-13.13680000000000,13.08950000000000,28.11120000000000
ruffle.exe,12960,0x0000000000000000,Other,-1,0,0,25.94303860000000,0.00000000000000,27.39710000000000,0,Composed: Copy with GPU GDI,0.92810000000000,12.06680000000000,33.37730000000000,0.00000000000000,-12.05950000000000,11.72280000000000,23.50350000000000
ruffle.exe,12960,0x0000000000000000,Other,-1,0,0,25.98982200000000,0.00000000000000,46.78340000000000,0,Composed: Copy with GPU GDI,0.87310000000000,15.27450000000000,49.99110000000000,0.00000000000000,-14.73490000000000,10.76550000000000,62.25900000000000
ruffle.exe,12960,0x0000000000000000,Other,-1,0,0,26.01980100000000,0.00000000000000,29.97900000000000,0,Composed: Copy with GPU GDI,0.96480000000000,18.62670000000000,33.33120000000000,0.00000000000000,-10.22330000000000,10.14510000000000,0.00000000000000
ruffle.exe,12960,0x0000000000000000,Other,-1,0,0,26.04950650000000,0.00000000000000,29.70550000000000,0,Composed: Copy with GPU GDI,0.94270000000000,5.52320000000000,16.60200000000000,0.00000000000000,-15.93900000000000,10.51840000000000,0.00000000000000
ruffle.exe,12960,0x0000000000000000,Other,-1,0,0,26.08618720000000,0.00000000000000,36.68070000000000,0,Composed: Copy with GPU GDI,0.88160000000000,18.84020000000000,49.99770000000000,0.00000000000000,-11.51720000000000,11.58790000000000,26.61930000000000
ruffle.exe,12960,0x0000000000000000,Other,-1,0,0,26.10339110000000,0.00000000000000,17.20390000000000,0,Composed: Copy with GPU GDI,1.01130000000000,18.35860000000000,16.72230000000000,0.00000000000000,-10.10690000000000,10.16130000000000,19.84990000000000
ruffle.exe,12960,0x0000000000000000,Other,-1,0,0,26.13998700000000,0.00000000000000,36.59590000000000,0,Composed: Copy with GPU GDI,0.98320000000000,15.06730000000000,33.30460000000000,0.00000000000000,-12.53580000000000,12.14560000000000,40.39790000000000
ruffle.exe,12960,0x0000000000000000,Other,-1,0,0,26.16748180000000,0.00000000000000,27.49480000000000,0,Composed: Copy with GPU GDI,0.93000000000000,21.08230000000000,33.50980000000000,0.00000000000000,-11.85130000000000,11.77420000000000,0.00000000000000
ruffle.exe,12960,0x0000000000000000,Other,-1,0,0,26.19386180000000,0.00000000000000,26.38000000000000,0,Composed: Copy with GPU GDI,0.92680000000000,11.21740000000000,16.51510000000000,0.00000000000000,-10.32130000000000,10.30720000000000,0.00000000000000
ruffle.exe,12960,0x0000000000000000,Other,-1,0,0,26.23973720000000,0.00000000000000,45.87540000000000,0,Composed: Copy with GPU GDI,0.89390000000000,15.35820000000000,50.01620000000000,0.00000000000000,-18.51840000000000,10.44370000000000,0.00000000000000
ruffle.exe,12960,0x0000000000000000,Other,-1,0,0,26.27188050000000,0.00000000000000,32.14330000000000,0,Composed: Copy with GPU GDI,0.91480000000000,16.53570000000000,33.32080000000000,0.00000000000000,-10.23820000000000,10.06210000000000,0.00000000000000
ruffle.exe,12960,0x0000000000000000,Other,-1,0,0,26.30572140000000,0.00000000000000,33.84090000000000,0,Composed: Copy with GPU GDI,0.90490000000000,16.00800000000000,33.31320000000000,0.00000000000000,-15.49240000000000,10.78390000000000,0.00000000000000
ruffle.exe,12960,0x0000000000000000,Other,-1,0,0,26.33841170000000,0.00000000000000,32.69030000000000,0,Composed: Copy with GPU GDI,0.87370000000000,16.70250000000000,33.38480000000000,0.00000000000000,-11.52280000000000,11.58280000000000,0.00000000000000
ruffle.exe,12960,0x0000000000000000,Other,-1,0,0,26.36529240000000,0.00000000000000,26.88070000000000,0,Composed: Copy with GPU GDI,0.86320000000000,6.45870000000000,16.63690000000000,0.00000000000000,-11.64060000000000,11.66260000000000,0.00000000000000
ruffle.exe,12960,0x0000000000000000,Other,-1,0,0,26.39558220000000,0.00000000000000,30.28980000000000,0,Composed: Copy with GPU GDI,0.86600000000000,9.48440000000000,33.31550000000000,0.00000000000000,-13.53500000000000,10.69580000000000,0.00000000000000
ruffle.exe,12960,0x0000000000000000,Other,-1,0,0,26.42054120000000,0.00000000000000,24.95900000000000,0,Composed: Copy with GPU GDI,0.63460000000000,17.86240000000000,33.33700000000000,0.00000000000000,-9.75640000000000,9.66990000000000,0.00000000000000
ruffle.exe,12960,0x0000000000000000,Other,-1,0,0,26.45505050000000,0.00000000000000,34.50930000000000,0,Composed: Copy with GPU GDI,0.62440000000000,16.68030000000000,33.32720000000000,0.00000000000000,-9.77400000000000,9.68310000000000,0.00000000000000
ruffle.exe,12960,0x0000000000000000,Other,-1,0,0,26.48820120000000,0.00000000000000,33.15070000000000,0,Composed: Copy with GPU GDI,0.95570000000000,16.90460000000000,33.37500000000000,0.00000000000000,-10.17230000000000,10.24800000000000,0.00000000000000
ruffle.exe,12960,0x0000000000000000,Other,-1,0,0,26.74126340000000,0.00000000000000,253.06220000000002,0,Composed: Copy with GPU GDI,0.89940000000000,13.83820000000000,249.99580000000000,0.00000000000000,-11.34330000000000,9.45150000000000,93.70760000000000
ruffle.exe,12960,0x0000000000000000,Other,-1,0,0,26.78862300000000,0.00000000000000,47.35960000000000,0,Composed: Copy with GPU GDI,0.82700000000000,16.43850000000000,49.95990000000000,0.00000000000000,-11.74170000000000,11.80110000000000,0.00000000000000
ruffle.exe,12960,0x0000000000000000,Other,-1,0,0,26.80470350000000,0.00000000000000,16.08050000000000,0,Composed: Copy with GPU GDI,0.84100000000000,17.07270000000000,16.71470000000000,0.00000000000000,-9.97980000000000,9.93440000000000,0.00000000000000
ruffle.exe,12960,0x0000000000000000,Other,-1,0,0,26.84556220000000,0.00000000000000,40.85870000000000,0,Composed: Copy with GPU GDI,0.86920000000000,9.54460000000000,33.33060000000000,0.00000000000000,-12.88700000000000,10.32690000000000,0.00000000000000
ruffle.exe,12960,0x0000000000000000,Other,-1,0,0,26.87254570000000,0.00000000000000,26.98350000000000,0,Composed: Copy with GPU GDI,0.93370000000000,15.90770000000000,33.34660000000000,0.00000000000000,-10.29530000000000,10.16320000000000,0.00000000000000
ruffle.exe,12960,0x0000000000000000,Other,-1,0,0,26.90640460000000,0.00000000000000,33.85890000000000,0,Composed: Copy with GPU GDI,0.89270000000000,15.37700000000000,33.32820000000000,0.00000000000000,-12.94690000000000,10.60000000000000,0.00000000000000
ruffle.exe,12960,0x0000000000000000,Other,-1,0,0,26.93932620000000,0.00000000000000,32.92160000000001,0,Composed: Copy with GPU GDI,0.90610000000000,15.84340000000000,33.38800000000000,0.00000000000000,-11.86130000000000,11.79510000000000,9.72900000000000
ruffle.exe,12960,0x0000000000000000,Other,-1,0,0,26.95984210000000,0.00000000000000,20.51590000000000,0,Composed: Copy with GPU GDI,0.94890000000000,11.95630000000000,16.62880000000000,0.00000000000000,-12.69320000000000,8.57670000000000,22.22490000000000
ruffle.exe,12960,0x0000000000000000,Other,-1,0,0,26.99667660000000,0.00000000000000,36.83450000000000,0,Composed: Copy with GPU GDI,0.88690000000000,8.44190000000000,33.32010000000000,0.00000000000000,-11.65310000000000,11.86000000000000,27.11120000000000
ruffle.exe,12960,0x0000000000000000,Other,-1,0,0,27.04345430000000,0.00000000000000,46.77770000000000,0,Composed: Copy with GPU GDI,0.94260000000000,11.65970000000000,49.99550000000000,0.00000000000000,-16.23770000000000,11.70590000000000,65.89110000000001
ruffle.exe,12960,0x0000000000000000,Other,-1,0,0,27.08190960000000,0.00000000000000,38.45530000000000,0,Composed: Copy with GPU GDI,0.90730000000000,6.53910000000000,33.33470000000001,0.00000000000000,-10.35410000000000,10.25870000000000,0.00000000000000
ruffle.exe,12960,0x0000000000000000,Other,-1,0,0,27.11549590000000,0.00000000000000,33.58630000000000,0,Composed: Copy with GPU GDI,0.92680000000000,6.33800000000000,33.38520000000000,0.00000000000000,-12.13660000000000,12.09000000000000,27.94740000000000
ruffle.exe,12960,0x0000000000000000,Other,-1,0,0,27.15025830000000,0.00000000000000,34.76240000000000,0,Composed: Copy with GPU GDI,0.91430000000000,21.54510000000000,49.96950000000000,0.00000000000000,-15.81530000000000,10.59910000000000,30.68920000000000
ruffle.exe,12960,0x0000000000000000,Other,-1,0,0,27.19415030000000,0.00000000000000,43.89200000000000,0,Composed: Copy with GPU GDI,0.84150000000000,11.02010000000000,33.36700000000000,0.00000000000000,-12.64840000000000,12.74790000000000,36.57740000000000
ruffle.exe,12960,0x0000000000000000,Other,-1,0,0,27.23823330000000,0.00000000000000,44.08300000000001,0,Composed: Copy with GPU GDI,0.87590000000000,16.90680000000000,49.96970000000000,0.00000000000000,-16.17890000000000,13.01680000000000,0.00000000000000
ruffle.exe,12960,0x0000000000000000,Other,-1,0,0,27.27034370000000,0.00000000000000,32.11040000000000,0,Composed: Copy with GPU GDI,0.89570000000000,18.20930000000000,33.41290000000000,0.00000000000000,-10.62530000000000,10.68820000000000,0.00000000000000
ruffle.exe,12960,0x0000000000000000,Other,-1,0,0,27.29645020000000,0.00000000000000,26.10650000000000,0,Composed: Copy with GPU GDI,0.84840000000000,8.69870000000000,16.59590000000000,0.00000000000000,-13.48860000000000,10.76750000000000,0.00000000000000
ruffle.exe,12960,0x0000000000000000,Other,-1,0,0,27.33059260000000,0.00000000000000,34.14240000000000,0,Composed: Copy with GPU GDI,0.88150000000000,7.89310000000000,33.33680000000000,0.00000000000000,-10.16050000000000,10.12840000000000,0.00000000000000
ruffle.exe,12960,0x0000000000000000,Other,-1,0,0,27.35819980000000,0.00000000000000,27.60720000000000,0,Composed: Copy with GPU GDI,0.89490000000000,13.64300000000000,33.35710000000000,0.00000000000000,-10.07240000000000,9.97940000000000,0.00000000000000
ruffle.exe,12960,0x0000000000000000,Other,-1,0,0,27.39283200000000,0.00000000000000,34.63220000000000,0,Composed: Copy with GPU GDI,0.91560000000000,12.32010000000000,33.30930000000000,0.00000000000000,-14.84860000000000,12.34080000000000,0.00000000000000
ruffle.exe,12960,0x0000000000000000,Other,-1,0,0,27.42272020000000,0.00000000000000,29.88820000000000,0,Composed: Copy with GPU GDI,0.90150000000000,15.86470000000000,33.43280000000000,0.00000000000000,-11.40580000000000,11.59870000000000,0.00000000000000
ruffle.exe,12960,0x0000000000000000,Other,-1,0,0,27.44617320000000,0.00000000000000,23.45300000000000,0,Composed: Copy with GPU GDI,0.89400000000000,8.98400000000000,16.57230000000000,0.00000000000000,-12.19380000000000,10.63790000000000,0.00000000000000
ruffle.exe,12960,0x0000000000000000,Other,-1,0,0,27.47453450000000,0.00000000000000,28.36130000000000,0,Composed: Copy with GPU GDI,0.89940000000000,13.98200000000000,33.35930000000000,0.00000000000000,-10.34220000000000,10.33830000000000,0.00000000000000
ruffle.exe,12960,0x0000000000000000,Other,-1,0,0,27.73965960000000,0.00000000000000,265.12510000000003,0,Composed: Copy with GPU GDI,0.90670000000000,15.53600000000000,266.67910000000001,0.00000000000000,-10.75020000000000,10.73570000000000,0.00000000000000
ruffle.exe,12960,0x0000000000000000,Other,-1,0,0,27.79857290000000,0.00000000000000,58.91330000000000,0,Composed: Copy with GPU GDI,0.86960000000000,6.64090000000000,50.01820000000000,0.00000000000000,-12.23690000000000,12.34560000000000,24.99200000000000
ruffle.exe,12960,0x0000000000000000,Other,-1,0,0,27.82826030000000,0.00000000000000,29.68740000000000,0,Composed: Copy with GPU GDI,0.89270000000000,10.27750000000000,33.32400000000000,0.00000000000000,-11.98940000000000,11.89530000000000,24.67490000000000
ruffle.exe,12960,0x0000000000000000,Other,-1,0,0,27.86765450000000,0.00000000000000,39.39420000000000,0,Composed: Copy with GPU GDI,0.88510000000000,20.95300000000000,50.06970000000000,0.00000000000000,-12.87640000000000,12.84500000000000,48.06280000000000
ruffle.exe,12960,0x0000000000000000,Other,-1,0,0,27.89371170000000,0.00000000000000,26.05720000000000,0,Composed: Copy with GPU GDI,0.90500000000000,11.50860000000000,16.61280000000000,0.00000000000000,-10.34210000000000,10.27990000000000,0.00000000000000
ruffle.exe,12960,0x0000000000000000,Other,-1,0,0,27.92345860000000,0.00000000000000,29.74690000000000,0,Composed: Copy with GPU GDI,0.89330000000000,15.10700000000000,33.34530000000000,0.00000000000000,-13.10600000000000,10.64970000000000,0.00000000000000
ruffle.exe,12960,0x0000000000000000,Other,-1,0,0,27.94924080000000,0.00000000000000,25.78220000000000,0,Composed: Copy with GPU GDI,0.85240000000000,5.98460000000000,16.65980000000000,0.00000000000000,-10.01510000000000,9.98610000000000,0.00000000000000
ruffle.exe,12960,0x0000000000000000,Other,-1,0,0,27.97092130000000,0.00000000000000,21.68050000000000,0,Composed: Copy with GPU GDI,0.85360000000000,17.63290000000000,33.32880000000000,0.00000000000000,-10.13780000000000,10.23920000000000,0.00000000000000
ruffle.exe,12960,0x0000000000000000,Other,-1,0,0,28.01009470000000,0.00000000000000,39.17340000000000,0,Composed: Copy with GPU GDI,0.94670000000000,11.77910000000000,33.31960000000000,0.00000000000000,-12.24470000000000,11.90940000000000,0.00000000000000
ruffle.exe,12960,0x0000000000000000,Other,-1,0,0,28.05323610000000,0.00000000000000,43.14140000000000,0,Composed: Copy with GPU GDI,0.61900000000000,18.68410000000000,50.04640000000001,0.00000000000000,-13.32540000000000,13.32070000000000,27.65290000000000
ruffle.exe,12960,0x0000000000000000,Other,-1,0,0,28.07932150000000,0.00000000000000,26.08540000000000,0,Composed: Copy with GPU GDI,0.68790000000000,9.22550000000000,16.62680000000000,0.00000000000000,-13.38900000000000,10.26200000000000,21.73790000000000
ruffle.exe,12960,0x0000000000000000,Other,-1,0,0,28.11479120000000,0.00000000000000,35.46970000000000,0,Composed: Copy with GPU GDI,0.92040000000000,23.74220000000000,49.98640000000000,0.00000000000000,-11.10180000000000,11.07490000000000,35.20850000000000
ruffle.exe,12960,0x0000000000000000,Other,-1,0,0,28.13689810000000,0.00000000000000,22.10690000000000,0,Composed: Copy with GPU GDI,0.83310000000000,18.30940000000000,16.67410000000000,0.00000000000000,-9.92830000000000,9.92800000000000,0.00000000000000
ruffle.exe,12960,0x0000000000000000,Other,-1,0,0,28.15063280000000,0.00000000000000,13.73470000000000,0,Composed: Copy with GPU GDI,0.88670000000000,21.26600000000000,16.69130000000000,0.00000000000000,-9.92020000000000,6.77030000000000,0.00000000000000
ruffle.exe,12960,0x0000000000000000,Other,-1,0,0,28.17706130000000,0.00000000000000,26.42850000000000,0,Composed: Copy with GPU GDI,0.88980000000000,11.48540000000000,16.64790000000000,0.00000000000000,-10.22120000000000,10.17950000000000,0.00000000000000
ruffle.exe,12960,0x0000000000000000,Other,-1,0,0,28.20387040000000,0.00000000000000,26.80910000000000,0,Composed: Copy with GPU GDI,0.90690000000000,18.02280000000000,33.34650000000000,0.00000000000000,-9.96920000000000,10.04460000000000,0.00000000000000
ruffle.exe,12960,0x0000000000000000,Other,-1,0,0,28.24172210000000,0.00000000000000,37.85170000000000,0,Composed: Copy with GPU GDI,0.65380000000000,13.49800000000000,33.32690000000000,0.00000000000000,-11.50050000000000,11.53200000000000,0.00000000000000
ruffle.exe,12960,0x0000000000000000,Other,-1,0,0,28.26847920000000,0.00000000000000,26.75710000000000,0,Composed: Copy with GPU GDI,0.83990000000000,20.08380000000000,33.34290000000000,0.00000000000000,-11.80550000000000,11.87550000000000,0.00000000000000
ruffle.exe,12960,0x0000000000000000,Other,-1,0,0,28.29849440000000,0.00000000000000,30.01520000000000,0,Composed: Copy with GPU GDI,0.59830000000000,6.73170000000000,16.66310000000000,0.00000000000000,-9.67470000000000,9.68790000000000,0.00000000000000
ruffle.exe,12960,0x0000000000000000,Other,-1,0,0,28.33255030000000,0.00000000000000,34.05590000000000,0,Composed: Copy with GPU GDI,0.62000000000000,6.00200000000000,33.32620000000000,0.00000000000000,-9.77890000000000,9.70720000000000,0.00000000000000
ruffle.exe,12960,0x0000000000000000,Other,-1,0,0,28.36953520000000,0.00000000000000,36.98490000000000,0,Composed: Copy with GPU GDI,0.90070000000000,19.08470000000000,50.06760000000001,0.00000000000000,-13.09700000000000,10.69570000000000,0.00000000000000
ruffle.exe,12960,0x0000000000000000,Other,-1,0,0,28.39805730000000,0.00000000000000,28.52210000000000,0,Composed: Copy with GPU GDI,0.62170000000000,7.19630000000000,16.63370000000000,0.00000000000000,-9.74580000000000,9.71910000000000,0.00000000000000
ruffle.exe,12960,0x0000000000000000,Other,-1,0,0,28.43824420000000,0.00000000000000,40.18690000000000,0,Composed: Copy with GPU GDI,0.60400000000000,17.01800000000000,50.00860000000000,0.00000000000000,-11.48920000000000,11.43730000000000,0.00000000000000
ruffle.exe,12960,0x0000000000000000,Other,-1,0,0,28.47277850000000,0.00000000000000,34.53430000000000,0,Composed: Copy with GPU GDI,0.88680000000000,15.81200000000000,33.32830000000000,0.00000000000000,-11.81110000000000,11.95270000000000,0.00000000000000
ruffle.exe,12960,0x0000000000000000,Other,-1,0,0,28.71520130000000,0.00000000000000,242.42280000000002,0,Composed: Copy with GPU GDI,0.82610000000000,6.74340000000000,233.35420000000002,0.00000000000000,-12.83310000000000,9.45060000000000,63.59460000000000
ruffle.exe,12960,0x0000000000000000,Other,-1,0,0,28.75458760000000,0.00000000000000,39.38630000000000,0,Composed: Copy with GPU GDI,0.93450000000000,17.46200000000000,50.10490000000000,0.00000000000000,-10.45570000000000,10.40140000000000,0.00000000000000
ruffle.exe,12960,0x0000000000000000,Other,-1,0,0,28.77846160000000,0.00000000000000,23.87400000000000,0,Composed: Copy with GPU GDI,0.90170000000000,10.16100000000000,16.57300000000000,0.00000000000000,-13.26120000000000,10.67270000000000,0.00000000000000
ruffle.exe,12960,0x0000000000000000,Other,-1,0,0,28.80186770000000,0.00000000000000,23.40610000000000,0,Composed: Copy with GPU GDI,0.96530000000000,20.12880000000000,33.37390000000000,0.00000000000000,-7.95700000000000,7.96410000000000,18.24510000000000
ruffle.exe,12960,0x0000000000000000,Other,-1,0,0,28.83386580000000,0.00000000000000,31.99810000000000,0,Composed: Copy with GPU GDI,0.89120000000000,21.41800000000000,33.28730000000000,0.00000000000000,-13.44990000000000,10.69450000000000,26.25290000000000
ruffle.exe,12960,0x0000000000000000,Other,-1,0,0,28.87092370000000,0.00000000000000,37.05790000000000,0,Composed: Copy with GPU GDI,0.88920000000000,17.69780000000000,33.33770000000000,0.00000000000000,-12.55240000000000,12.43980000000000,55.31060000000000
ruffle.exe,12960,0x0000000000000000,Other,-1,0,0,28.89887170000000,0.00000000000000,27.94800000000000,0,Composed: Copy with GPU GDI,0.84210000000000,6.42140000000000,16.67160000000000,0.00000000000000,-11.66320000000000,11.66560000000000,0.00000000000000
ruffle.exe,12960,0x0000000000000000,Other,-1,0,0,28.92978170000000,0.00000000000000,30.91000000000000,0,Composed: Copy with GPU GDI,0.85340000000000,25.55050000000000,50.03910000000000,0.00000000000000,-15.01450000000000,10.58450000000000,0.00000000000000
ruffle.exe,12960,0x0000000000000000,Other,-1,0,0,28.97223030000000,0.00000000000000,42.44860000000000,0,Composed: Copy with GPU GDI,0.92880000000000,16.39940000000000,33.29750000000000,0.00000000000000,-12.12250000000000,12.00390000000000,30.61280000000000
ruffle.exe,12960,0x0000000000000000,Other,-1,0,0,28.99938590000000,0.00000000000000,27.15560000000000,0,Composed: Copy with GPU GDI,0.89270000000000,6.01750000000000,16.77370000000000,0.00000000000000,-10.10290000000000,9.99740000000000,25.74870000000000
ruffle.exe,12960,0x0000000000000000,Other,-1,0,0,29.04241590000000,0.00000000000000,43.03000000000000,0,Composed: Copy with GPU GDI,0.86690000000000,12.91000000000000,49.92250000000000,0.00000000000000,-14.14220000000000,10.88970000000000,30.77910000000000
ruffle.exe,12960,0x0000000000000000,Other,-1,0,0,29.07375120000000,0.00000000000000,31.33530000000000,0,Composed: Copy with GPU GDI,0.89710000000000,14.91180000000000,33.33710000000000,0.00000000000000,-12.13820000000000,11.90970000000000,0.00000000000000
ruffle.exe,12960,0x0000000000000000,Other,-1,0,0,29.10340880000000,0.00000000000000,29.65760000000000,0,Composed: Copy with GPU GDI,0.86030000000000,18.61730000000000,33.36310000000000,0.00000000000000,-11.83160000000000,11.73380000000000,0.00000000000000
ruffle.exe,12960,0x0000000000000000,Other,-1,0,0,29.12589110000000,0.00000000000000,22.48230000000000,0,Composed: Copy with GPU GDI,0.89410000000000,12.74610000000000,16.61110000000000,0.00000000000000,-9.82180000000000,9.96080000000000,0.00000000000000
ruffle.exe,12960,0x0000000000000000,Other,-1,0,0,29.15346000000000,0.00000000000000,27.56890000000000,0,Composed: Copy with GPU GDI,0.87370000000000,18.53820000000000,33.36100000000000,0.00000000000000,-12.38650000000000,10.73190000000000,0.00000000000000
ruffle.exe,12960,0x0000000000000000,Other,-1,0,0,29.17926980000000,0.00000000000000,25.80980000000000,0,Composed: Copy with GPU GDI,0.87060000000000,9.44280000000000,16.71440000000000,0.00000000000000,-9.71000000000000,9.87440000000000,0.00000000000000
ruffle.exe,12960,0x0000000000000000,Other,-1,0,0,29.20897050000000,0.00000000000000,29.70070000000000,0,Composed: Copy with GPU GDI,0.82020000000000,13.01470000000000,33.27260000000000,0.00000000000000,-9.75890000000000,9.85250000000000,0.00000000000000
ruffle.exe,12960,0x0000000000000000,Other,-1,0,0,29.24100180000000,0.00000000000000,32.03130000000000,0,Composed: Copy with GPU GDI,0.62530000000000,14.32700000000000,33.34360000000000,0.00000000000000,-9.81860000000000,9.87110000000000,0.00000000000000
ruffle.exe,12960,0x0000000000000000,Other,-1,0,0,29.27799690000000,0.00000000000000,36.99510000000000,0,Composed: Copy with GPU GDI,0.59260000000000,10.64330000000000,33.31140000000000,0.00000000000000,-12.14810000000000,12.17920000000000,0.00000000000000
ruffle.exe,12960,0x0000000000000000,Other,-1,0,0,29.30637630000000,0.00000000000000,28.37940000000000,0,Composed: Copy with GPU GDI,0.63790000000000,15.64020000000000,33.37630000000000,0.00000000000000,-11.48030000000000,11.45150000000000,0.00000000000000
ruffle.exe,12960,0x0000000000000000,Other,-1,0,0,29.34114530000000,0.00000000000000,34.76900000000000,0,Composed: Copy with GPU GDI,0.83360000000000,14.18450000000000,33.31330000000000,0.00000000000000,-10.37510000000000,10.23320000000000,0.00000000000000
ruffle.exe,12960,0x0000000000000000,Other,-1,0,0,29.37957550000000,0.00000000000000,38.43020000000000,0,Composed: Copy with GPU GDI,0.87670000000000,9.09070000000000,33.33640000000000,0.00000000000000,-13.16440000000000,10.50160000000000,0.00000000000000
ruffle.exe,12960,0x0000000000000000,Other,-1,0,0,29.39940280000000,0.00000000000000,19.82730000000000,0,Composed: Copy with GPU GDI,0.86570000000000,5.92080000000000,16.65740000000000,0.00000000000000,-8.14530000000000,8.25640000000000,17.73790000000000
ruffle.exe,12960,0x0000000000000000,Other,-1,0,0,29.42500860000000,0.00000000000000,25.60580000000000,0,Composed: Copy with GPU GDI,0.89210000000000,13.66680000000000,33.35180000000000,0.00000000000000,-11.49480000000000,11.70250000000000,19.36980000000000
ruffle.exe,12960,0x0000000000000000,Other,-1,0,0,29.45139460000000,0.00000000000000,26.38600000000000,0,Composed: Copy with GPU GDI,0.91910000000000,20.61420000000000,33.33340000000000,0.00000000000000,-9.95010000000000,10.18110000000000,21.76720000000000
ruffle.exe,12960,0x0000000000000000,Other,-1,0,0,29.48193390000000,0.00000000000000,30.53930000000000,0,Composed: Copy with GPU GDI,0.90210000000000,6.73390000000000,16.65900000000000,0.00000000000000,-11.72990000000000,11.78980000000000,22.30680000000000
ruffle.exe,12960,0x0000000000000000,Other,-1,0,0,29.71743480000000,0.00000000000000,235.50090000000000,0,Composed: Copy with GPU GDI,0.87250000000000,4.58210000000000,233.34910000000002,0.00000000000000,-11.63000000000000,9.57670000000000,65.80680000000001
ruffle.exe,12960,0x0000000000000000,Other,-1,0,0,29.77588570000000,0.00000000000000,58.45090000000000,0,Composed: Copy with GPU GDI,0.90260000000000,12.81560000000000,66.68440000000000,0.00000000000000,-10.98340000000000,11.03170000000000,18.21870000000000
ruffle.exe,12960,0x0000000000000000,Other,-1,0,0,29.80054370000000,0.00000000000000,24.65800000000000,0,Composed: Copy with GPU GDI,0.86750000000000,4.81460000000000,16.65700000000000,0.00000000000000,-9.82930000000000,9.91500000000000,18.91510000000000
ruffle.exe,12960,0x0000000000000000,Other,-1,0,0,29.83023670000000,0.00000000000000,29.69300000000000,0,Composed: Copy with GPU GDI,0.90710000000000,8.46680000000000,33.34520000000000,0.00000000000000,-12.82470000000000,10.73220000000000,24.59670000000000
ruffle.exe,12960,0x0000000000000000,Other,-1,0,0,29.85592800000000,0.00000000000000,25.69130000000000,0,Composed: Copy with GPU GDI,0.64530000000000,16.14400000000000,33.36850000000000,0.00000000000000,-9.61200000000000,9.63540000000000,28.21780000000000
ruffle.exe,12960,0x0000000000000000,Other,-1,0,0,29.87977960000000,0.00000000000000,23.85160000000000,0,Composed: Copy with GPU GDI,0.91310000000000,9.03950000000000,16.74710000000000,0.00000000000000,-11.88220000000000,11.85350000000000,36.14500000000000
ruffle.exe,12960,0x0000000000000000,Other,-1,0,0,29.89632790000000,0.00000000000000,16.54830000000000,0,Composed: Copy with GPU GDI,0.91020000000000,9.06120000000000,16.57000000000000,0.00000000000000,-12.08890000000000,6.56470000000000,0.00000000000000
ruffle.exe,12960,0x0000000000000000,Other,-1,0,0,29.93196550000000,0.00000000000000,35.63760000000000,0,Composed: Copy with GPU GDI,0.94800000000000,6.76030000000000,33.33670000000000,0.00000000000000,-11.73380000000000,11.86160000000000,0.00000000000000
ruffle.exe,12960,0x0000000000000000,Other,-1,0,0,29.96236630000000,0.00000000000000,30.40080000000000,0,Composed: Copy with GPU GDI,0.90930000000000,9.70980000000000,33.35030000000000,0.00000000000000,-14.74480000000000,10.45840000000000,0.00000000000000
ruffle.exe,12960,0x0000000000000000,Other,-1,0,0,29.99268300000000,0.00000000000000,30.31670000000000,0,Composed: Copy with GPU GDI,0.91190000000000,12.74560000000000,33.35250000000000,0.00000000000000,-10.18550000000000,10.06840000000000,0.00000000000000
ruffle.exe,12960,0x0000000000000000,Other,-1,0,0,30.02601040000000,0.00000000000000,33.32740000000000,0,Composed: Copy with GPU GDI,0.88740000000000,12.70960000000000,33.29140000000000,0.00000000000000,-13.69090000000000,10.69250000000000,0.00000000000000
ruffle.exe,12960,0x0000000000000000,Other,-1,0,0,30.06360520000000,0.00000000000000,37.59480000000000,0,Composed: Copy with GPU GDI,0.90290000000000,8.43520000000000,33.32040000000000,0.00000000000000,-10.12080000000000,10.10190000000000,0.00000000000000
ruffle.exe,12960,0x0000000000000000,Other,-1,0,0,30.09153780000000,0.00000000000000,27.93260000000000,0,Composed: Copy with GPU GDI,0.98430000000000,13.88710000000000,33.38450000000000,0.00000000000000,-14.07730000000000,12.24210000000000,0.00000000000000
ruffle.exe,12960,0x0000000000000000,Other,-1,0,0,30.13564810000000,0.00000000000000,44.11030000000000,0,Composed: Copy with GPU GDI,0.91690000000000,19.76390000000000,49.98710000000001,0.00000000000000,-13.39540000000000,13.40120000000000,29.98130000000000
ruffle.exe,12960,0x0000000000000000,Other,-1,0,0,30.18986190000000,0.00000000000000,54.21380000000000,0,Composed: Copy with GPU GDI,1.00110000000000,15.55650000000000,50.00640000000000,0.00000000000000,-10.56170000000000,10.62410000000000,38.21620000000000
ruffle.exe,12960,0x0000000000000000,Other,-1,0,0,30.23459250000000,0.00000000000000,44.73060000000000,0,Composed: Copy with GPU GDI,0.92050000000000,20.87000000000000,50.04410000000000,0.00000000000000,-15.36310000000000,10.66680000000000,0.00000000000000
ruffle.exe,12960,0x0000000000000000,Other,-1,0,0,30.26885640000000,0.00000000000000,34.26390000000000,0,Composed: Copy with GPU GDI,0.84990000000000,19.87940000000000,33.27330000000000,0.00000000000000,-10.11730000000000,10.04760000000000,0.00000000000000
ruffle.exe,12960,0x0000000000000000,Other,-1,0,0,30.31182800000000,0.00000000000000,42.97160000000000,0,Composed: Copy with GPU GDI,0.92200000000000,10.28050000000000,33.37270000000000,0.00000000000000,-15.58870000000000,12.42180000000000,28.16890000000000
ruffle.exe,12960,0x0000000000000000,Other,-1,0,0,30.34712570000000,0.00000000000000,35.29770000000000,0,Composed: Copy with GPU GDI,0.85760000000000,8.29350000000000,33.31070000000000,0.00000000000000,-11.93530000000000,11.91810000000000,23.41370000000000
ruffle.exe,12960,0x0000000000000000,Other,-1,0,0,30.38584200000000,0.00000000000000,38.71630000000000,0,Composed: Copy with GPU GDI,0.88360000000000,19.68340000000000,50.10620000000000,0.00000000000000,-12.22800000000000,12.28520000000000,46.19060000000000
ruffle.exe,12960,0x0000000000000000,Other,-1,0,0,30.43026590000000,0.00000000000000,44.42390000000000,0,Composed: Copy with GPU GDI,0.92060000000000,8.51500000000000,33.25550000000000,0.00000000000000,-15.40640000000000,10.72110000000000,0.00000000000000
ruffle.exe,12960,0x0000000000000000,Other,-1,0,0,30.45784570000000,0.00000000000000,27.57980000000000,0,Composed: Copy with GPU GDI,0.91080000000000,14.25150000000000,33.31630000000000,0.00000000000000,-10.11460000000000,10.08540000000000,0.00000000000000
ruffle.exe,12960,0x0000000000000000,Other,-1,0,0,30.49257140000000,0.00000000000000,34.72570000000000,0,Composed: Copy with GPU GDI,0.95680000000000,12.86190000000000,33.33610000000000,0.00000000000000,-16.66190000000000,10.72580000000000,0.00000000000000
ruffle.exe,12960,0x0000000000000000,Other,-1,0,0,30.75304320000000,0.00000000000000,260.47180000000003,0,Composed: Copy with GPU GDI,0.87050000000000,19.11100000000000,266.72090000000003,0.00000000000000,-12.50190000000000,11.86740000000000,0.00000000000000
ruffle.exe,12960,0x0000000000000000,Other,-1,0,0,30.78040150000000,0.00000000000000,27.35830000000000,0,Composed: Copy with GPU GDI,0.62590000000000,8.35700000000000,16.60430000000000,0.00000000000000,-9.62900000000000,9.69290000000000,0.00000000000000
ruffle.exe,12960,0x0000000000000000,Other,-1,0,0,30.79384380000000,0.00000000000000,13.44230000000000,0,Composed: Copy with GPU GDI,0.89430000000000,11.60000000000000,16.68530000000000,0.00000000000000,-9.80790000000000,6.35330000000000,0.00000000000000
ruffle.exe,12960,0x0000000000000000,Other,-1,0,0,30.81815520000000,0.00000000000000,24.31140000000000,0,Composed: Copy with GPU GDI,0.89720000000000,20.68210000000000,33.39350000000000,0.00000000000000,-10.81940000000000,10.22220000000000,0.00000000000000
ruffle.exe,12960,0x0000000000000000,Other,-1,0,0,30.84213730000000,0.00000000000000,23.98210000000000,0,Composed: Copy with GPU GDI,0.95850000000000,46.71370000000000,50.01370000000000,0.00000000000000,-11.21860000000000,10.08710000000000,0.00000000000000
ruffle.exe,12960,0x0000000000000000,Other,-1,0,0,30.89155740000000,0.00000000000000,49.42010000000001,0,Composed: Copy with GPU GDI,0.86420000000000,14.00050000000000,16.70690000000000,0.00000000000000,-14.74880000000000,10.51140000000000,49.88860000000000
ruffle.exe,12960,0x0000000000000000,Other,-1,0,0,30.92208110000000,0.00000000000000,30.52370000000000,0,Composed: Copy with GPU GDI,0.97070000000000,50.09010000000000,66.61330000000001,0.00000000000000,-11.09970000000000,10.03440000000000,0.00000000000000
ruffle.exe,12960,0x0000000000000000,Other,-1,0,0,30.95688350000000,0.00000000000000,34.80240000000000,0,Composed: Copy with GPU GDI,1.04450000000000,31.95530000000000,16.66760000000000,0.00000000000000,-17.74210000000000,11.98260000000000,0.00000000000000
ruffle.exe,12960,0x0000000000000000,Other,-1,0,0,30.98590090000000,0.00000000000000,29.01740000000000,0,Composed: Copy with GPU GDI,0.93940000000000,19.62590000000000,16.68800000000000,0.00000000000000,-14.73310000000000,11.69740000000000,0.00000000000000
ruffle.exe,12960,0x0000000000000000,Other,-1,0,0,31.02128100000000,0.00000000000000,35.38010000000000,0,Composed: Copy with GPU GDI,0.88630000000000,17.52450000000000,33.27870000000000,0.00000000000000,-16.87000000000000,10.75730000000000,0.00000000000000
ruffle.exe,12960,0x0000000000000000,Other,-1,0,0,31.05105620000000,0.00000000000000,29.77520000000000,0,Composed: Copy with GPU GDI,0.90660000000000,21.15280000000000,33.40350000000000,0.00000000000000,-10.21050000000000,9.91940000000000,0.00000000000000
ruffle.exe,12960,0x0000000000000000,Other,-1,0,0,31.08162340000000,0.00000000000000,30.56720000000000,0,Composed: Copy with GPU GDI,0.94670000000000,23.95210000000000,33.36650000000000,0.00000000000000,-15.70400000000000,10.27140000000000,0.00000000000000
ruffle.exe,12960,0x0000000000000000,Other,-1,0,0,31.11417230000000,0.00000000000000,32.54890000000000,0,Composed: Copy with GPU GDI,0.97280000000000,74.67650000000000,83.27330000000001,0.00000000000000,-11.03450000000000,10.14250000000000,0.00000000000000
ruffle.exe,12960,0x0000000000000000,Other,-1,0,0,31.16457780000000,0.00000000000000,50.40550000000000,0,Composed: Copy with GPU GDI,0.95800000000000,40.96490000000000,16.69390000000000,0.00000000000000,-20.44350000000000,12.54580000000000,0.00000000000000
ruffle.exe,12960,0x0000000000000000,Other,-1,0,0,31.20199530000000,0.00000000000000,37.41750000000000,0,Composed: Copy with GPU GDI,0.81330000000000,20.18090000000000,16.63350000000000,0.00000000000000,-13.54870000000000,11.72500000000000,0.00000000000000
ruffle.exe,12960,0x0000000000000000,Other,-1,0,0,31.24389090000000,0.00000000000000,41.89560000000000,0,Composed: Copy with GPU GDI,0.80020000000000,44.97500000000000,66.68970000000000,0.00000000000000,-17.85890000000000,10.55830000000000,0.00000000000000
ruffle.exe,12960,0x0000000000000000,Other,-1,0,0,31.28669140000000,0.00000000000000,42.80050000000000,0,Composed: Copy with GPU GDI,0.91870000000000,18.95810000000000,16.78360000000000,0.00000000000000,-21.84780000000000,10.52060000000000,0.00000000000000
ruffle.exe,12960,0x0000000000000000,Other,-1,0,0,31.31820800000000,0.00000000000000,31.51660000000000,0,Composed: Copy with GPU GDI,0.92670000000000,20.67780000000000,33.23630000000000,0.00000000000000,-17.55770000000000,10.64400000000000,0.00000000000000
ruffle.exe,12960,0x0000000000000000,Other,-1,0,0,31.37065330000000,0.00000000000000,52.44530000000000,0,Composed: Copy with GPU GDI,0.93190000000000,34.91760000000000,66.68510000000001,0.00000000000000,-11.26690000000000,10.82170000000000,0.00000000000000
ruffle.exe,12960,0x0000000000000000,Other,-1,0,0,31.42073010000000,0.00000000000000,50.07680000000001,0,Composed: Copy with GPU GDI,0.63030000000000,18.14750000000000,33.30670000000000,0.00000000000000,-14.59690000000000,13.12270000000000,146.85200000000000
ruffle.exe,12960,0x0000000000000000,Other,-1,0,0,31.47135440000000,0.00000000000000,50.62430000000001,0,Composed: Copy with GPU GDI,0.85360000000000,17.54280000000000,50.01960000000000,0.00000000000000,-19.06660000000000,10.74390000000000,0.00000000000000
ruffle.exe,12960,0x0000000000000000,Other,-1,0,0,31.78575170000000,0.00000000000000,314.39730000000003,0,Composed: Copy with GPU GDI,0.86800000000000,19.79600000000000,316.65050000000002,0.00000000000000,-11.98720000000000,11.95420000000000,24.05250000000000
ruffle.exe,12960,0x0000000000000000,Other,-1,0,0,31.83822290000000,0.00000000000000,52.47120000000000,0,Composed: Copy with GPU GDI,0.84840000000000,17.33260000000000,50.00780000000000,0.00000000000000,-13.53960000000000,10.95730000000000,68.51580000000000
ruffle.exe,12960,0x0000000000000000,Other,-1,0,0,31.87139220000000,0.00000000000000,33.16930000000000,0,Composed: Copy with GPU GDI,0.89410000000000,17.50210000000000,33.33880000000000,0.00000000000000,-12.02670000000000,11.82170000000000,0.00000000000000
ruffle.exe,12960,0x0000000000000000,Other,-1,0,0,31.91845930000000,0.00000000000000,47.06710000000000,0,Composed: Copy with GPU GDI,0.91380000000000,20.41740000000000,49.98240000000001,0.00000000000000,-13.93130000000000,13.69670000000000,34.75780000000000
ruffle.exe,12960,0x0000000000000000,Other,-1,0,0,31.95474810000000,0.00000000000000,36.28880000000000,0,Composed: Copy with GPU GDI,0.84610000000000,17.49060000000000,33.36200000000000,0.00000000000000,-9.80660000000000,9.90530000000000,21.04300000000000
ruffle.exe,12960,0x0000000000000000,Other,-1,0,0,31.99586790000000,0.00000000000000,41.11980000000001,0,Composed: Copy with GPU GDI,0.91020000000000,9.67950000000000,33.30870000000000,0.00000000000000,-11.03240000000000,10.65120000000000,54.13440000000000
ruffle.exe,12960,0x0000000000000000,Other,-1,0,0,32.02509280000000,0.00000000000000,29.22490000000000,0,Composed: Copy with GPU GDI,0.83920000000000,13.79540000000000,33.34080000000000,0.00000000000000,-12.81670000000000,10.40330000000000,0.00000000000000
ruffle.exe,12960,0x0000000000000000,Other,-1,0,0,32.05353000000000,0.00000000000000,28.43720000000000,0,Composed: Copy with GPU GDI,0.92050000000000,18.69760000000000,33.33940000000000,0.00000000000000,-10.07520000000000,10.02440000000000,0.00000000000000
ruffle.exe,12960,0x0000000000000000,Other,-1,0,0,32.08441120000000,0.00000000000000,30.88120000000000,0,Composed: Copy with GPU GDI,0.86860000000000,21.33460000000000,33.51820000000000,0.00000000000000,-11.71670000000000,11.84170000000000,0.00000000000000
ruffle.exe,12960,0x0000000000000000,Other,-1,0,0,32.11092790000000,0.00000000000000,26.51670000000000,0,Composed: Copy with GPU GDI,0.93900000000000,11.33340000000000,16.51550000000000,0.00000000000000,-12.08020000000000,11.87410000000000,0.00000000000000
ruffle.exe,12960,0x0000000000000000,Other,-1,0,0,32.14515320000000,0.00000000000000,34.22530000000000,0,Composed: Copy with GPU GDI,0.87470000000000,10.50140000000000,33.39330000000000,0.00000000000000,-12.91130000000000,10.49340000000000,0.00000000000000
ruffle.exe,12960,0x0000000000000000,Other,-1,0,0,32.17532540000001,0.00000000000000,30.17220000000000,0,Composed: Copy with GPU GDI,0.95290000000000,30.25470000000000,49.92550000000000,0.00000000000000,-10.44980000000000,10.33090000000000,0.00000000000000
ruffle.exe,12960,0x0000000000000000,Other,-1,0,0,32.22117240000000,0.00000000000000,45.84700000000000,0,Composed: Copy with GPU GDI,0.84590000000000,17.76110000000000,33.35340000000000,0.00000000000000,-11.07490000000000,10.95000000000000,0.00000000000000
ruffle.exe,12960,0x0000000000000000,Other,-1,0,0,32.24981290000000,0.00000000000000,28.64050000000000,0,Composed: Copy with GPU GDI,0.83220000000000,22.42950000000000,33.30890000000000,0.00000000000000,-12.70660000000000,10.16280000000000,0.00000000000000
ruffle.exe,12960,0x0000000000000000,Other,-1,0,0,32.27889320000000,0.00000000000000,29.08030000000000,0,Composed: Copy with GPU GDI,4.25550000000000,10.04500000000000,16.69580000000000,0.00000000000000,-11.71710000000000,15.80030000000000,0.00000000000000
ruffle.exe,12960,0x0000000000000000,Other,-1,0,0,32.28624150000000,0.00000000000000,7.34830000000000,0,Composed: Copy with GPU GDI,0.81290000000000,19.39340000000000,16.69670000000000,0.00000000000000,-3.09280000000000,1.24950000000000,0.00000000000000
ruffle.exe,12960,0x0000000000000000,Other,-1,0,0,32.31365180000000,0.00000000000000,27.41030000000000,0,Composed: Copy with GPU GDI,0.65240000000000,8.59300000000000,16.60990000000000,0.00000000000000,-13.47580000000000,11.79780000000000,0.00000000000000
ruffle.exe,12960,0x0000000000000000,Other,-1,0,0,32.33581530000000,0.00000000000000,22.16350000000000,0,Composed: Copy with GPU GDI,0.83130000000000,19.86960000000000,33.44010000000000,0.00000000000000,-10.20680000000000,9.87640000000000,0.00000000000000
ruffle.exe,12960,0x0000000000000000,Other,-1,0,0,32.38501800000000,0.00000000000000,49.20270000000000,0,Composed: Copy with GPU GDI,0.95350000000000,20.58630000000000,49.91940000000000,0.00000000000000,-18.41810000000000,10.88160000000000,0.00000000000000
ruffle.exe,12960,0x0000000000000000,Other,-1,0,0,32.41683270000000,0.00000000000000,31.81470000000000,0,Composed: Copy with GPU GDI,0.89490000000000,22.11230000000000,33.34070000000000,0.00000000000000,-10.94060000000000,9.86210000000000,0.00000000000000
ruffle.exe,12960,0x0000000000000000,Other,-1,0,0,32.45281240000000,0.00000000000000,35.97970000000000,0,Composed: Copy with GPU GDI,0.89370000000000,19.45690000000000,33.32430000000000,0.00000000000000,-17.29540000000000,10.56090000000000,0.00000000000000
ruffle.exe,12960,0x0000000000000000,Other,-1,0,0,32.48624940000000,0.00000000000000,33.43700000000000,0,Composed: Copy with GPU GDI,0.96900000000000,19.38030000000000,33.36040000000000,0.00000000000000,-10.83170000000000,10.67060000000000,0.00000000000000
ruffle.exe,12960,0x0000000000000000,Other,-1,0,0,32.87785550000000,0.00000000000000,391.60610000000003,0,Composed: Copy with GPU GDI,0.95770000000000,27.78190000000000,400.00770000000000,0.00000000000000,-18.06540000000000,12.80670000000000,40.12540000000000
ruffle.exe,12960,0x0000000000000000,Other,-1,0,0,32.91749990000000,0.00000000000000,39.64440000000000,0,Composed: Copy with GPU GDI,0.88420000000000,4.77660000000000,16.63910000000000,0.00000000000000,-10.02180000000000,10.10230000000000,23.74560000000000
ruffle.exe,12960,0x0000000000000000,Other,-1,0,0,32.94957290000000,0.00000000000000,32.07300000000000,0,Composed: Copy with GPU GDI,0.63090000000000,22.77500000000000,50.07140000000000,0.00000000000000,-9.43250000000000,9.37690000000000,47.80540000000000
ruffle.exe,12960,0x0000000000000000,Other,-1,0,0,32.98000130000000,0.00000000000000,30.42840000000000,0,Composed: Copy with GPU GDI,0.85790000000000,8.96790000000000,16.62130000000000,0.00000000000000,-12.59920000000000,10.10360000000000,0.00000000000000
ruffle.exe,12960,0x0000000000000000,Other,-1,0,0,33.00182160000001,0.00000000000000,21.82030000000000,0,Composed: Copy with GPU GDI,0.59610000000000,3.77140000000000,16.62380000000000,0.00000000000000,-9.69920000000000,9.65670000000000,0.00000000000000
ruffle.exe,12960,0x0000000000000000,Other,-1,0,0,33.03657600000000,0.00000000000000,34.75440000000000,0,Composed: Copy with GPU GDI,0.87510000000000,19.10090000000000,50.08390000000000,0.00000000000000,-13.53530000000000,12.20690000000000,0.00000000000000
ruffle.exe,12960,0x0000000000000000,Other,-1,0,0,33.08018950000000,0.00000000000000,43.61350000000000,0,Composed: Copy with GPU GDI,0.99340000000000,8.84300000000000,33.35560000000000,0.00000000000000,-11.91930000000000,11.72080000000000,0.00000000000000
ruffle.exe,12960,0x0000000000000000,Other,-1,0,0,33.11873270000000,0.00000000000000,38.54320000000000,0,Composed: Copy with GPU GDI,0.93170000000000,20.33150000000000,50.03170000000000,0.00000000000000,-16.79340000000000,10.70140000000000,32.97680000000000
ruffle.exe,12960,0x0000000000000000,Other,-1,0,0,33.15459610000001,0.00000000000000,35.86340000000000,0,Composed: Copy with GPU GDI,0.95340000000000,17.77230000000000,33.30420000000000,0.00000000000000,-12.90770000000000,10.54150000000000,22.84560000000000
ruffle.exe,12960,0x0000000000000000,Other,-1,0,0,33.19860210000000,0.00000000000000,44.00600000000000,0,Composed: Copy with GPU GDI,0.93670000000000,7.14180000000000,33.37550000000000,0.00000000000000,-11.06190000000000,10.91440000000000,26.85380000000000
ruffle.exe,12960,0x0000000000000000,Other,-1,0,0,33.24245580000000,0.00000000000000,43.85370000000000,0,Composed: Copy with GPU GDI,0.94180000000000,13.24460000000000,49.95650000000001,0.00000000000000,-16.81520000000000,11.17390000000000,32.69170000000000
ruffle.exe,12960,0x0000000000000000,Other,-1,0,0,33.28111360000000,0.00000000000000,38.65780000000000,0,Composed: Copy with GPU GDI,0.94490000000000,7.94120000000000,33.35440000000000,0.00000000000000,-12.93860000000000,10.52840000000000,29.33350000000000
ruffle.exe,12960,0x0000000000000000,Other,-1,0,0,33.34110710000000,0.00000000000000,59.99350000000000,0,Composed: Copy with GPU GDI,0.95790000000000,14.59200000000000,66.64430000000000,0.00000000000000,-12.12170000000000,11.95770000000000,73.33340000000000
ruffle.exe,12960,0x0000000000000000,Other,-1,0,0,33.38495250000000,0.00000000000000,43.84540000000001,0,Composed: Copy with GPU GDI,0.93070000000000,20.77670000000000,50.03010000000000,0.00000000000000,-17.76710000000000,10.55230000000000,0.00000000000000
ruffle.exe,12960,0x0000000000000000,Other,-1,0,0,33.44682090000000,0.00000000000000,61.86840000000000,0,Composed: Copy with GPU GDI,0.97190000000000,8.92150000000000,50.01320000000000,0.00000000000000,-14.88730000000000,10.69380000000000,0.00000000000000
ruffle.exe,12960,0x0000000000000000,Other,-1,0,0,33.51884260000001,0.00000000000000,72.02170000000001,0,Composed: Copy with GPU GDI,0.96750000000000,20.21990000000000,83.32010000000001,0.00000000000000,-12.20870000000000,11.72910000000000,31.07220000000000
ruffle.exe,12960,0x0000000000000000,Other,-1,0,0,33.89954570000000,0.00000000000000,380.70310000000001,0,Composed: Copy with GPU GDI,0.96340000000000,6.21840000000000,366.70160000000004,0.00000000000000,-16.98540000000000,11.39640000000000,93.62750000000000
ruffle.exe,12960,0x0000000000000000,Other,-1,0,0,33.95092310000000,0.00000000000000,51.37740000000000,0,Composed: Copy with GPU GDI,0.92350000000000,21.52400000000000,66.68300000000001,0.00000000000000,-11.11520000000000,10.96920000000000,0.00000000000000
ruffle.exe,12960,0x0000000000000000,Other,-1,0,0,33.99020720000000,0.00000000000000,39.28410000000000,0,Composed: Copy with GPU GDI,0.97130000000000,15.54840000000000,33.30850000000000,0.00000000000000,-15.56720000000000,10.55340000000000,0.00000000000000
ruffle.exe,12960,0x0000000000000000,Other,-1,0,0,34.02872340000000,0.00000000000000,38.51620000000000,0,Composed: Copy with GPU GDI,0.96810000000000,27.04860000000000,50.01640000000000,0.00000000000000,-14.20860000000000,10.55950000000000,0.00000000000000
ruffle.exe,12960,0x0000000000000000,Other,-1,0,0,34.07649070000000,0.00000000000000,47.76730000000000,0,Composed: Copy with GPU GDI,0.97570000000000,12.63640000000000,33.35510000000000,0.00000000000000,-12.20370000000000,11.98120000000000,30.62940000000000
ruffle.exe,12960,0x0000000000000000,Other,-1,0,0,34.13013660000000,0.00000000000000,53.64590000000000,0,Composed: Copy with GPU GDI,1.00130000000000,8.99950000000000,50.00900000000000,0.00000000000000,-16.88340000000000,10.61210000000000,0.00000000000000
ruffle.exe,12960,0x0000000000000000,Other,-1,0,0,34.16725600000000,0.00000000000000,37.11940000000000,0,Composed: Copy with GPU GDI,0.96540000000000,21.86510000000000,49.98500000000000,0.00000000000000,-10.41730000000000,10.21380000000000,0.00000000000000
ruffle.exe,12960,0x0000000000000000,Other,-1,0,0,34.20845910000000,0.00000000000000,41.20310000000000,0,Composed: Copy with GPU GDI,0.92510000000000,14.03210000000000,33.37010000000000,0.00000000000000,-16.65660000000000,10.53440000000000,0.00000000000000
ruffle.exe,12960,0x0000000000000000,Other,-1,0,0,34.26217070000001,0.00000000000000,53.71160000000000,0,Composed: Copy with GPU GDI,0.93520000000000,10.29190000000000,49.97140000000000,0.00000000000000,-13.05320000000000,12.20400000000000,0.00000000000000
ruffle.exe,12960,0x0000000000000000,Other,-1,0,0,34.30738710000000,0.00000000000000,45.21640000000000,0,Composed: Copy with GPU GDI,0.97870000000000,15.09480000000000,50.01930000000000,0.00000000000000,-15.61940000000000,12.26830000000000,33.59300000000000
ruffle.exe,12960,0x0000000000000000,Other,-1,0,0,34.36295470000000,0.00000000000000,55.56760000000001,0,Composed: Copy with GPU GDI,0.95630000000000,9.58070000000000,50.05350000000000,0.00000000000000,-13.43640000000000,10.41740000000000,27.15800000000000
ruffle.exe,12960,0x0000000000000000,Other,-1,0,0,34.40553950000000,0.00000000000000,42.58480000000000,0,Composed: Copy with GPU GDI,0.99350000000000,16.94980000000000,49.95390000000000,0.00000000000000,-15.30410000000000,10.50150000000000,29.73440000000000
ruffle.exe,12960,0x0000000000000000,Other,-1,0,0,34.45798490000001,0.00000000000000,52.44540000000000,0,Composed: Copy with GPU GDI,0.86380000000000,14.49080000000000,49.98640000000000,0.00000000000000,-11.82610000000000,11.71560000000000,28.18120000000000
ruffle.exe,12960,0x0000000000000000,Other,-1,0,0,34.49053150000000,0.00000000000000,32.54660000000001,0,Composed: Copy with GPU GDI,0.92220000000000,15.26320000000000,33.31900000000000,0.00000000000000,-13.60220000000000,13.57990000000000,30.69540000000000
ruffle.exe,12960,0x0000000000000000,Other,-1,0,0,34.77473410000000,0.00000000000000,284.20260000000002,0,Composed: Copy with GPU GDI,0.91260000000000,31.09190000000000,300.03129999999999,0.00000000000000,-11.85080000000000,11.78650000000000,24.95220000000000
ruffle.exe,12960,0x0000000000000000,Other,-1,0,0,34.82589930000000,0.00000000000000,51.16520000000001,0,Composed: Copy with GPU GDI,0.97220000000000,30.15290000000000,50.22620000000001,0.00000000000000,-17.22730000000000,10.74970000000000,30.08270000000000
ruffle.exe,12960,0x0000000000000000,Other,-1,0,0,34.97412300000000,0.00000000000000,148.22370000000001,0,Composed: Copy with GPU GDI,1.03850000000000,32.05930000000000,150.13010000000000,0.00000000000000,-121.83830000000000,27.32870000000000,52.27470000000000
ruffle.exe,12960,0x0000000000000000,Other,-1,0,0,35.00923360000000,0.00000000000000,35.11060000000001,0,Composed: Copy with GPU GDI,0.91050000000000,13.41890000000000,16.47020000000000,0.00000000000000,-15.66890000000000,12.41800000000000,31.43090000000000
ruffle.exe,12960,0x0000000000000000,Other,-1,0,0,35.04210250000000,0.00000000000000,32.86890000000000,0,Composed: Copy with GPU GDI,0.92160000000000,30.46680000000000,49.91680000000000,0.00000000000000,-11.64400000000000,11.58650000000000,0.00000000000000
ruffle.exe,12960,0x0000000000000000,Other,-1,0,0,35.07684200000000,0.00000000000000,34.73950000000000,0,Composed: Copy with GPU GDI,0.94370000000000,29.37450000000000,33.64720000000001,0.00000000000000,-17.71690000000000,10.95080000000000,29.00190000000000
ruffle.exe,12960,0x0000000000000000,Other,-1,0,0,35.11441960000001,0.00000000000000,37.57760000000000,0,Composed: Copy with GPU GDI,0.90500000000000,58.09820000000001,66.30130000000000,0.00000000000000,-13.61340000000000,10.27120000000000,26.60870000000000
ruffle.exe,12960,0x0000000000000000,Other,-1,0,0,35.15761910000001,0.00000000000000,43.19950000000000,0,Composed: Copy with GPU GDI,2.39670000000000,31.57260000000000,16.67390000000000,0.00000000000000,-21.52350000000000,10.13550000000000,0.00000000000000
ruffle.exe,12960,0x0000000000000000,Other,-1,0,0,35.18860530000001,0.00000000000000,30.98620000000000,0,Composed: Copy with GPU GDI,0.89750000000000,50.58740000000000,50.00100000000000,0.00000000000000,-11.17320000000000,9.95130000000000,0.00000000000000
ruffle.exe,12960,0x0000000000000000,Other,-1,0,0,35.24560960000000,0.00000000000000,57.00430000000000,0,Composed: Copy with GPU GDI,1.00700000000000,43.64620000000000,50.06310000000001,0.00000000000000,-19.67800000000000,11.03760000000000,0.00000000000000
ruffle.exe,12960,0x0000000000000000,Other,-1,0,0,35.29907300000000,0.00000000000000,53.46340000000000,0,Composed: Copy with GPU GDI,0.96960000000000,23.47450000000000,33.29170000000000,0.00000000000000,-13.36090000000000,11.75610000000000,0.00000000000000
ruffle.exe,12960,0x0000000000000000,Other,-1,0,0,35.34542090000000,0.00000000000000,46.34790000000000,0,Composed: Copy with GPU GDI,0.96290000000000,77.13320000000000,100.00660000000001,0.00000000000000,-17.85270000000000,10.52430000000000,31.58970000000000
ruffle.exe,12960,0x0000000000000000,Other,-1,0,0,35.40860379999999,0.00000000000000,63.18290000000000,0,Composed: Copy with GPU GDI,0.65470000000000,30.62180000000000,16.67150000000000,0.00000000000000,-18.50530000000000,10.24100000000000,32.78610000000000
ruffle.exe,12960,0x0000000000000000,Other,-1,0,0,35.46448330000000,0.00000000000000,55.87950000000000,0,Composed: Copy with GPU GDI,0.93110000000000,8.07680000000000,33.33450000000000,0.00000000000000,-12.01940000000000,11.74960000000000,24.65080000000000
ruffle.exe,12960,0x0000000000000000,Other,-1,0,0,35.50392600000000,0.00000000000000,39.44270000000000,0,Composed: Copy with GPU GDI,0.92280000000000,35.28790000000000,66.65380000000000,0.00000000000000,-17.53150000000000,12.61090000000000,32.05530000000000
ruffle.exe,12960,0x0000000000000000,Other,-1,0,0,35.83672600000001,0.00000000000000,332.80000000000001,0,Composed: Copy with GPU GDI,0.91740000000000,19.18060000000000,316.69270000000000,0.00000000000000,-10.64220000000000,10.67580000000000,228.89840000000001
ruffle.exe,12960,0x0000000000000000,Other,-1,0,0,35.95985720000000,0.00000000000000,123.13120000000001,0,Composed: Copy with GPU GDI,0.87650000000000,12.73900000000000,116.68960000000000,0.00000000000000,-14.36710000000000,14.24500000000000,0.00000000000000
ruffle.exe,12960,0x0000000000000000,Other,-1,0,0,35.99469890000000,0.00000000000000,34.84170000000000,0,Composed: Copy with GPU GDI,0.95490000000000,11.21240000000000,33.31510000000000,0.00000000000000,-16.20820000000000,10.50790000000000,0.00000000000000
ruffle.exe,12960,0x0000000000000000,Other,-1,0,0,36.04585790000000,0.00000000000000,51.15900000000000,0,Composed: Copy with GPU GDI,0.92940000000000,10.05910000000000,50.00570000000000,0.00000000000000,-12.24700000000000,12.13610000000000,0.00000000000000
ruffle.exe,12960,0x0000000000000000,Other,-1,0,0,36.08351960000000,0.00000000000000,37.66170000000000,0,Composed: Copy with GPU GDI,0.93140000000000,5.73680000000000,33.33940000000000,0.00000000000000,-12.01940000000000,11.86580000000000,0.00000000000000
ruffle.exe,12960,0x0000000000000000,Other,-1,0,0,36.11839380000000,0.00000000000000,34.87420000000000,0,Composed: Copy with GPU GDI,0.88170000000000,20.87320000000000,50.01060000000000,0.00000000000000,-16.31250000000000,10.48980000000000,0.00000000000000
ruffle.exe,12960,0x0000000000000000,Other,-1,0,0,36.14648870000000,0.00000000000000,28.09490000000000,0,Composed: Copy with GPU GDI,0.88920000000000,9.46390000000000,16.68560000000000,0.00000000000000,-10.25710000000000,10.13870000000000,0.00000000000000
ruffle.exe,12960,0x0000000000000000,Other,-1,0,0,36.18001810000001,0.00000000000000,33.52940000000000,0,Composed: Copy with GPU GDI,0.85780000000000,9.28030000000000,33.34580000000000,0.00000000000000,-14.16180000000000,10.49650000000000,0.00000000000000
ruffle.exe,12960,0x0000000000000000,Other,-1,0,0,36.29868430000001,0.00000000000000,118.66620000000000,0,Composed: Copy with GPU GDI,0.81910000000000,23.95480000000000,133.34070000000000,0.00000000000000,-100.45710000000001,21.32990000000000,26.83590000000000
ruffle.exe,12960,0x0000000000000000,Other,-1,0,0,36.32957550000000,0.00000000000000,30.89120000000000,0,Composed: Copy with GPU GDI,0.93500000000000,26.36300000000000,33.29940000000000,0.00000000000000,-12.13920000000000,12.05210000000000,25.73540000000000
ruffle.exe,12960,0x0000000000000000,Other,-1,0,0,36.37007759999999,0.00000000000000,40.50210000000000,0,Composed: Copy with GPU GDI,0.61120000000000,19.22840000000000,33.36750000000000,0.00000000000000,-13.20680000000000,12.34840000000000,28.20480000000000
ruffle.exe,12960,0x0000000000000000,Other,-1,0,0,36.40960120000000,0.00000000000000,39.52360000000000,0,Composed: Copy with GPU GDI,0.86540000000000,13.00170000000000,33.29690000000000,0.00000000000000,-13.82940000000000,10.63680000000000,27.74580000000000
ruffle.exe,12960,0x0000000000000000,Other,-1,0,0,36.44032900000000,0.00000000000000,30.72780000000000,0,Composed: Copy with GPU GDI,0.93010000000000,15.65630000000000,33.38240000000000,0.00000000000000,-10.64840000000000,10.31190000000000,20.45700000000000
ruffle.exe,12960,0x0000000000000000,Other,-1,0,0,36.48548070000000,0.00000000000000,45.15170000000001,0,Composed: Copy with GPU GDI,1.05020000000000,20.52720000000000,50.02260000000000,0.00000000000000,-16.77480000000000,10.44090000000000,33.63810000000000
ruffle.exe,12960,0x0000000000000000,Other,-1,0,0,36.81523740000000,0.00000000000000,329.75670000000002,0,Composed: Copy with GPU GDI,2.30770000000000,24.14160000000000,333.37110000000001,0.00000000000000,-11.12490000000000,9.74660000000000,0.00000000000000
ruffle.exe,12960,0x0000000000000000,Other,-1,0,0,36.87323710000000,0.00000000000000,57.99970000000000,0,Composed: Copy with GPU GDI,0.91300000000000,82.75240000000001,116.61050000000000,0.00000000000000,-16.76120000000000,12.53970000000000,0.00000000000000
ruffle.exe,12960,0x0000000000000000,Other,-1,0,0,36.91480510000000,0.00000000000000,41.56800000000000,0,Composed: Copy with GPU GDI,0.93750000000000,57.85700000000000,16.67260000000000,0.00000000000000,-13.36190000000000,11.97860000000000,0.00000000000000
ruffle.exe,12960,0x0000000000000000,Other,-1,0,0,36.97453050000000,0.00000000000000,59.72540000000000,0,Composed: Copy with GPU GDI,0.90420000000000,31.46590000000000,33.33430000000000,0.00000000000000,-18.15760000000000,10.21580000000000,50.64530000000000
ruffle.exe,12960,0x0000000000000000,Other,-1,0,0,37.02312800000000,0.00000000000000,48.59750000000000,0,Composed: Copy with GPU GDI,0.89410000000000,49.53930000000000,66.67090000000000,0.00000000000000,-10.16510000000000,10.13320000000000,21.28040000000000
ruffle.exe,12960,0x0000000000000000,Other,-1,0,0,37.07409030000000,0.00000000000000,50.96230000000000,0,Composed: Copy with GPU GDI,0.85860000000000,15.25370000000000,16.67670000000000,0.00000000000000,-12.23370000000000,12.09880000000000,24.18010000000000
ruffle.exe,12960,0x0000000000000000,Other,-1,0,0,37.10817920000000,0.00000000000000,34.08890000000000,0,Composed: Copy with GPU GDI,0.82920000000000,14.49190000000000,33.32710000000000,0.00000000000000,-11.78780000000000,11.79720000000000,20.30540000000000
ruffle.exe,12960,0x0000000000000000,Other,-1,0,0,37.14697280000001,0.00000000000000,38.79360000000000,0,Composed: Copy with GPU GDI,0.90700000000000,9.04950000000000,33.35120000000000,0.00000000000000,-14.88500000000000,10.82410000000000,27.08150000000000
ruffle.exe,12960,0x0000000000000000,Other,-1,0,0,37.50996510000000,0.00000000000000,362.99230000000000,0,Composed: Copy with GPU GDI,0.94370000000000,12.78650000000000,366.72930000000002,0.00000000000000,-335.43440000000004,138.94990000000001,24.05590000000000
ruffle.exe,12960,0x0000000000000000,Other,-1,0,0,37.76273620000000,0.00000000000000,252.77110000000002,0,Composed: Copy with GPU GDI,0.88850000000000,10.01350000000000,249.99810000000002,0.00000000000000,-36.61260000000000,16.85300000000000,26.83260000000000
ruffle.exe,12960,0x0000000000000000,Other,-1,0,0,37.79039750000000,0.00000000000000,27.66130000000000,0,Composed: Copy with GPU GDI,0.61470000000000,15.76880000000000,33.41660000000000,0.00000000000000,-11.55830000000000,11.52590000000000,22.48600000000000
ruffle.exe,12960,0x0000000000000000,Other,-1,0,0,37.81661690000000,0.00000000000000,26.21940000000000,0,Composed: Copy with GPU GDI,0.67560000000000,6.13430000000000,16.58490000000000,0.00000000000000,-11.60000000000000,11.73150000000000,2.73510000000000
ruffle.exe,12960,0x0000000000000000,Other,-1,0,0,37.88227220000000,0.00000000000000,65.65530000000000,0,Composed: Copy with GPU GDI,0.62420000000000,7.13980000000000,66.66080000000001,0.00000000000000,-64.20680000000000,20.23930000000000,20.36440000000000
ruffle.exe,12960,0x0000000000000000,Other,-1,0,0,37.94147550000000,0.00000000000000,59.20330000000001,0,Composed: Copy with GPU GDI,0.94440000000000,14.64670000000000,66.71020000000000,0.00000000000000,-43.40180000000000,17.58200000000000,25.54890000000000
ruffle.exe,12960,0x0000000000000000,Other,-1,0,0,37.97459450000000,0.00000000000000,33.11900000000000,0,Composed: Copy with GPU GDI,0.86650000000000,31.47410000000000,49.94640000000000,0.00000000000000,-13.37820000000000,10.55290000000000,24.70060000000000
ruffle.exe,12960,0x0000000000000000,Other,-1,0,0,38.00578230000000,0.00000000000000,31.18780000000000,0,Composed: Copy with GPU GDI,0.90950000000000,16.96990000000000,16.68360000000000,0.00000000000000,-11.54220000000000,11.73810000000000,23.88060000000000
ruffle.exe,12960,0x0000000000000000,Other,-1,0,0,38.03170920000000,0.00000000000000,25.92690000000000,0,Composed: Copy with GPU GDI,0.88960000000000,7.74940000000000,16.70640000000000,0.00000000000000,-11.89060000000000,11.98350000000000,25.81870000000000
ruffle.exe,12960,0x0000000000000000,Other,-1,0,0,38.05934200000000,0.00000000000000,27.63280000000000,0,Composed: Copy with GPU GDI,0.87500000000000,13.43590000000000,33.31930000000000,0.00000000000000,-9.84910000000000,9.92860000000000,21.44250000000000
ruffle.exe,12960,0x0000000000000000,Other,-1,0,0,38.08785050000000,0.00000000000000,28.50850000000000,0,Composed: Copy with GPU GDI,0.64720000000000,18.28850000000000,33.36110000000000,0.00000000000000,-11.74840000000000,11.70510000000000,3.88150000000000
ruffle.exe,12960,0x0000000000000000,Other,-1,0,0,38.10303050000000,0.00000000000000,15.18000000000000,0,Composed: Copy with GPU GDI,0.86420000000000,19.76000000000000,16.65150000000000,0.00000000000000,-10.19900000000000,6.53560000000000,0.00000000000000
ruffle.exe,12960,0x0000000000000000,Other,-1,0,0,38.12669420000000,0.00000000000000,23.66370000000000,0,Composed: Copy with GPU GDI,0.86190000000000,12.73720000000000,16.64090000000000,0.00000000000000,-10.16300000000000,10.16630000000000,18.78980000000000
ruffle.exe,12960,0x0000000000000000,Other,-1,0,0,38.15114630000000,0.00000000000000,24.45210000000000,0,Composed: Copy with GPU GDI,0.60780000000000,4.90830000000000,16.62320000000000,0.00000000000000,-9.96660000000000,9.78500000000000,5.19170000000000
ruffle.exe,12960,0x0000000000000000,Other,-1,0,0,38.18495780000000,0.00000000000000,33.81150000000000,0,Composed: Copy with GPU GDI,0.84170000000000,21.13690000000000,50.04010000000000,0.00000000000000,-11.71410000000000,11.78380000000000,6.99780000000000
ruffle.exe,12960,0x0000000000000000,Other,-1,0,0,38.20402370000000,0.00000000000000,19.06590000000000,0,Composed: Copy with GPU GDI,0.63140000000000,18.77150000000000,16.70050000000000,0.00000000000000,-11.20020000000000,8.82990000000000,0.00000000000000
ruffle.exe,12960,0x0000000000000000,Other,-1,0,0,38.24177060000000,0.00000000000000,37.74690000000000,0,Composed: Copy with GPU GDI,0.82550000000000,14.40070000000000,33.37610000000000,0.00000000000000,-13.82050000000000,13.84200000000000,33.84580000000000
ruffle.exe,12960,0x0000000000000000,Other,-1,0,0,38.27066310000000,0.00000000000000,28.89250000000000,0,Composed: Copy with GPU GDI,0.62150000000000,18.85930000000000,33.35110000000000,0.00000000000000,-13.50290000000000,13.44490000000000,22.75000000000000
ruffle.exe,12960,0x0000000000000000,Other,-1,0,0,38.29831410000001,0.00000000000000,27.65100000000000,0,Composed: Copy with GPU GDI,0.84600000000000,7.85550000000000,16.64720000000000,0.00000000000000,-11.85080000000000,11.92040000000000,26.39020000000000
ruffle.exe,12960,0x0000000000000000,Other,-1,0,0,38.32961720000000,0.00000000000000,31.30310000000000,0,Composed: Copy with GPU GDI,0.84490000000000,9.89170000000000,33.33930000000000,0.00000000000000,-12.29720000000000,10.78700000000000,27.70700000000000
ruffle.exe,12960,0x0000000000000000,Other,-1,0,0,38.36099260000000,0.00000000000000,31.37540000000000,0,Composed: Copy with GPU GDI,0.61420000000000,11.78380000000000,33.26750000000000,0.00000000000000,-9.79230000000000,9.71570000000000,19.09740000000000
ruffle.exe,12960,0x0000000000000000,Other,-1,0,0,38.38740220000000,0.00000000000000,26.40960000000000,0,Composed: Copy with GPU GDI,0.81350000000000,18.77550000000000,33.40130000000000,0.00000000000000,-9.80800000000000,9.88570000000000,7.45670000000000
ruffle.exe,12960,0x0000000000000000,Other,-1,0,0,38.40712950000000,0.00000000000000,19.72730000000000,0,Composed: Copy with GPU GDI,0.84590000000000,15.66840000000000,16.62020000000000,0.00000000000000,-11.25970000000000,7.16000000000000,19.20880000000000
ruffle.exe,12960,0x0000000000000000,Other,-1,0,0,38.44183800000000,0.00000000000000,34.70850000000000,0,Composed: Copy with GPU GDI,0.84200000000000,14.31730000000000,33.35740000000000,0.00000000000000,-11.68370000000000,11.79800000000000,21.88750000000000
ruffle.exe,12960,0x0000000000000000,Other,-1,0,0,38.48516750000000,0.00000000000000,43.32950000000000,0,Composed: Copy with GPU GDI,0.64950000000000,4.25970000000000,33.27190000000000,0.00000000000000,-12.39800000000000,12.40760000000000,27.26540000000000
ruffle.exe,12960,0x0000000000000000,Other,-1,0,0,38.74586840000000,0.00000000000000,260.70089999999999,0,Composed: Copy with GPU GDI,0.61930000000000,10.27950000000000,266.72070000000002,0.00000000000000,-10.47040000000000,10.39600000000000,21.95190000000000
ruffle.exe,12960,0x0000000000000000,Other,-1,0,0,38.80798900000000,0.00000000000000,62.12060000000000,0,Composed: Copy with GPU GDI,0.86080000000000,14.81080000000000,66.65190000000000,0.00000000000000,-14.52620000000000,10.85230000000000,26.04660000000000
ruffle.exe,12960,0x0000000000000000,Other,-1,0,0,38.83966270000000,0.00000000000000,31.67370000000000,0,Composed: Copy with GPU GDI,0.61570000000000,16.50410000000000,33.36700000000000,0.00000000000000,-9.94030000000000,9.85740000000000,17.76690000000000
ruffle.exe,12960,0x0000000000000000,Other,-1,0,0,38.86776769999999,0.00000000000000,28.10500000000000,0,Composed: Copy with GPU GDI,0.61300000000000,5.02340000000000,16.62430000000000,0.00000000000000,-11.49710000000000,11.43960000000000,23.84340000000000
ruffle.exe,12960,0x0000000000000000,Other,-1,0,0,38.90188100000000,0.00000000000000,34.11330000000000,0,Composed: Copy with GPU GDI,0.87190000000000,20.97770000000000,50.06760000000001,0.00000000000000,-11.67140000000000,11.71500000000000,25.96590000000000
ruffle.exe,12960,0x0000000000000000,Other,-1,0,0,38.93504129999999,0.00000000000000,33.16030000000000,0,Composed: Copy with GPU GDI,0.63140000000000,21.18450000000000,33.36710000000000,0.00000000000000,-14.00100000000000,10.44960000000000,27.12140000000000
ruffle.exe,12960,0x0000000000000000,Other,-1,0,0,38.97035020000000,0.00000000000000,35.30890000000000,0,Composed: Copy with GPU GDI,0.94330000000000,19.19010000000000,33.31450000000000,0.00000000000000,-10.46200000000000,10.11530000000000,24.40960000000000
ruffle.exe,12960,0x0000000000000000,Other,-1,0,0,39.01183850000000,0.00000000000000,41.48830000000000,0,Composed: Copy with GPU GDI,0.62510000000000,11.02830000000000,33.32650000000000,0.00000000000000,-12.62160000000000,10.28890000000000,25.90270000000000
ruffle.exe,12960,0x0000000000000000,Other,-1,0,0,39.05711290000000,0.00000000000000,45.27440000000000,0,Composed: Copy with GPU GDI,0.90200000000000,15.75800000000000,50.00410000000000,0.00000000000000,-12.90810000000000,12.90120000000000,29.18590000000000
ruffle.exe,12960,0x0000000000000000,Other,-1,0,0,39.08628790000000,0.00000000000000,29.17500000000000,0,Composed: Copy with GPU GDI,0.84280000000000,19.90530000000000,33.32230000000000,0.00000000000000,-11.89440000000000,11.92400000000000,20.35460000000000
ruffle.exe,12960,0x0000000000000000,Other,-1,0,0,39.11986820000000,0.00000000000000,33.58030000000000,0,Composed: Copy with GPU GDI,0.86250000000000,19.65680000000000,33.33180000000000,0.00000000000000,-10.00250000000000,10.14200000000000,21.91350000000000
ruffle.exe,12960,0x0000000000000000,Other,-1,0,0,39.16046730000000,0.00000000000000,40.59910000000000,0,Composed: Copy with GPU GDI,0.94050000000000,12.49370000000000,33.43600000000000,0.00000000000000,-14.17160000000000,10.78440000000000,24.55310000000000
ruffle.exe,12960,0x0000000000000000,Other,-1,0,0,39.19123630000000,0.00000000000000,30.76900000000000,0,Composed: Copy with GPU GDI,0.88280000000000,15.01560000000000,33.29090000000000,0.00000000000000,-10.04740000000000,10.07210000000000,23.29200000000000
ruffle.exe,12960,0x0000000000000000,Other,-1,0,0,39.22690180000000,0.00000000000000,35.66550000000000,0,Composed: Copy with GPU GDI,0.92490000000000,12.62890000000000,33.27880000000000,0.00000000000000,-12.95250000000000,10.88550000000000,24.97390000000000
ruffle.exe,12960,0x0000000000000000,Other,-1,0,0,39.26402830000000,0.00000000000000,37.12650000000000,0,Composed: Copy with GPU GDI,0.63000000000000,8.87890000000000,33.37650000000000,0.00000000000000,-10.02580000000000,9.91640000000000,22.09130000000000
ruffle.exe,12960,0x0000000000000000,Other,-1,0,0,39.29747790000000,0.00000000000000,33.44960000000000,0,Composed: Copy with GPU GDI,0.82920000000000,8.76360000000000,33.33430000000000,0.00000000000000,-11.87590000000000,11.80450000000000,23.51280000000000
ruffle.exe,12960,0x0000000000000000,Other,-1,0,0,39.32868160000000,0.00000000000000,31.20370000000000,0,Composed: Copy with GPU GDI,0.61920000000000,10.88930000000000,33.32940000000000,0.00000000000000,-11.78520000000000,11.73050000000000,30.73570000000000
ruffle.exe,12960,0x0000000000000000,Other,-1,0,0,39.35688370000000,0.00000000000000,28.20210000000000,0,Composed: Copy with GPU GDI,0.93410000000000,16.00700000000000,33.31980000000000,0.00000000000000,-10.56790000000000,10.33170000000000,0.00000000000000
ruffle.exe,12960,0x0000000000000000,Other,-1,0,0,39.39103550000000,0.00000000000000,34.15180000000000,0,Composed: Copy with GPU GDI,0.87010000000000,15.17540000000000,33.32020000000000,0.00000000000000,-13.00150000000000,10.70120000000000,23.09350000000000
ruffle.exe,12960,0x0000000000000000,Other,-1,0,0,39.41760610000000,0.00000000000000,26.57060000000000,0,Composed: Copy with GPU GDI,0.81460000000000,5.24450000000000,16.63970000000000,0.00000000000000,-10.22840000000000,10.16220000000000,17.64920000000000
ruffle.exe,12960,0x0000000000000000,Other,-1,0,0,39.44895800000000,0.00000000000000,31.35190000000000,0,Composed: Copy with GPU GDI,0.85780000000000,7.25920000000000,33.36660000000000,0.00000000000000,-12.90900000000000,10.78610000000000,27.00880000000000
ruffle.exe,12960,0x0000000000000000,Other,-1,0,0,39.48843420000001,0.00000000000000,39.47620000000000,0,Composed: Copy with GPU GDI,0.89110000000000,17.79280000000000,50.00980000000001,0.00000000000000,-11.68890000000000,11.76810000000000,26.48280000000000
ruffle.exe,12960,0x0000000000000000,Other,-1,0,0,39.86168770000000,0.00000000000000,373.25350000000003,0,Composed: Copy with GPU GDI,0.60540000000000,11.22920000000000,366.68990000000002,0.00000000000000,-153.55610000000001,45.91040000000000,31.74400000000000
ruffle.exe,12960,0x0000000000000000,Other,-1,0,0,39.88802370000000,0.00000000000000,26.33600000000000,0,Composed: Copy with GPU GDI,0.90300000000000,18.26080000000000,33.36760000000000,0.00000000000000,-12.00300000000000,10.36960000000000,20.04190000000000
ruffle.exe,12960,0x0000000000000000,Other,-1,0,0,39.91215500000000,0.00000000000000,24.13130000000000,0,Composed: Copy with GPU GDI,0.93270000000000,10.85530000000000,16.72580000000000,0.00000000000000,-9.80100000000000,9.91930000000000,4.13800000000000
ruffle.exe,12960,0x0000000000000000,Other,-1,0,0,39.94252310000000,0.00000000000000,30.36810000000000,0,Composed: Copy with GPU GDI,1.02570000000000,13.72950000000000,33.24230000000000,0.00000000000000,-11.88050000000000,10.32240000000000,20.58080000000000
ruffle.exe,12960,0x0000000000000000,Other,-1,0,0,39.97578010000000,0.00000000000000,33.25700000000001,0,Composed: Copy with GPU GDI,0.88640000000000,30.49230000000000,50.01980000000000,0.00000000000000,-9.81370000000000,9.84180000000000,21.78800000000000
ruffle.exe,12960,0x0000000000000000,Other,-1,0,0,39.99213330000000,0.00000000000000,16.35320000000000,0,Composed: Copy with GPU GDI,0.83650000000000,30.80210000000000,16.66300000000000,0.00000000000000,-15.23720000000000,6.04580000000000,0.00000000000000
ruffle.exe,12960,0x0000000000000000,Other,-1,0,0,40.01332850000001,0.00000000000000,21.19520000000000,0,Composed: Copy with GPU GDI,0.81900000000000,26.29800000000000,16.69110000000000,0.00000000000000,-12.49290000000000,11.71270000000000,5.35500000000000
ruffle.exe,12960,0x0000000000000000,Other,-1,0,0,40.04294770000000,0.00000000000000,29.61920000000000,0,Composed: Copy with GPU GDI,0.62140000000000,13.32670000000000,16.64790000000000,0.00000000000000,-11.22630000000000,11.20470000000000,0.00000000000000
ruffle.exe,12960,0x0000000000000000,Other,-1,0,0,40.07277980000000,0.00000000000000,29.83210000000000,0,Composed: Copy with GPU GDI,0.91310000000000,16.82060000000000,33.32600000000000,0.00000000000000,-11.70220000000000,10.03670000000000,0.00000000000000
ruffle.exe,12960,0x0000000000000000,Other,-1,0,0,40.08455170000001,0.00000000000000,11.77190000000000,0,Composed: Copy with GPU GDI,0.62030000000000,21.68270000000000,16.63400000000000,0.00000000000000,-6.57410000000000,6.16520000000000,24.61210000000000
ruffle.exe,12960,0x0000000000000000,Other,-1,0,0,40.10747060000000,0.00000000000000,22.91890000000000,0,Composed: Copy with GPU GDI,0.89080000000000,15.49900000000000,16.73520000000000,0.00000000000000,-9.79740000000000,9.85180000000000,13.45960000000000
ruffle.exe,12960,0x0000000000000000,Other,-1,0,0,40.11862130000000,0.00000000000000,11.15070000000000,0,Composed: Copy with GPU GDI,0.62600000000000,20.99080000000000,16.64250000000000,0.00000000000000,-8.93210000000000,6.39080000000000,0.00000000000000
ruffle.exe,12960,0x0000000000000000,Other,-1,0,0,40.14335390000000,0.00000000000000,24.73260000000000,0,Composed: Copy with GPU GDI,0.86520000000000,12.90030000000000,16.64210000000000,0.00000000000000,-9.59320000000000,9.67440000000000,9.37580000000000
ruffle.exe,12960,0x0000000000000000,Other,-1,0,0,40.15592300000000,0.00000000000000,12.56910000000000,0,Composed: Copy with GPU GDI,0.84270000000000,17.04380000000000,16.71260000000000,0.00000000000000,-10.53330000000000,6.63510000000000,0.00000000000000
ruffle.exe,12960,0x0000000000000000,Other,-1,0,0,40.18047430000000,0.00000000000000,24.55130000000000,0,Composed: Copy with GPU GDI,0.65620000000000,9.21820000000000,16.72570000000000,0.00000000000000,-9.57620000000000,9.55200000000000,8.48880000000000
ruffle.exe,12960,0x0000000000000000,Other,-1,0,0,40.19663980000000,0.00000000000000,16.16550000000000,0,Composed: Copy with GPU GDI,0.87170000000000,9.64450000000000,16.59180000000000,0.00000000000000,-10.21210000000000,6.82810000000000,16.70510000000000
ruffle.exe,12960,0x0000000000000000,Other,-1,0,0,40.23396260000000,0.00000000000000,37.32280000000000,0,Composed: Copy with GPU GDI,0.88140000000000,5.62650000000000,33.30480000000000,0.00000000000000,-11.99490000000000,11.69290000000000,21.97490000000000
ruffle.exe,12960,0x0000000000000000,Other,-1,0,0,40.26077160000000,0.00000000000000,26.80900000000000,0,Composed: Copy with GPU GDI,0.92110000000000,12.16580000000000,33.34830000000000,0.00000000000000,-11.27830000000000,11.49960000000000,24.81990000000000
ruffle.exe,12960,0x0000000000000000,Other,-1,0,0,40.28899120000000,0.00000000000000,28.21960000000000,0,Composed: Copy with GPU GDI,0.89860000000000,17.29720000000000,33.35100000000000,0.00000000000000,-11.30530000000000,11.40900000000000,22.98690000000000
ruffle.exe,12960,0x0000000000000000,Other,-1,0,0,40.31755280000000,0.00000000000000,28.56160000000000,0,Composed: Copy with GPU GDI,0.84080000000000,5.39880000000000,16.66320000000000,0.00000000000000,-9.93980000000000,10.03940000000000,19.57040000000000
ruffle.exe,12960,0x0000000000000000,Other,-1,0,0,40.34876870000000,0.00000000000000,31.21590000000000,0,Composed: Copy with GPU GDI,0.63610000000000,7.56630000000000,33.38340000000000,0.00000000000000,-14.48700000000000,10.14930000000000,34.74500000000000
ruffle.exe,12960,0x0000000000000000,Other,-1,0,0,40.36095540000000,0.00000000000000,12.18670000000000,0,Composed: Copy with GPU GDI,0.88400000000000,12.02800000000000,16.64840000000000,0.00000000000000,-7.61830000000000,6.64510000000000,0.00000000000000
ruffle.exe,12960,0x0000000000000000,Other,-1,0,0,40.39298200000000,0.00000000000000,32.02660000000000,0,Composed: Copy with GPU GDI,0.86890000000000,29.99960000000000,49.99820000000000,0.00000000000000,-9.59270000000000,9.73320000000000,19.00840000000000
ruffle.exe,12960,0x0000000000000000,Other,-1,0,0,40.41840420000000,0.00000000000000,25.42220000000000,0,Composed: Copy with GPU GDI,0.89710000000000,21.27740000000000,16.70000000000000,0.00000000000000,-10.06170000000000,10.06980000000000,20.42770000000000
ruffle.exe,12960,0x0000000000000000,Other,-1,0,0,40.44874830000000,0.00000000000000,30.34410000000000,0,Composed: Copy with GPU GDI,0.84110000000000,7.61880000000000,16.68550000000000,0.00000000000000,-12.02330000000000,11.73830000000000,0.68210000000000
ruffle.exe,12960,0x0000000000000000,Other,-1,0,0,40.46401440000000,0.00000000000000,15.26610000000000,0,Composed: Copy with GPU GDI,0.67040000000000,8.94890000000000,16.59620000000000,0.00000000000000,-9.34690000000000,6.58460000000000,0.00000000000000
ruffle.exe,12960,0x0000000000000000,Other,-1,0,0,40.49129390000000,0.00000000000000,27.27950000000000,0,Composed: Copy with GPU GDI,0.89990000000000,15.02140000000000,33.35200000000000,0.00000000000000,-11.62130000000000,11.66880000000000,21.29950000000000
ruffle.exe,12960,0x0000000000000000,Other,-1,0,0,40.71677820000000,0.00000000000000,225.48430000000002,0,Composed: Copy with GPU GDI,0.85640000000000,6.21880000000000,216.68170000000001,0.00000000000000,-12.75910000000000,11.17210000000000,18.77070000000000
ruffle.exe,12960,0x0000000000000000,Other,-1,0,0,40.75389230000000,0.00000000000000,37.11410000000000,0,Composed: Copy with GPU GDI,0.64790000000000,19.15190000000000,50.04720000000000,0.00000000000000,-9.73010000000000,9.71950000000000,17.91020000000000
ruffle.exe,12960,0x0000000000000000,Other,-1,0,0,40.78154980000000,0.00000000000000,27.65750000000000,0,Composed: Copy with GPU GDI,0.87000000000000,8.26220000000000,16.76780000000000,0.00000000000000,-11.52260000000000,11.62780000000000,5.50390000000000
ruffle.exe,12960,0x0000000000000000,Other,-1,0,0,40.79635200000000,0.00000000000000,14.80220000000000,0,Composed: Copy with GPU GDI,0.85400000000000,26.66510000000000,33.20510000000000,0.00000000000000,-10.71840000000000,6.23500000000000,0.00000000000000
ruffle.exe,12960,0x0000000000000000,Other,-1,0,0,40.82898910000000,0.00000000000000,32.63710000000000,0,Composed: Copy with GPU GDI,0.86380000000000,10.68530000000000,16.65730000000000,0.00000000000000,-11.31450000000000,11.41660000000000,23.01040000000000
ruffle.exe,12960,0x0000000000000000,Other,-1,0,0,40.85578650000000,0.00000000000000,26.79740000000000,0,Composed: Copy with GPU GDI,0.88920000000000,17.22100000000000,33.33310000000000,0.00000000000000,-13.76480000000000,10.54570000000000,25.72900000000000
ruffle.exe,12960,0x0000000000000000,Other,-1,0,0,40.88478490000000,0.00000000000000,28.99840000000000,0,Composed: Copy with GPU GDI,0.65770000000000,4.88780000000000,16.66520000000000,0.00000000000000,-9.55520000000000,9.52360000000000,0.76680000000000
ruffle.exe,12960,0x0000000000000000,Other,-1,0,0,40.89890200000000,0.00000000000000,14.11710000000000,0,Composed: Copy with GPU GDI,0.90490000000000,7.42450000000000,16.65380000000000,0.00000000000000,-9.92300000000000,6.21060000000000,0.00000000000000
ruffle.exe,12960,0x0000000000000000,Other,-1,0,0,40.92513060000000,0.00000000000000,26.22860000000000,0,Composed: Copy with GPU GDI,0.65200000000000,14.59360000000000,33.39770000000000,0.00000000000000,-9.55820000000000,9.52760000000000,17.16080000000000
ruffle.exe,12960,0x0000000000000000,Other,-1,0,0,40.95165690000000,0.00000000000000,26.52630000000000,0,Composed: Copy with GPU GDI,0.88990000000000,21.39720000000000,33.32990000000000,0.00000000000000,-12.95150000000000,10.54350000000000,19.65860000000000
ruffle.exe,12960,0x0000000000000000,Other,-1,0,0,40.98108750000000,0.00000000000000,29.43060000000000,0,Composed: Copy with GPU GDI,0.82420000000000,8.58850000000000,16.62190000000000,0.00000000000000,-9.61540000000000,9.67780000000000,3.07250000000000
ruffle.exe,12960,0x0000000000000000,Other,-1,0,0,40.99508580000000,0.00000000000000,13.99830000000000,0,Composed: Copy with GPU GDI,0.85490000000000,11.24780000000000,16.65760000000000,0.00000000000000,-10.24620000000000,6.26740000000000,0.00000000000000
ruffle.exe,12960,0x0000000000000000,Other,-1,0,0,41.02173120000000,0.00000000000000,26.64540000000000,0,Composed: Copy with GPU GDI,0.60860000000000,18.01310000000000,33.41070000000000,0.00000000000000,-11.14430000000000,11.15380000000000,3.73470000000000
ruffle.exe,12960,0x0000000000000000,Other,-1,0,0,41.03427650000000,0.00000000000000,12.54530000000000,0,Composed: Copy with GPU GDI,0.62620000000000,22.11370000000000,16.64590000000000,0.00000000000000,-11.06210000000000,6.59010000000000,0.00000000000000
ruffle.exe,12960,0x0000000000000000,Other,-1,0,0,41.06658190000000,0.00000000000000,32.30540000000000,0,Composed: Copy with GPU GDI,0.62020000000000,6.45400000000000,16.64570000000000,0.00000000000000,-11.45880000000000,11.39920000000000,34.56170000000000
ruffle.exe,12960,0x0000000000000000,Other,-1,0,0,41.09524800000000,0.00000000000000,28.66610000000000,0,Composed: Copy with GPU GDI,0.63990000000000,11.15530000000000,33.36740000000000,0.00000000000000,-13.15370000000000,11.03260000000000,0.00000000000000
ruffle.exe,12960,0x0000000000000000,Other,-1,0,0,41.12053710000000,0.00000000000000,25.28910000000000,0,Composed: Copy with GPU GDI,4.17620000000000,19.17460000000000,33.30840000000000,0.00000000000000,-10.62990000000000,14.52330000000000,18.56340000000000
ruffle.exe,12960,0x0000000000000000,Other,-1,0,0,41.12897520000000,0.00000000000000,8.43810000000000,0,Composed: Copy with GPU GDI,0.84190000000000,27.44820000000000,16.71170000000000,0.00000000000000,-4.26190000000000,1.44460000000000,0.00000000000000
ruffle.exe,12960,0x0000000000000000,Other,-1,0,0,41.15353280000000,0.00000000000000,24.55760000000000,0,Composed: Copy with GPU GDI,0.96240000000000,19.50410000000000,16.61350000000000,0.00000000000000,-10.11370000000000,10.12710000000000,11.54000000000000
ruffle.exe,12960,0x0000000000000000,Other,-1,0,0,41.16744950000000,0.00000000000000,13.91670000000000,0,Composed: Copy with GPU GDI,0.84210000000000,22.31910000000000,16.73170000000000,0.00000000000000,-12.24820000000000,6.88410000000000,0.00000000000000
ruffle.exe,12960,0x0000000000000000,Other,-1,0,0,41.19156290000000,0.00000000000000,24.11340000000000,0,Composed: Copy with GPU GDI,0.62310000000000,14.95700000000000,16.75130000000000,0.00000000000000,-9.59670000000000,9.54260000000000,17.56220000000000
ruffle.exe,12960,0x0000000000000000,Other,-1,0,0,41.21112870000000,0.00000000000000,19.56580000000000,0,Composed: Copy with GPU GDI,0.97640000000000,11.95880000000000,16.56760000000000,0.00000000000000,-11.57950000000000,11.53070000000000,21.06370000000000
ruffle.exe,12960,0x0000000000000000,Other,-1,0,0,41.22410900000000,0.00000000000000,12.98030000000000,0,Composed: Copy with GPU GDI,0.92570000000000,15.62100000000000,16.64250000000000,0.00000000000000,-10.57060000000000,6.97660000000000,0.00000000000000
ruffle.exe,12960,0x0000000000000000,Other,-1,0,0,41.25529750000000,0.00000000000000,31.18850000000000,0,Composed: Copy with GPU GDI,0.86830000000000,17.74890000000000,33.31640000000000,0.00000000000000,-11.88220000000000,11.91360000000000,0.00000000000000
ruffle.exe,12960,0x0000000000000000,Other,-1,0,0,41.28035540000000,0.00000000000000,25.05790000000000,0,Composed: Copy with GPU GDI,0.84290000000000,9.40190000000000,16.71090000000000,0.00000000000000,-9.72230000000000,9.78140000000000,20.32650000000000
ruffle.exe,12960,0x0000000000000000,Other,-1,0,0,41.29914980000000,0.00000000000000,18.79440000000000,0,Composed: Copy with GPU GDI,0.86600000000000,7.24370000000000,16.63620000000000,0.00000000000000,-11.30300000000000,6.84850000000000,23.12520000000000
ruffle.exe,12960,0x0000000000000000,Other,-1,0,0,41.32998430000000,0.00000000000000,30.83450000000000,0,Composed: Copy with GPU GDI,0.91820000000000,9.74780000000000,33.33860000000000,0.00000000000000,-9.78430000000000,9.82940000000000,21.97380000000000
ruffle.exe,12960,0x0000000000000000,Other,-1,0,0,41.35542350000000,0.00000000000000,25.43920000000000,0,Composed: Copy with GPU GDI,0.93520000000000,17.68390000000000,33.37530000000000,0.00000000000000,-9.75450000000000,9.97520000000000,23.42910000000000
ruffle.exe,12960,0x0000000000000000,Other,-1,0,0,41.38062830000000,0.00000000000000,25.20480000000000,0,Composed: Copy with GPU GDI,0.66470000000000,9.12160000000000,16.64250000000000,0.00000000000000,-12.65440000000000,9.84440000000000,34.62710000000000
ruffle.exe,12960,0x0000000000000000,Other,-1,0,0,41.39169550000000,0.00000000000000,11.06720000000000,0,Composed: Copy with GPU GDI,0.86100000000000,14.69390000000000,16.63950000000000,0.00000000000000,-6.24590000000000,6.28600000000000,9.70010000000000
ruffle.exe,12960,0x0000000000000000,Other,-1,0,0,41.41703350000000,0.00000000000000,25.33800000000000,0,Composed: Copy with GPU GDI,0.89840000000000,22.68620000000000,33.33030000000000,0.00000000000000,-9.62910000000000,9.78440000000000,4.98250000000000
ruffle.exe,12960,0x0000000000000000,Other,-1,0,0,41.42888580000000,0.00000000000000,11.85230000000000,0,Composed: Copy with GPU GDI,0.84350000000000,27.50370000000000,16.66980000000000,0.00000000000000,-9.76050000000000,6.86950000000000,0.00000000000000
ruffle.exe,12960,0x0000000000000000,Other,-1,0,0,41.45796970000000,0.00000000000000,29.08390000000000,0,Composed: Copy with GPU GDI,0.84990000000000,15.10400000000000,16.68420000000000,0.00000000000000,-11.84620000000000,11.86390000000000,21.97700000000000
ruffle.exe,12960,0x0000000000000000,Other,-1,0,0,41.48403860000000,0.00000000000000,26.06890000000000,0,Composed: Copy with GPU GDI,0.87320000000000,5.68200000000000,16.64690000000000,0.00000000000000,-11.49470000000000,11.55470000000000,24.01890000000000
ruffle.exe,12960,0x0000000000000000,Other,-1,0,0,41.69516990000000,0.00000000000000,211.13130000000001,0,Composed: Copy with GPU GDI,0.85810000000000,11.24440000000000,216.69370000000001,0.00000000000000,-10.60250000000000,7.56290000000000,57.15830000000000
ruffle.exe,12960,0x0000000000000000,Other,-1,0,0,41.73430730000000,0.00000000000000,39.13740000000000,0,Composed: Copy with GPU GDI,4.08640000000000,22.11250000000000,50.00550000000000,0.00000000000000,-10.17260000000000,13.94890000000000,4.26640000000000
ruffle.exe,12960,0x0000000000000000,Other,-1,0,0,41.74013420000000,0.00000000000000,5.82690000000000,0,Composed: Copy with GPU GDI,0.86210000000000,32.94780000000000,16.66220000000000,0.00000000000000,-1.74050000000000,1.43190000000000,0.00000000000000
ruffle.exe,12960,0x0000000000000000,Other,-1,0,0,41.77081210000000,0.00000000000000,30.67790000000000,0,Composed: Copy with GPU GDI,0.60260000000000,19.00720000000000,16.73730000000000,0.00000000000000,-9.44510000000000,9.41750000000000,0.00000000000000
ruffle.exe,12960,0x0000000000000000,Other,-1,0,0,41.79359830000000,0.00000000000000,22.78620000000000,0,Composed: Copy with GPU GDI,0.94630000000000,12.85090000000000,16.62990000000000,0.00000000000000,-11.59970000000000,11.73260000000000,0.00000000000000
ruffle.exe,12960,0x0000000000000000,Other,-1,0,0,41.80573850000000,0.00000000000000,12.14020000000000,0,Composed: Copy with GPU GDI,0.87830000000000,17.37760000000000,16.66690000000000,0.00000000000000,-11.19390000000000,6.53360000000000,0.00000000000000
ruffle.exe,12960,0x0000000000000000,Other,-1,0,0,41.83206010000001,0.00000000000000,26.32160000000000,0,Composed: Copy with GPU GDI,0.63150000000000,7.73250000000000,16.67650000000000,0.00000000000000,-11.26720000000000,11.22210000000000,0.00000000000000
ruffle.exe,12960,0x0000000000000000,Other,-1,0,0,41.85153070000000,0.00000000000000,19.47060000000000,0,Composed: Copy with GPU GDI,0.89880000000000,4.95920000000000,16.69730000000000,0.00000000000000,-9.63260000000000,9.84810000000000,5.37830000000000
ruffle.exe,12960,0x0000000000000000,Other,-1,0,0,41.86473520000001,0.00000000000000,13.20450000000000,0,Composed: Copy with GPU GDI,0.85680000000000,8.38550000000000,16.63080000000000,0.00000000000000,-9.18440000000000,6.50890000000000,0.00000000000000
ruffle.exe,12960,0x0000000000000000,Other,-1,0,0,41.89003310000000,0.00000000000000,25.29790000000000,0,Composed: Copy with GPU GDI,0.89700000000000,16.40910000000000,33.32150000000000,0.00000000000000,-9.95670000000000,9.92950000000000,3.98130000000000
ruffle.exe,12960,0x0000000000000000,Other,-1,0,0,41.90158990000000,0.00000000000000,11.55680000000000,0,Composed: Copy with GPU GDI,0.60620000000000,21.51990000000000,16.66760000000000,0.00000000000000,-10.27180000000000,6.16450000000000,0.00000000000000
ruffle.exe,12960,0x0000000000000000,Other,-1,0,0,41.92678750000000,0.00000000000000,25.19760000000000,0,Composed: Copy with GPU GDI,4.06200000000000,13.01730000000000,16.69500000000000,0.00000000000000,-9.83250000000000,13.65740000000000,10.72570000000000
ruffle.exe,12960,0x0000000000000000,Other,-1,0,0,41.93453750000000,0.00000000000000,7.75000000000000,0,Composed: Copy with GPU GDI,3.04790000000000,21.88540000000000,16.61810000000000,0.00000000000000,-3.68800000000000,5.68130000000000,0.00000000000000
ruffle.exe,12960,0x0000000000000000,Other,-1,0,0,41.94539220000000,0.00000000000000,10.85470000000000,0,Composed: Copy with GPU GDI,0.86710000000000,27.73450000000000,16.70380000000000,0.00000000000000,-7.80680000000000,1.75220000000000,0.00000000000000
ruffle.exe,12960,0x0000000000000000,Other,-1,0,0,41.96846390000000,0.00000000000000,23.07170000000000,0,Composed: Copy with GPU GDI,0.87720000000000,21.33670000000000,16.67390000000000,0.00000000000000,-9.24690000000000,9.37670000000000,20.44240000000000
ruffle.exe,12960,0x0000000000000000,Other,-1,0,0,41.99301870000000,0.00000000000000,24.55480000000000,0,Composed: Copy with GPU GDI,0.60590000000000,13.44100000000000,16.65910000000000,0.00000000000000,-9.64980000000000,9.64230000000000,21.00270000000000
ruffle.exe,12960,0x0000000000000000,Other,-1,0,0,42.00721390000000,0.00000000000000,14.19520000000000,0,Composed: Copy with GPU GDI,0.66620000000000,15.88300000000000,16.63720000000000,0.00000000000000,-9.38880000000000,6.39060000000000,19.18900000000000
ruffle.exe,12960,0x0000000000000000,Other,-1,0,0,42.03454660000001,0.00000000000000,27.33270000000000,0,Composed: Copy with GPU GDI,4.07690000000000,21.93140000000000,33.38110000000000,0.00000000000000,-11.57420000000000,15.44320000000000,24.53570000000000
ruffle.exe,12960,0x0000000000000000,Other,-1,0,0,42.04042230000000,0.00000000000000,5.87570000000000,0,Composed: Copy with GPU GDI,0.85650000000000,32.69810000000000,16.64240000000000,0.00000000000000,-1.79880000000000,1.48650000000000,0.00000000000000
ruffle.exe,12960,0x0000000000000000,Other,-1,0,0,42.07050120000000,0.00000000000000,30.07890000000000,0,Composed: Copy with GPU GDI,0.88090000000000,19.41060000000000,16.79140000000000,0.00000000000000,-18.78880000000000,12.21500000000000,34.45340000000000
ruffle.exe,12960,0x0000000000000000,Other,-1,0,0,42.09494820000000,0.00000000000000,24.44700000000000,0,Composed: Copy with GPU GDI,0.83360000000000,11.50710000000000,16.54350000000000,0.00000000000000,-9.84180000000000,9.89600000000000,6.86510000000000
ruffle.exe,12960,0x0000000000000000,Other,-1,0,0,42.10818730000000,0.00000000000000,13.23910000000000,0,Composed: Copy with GPU GDI,0.88510000000000,14.95250000000000,16.68450000000000,0.00000000000000,-11.33490000000000,6.89360000000000,0.00000000000000
ruffle.exe,12960,0x0000000000000000,Other,-1,0,0,42.13279520000000,0.00000000000000,24.60790000000000,0,Composed: Copy with GPU GDI,0.67580000000000,7.00000000000000,16.65540000000000,0.00000000000000,-9.46170000000000,9.48330000000000,20.77000000000000
ruffle.exe,12960,0x0000000000000000,Other,-1,0,0,42.16228910000000,0.00000000000000,29.49390000000000,0,Composed: Copy with GPU GDI,0.90010000000000,10.82930000000000,33.32320000000000,0.00000000000000,-14.91090000000000,10.39000000000000,26.26180000000000
ruffle.exe,12960,0x0000000000000000,Other,-1,0,0,42.18936540000000,0.00000000000000,27.07630000000000,0,Composed: Copy with GPU GDI,0.67810000000000,17.10740000000000,33.35440000000000,0.00000000000000,-9.65730000000000,9.64710000000000,37.34100000000000
ruffle.exe,12960,0x0000000000000000,Other,-1,0,0,42.20109730000000,0.00000000000000,11.73190000000000,0,Composed: Copy with GPU GDI,0.62560000000000,22.04020000000000,16.66470000000000,0.00000000000000,-11.05380000000000,6.14120000000000,0.00000000000000
ruffle.exe,12960,0x0000000000000000,Other,-1,0,0,42.23680960000000,0.00000000000000,35.71230000000000,0,Composed: Copy with GPU GDI,0.65590000000000,19.75210000000000,33.42420000000000,0.00000000000000,-11.75710000000000,11.31050000000000,24.77260000000000
ruffle.exe,12960,0x0000000000000000,Other,-1,0,0,42.26799170000000,0.00000000000000,31.18210000000000,0,Composed: Copy with GPU GDI,0.99670000000000,21.80930000000000,33.23930000000000,0.00000000000000,-17.10070000000000,12.33340000000000,23.95600000000000
ruffle.exe,12960,0x0000000000000000,Other,-1,0,0,42.30048980000000,0.00000000000000,32.49810000000000,0,Composed: Copy with GPU GDI,0.84020000000000,5.97030000000000,16.65910000000000,0.00000000000000,-9.82650000000000,9.92490000000000,18.45220000000000
ruffle.exe,12960,0x0000000000000000,Other,-1,0,0,42.32398950000000,0.00000000000000,23.49970000000000,0,Composed: Copy with GPU GDI,0.88830000000000,15.79330000000000,33.32270000000000,0.00000000000000,-12.43850000000000,10.23170000000000,33.97440000000000
ruffle.exe,12960,0x0000000000000000,Other,-1,0,0,42.34018070000000,0.00000000000000,16.19120000000000,0,Composed: Copy with GPU GDI,0.82520000000000,16.30570000000000,16.70360000000000,0.00000000000000,-9.13320000000000,6.85580000000000,0.00000000000000
ruffle.exe,12960,0x0000000000000000,Other,-1,0,0,42.37207770000001,0.00000000000000,31.89700000000000,0,Composed: Copy with GPU GDI,0.60020000000000,17.82580000000000,33.41710000000000,0.00000000000000,-9.66680000000000,9.54560000000000,20.00850000000000
ruffle.exe,12960,0x0000000000000000,Other,-1,0,0,42.41155280000000,0.00000000000000,39.47510000000000,0,Composed: Copy with GPU GDI,0.92760000000000,11.59370000000000,33.24300000000000,0.00000000000000,-15.44380000000000,10.53970000000000,29.48050000000000
ruffle.exe,12960,0x0000000000000000,Other,-1,0,0,42.44026050000000,0.00000000000000,28.70770000000000,0,Composed: Copy with GPU GDI,0.83600000000000,16.26870000000000,33.38270000000000,0.00000000000000,-9.53120000000000,9.63120000000000,42.22700000000000
ruffle.exe,12960,0x0000000000000000,Other,-1,0,0,42.46501920000000,0.00000000000000,24.75870000000000,0,Composed: Copy with GPU GDI,0.88350000000000,8.14030000000000,16.63030000000000,0.00000000000000,-13.68160000000000,11.85080000000000,0.00000000000000
ruffle.exe,12960,0x0000000000000000,Other,-1,0,0,42.71326090000000,0.00000000000000,248.24170000000001,0,Composed: Copy with GPU GDI,0.62080000000000,9.91980000000000,250.02120000000002,0.00000000000000,-12.13240000000000,12.11550000000000,97.18930000000000
ruffle.exe,12960,0x0000000000000000,Other,-1,0,0,42.75597300000000,0.00000000000000,42.71210000000000,0,Composed: Copy with GPU GDI,0.64930000000000,17.20190000000000,49.99420000000000,0.00000000000000,-12.45940000000000,10.16810000000000,23.92830000000000
ruffle.exe,12960,0x0000000000000000,Other,-1,0,0,42.78308710000000,0.00000000000000,27.11410000000000,0,Composed: Copy with GPU GDI,0.84180000000000,6.76720000000000,16.67940000000000,0.00000000000000,-9.64610000000000,9.70020000000000,19.05480000000000
ruffle.exe,12960,0x0000000000000000,Other,-1,0,0,42.81382210000000,0.00000000000000,30.73500000000000,0,Composed: Copy with GPU GDI,0.60330000000000,9.35330000000000,33.32110000000000,0.00000000000000,-11.26010000000000,11.21870000000000,19.75980000000000
ruffle.exe,12960,0x0000000000000000,Other,-1,0,0,42.84052420000000,0.00000000000000,26.70210000000000,0,Composed: Copy with GPU GDI,0.60760000000000,15.95740000000000,33.30620000000000,0.00000000000000,-11.45740000000000,11.48860000000000,6.45370000000000
ruffle.exe,12960,0x0000000000000000,Other,-1,0,0,42.85536880000000,0.00000000000000,14.84460000000000,0,Composed: Copy with GPU GDI,0.61940000000000,17.83010000000000,16.71730000000000,0.00000000000000,-10.95750000000000,6.25000000000000,0.00000000000000
ruffle.exe,12960,0x0000000000000000,Other,-1,0,0,42.88207610000000,0.00000000000000,26.70730000000000,0,Composed: Copy with GPU GDI,0.65480000000000,7.78310000000000,16.66030000000000,0.00000000000000,-9.68720000000000,9.60300000000000,31.98460000000000
ruffle.exe,12960,0x0000000000000000,Other,-1,0,0,42.91008620000000,0.00000000000000,28.01010000000000,0,Composed: Copy with GPU GDI,0.84780000000000,13.09510000000000,33.32210000000000,0.00000000000000,-13.94950000000000,10.41410000000000,0.00000000000000
ruffle.exe,12960,0x0000000000000000,Other,-1,0,0,42.93835970000000,0.00000000000000,28.27350000000000,0,Composed: Copy with GPU GDI,0.61950000000000,18.18560000000000,33.36400000000000,0.00000000000000,-9.67570000000000,9.64880000000000,0.00000000000000
ruffle.exe,12960,0x0000000000000000,Other,-1,0,0,42.96685490000000,0.00000000000000,28.49520000000000,0,Composed: Copy with GPU GDI,0.64100000000000,6.34620000000000,16.65580000000000,0.00000000000000,-12.96240000000000,10.15780000000000,0.00000000000000
ruffle.exe,12960,0x0000000000000000,Other,-1,0,0,43.00826440000000,0.00000000000000,41.40950000000000,0,Composed: Copy with GPU GDI,0.91400000000000,14.95740000000000,50.02070000000001,0.00000000000000,-13.17620000000000,10.28280000000000,0.00000000000000
ruffle.exe,12960,0x0000000000000000,Other,-1,0,0,43.04121320000000,0.00000000000000,32.94880000000000,0,Composed: Copy with GPU GDI,0.83430000000000,15.31890000000000,33.31030000000001,0.00000000000000,-11.97350000000000,11.61780000000000,1.03790000000000
ruffle.exe,12960,0x0000000000000000,Other,-1,0,0,43.05879710000001,0.00000000000000,17.58390000000000,0,Composed: Copy with GPU GDI,0.64940000000000,14.41830000000000,16.68330000000000,0.00000000000000,-12.41480000000000,6.36060000000000,0.00000000000000
ruffle.exe,12960,0x0000000000000000,Other,-1,0,0,43.09004590000000,0.00000000000000,31.24880000000000,0,Composed: Copy with GPU GDI,0.90090000000000,16.55090000000000,33.38140000000000,0.00000000000000,-12.46510000000000,12.38750000000000,26.00270000000000
ruffle.exe,12960,0x0000000000000000,Other,-1,0,0,43.11240350000000,0.00000000000000,22.35760000000000,0,Composed: Copy with GPU GDI,0.83270000000000,10.80870000000000,16.61540000000000,0.00000000000000,-13.24900000000000,10.28810000000000,26.29290000000000
ruffle.exe,12960,0x0000000000000000,Other,-1,0,0,43.13858830000000,0.00000000000000,26.18480000000000,0,Composed: Copy with GPU GDI,0.63620000000000,17.95680000000000,33.33290000000000,0.00000000000000,-9.71670000000000,9.69070000000000,4.49590000000000
ruffle.exe,12960,0x0000000000000000,Other,-1,0,0,43.29673060000000,0.00000000000000,158.14230000000001,0,Composed: Copy with GPU GDI,0.96240000000000,9.83490000000000,150.02040000000000,0.00000000000000,-13.31480000000000,11.08320000000000,154.66630000000001
ruffle.exe,12960,0x0000000000000000,Other,-1,0,0,43.41288190000000,0.00000000000000,116.15130000000001,0,Composed: Copy with GPU GDI,0.89840000000000,10.47820000000000,116.79460000000000,0.00000000000000,-12.46490000000000,12.46060000000000,0.00000000000000
ruffle.exe,12960,0x0000000000000000,Other,-1,0,0,43.43271960000000,0.00000000000000,19.83770000000000,0,Composed: Copy with GPU GDI,0.92530000000000,7.18250000000000,16.54200000000000,0.00000000000000,-11.99290000000000,10.57650000000000,0.00000000000000
ruffle.exe,12960,0x0000000000000000,Other,-1,0,0,43.46156300000001,0.00000000000000,28.84340000000000,0,Composed: Copy with GPU GDI,0.62660000000000,11.69040000000000,33.35130000000000,0.00000000000000,-9.73270000000000,9.71090000000000,0.00000000000000
ruffle.exe,12960,0x0000000000000000,Other,-1,0,0,43.69331160000000,0.00000000000000,231.74860000000001,0,Composed: Copy with GPU GDI,0.60740000000000,13.29480000000000,233.35300000000001,0.00000000000000,-9.55060000000000,7.02080000000000,17.22950000000000
ruffle.exe,12960,0x0000000000000000,Other,-1,0,0,43.73305720000000,0.00000000000000,39.74560000000000,0,Composed: Copy with GPU GDI,0.87210000000000,6.88450000000000,33.33530000000000,0.00000000000000,-10.71450000000000,10.77470000000000,18.95960000000000
ruffle.exe,12960,0x0000000000000000,Other,-1,0,0,43.77063990000001,0.00000000000000,37.58270000000000,0,Composed: Copy with GPU GDI,0.87270000000000,19.33530000000000,50.03350000000000,0.00000000000000,-14.49500000000000,10.49360000000000,24.56100000000000
ruffle.exe,12960,0x0000000000000000,Other,-1,0,0,43.79781050000000,0.00000000000000,27.17060000000000,0,Composed: Copy with GPU GDI,0.89750000000000,8.80670000000000,16.64200000000000,0.00000000000000,-9.78150000000000,9.95040000000000,19.71920000000000
ruffle.exe,12960,0x0000000000000000,Other,-1,0,0,43.83319440000000,0.00000000000000,35.38390000000000,0,Composed: Copy with GPU GDI,0.84410000000000,6.86920000000000,33.44640000000000,0.00000000000000,-11.66520000000000,11.65000000000000,25.11880000000000
ruffle.exe,12960,0x0000000000000000,Other,-1,0,0,43.86030060000000,0.00000000000000,27.10620000000000,0,Composed: Copy with GPU GDI,0.86760000000000,12.97350000000000,33.21050000000000,0.00000000000000,-11.79320000000000,11.50600000000000,4.22570000000000
ruffle.exe,12960,0x0000000000000000,Other,-1,0,0,43.87521750000000,0.00000000000000,14.91690000000000,0,Composed: Copy with GPU GDI,0.60460000000000,14.71640000000000,16.65980000000000,0.00000000000000,-10.78580000000000,5.91430000000000,0.00000000000000
ruffle.exe,12960,0x0000000000000000,Other,-1,0,0,43.89981170000000,0.00000000000000,24.59420000000000,0,Composed: Copy with GPU GDI,0.86110000000000,23.56030000000000,33.43810000000000,0.00000000000000,-9.84660000000000,9.85550000000000,0.00000000000000
ruffle.exe,12960,0x0000000000000000,Other,-1,0,0,43.92962060000000,0.00000000000000,29.80890000000000,0,Composed: Copy with GPU GDI,0.88890000000000,10.32360000000000,16.57220000000000,0.00000000000000,-13.94010000000000,10.36800000000000,0.00000000000000
ruffle.exe,12960,0x0000000000000000,Other,-1,0,0,43.95910780000000,0.00000000000000,29.48720000000000,0,Composed: Copy with GPU GDI,0.89750000000000,14.18440000000000,33.34800000000000,0.00000000000000,-9.54060000000000,9.73780000000000,0.00000000000000
ruffle.exe,12960,0x0000000000000000,Other,-1,0,0,43.98551790000000,0.00000000000000,26.41010000000000,0,Composed: Copy with GPU GDI,0.63180000000000,4.38010000000000,16.60580000000000,0.00000000000000,-12.15630000000000,10.29510000000000,0.00000000000000
ruffle.exe,12960,0x0000000000000000,Other,-1,0,0,44.01923620000000,0.00000000000000,33.71830000000000,0,Composed: Copy with GPU GDI,0.59410000000000,3.99880000000000,33.33700000000000,0.00000000000000,-11.20330000000000,11.17630000000000,0.00000000000000
ruffle.exe,12960,0x0000000000000000,Other,-1,0,0,44.05370050000000,0.00000000000000,34.46430000000000,0,Composed: Copy with GPU GDI,0.61040000000000,19.61370000000000,50.07920000000000,0.00000000000000,-11.13650000000000,11.20320000000000,0.00000000000000
ruffle.exe,12960,0x0000000000000000,Other,-1,0,0,44.08600200000000,0.00000000000000,32.30150000000000,0,Composed: Copy with GPU GDI,0.62160000000000,3.94750000000000,16.63530000000000,0.00000000000000,-12.59970000000000,10.04640000000000,0.00000000000000
ruffle.exe,12960,0x0000000000000000,Other,-1,0,0,44.12160960000001,0.00000000000000,35.60760000000001,0,Composed: Copy with GPU GDI,0.65500000000000,18.34460000000000,50.00470000000000,0.00000000000000,-9.38860000000000,9.45230000000000,0.00000000000000
ruffle.exe,12960,0x0000000000000000,Other,-1,0,0,44.15205890000001,0.00000000000000,30.44930000000000,0,Composed: Copy with GPU GDI,0.64130000000000,4.57450000000000,16.67920000000000,0.00000000000000,-11.64930000000000,10.04360000000000,0.00000000000000
ruffle.exe,12960,0x0000000000000000,Other,-1,0,0,44.18060810000000,0.00000000000000,28.54920000000000,0,Composed: Copy with GPU GDI,0.58560000000000,9.38100000000000,33.35570000000000,0.00000000000000,-9.60240000000000,9.54510000000000,0.00000000000000
ruffle.exe,12960,0x0000000000000000,Other,-1,0,0,44.25307750000000,0.00000000000000,72.46940000000001,0,Composed: Copy with GPU GDI,0.83140000000000,20.25400000000000,83.34240000000000,0.00000000000000,-13.09330000000000,10.48240000000000,20.98240000000000
ruffle.exe,12960,0x0000000000000000,Other,-1,0,0,44.28086000000000,0.00000000000000,27.78250000000000,0,Composed: Copy with GPU GDI,0.86020000000000,9.13780000000000,16.66630000000000,0.00000000000000,-11.28880000000000,11.47170000000000,24.76540000000000
ruffle.exe,12960,0x0000000000000000,Other,-1,0,0,44.31237070000000,0.00000000000000,31.51070000000000,0,Composed: Copy with GPU GDI,0.88420000000000,10.93190000000000,33.30480000000000,0.00000000000000,-11.53670000000000,11.72820000000000,24.24370000000000
ruffle.exe,12960,0x0000000000000000,Other,-1,0,0,44.33727660000000,0.00000000000000,24.90590000000000,0,Composed: Copy with GPU GDI,0.64470000000000,19.43660000000000,33.41060000000000,0.00000000000000,-12.95800000000000,10.17940000000000,27.17490000000000
ruffle.exe,12960,0x0000000000000000,Other,-1,0,0,44.36524319999999,0.00000000000000,27.96660000000000,0,Composed: Copy with GPU GDI,0.63330000000000,8.07660000000000,16.60660000000000,0.00000000000000,-9.49480000000000,9.47940000000000,31.00110000000000
ruffle.exe,12960,0x0000000000000000,Other,-1,0,0,44.39516320000001,0.00000000000000,29.92000000000000,0,Composed: Copy with GPU GDI,0.63780000000000,11.48750000000000,33.33090000000000,0.00000000000000,-13.26600000000000,10.34740000000000,21.06220000000000
ruffle.exe,12960,0x0000000000000000,Other,-1,0,0,44.42423170000000,0.00000000000000,29.06850000000000,0,Composed: Copy with GPU GDI,0.86520000000000,15.76550000000000,33.34650000000000,0.00000000000000,-10.51200000000000,9.79470000000000,20.10400000000000
ruffle.exe,12960,0x0000000000000000,Other,-1,0,0,44.43572760000000,0.00000000000000,11.49590000000000,0,Composed: Copy with GPU GDI,0.62160000000000,20.94490000000000,16.67530000000000,0.00000000000000,-10.17210000000000,6.23700000000000,0.00000000000000
ruffle.exe,12960,0x0000000000000000,Other,-1,0,0,44.46225410000000,0.00000000000000,26.52650000000000,0,Composed: Copy with GPU GDI,0.63490000000000,11.06220000000000,16.64380000000000,0.00000000000000,-11.24860000000000,11.23480000000000,0.00000000000000
ruffle.exe,12960,0x0000000000000000,Other,-1,0,0,44.49030190000000,0.00000000000000,28.04780000000000,0,Composed: Copy with GPU GDI,0.82430000000000,16.37380000000000,33.35940000000000,0.00000000000000,-11.52390000000000,11.64630000000000,0.00000000000000
ruffle.exe,12960,0x0000000000000000,Other,-1,0,0,44.73631830000000,0.00000000000000,246.01640000000000,0,Composed: Copy with GPU GDI,0.87180000000000,20.37980000000000,250.02240000000000,0.00000000000000,-14.34130000000000,7.71960000000000,22.16860000000000
ruffle.exe,12960,0x0000000000000000,Other,-1,0,0,44.77939690000000,0.00000000000000,43.07860000000000,0,Composed: Copy with GPU GDI,0.58980000000000,10.61130000000000,33.31010000000000,0.00000000000000,-9.48990000000000,9.41740000000000,17.30160000000000
ruffle.exe,12960,0x0000000000000000,Other,-1,0,0,44.81445370000000,0.00000000000000,35.05680000000000,0,Composed: Copy with GPU GDI,0.84470000000000,8.92100000000000,33.36650000000000,0.00000000000000,-14.52700000000000,10.78030000000000,22.35610000000000
ruffle.exe,12960,0x0000000000000000,Other,-1,0,0,44.84834000000000,0.00000000000000,33.88630000000000,0,Composed: Copy with GPU GDI,0.82640000000000,8.34080000000000,33.30610000000000,0.00000000000000,-9.68700000000000,9.70760000000000,16.23040000000000
ruffle.exe,12960,0x0000000000000000,Other,-1,0,0,44.87904600000000,0.00000000000000,30.70600000000000,0,Composed: Copy with GPU GDI,0.90460000000000,10.98400000000000,33.34920000000000,0.00000000000000,-14.87250000000000,11.47800000000000,24.93210000000000
ruffle.exe,12960,0x0000000000000000,Other,-1,0,0,44.92059420000000,0.00000000000000,41.54820000000000,0,Composed: Copy with GPU GDI,0.62060000000000,19.47600000000000,50.04020000000001,0.00000000000000,-14.75160000000000,14.81500000000000,26.48720000000000
ruffle.exe,12960,0x0000000000000000,Other,-1,0,0,44.95719210000000,0.00000000000000,36.59790000000000,0,Composed: Copy with GPU GDI,0.82550000000000,16.27450000000000,33.39640000000000,0.00000000000000,-12.95790000000000,12.89930000000000,23.06720000000000
ruffle.exe,12960,0x0000000000000000,Other,-1,0,0,44.99049110000000,0.00000000000000,33.29900000000000,0,Composed: Copy with GPU GDI,0.92040000000000,16.20840000000000,33.23290000000000,0.00000000000000,-12.18750000000000,12.14640000000000,26.36570000000000
ruffle.exe,12960,0x0000000000000000,Other,-1,0,0,45.02312890000000,0.00000000000000,32.63780000000000,0,Composed: Copy with GPU GDI,0.86110000000000,16.90950000000000,33.33890000000000,0.00000000000000,-10.15850000000000,10.16540000000000,19.00780000000000
ruffle.exe,12960,0x0000000000000000,Other,-1,0,0,45.05898670000001,0.00000000000000,35.85780000000000,0,Composed: Copy with GPU GDI,0.64830000000000,14.38990000000000,33.33820000000000,0.00000000000000,-11.42590000000000,11.42140000000000,24.85560000000000
ruffle.exe,12960,0x0000000000000000,Other,-1,0,0,45.09810120000000,0.00000000000000,39.11450000000000,0,Composed: Copy with GPU GDI,0.88820000000000,8.60920000000000,33.33380000000000,0.00000000000000,-11.76040000000000,11.82970000000000,23.97030000000000
ruffle.exe,12960,0x0000000000000000,Other,-1,0,0,45.13386220000000,0.00000000000000,35.76100000000000,0,Composed: Copy with GPU GDI,0.84080000000000,6.20420000000000,33.35600000000000,0.00000000000000,-12.45860000000000,12.52800000000000,21.73570000000000
ruffle.exe,12960,0x0000000000000000,Other,-1,0,0,45.16762070000000,0.00000000000000,33.75850000000001,0,Composed: Copy with GPU GDI,0.87860000000000,5.76040000000000,33.31470000000000,0.00000000000000,-13.21600000000000,13.16400000000000,23.48020000000000
ruffle.exe,12960,0x0000000000000000,Other,-1,0,0,45.19498960000000,0.00000000000000,27.36890000000000,0,Composed: Copy with GPU GDI,1.14200000000000,11.74560000000000,33.35410000000000,0.00000000000000,-11.84550000000000,11.77650000000000,18.85150000000000
ruffle.exe,12960,0x0000000000000000,Other,-1,0,0,45.21954180000000,0.00000000000000,24.55220000000000,0,Composed: Copy with GPU GDI,0.86410000000000,20.54520000000000,33.35180000000000,0.00000000000000,-13.03550000000000,10.37700000000000,21.41510000000000
ruffle.exe,12960,0x0000000000000000,Other,-1,0,0,45.27046870000000,0.00000000000000,50.92690000000000,0,Composed: Copy with GPU GDI,0.63930000000000,19.59880000000000,49.98050000000000,0.00000000000000,-12.12270000000000,12.08890000000000,24.34600000000000
ruffle.exe,12960,0x0000000000000000,Other,-1,0,0,45.28982850000001,0.00000000000000,19.35980000000000,0,Composed: Copy with GPU GDI,0.66640000000000,16.90170000000000,16.66270000000000,0.00000000000000,-10.80520000000000,10.78740000000000,21.71440000000000
ruffle.exe,12960,0x0000000000000000,Other,-1,0,0,45.31830250000000,0.00000000000000,28.47400000000000,0,Composed: Copy with GPU GDI,0.87310000000000,21.78480000000000,33.35710000000000,0.00000000000000,-11.19140000000000,11.31550000000000,26.09090000000000
ruffle.exe,12960,0x0000000000000000,Other,-1,0,0,45.34909560000000,0.00000000000000,30.79310000000000,0,Composed: Copy with GPU GDI,0.60220000000000,7.68810000000000,16.69640000000000,0.00000000000000,-13.34270000000000,13.22890000000000,0.00000000000000
ruffle.exe,12960,0x0000000000000000,Other,-1,0,0,45.37754400000000,0.00000000000000,28.44840000000000,0,Composed: Copy with GPU GDI,0.86250000000000,12.58080000000000,33.34110000000000,0.00000000000000,-13.41290000000000,13.46100000000000,0.00000000000000
ruffle.exe,12960,0x0000000000000000,Other,-1,0,0,45.40575000000000,0.00000000000000,28.20600000000000,0,Composed: Copy with GPU GDI,0.63260000000000,17.66020000000000,33.28540000000000,0.00000000000000,-14.17800000000000,10.36320000000000,23.61200000000000
ruffle.exe,12960,0x0000000000000000,Other,-1,0,0,45.44141430000000,0.00000000000000,35.66430000000000,0,Composed: Copy with GPU GDI,0.62980000000000,15.32000000000000,33.32410000000000,0.00000000000000,-12.09200000000000,11.92060000000000,5.27230000000000
ruffle.exe,12960,0x0000000000000000,Other,-1,0,0,45.45488110000000,0.00000000000000,13.46680000000000,0,Composed: Copy with GPU GDI,0.64570000000000,18.55670000000000,16.70350000000000,0.00000000000000,-11.57510000000000,6.90030000000000,0.00000000000000
ruffle.exe,12960,0x0000000000000000,Other,-1,0,0,45.48256820000000,0.00000000000000,27.68710000000000,0,Composed: Copy with GPU GDI,0.66550000000000,7.52760000000000,16.65800000000000,0.00000000000000,-10.66680000000000,10.66300000000000,22.43940000000000
ruffle.exe,12960,0x0000000000000000,Other,-1,0,0,45.67806940000000,0.00000000000000,195.50120000000001,0,Composed: Copy with GPU GDI,0.64480000000000,12.03090000000000,200.00450000000001,0.00000000000000,-13.23530000000000,11.20570000000000,23.94050000000000
ruffle.exe,12960,0x0000000000000000,Other,-1,0,0,45.72444640000001,0.00000000000000,46.37700000000000,0,Composed: Copy with GPU GDI,0.89400000000000,15.72610000000000,50.07220000000000,0.00000000000000,-15.17420000000000,15.18770000000000,30.31710000000000
ruffle.exe,12960,0x0000000000000000,Other,-1,0,0,45.75372600000000,0.00000000000000,29.27960000000000,0,Composed: Copy with GPU GDI,0.82380000000000,19.71240000000000,33.26590000000000,0.00000000000000,-12.29980000000000,10.60640000000000,21.54880000000000
ruffle.exe,12960,0x0000000000000000,Other,-1,0,0,45.80011180000000,0.00000000000000,46.38580000000000,0,Composed: Copy with GPU GDI,0.61870000000000,6.65220000000000,33.32560000000000,0.00000000000000,-11.80710000000000,11.82110000000000,19.99260000000000
ruffle.exe,12960,0x0000000000000000,Other,-1,0,0,45.82480080000000,0.00000000000000,24.68900000000000,0,Composed: Copy with GPU GDI,0.60230000000000,15.33590000000000,33.37270000000000,0.00000000000000,-10.69140000000000,10.69780000000000,0.00000000000000
ruffle.exe,12960,0x0000000000000000,Other,-1,0,0,45.85122420000000,0.00000000000000,26.42340000000000,0,Composed: Copy with GPU GDI,0.87960000000000,5.56690000000000,16.65440000000000,0.00000000000000,-12.92750000000000,11.07420000000000,0.00000000000000
ruffle.exe,12960,0x0000000000000000,Other,-1,0,0,45.88020230000000,0.00000000000000,28.97810000000000,0,Composed: Copy with GPU GDI,4.33590000000000,9.93720000000000,33.34840000000001,0.00000000000000,-11.62220000000000,15.69360000000000,6.06330000000000
ruffle.exe,12960,0x0000000000000000,Other,-1,0,0,45.88667070000000,0.00000000000000,6.46840000000000,0,Composed: Copy with GPU GDI,0.89240000000000,20.14980000000000,16.68100000000000,0.00000000000000,-2.13250000000000,1.10600000000000,0.00000000000000
ruffle.exe,12960,0x0000000000000000,Other,-1,0,0,45.91587770000000,0.00000000000000,29.20700000000000,0,Composed: Copy with GPU GDI,0.85940000000000,7.57160000000000,16.62880000000000,0.00000000000000,-13.20830000000000,13.29970000000000,25.62140000000000
ruffle.exe,12960,0x0000000000000000,Other,-1,0,0,45.95441530000000,0.00000000000000,38.53760000000000,0,Composed: Copy with GPU GDI,0.62800000000000,19.11980000000000,50.08580000000000,0.00000000000000,-14.21950000000000,11.76120000000000,26.26610000000000
ruffle.exe,12960,0x0000000000000000,Other,-1,0,0,45.99465640000000,0.00000000000000,40.24110000000000,0,Composed: Copy with GPU GDI,0.64140000000000,12.12720000000000,33.24850000000000,0.00000000000000,-11.95340000000000,11.90110000000000,18.53490000000000
ruffle.exe,12960,0x0000000000000000,Other,-1,0,0,46.02392070000001,0.00000000000000,29.26430000000000,0,Composed: Copy with GPU GDI,0.87160000000000,16.20180000000000,33.33890000000000,0.00000000000000,-11.06420000000000,11.09070000000000,23.74050000000000
ruffle.exe,12960,0x0000000000000000,Other,-1,0,0,46.08791970000000,0.00000000000000,63.99900000000000,0,Composed: Copy with GPU GDI,0.61580000000000,18.92920000000000,66.72640000000000,0.00000000000000,-14.29600000000000,14.14490000000000,25.71410000000000
ruffle.exe,12960,0x0000000000000000,Other,-1,0,0,46.15225390000001,0.00000000000000,64.33420000000001,0,Composed: Copy with GPU GDI,0.65310000000000,4.63040000000000,50.03540000000000,0.00000000000000,-17.44680000000000,17.43250000000000,36.07770000000000
ruffle.exe,12960,0x0000000000000000,Other,-1,0,0,46.21836100000000,0.00000000000000,66.10710000000000,0,Composed: Copy with GPU GDI,0.92840000000000,21.84880000000000,83.32550000000001,0.00000000000000,-13.99760000000000,13.82510000000000,24.22610000000000
ruffle.exe,12960,0x0000000000000000,Other,-1,0,0,46.26105580000000,0.00000000000000,42.69480000000000,0,Composed: Copy with GPU GDI,0.85370000000000,12.42330000000000,33.26930000000000,0.00000000000000,-16.06250000000000,11.09260000000000,26.88410000000000
ruffle.exe,12960,0x0000000000000000,Other,-1,0,0,46.29109380000001,0.00000000000000,30.03800000000000,0,Composed: Copy with GPU GDI,0.86560000000000,15.73450000000000,33.34920000000000,0.00000000000000,-11.73270000000000,11.82760000000000,18.92700000000000
ruffle.exe,12960,0x0000000000000000,Other,-1,0,0,46.31924630000000,0.00000000000000,28.15250000000000,0,Composed: Copy with GPU GDI,0.87900000000000,20.93920000000000,33.35720000000000,0.00000000000000,-10.83670000000000,10.82600000000000,23.09580000000000
ruffle.exe,12960,0x0000000000000000,Other,-1,0,0,46.34988200000000,0.00000000000000,30.63570000000000,0,Composed: Copy with GPU GDI,0.83190000000000,6.99680000000000,16.69330000000000,0.00000000000000,-11.05280000000000,10.93990000000000,0.00000000000000
ruffle.exe,12960,0x0000000000000000,Other,-1,0,0,46.36211260000000,0.00000000000000,12.23060000000000,0,Composed: Copy with GPU GDI,0.61030000000000,11.37000000000000,16.60380000000000,0.00000000000000,-8.34340000000000,6.15000000000000,0.00000000000000
ruffle.exe,12960,0x0000000000000000,Other,-1,0,0,46.39103500000000,0.00000000000000,28.92240000000000,0,Composed: Copy with GPU GDI,0.83550000000000,15.83490000000000,33.38730000000000,0.00000000000000,-13.32170000000000,13.26830000000000,0.00000000000000
ruffle.exe,12960,0x0000000000000000,Other,-1,0,0,46.41945850000000,0.00000000000000,28.42350000000000,0,Composed: Copy with GPU GDI,0.89370000000000,20.70540000000000,33.29400000000000,0.00000000000000,-13.39920000000000,13.23430000000000,3.27810000000000
ruffle.exe,12960,0x0000000000000000,Other,-1,0,0,46.44292760000000,0.00000000000000,23.46910000000000,0,Composed: Copy with GPU GDI,0.59960000000000,13.92460000000000,16.68830000000000,0.00000000000000,-13.64060000000000,6.78730000000000,0.00000000000000
ruffle.exe,12960,0x0000000000000000,Other,-1,0,0,46.48900990000000,0.00000000000000,46.08230000000000,0,Composed: Copy with GPU GDI,0.61050000000000,18.31790000000000,50.47560000000000,0.00000000000000,-10.17810000000000,10.16830000000000,18.87670000000000
ruffle.exe,12960,0x0000000000000000,Other,-1,0,0,46.72782970000000,0.00000000000000,238.81980000000001,0,Composed: Copy with GPU GDI,0.84490000000000,12.38010000000000,232.88200000000001,0.00000000000000,-14.95030000000000,15.01270000000000,29.67980000000000
ruffle.exe,12960,0x0000000000000000,Other,-1,0,0,46.87875700000000,0.00000000000000,150.92730000000000,0,Composed: Copy with GPU GDI,0.88090000000000,11.47320000000000,150.02040000000000,0.00000000000000,-125.90680000000000,35.95720000000000,32.57570000000000
ruffle.exe,12960,0x0000000000000000,Other,-1,0,0,46.94132620000001,0.00000000000000,62.56920000000000,0,Composed: Copy with GPU GDI,0.90700000000000,15.58620000000000,66.68220000000001,0.00000000000000,-37.35390000000000,14.92660000000000,71.14290000000000
ruffle.exe,12960,0x0000000000000000,Other,-1,0,0,47.00019500000000,0.00000000000000,58.86880000000000,0,Composed: Copy with GPU GDI,0.63870000000000,6.67350000000000,49.95610000000000,0.00000000000000,-12.20280000000000,12.26130000000000,0.00000000000000
ruffle.exe,12960,0x0000000000000000,Other,-1,0,0,47.02630260000000,0.00000000000000,26.10760000000000,0,Composed: Copy with GPU GDI,0.88340000000000,13.94090000000000,33.37500000000000,0.00000000000000,-15.45280000000000,11.30490000000000,0.00000000000000
ruffle.exe,12960,0x0000000000000000,Other,-1,0,0,47.05485669999999,0.00000000000000,28.55410000000000,0,Composed: Copy with GPU GDI,0.64290000000000,18.69930000000000,33.31250000000000,0.00000000000000,-10.21910000000000,10.34610000000000,0.00000000000000
ruffle.exe,12960,0x0000000000000000,Other,-1,0,0,47.08974690000000,0.00000000000000,34.89020000000000,0,Composed: Copy with GPU GDI,0.88630000000000,17.13720000000000,33.32810000000000,0.00000000000000,-12.06950000000000,12.02540000000000,0.00000000000000
ruffle.exe,12960,0x0000000000000000,Other,-1,0,0,47.12717200000000,0.00000000000000,37.42510000000000,0,Composed: Copy with GPU GDI,0.84130000000000,13.11500000000000,33.40290000000000,0.00000000000000,-13.14350000000000,13.21760000000000,0.00000000000000
ruffle.exe,12960,0x0000000000000000,Other,-1,0,0,47.16246870000000,0.00000000000000,35.29670000000000,0,Composed: Copy with GPU GDI,0.60620000000000,11.11850000000000,33.30020000000000,0.00000000000000,-11.76200000000000,11.69910000000000,22.20440000000000
ruffle.exe,12960,0x0000000000000000,Other,-1,0,0,47.19584220000000,0.00000000000000,33.37350000000000,0,Composed: Copy with GPU GDI,0.83620000000000,11.06680000000000,33.32180000000000,0.00000000000000,-28.60100000000000,9.24620000000000,39.59660000000000
ruffle.exe,12960,0x0000000000000000,Other,-1,0,0,47.22938610000001,0.00000000000000,33.54390000000000,0,Composed: Copy with GPU GDI,0.94520000000000,10.85520000000000,33.33230000000000,0.00000000000000,-12.74320000000000,12.60470000000000,0.00000000000000
ruffle.exe,12960,0x0000000000000000,Other,-1,0,0,47.26422200000000,0.00000000000000,34.83590000000000,0,Composed: Copy with GPU GDI,0.87320000000000,9.36180000000000,33.34250000000000,0.00000000000000,-15.62970000000000,11.35320000000000,0.00000000000000
ruffle.exe,12960,0x0000000000000000,Other,-1,0,0,47.30532170000000,0.00000000000000,41.09970000000000,0,Composed: Copy with GPU GDI,0.90430000000000,18.34040000000000,50.07830000000001,0.00000000000000,-12.95130000000000,12.83190000000000,0.00000000000000
ruffle.exe,12960,0x0000000000000000,Other,-1,0,0,47.34321520000000,0.00000000000000,37.89350000000000,0,Composed: Copy with GPU GDI,0.89570000000000,13.72580000000000,33.27890000000000,0.00000000000000,-14.02460000000000,13.10600000000000,0.00000000000000
ruffle.exe,12960,0x0000000000000000,Other,-1,0,0,47.38091370000000,0.00000000000000,37.69850000000000,0,Composed: Copy with GPU GDI,0.89550000000000,9.34310000000000,33.31580000000000,0.00000000000000,-17.55370000000000,12.62090000000000,0.00000000000000
ruffle.exe,12960,0x0000000000000000,Other,-1,0,0,47.42226000000000,0.00000000000000,41.34630000000000,0,Composed: Copy with GPU GDI,0.90030000000000,18.07950000000000,50.08270000000000,0.00000000000000,-12.61420000000000,12.43230000000000,0.00000000000000
ruffle.exe,12960,0x0000000000000000,Other,-1,0,0,47.46809420000000,0.00000000000000,45.83420000000000,0,Composed: Copy with GPU GDI,0.96410000000000,5.49570000000000,33.25040000000000,0.00000000000000,-17.04960000000000,11.43790000000000,0.00000000000000
ruffle.exe,12960,0x0000000000000000,Other,-1,0,0,47.77023390000000,0.00000000000000,302.13970000000000,0,Composed: Copy with GPU GDI,0.84630000000000,20.09170000000000,316.73570000000001,0.00000000000000,-14.69390000000000,14.19110000000000,0.00000000000000
ruffle.exe,12960,0x0000000000000000,Other,-1,0,0,47.80512930000000,0.00000000000000,34.89540000000000,0,Composed: Copy with GPU GDI,0.95990000000000,18.53130000000000,33.33500000000000,0.00000000000000,-13.55660000000000,13.24840000000000,0.00000000000000
ruffle.exe,12960,0x0000000000000000,Other,-1,0,0,47.85046870000000,0.00000000000000,45.33940000000000,0,Composed: Copy with GPU GDI,0.87800000000000,6.50830000000000,33.31640000000000,0.00000000000000,-14.02130000000000,14.13740000000000,0.00000000000000
ruffle.exe,12960,0x0000000000000000,Other,-1,0,0,47.88385310000000,0.00000000000000,33.38440000000000,0,Composed: Copy with GPU GDI,0.87760000000000,6.45520000000000,33.33130000000000,0.00000000000000,-14.80130000000000,11.26930000000000,57.63220000000000
ruffle.exe,12960,0x0000000000000000,Other,-1,0,0,48.00993260000000,0.00000000000000,126.07950000000001,0,Composed: Copy with GPU GDI,0.90520000000000,13.72120000000000,133.34550000000002,0.00000000000000,-74.31830000000001,22.01320000000000,29.70530000000000
ruffle.exe,12960,0x0000000000000000,Other,-1,0,0,48.04179110000000,0.00000000000000,31.85850000000000,0,Composed: Copy with GPU GDI,0.83070000000000,15.20910000000000,33.34640000000000,0.00000000000000,-16.67200000000000,11.60930000000000,29.57960000000000
ruffle.exe,12960,0x0000000000000000,Other,-1,0,0,48.07857840000000,0.00000000000000,36.78730000000000,0,Composed: Copy with GPU GDI,0.89510000000000,11.74660000000000,33.32480000000000,0.00000000000000,-10.80150000000000,10.82670000000000,28.37190000000000
ruffle.exe,12960,0x0000000000000000,Other,-1,0,0,48.11944910000000,0.00000000000000,40.87070000000000,0,Composed: Copy with GPU GDI,0.97090000000000,20.86730000000000,49.99140000000001,0.00000000000000,-13.84940000000000,13.72710000000000,29.18320000000000
ruffle.exe,12960,0x0000000000000000,Other,-1,0,0,48.16428610000000,0.00000000000000,44.83700000000000,0,Composed: Copy with GPU GDI,0.92460000000000,9.38450000000000,33.35420000000000,0.00000000000000,-13.85570000000000,13.73650000000000,28.05180000000000
ruffle.exe,12960,0x0000000000000000,Other,-1,0,0,48.20436470000000,0.00000000000000,40.07860000000000,0,Composed: Copy with GPU GDI,0.93280000000000,19.34550000000000,50.03960000000000,0.00000000000000,-15.69350000000000,10.84990000000000,28.15090000000000
ruffle.exe,12960,0x0000000000000000,Other,-1,0,0,48.24980310000000,0.00000000000000,45.43840000000000,0,Composed: Copy with GPU GDI,0.91810000000000,7.24980000000000,33.34270000000000,0.00000000000000,-12.29480000000000,12.16040000000000,35.52230000000000
ruffle.exe,12960,0x0000000000000000,Other,-1,0,0,48.28823940000000,0.00000000000000,38.43630000000000,0,Composed: Copy with GPU GDI,0.90030000000000,18.76350000000000,49.95000000000000,0.00000000000000,-16.64080000000000,11.66630000000000,26.03210000000000
ruffle.exe,12960,0x0000000000000000,Other,-1,0,0,48.32372250000000,0.00000000000000,35.48310000000000,0,Composed: Copy with GPU GDI,0.85820000000000,16.63830000000000,33.35790000000000,0.00000000000000,-10.88520000000000,10.78500000000000,23.50350000000000
ruffle.exe,12960,0x0000000000000000,Other,-1,0,0,48.35715750000000,0.00000000000000,33.43500000000000,0,Composed: Copy with GPU GDI,0.85220000000000,16.50280000000000,33.29950000000000,0.00000000000000,-11.62260000000000,11.69720000000000,24.86950000000000
ruffle.exe,12960,0x0000000000000000,Other,-1,0,0,48.38891700000000,0.00000000000000,31.75950000000000,0,Composed: Copy with GPU GDI,0.88920000000000,18.08810000000000,33.34480000000000,0.00000000000000,-13.31410000000000,13.40000000000000,24.65760000000000
ruffle.exe,12960,0x0000000000000000,Other,-1,0,0,48.41922360000000,0.00000000000000,30.30660000000000,0,Composed: Copy with GPU GDI,0.88850000000000,4.40660000000000,16.62510000000000,0.00000000000000,-12.19350000000000,12.16970000000000,32.97460000000000
ruffle.exe,12960,0x0000000000000000,Other,-1,0,0,48.44819170000000,0.00000000000000,28.96810000000000,0,Composed: Copy with GPU GDI,0.86040000000000,8.81890000000000,33.38040000000000,0.00000000000000,-12.02150000000000,12.10370000000000,29.95080000000000
ruffle.exe,12960,0x0000000000000000,Other,-1,0,0,48.47794890000000,0.00000000000000,29.75720000000000,0,Composed: Copy with GPU GDI,0.80370000000000,12.38280000000000,33.32110000000000,0.00000000000000,-10.87930000000000,10.90570000000000,0.00000000000000
ruffle.exe,12960,0x0000000000000000,Other,-1,0,0,48.65752130000000,0.00000000000000,179.57240000000002,0,Composed: Copy with GPU GDI,0.63330000000000,16.17390000000000,183.36350000000002,0.00000000000000,-11.11670000000000,11.17970000000000,127.29810000000001
ruffle.exe,12960,0x0000000000000000,Other,-1,0,0,48.69368670000000,0.00000000000000,36.16540000000000,0,Composed: Copy with GPU GDI,0.59230000000000,13.33750000000000,33.32900000000000,0.00000000000000,-14.26980000000000,14.24350000000000,0.00000000000000
ruffle.exe,12960,0x0000000000000000,Other,-1,0,0,48.72382350000000,0.00000000000000,30.13680000000000,0,Composed: Copy with GPU GDI,0.84130000000000,16.53490000000000,33.33420000000000,0.00000000000000,-12.01790000000000,11.75630000000000,0.00000000000000
ruffle.exe,12960,0x0000000000000000,Other,-1,0,0,48.76492060000000,0.00000000000000,41.09710000000000,0,Composed: Copy with GPU GDI,0.61660000000000,8.78410000000000,33.34630000000000,0.00000000000000,-12.46280000000000,12.34350000000000,0.00000000000000
ruffle.exe,12960,0x0000000000000000,Other,-1,0,0,48.79733140000000,0.00000000000000,32.41080000000000,0,Composed: Copy with GPU GDI,0.93730000000000,9.72760000000000,33.35430000000000,0.00000000000000,-16.26240000000000,11.18230000000000,0.00000000000000
ruffle.exe,12960,0x0000000000000000,Other,-1,0,0,48.83229520000000,0.00000000000000,34.96380000000000,0,Composed: Copy with GPU GDI,0.96780000000000,9.11910000000000,34.35530000000000,0.00000000000000,-10.60520000000000,10.60310000000000,0.00000000000000
ruffle.exe,12960,0x0000000000000000,Other,-1,0,0,48.86593770000000,0.00000000000000,33.64250000000000,0,Composed: Copy with GPU GDI,0.57580000000000,7.78350000000000,32.30690000000000,0.00000000000000,-11.71910000000000,11.54510000000000,0.00000000000000
ruffle.exe,12960,0x0000000000000000,Other,-1,0,0,48.89520820000000,0.00000000000000,29.27050000000000,0,Composed: Copy with GPU GDI,0.86740000000000,11.85780000000000,33.34480000000000,0.00000000000000,-13.95510000000000,11.76630000000000,0.00000000000000
ruffle.exe,12960,0x0000000000000000,Other,-1,0,0,48.93865750000001,0.00000000000000,43.44930000000000,0,Composed: Copy with GPU GDI,0.88120000000000,18.44720000000000,50.03870000000001,0.00000000000000,-12.58430000000000,12.58830000000000,0.00000000000000
ruffle.exe,12960,0x0000000000000000,Other,-1,0,0,48.96749920000000,0.00000000000000,28.84170000000000,0,Composed: Copy with GPU GDI,0.84660000000000,6.20720000000000,16.60170000000000,0.00000000000000,-14.84830000000000,14.27750000000000,0.00000000000000
ruffle.exe,12960,0x0000000000000000,Other,-1,0,0,48.98966740000000,0.00000000000000,22.16820000000000,0,Composed: Copy with GPU GDI,0.60740000000000,17.42790000000000,33.38890000000000,0.00000000000000,-10.27850000000000,10.31540000000000,0.00000000000000
ruffle.exe,12960,0x0000000000000000,Other,-1,0,0,49.01449550000000,0.00000000000000,24.82810000000000,0,Composed: Copy with GPU GDI,0.84160000000000,9.21660000000000,16.61680000000000,0.00000000000000,-10.39240000000000,10.45040000000000,0.00000000000000
ruffle.exe,12960,0x0000000000000000,Other,-1,0,0,49.04745830000000,0.00000000000000,32.96280000000000,0,Composed: Copy with GPU GDI,0.61760000000000,9.59030000000000,33.33650000000000,0.00000000000000,-11.95040000000000,11.91270000000000,0.00000000000000
ruffle.exe,12960,0x0000000000000000,Other,-1,0,0,49.07864710000000,0.00000000000000,31.18880000000000,0,Composed: Copy with GPU GDI,0.63540000000000,11.73990000000000,33.33840000000000,0.00000000000000,-10.78450000000000,10.93060000000000,0.00000000000000
ruffle.exe,12960,0x0000000000000000,Other,-1,0,0,49.11293819999999,0.00000000000000,34.29110000000000,0,Composed: Copy with GPU GDI,0.61140000000000,10.78920000000000,33.34040000000000,0.00000000000000,-11.46660000000000,11.47420000000000,0.00000000000000
ruffle.exe,12960,0x0000000000000000,Other,-1,0,0,49.15018710000000,0.00000000000000,37.24890000000000,0,Composed: Copy with GPU GDI,0.63750000000000,6.84400000000000,33.30370000000000,0.00000000000000,-13.90000000000000,14.05420000000000,0.00000000000000
ruffle.exe,12960,0x0000000000000000,Other,-1,0,0,49.17477360000000,0.00000000000000,24.58650000000000,0,Composed: Copy with GPU GDI,0.59640000000000,15.62660000000000,33.36910000000000,0.00000000000000,-10.24870000000000,10.31270000000000,0.00000000000000
ruffle.exe,12960,0x0000000000000000,Other,-1,0,0,49.21180910000000,0.00000000000000,37.03550000000000,0,Composed: Copy with GPU GDI,0.58930000000000,11.92320000000000,33.33210000000000,0.00000000000000,-10.94170000000000,10.43930000000000,0.00000000000000
ruffle.exe,12960,0x0000000000000000,Other,-1,0,0,49.25068100000000,0.00000000000000,38.87190000000000,0,Composed: Copy with GPU GDI,0.57980000000000,6.39080000000000,33.33950000000000,0.00000000000000,-11.72380000000000,11.62360000000000,0.00000000000000
ruffle.exe,12960,0x0000000000000000,Other,-1,0,0,49.27862210000000,0.00000000000000,27.94110000000000,0,Composed: Copy with GPU GDI,0.60560000000000,11.77960000000000,33.32990000000000,0.00000000000000,-10.85810000000000,10.92950000000000,0.00000000000000
ruffle.exe,12960,0x0000000000000000,Other,-1,0,0,49.31483200000000,0.00000000000000,36.20990000000000,0,Composed: Copy with GPU GDI,0.57870000000000,8.90750000000000,33.33780000000000,0.00000000000000,-12.32300000000000,10.29810000000000,0.00000000000000
ruffle.exe,12960,0x0000000000000000,Other,-1,0,0,49.35329020000000,0.00000000000000,38.45820000000001,0,Composed: Copy with GPU GDI,0.63070000000000,20.50870000000000,50.05940000000000,0.00000000000000,-14.08410000000000,13.99860000000000,0.00000000000000
ruffle.exe,12960,0x0000000000000000,Other,-1,0,0,49.38471460000000,0.00000000000000,31.42440000000000,0,Composed: Copy with GPU GDI,0.58380000000000,5.70530000000000,16.62100000000000,0.00000000000000,-12.13400000000000,12.07890000000000,0.00000000000000
ruffle.exe,12960,0x0000000000000000,Other,-1,0,0,49.42715940000000,0.00000000000000,42.44480000000000,0,Composed: Copy with GPU GDI,0.86700000000000,13.26180000000000,50.00130000000000,0.00000000000000,-11.24230000000000,11.37160000000000,0.00000000000000
ruffle.exe,12960,0x0000000000000000,Other,-1,0,0,49.45344010000000,0.00000000000000,26.28070000000000,0,Composed: Copy with GPU GDI,0.60130000000000,3.61950000000000,16.63840000000000,0.00000000000000,-11.08940000000000,11.01250000000000,0.00000000000000
ruffle.exe,12960,0x0000000000000000,Other,-1,0,0,49.48343590000000,0.00000000000000,29.99580000000000,0,Composed: Copy with GPU GDI,0.59230000000000,6.98860000000000,33.36490000000000,0.00000000000000,-10.79840000000000,10.83080000000000,0.00000000000000
ruffle.exe,12960,0x0000000000000000,Other,-1,0,0,49.66831490000000,0.00000000000000,184.87900000000002,0,Composed: Copy with GPU GDI,0.59900000000000,5.43790000000000,183.32830000000001,0.00000000000000,-15.46410000000000,15.45860000000000,0.00000000000000
ruffle.exe,12960,0x0000000000000000,Other,-1,0,0,49.68781160000000,0.00000000000000,19.49670000000000,0,Composed: Copy with GPU GDI,0.60860000000000,19.30900000000000,33.36780000000000,0.00000000000000,-11.86310000000000,11.76710000000000,0.00000000000000
ruffle.exe,12960,0x0000000000000000,Other,-1,0,0,49.72025070000000,0.00000000000000,32.43910000000000,0,Composed: Copy with GPU GDI,0.63380000000000,20.22330000000000,33.35340000000000,0.00000000000000,-11.26710000000000,11.15940000000000,0.00000000000000
ruffle.exe,12960,0x0000000000000000,Other,-1,0,0,49.75053550000000,0.00000000000000,30.28480000000000,0,Composed: Copy with GPU GDI,0.59110000000000,6.55190000000000,16.61340000000000,0.00000000000000,-10.82080000000000,10.81970000000000,0.00000000000000
ruffle.exe,12960,0x0000000000000000,Other,-1,0,0,49.77976990000000,0.00000000000000,29.23440000000000,0,Composed: Copy with GPU GDI,0.84630000000000,10.69270000000000,33.37520000000000,0.00000000000000,-10.73820000000000,10.81750000000000,0.00000000000000
ruffle.exe,12960,0x0000000000000000,Other,-1,0,0,49.81865550000000,0.00000000000000,38.88560000000000,0,Composed: Copy with GPU GDI,0.59040000000000,5.08820000000000,33.28110000000000,0.00000000000000,-11.51810000000000,11.51630000000000,0.00000000000000
ruffle.exe,12960,0x0000000000000000,Other,-1,0,0,49.85596220000000,0.00000000000000,37.30670000000000,0,Composed: Copy with GPU GDI,0.61080000000000,17.83950000000000,50.05800000000000,0.00000000000000,-12.21320000000000,12.17600000000000,0.00000000000000
ruffle.exe,12960,0x0000000000000000,Other,-1,0,0,49.89229260000000,0.00000000000000,36.33040000000000,0,Composed: Copy with GPU GDI,0.87360000000000,14.85450000000000,33.34540000000001,0.00000000000000,-12.67110000000000,12.79970000000000,0.00000000000000
ruffle.exe,12960,0x0000000000000000,Other,-1,0,0,49.92336830000000,0.00000000000000,31.07570000000000,0,Composed: Copy with GPU GDI,0.60510000000000,17.12310000000000,33.34430000000000,0.00000000000000,-10.97630000000000,11.02080000000000,0.00000000000000
ruffle.exe,12960,0x0000000000000000,Other,-1,0,0,49.94881100000000,0.00000000000000,25.44270000000000,0,Composed: Copy with GPU GDI,0.61140000000000,8.30970000000000,16.62930000000000,0.00000000000000,-11.18480000000000,11.17930000000000,0.00000000000000
ruffle.exe,12960,0x0000000000000000,Other,-1,0,0,49.97344780000000,0.00000000000000,24.63680000000000,0,Composed: Copy with GPU GDI,0.83400000000000,17.09110000000000,33.41820000000000,0.00000000000000,-10.65040000000000,6.90320000000000,17.17070000000000
ruffle.exe,12960,0x0000000000000000,Other,-1,0,0,50.01100520000000,0.00000000000000,37.55740000000000,0,Composed: Copy with GPU GDI,0.59460000000000,12.82330000000000,33.28960000000000,0.00000000000000,-10.33830000000000,10.31540000000000,38.64320000000000
ruffle.exe,12960,0x0000000000000000,Other,-1,0,0,50.03975660000000,0.00000000000000,28.75140000000000,0,Composed: Copy with GPU GDI,0.59810000000000,17.43490000000000,33.36300000000000,0.00000000000000,-11.49020000000000,11.50470000000000,41.48600000000000
ruffle.exe,12960,0x0000000000000000,Other,-1,0,0,50.06642740000000,0.00000000000000,26.67080000000000,0,Composed: Copy with GPU GDI,0.62030000000000,7.40750000000000,16.64340000000000,0.00000000000000,-12.23700000000000,12.19730000000000,0.00000000000000
ruffle.exe,12960,0x0000000000000000,Other,-1,0,0,50.10335520000000,0.00000000000000,36.92780000000000,0,Composed: Copy with GPU GDI,0.86620000000000,20.62460000000000,50.14490000000000,0.00000000000000,-13.22530000000000,13.36710000000000,0.00000000000000
ruffle.exe,12960,0x0000000000000000,Other,-1,0,0,50.13179280000001,0.00000000000000,28.43760000000000,0,Composed: Copy with GPU GDI,0.60710000000000,8.68840000000000,16.50140000000000,0.00000000000000,-13.17750000000000,11.32090000000000,0.00000000000000
ruffle.exe,12960,0x0000000000000000,Other,-1,0,0,50.15700090000000,0.00000000000000,25.20810000000000,0,Composed: Copy with GPU GDI,0.66090000000000,16.83700000000000,33.35670000000000,0.00000000000000,-10.87320000000000,10.87720000000000,0.00000000000000
ruffle.exe,12960,0x0000000000000000,Other,-1,0,0,50.18586710000000,0.00000000000000,28.86620000000000,0,Composed: Copy with GPU GDI,0.84450000000000,4.61440000000000,16.64360000000000,0.00000000000000,-13.90270000000000,11.66080000000000,0.00000000000000
ruffle.exe,12960,0x0000000000000000,Other,-1,0,0,50.21769090000000,0.00000000000000,31.82380000000000,0,Composed: Copy with GPU GDI,0.61450000000000,6.10110000000000,33.31050000000000,0.00000000000000,-11.24330000000000,11.19410000000000,0.00000000000000
ruffle.exe,12960,0x0000000000000000,Other,-1,0,0,50.24738600000000,0.00000000000000,29.69510000000000,0,Composed: Copy with GPU GDI,0.57070000000000,9.76070000000000,33.35470000000000,0.00000000000000,-10.13490000000000,10.12970000000000,0.00000000000000
ruffle.exe,12960,0x0000000000000000,Other,-1,0,0,50.28550550000000,0.00000000000000,38.11950000000000,0,Composed: Copy with GPU GDI,0.60410000000000,4.95770000000000,33.31650000000000,0.00000000000000,-13.24370000000000,13.27350000000000,0.00000000000000
ruffle.exe,12960,0x0000000000000000,Other,-1,0,0,50.31985330000001,0.00000000000000,34.34780000000000,0,Composed: Copy with GPU GDI,0.57620000000000,3.92770000000000,33.31780000000000,0.00000000000000,-12.36010000000000,12.38880000000000,0.00000000000000
ruffle.exe,12960,0x0000000000000000,Other,-1,0,0,50.34600470000000,0.00000000000000,26.15140000000000,0,Composed: Copy with GPU GDI,0.60570000000000,11.12720000000000,33.35090000000000,0.00000000000000,-10.83100000000000,10.88480000000000,0.00000000000000
ruffle.exe,12960,0x0000000000000000,Other,-1,0,0,50.38269300000000,0.00000000000000,36.68830000000001,0,Composed: Copy with GPU GDI,0.57610000000000,7.76180000000000,33.32290000000000,0.00000000000000,-10.86980000000000,10.84860000000000,0.00000000000000
ruffle.exe,12960,0x0000000000000000,Other,-1,0,0,50.41379930000000,0.00000000000000,31.10630000000000,0,Composed: Copy with GPU GDI,0.89490000000000,10.05150000000000,33.39600000000000,0.00000000000000,-11.34080000000000,11.53900000000000,19.53960000000000
ruffle.exe,12960,0x0000000000000000,Other,-1,0,0,50.44556050000000,0.00000000000000,31.76120000000000,0,Composed: Copy with GPU GDI,0.61350000000000,11.66800000000000,33.37770000000000,0.00000000000000,-10.49550000000000,10.50970000000000,0.00000000000000
ruffle.exe,12960,0x0000000000000000,Other,-1,0,0,50.48474670000000,0.00000000000000,39.18620000000000,0,Composed: Copy with GPU GDI,0.62270000000000,5.77640000000000,33.29460000000000,0.00000000000000,-13.21180000000000,13.14540000000000,26.45900000000000
ruffle.exe,12960,0x0000000000000000,Other,-1,0,0,50.59848920000000,0.00000000000000,113.74250000000001,0,Composed: Copy with GPU GDI,0.61330000000000,8.67830000000000,116.64440000000000,0.00000000000000,-9.97670000000000,7.20850000000000,84.19690000000000
ruffle.exe,12960,0x0000000000000000,Other,-1,0,0,50.64037730000000,0.00000000000000,41.88810000000000,0,Composed: Copy with GPU GDI,0.96100000000000,17.08640000000000,50.29620000000000,0.00000000000000,-13.10210000000000,13.24810000000000,0.00000000000000
ruffle.exe,12960,0x0000000000000000,Other,-1,0,0,50.66212000000000,0.00000000000000,21.74270000000000,0,Composed: Copy with GPU GDI,0.61640000000000,11.75420000000000,16.41050000000000,0.00000000000000,-10.26920000000000,10.26430000000000,0.00000000000000
ruffle.exe,12960,0x0000000000000000,Other,-1,0,0,50.68599000000000,0.00000000000000,23.87000000000000,0,Composed: Copy with GPU GDI,0.61320000000000,4.50450000000000,16.62030000000000,0.00000000000000,-11.39860000000000,11.43050000000000,35.67890000000000
ruffle.exe,12960,0x0000000000000000,Other,-1,0,0,50.71436710000000,0.00000000000000,28.37710000000000,0,Composed: Copy with GPU GDI,0.60430000000000,9.51200000000000,33.38460000000000,0.00000000000000,-12.36100000000000,12.43940000000000,0.00000000000000
ruffle.exe,12960,0x0000000000000000,Other,-1,0,0,50.74362470000000,0.00000000000000,29.25760000000000,0,Composed: Copy with GPU GDI,0.59780000000000,13.58040000000000,33.32600000000000,0.00000000000000,-12.60150000000000,6.76800000000000,21.34930000000000
ruffle.exe,12960,0x0000000000000000,Other,-1,0,0,50.77278010000001,0.00000000000000,29.15540000000000,0,Composed: Copy with GPU GDI,0.61590000000000,17.74940000000000,33.32440000000000,0.00000000000000,-12.41290000000000,12.50310000000000,0.00000000000000
ruffle.exe,12960,0x0000000000000000,Other,-1,0,0,50.78918770000001,0.00000000000000,16.40760000000000,0,Composed: Copy with GPU GDI,0.63350000000000,17.99100000000000,16.64920000000000,0.00000000000000,-10.72140000000000,10.86120000000000,2.88690000000000
ruffle.exe,12960,0x0000000000000000,Other,-1,0,0,50.80337770000000,0.00000000000000,14.19000000000000,0,Composed: Copy with GPU GDI,0.60670000000000,20.48710000000000,16.68610000000000,0.00000000000000,-9.71030000000000,6.79410000000000,0.00000000000000
ruffle.exe,12960,0x0000000000000000,Other,-1,0,0,50.82960920000000,0.00000000000000,26.23150000000000,0,Composed: Copy with GPU GDI,0.84220000000000,10.96570000000000,16.71010000000000,0.00000000000000,-11.50290000000000,11.55490000000000,21.33290000000000
ruffle.exe,12960,0x0000000000000000,Other,-1,0,0,50.84953990000000,0.00000000000000,19.93070000000000,0,Composed: Copy with GPU GDI,0.61810000000000,7.72390000000000,16.68890000000000,0.00000000000000,-10.10780000000000,10.19590000000000,1.15890000000000
ruffle.exe,12960,0x0000000000000000,Other,-1,0,0,50.86233400000000,0.00000000000000,12.79410000000000,0,Composed: Copy with GPU GDI,0.62050000000000,11.52450000000000,16.59470000000000,0.00000000000000,-9.31390000000000,6.36580000000000,0.00000000000000
ruffle.exe,12960,0x0000000000000000,Other,-1,0,0,50.89033370000001,0.00000000000000,27.99970000000000,0,Composed: Copy with GPU GDI,0.59710000000000,16.87530000000000,33.35050000000000,0.00000000000000,-11.36340000000000,11.38420000000000,2.04680000000000
ruffle.exe,12960,0x0000000000000000,Other,-1,0,0,50.90284330000000,0.00000000000000,12.50960000000000,0,Composed: Copy with GPU GDI,0.63260000000000,21.05150000000000,16.68580000000000,0.00000000000000,-8.89110000000000,6.56910000000000,0.00000000000000
ruffle.exe,12960,0x0000000000000000,Other,-1,0,0,50.93958850000000,0.00000000000000,36.74520000000000,0,Composed: Copy with GPU GDI,0.62640000000000,17.67570000000000,33.36940000000000,0.00000000000000,-12.40130000000000,12.44500000000000,21.31150000000000
ruffle.exe,12960,0x0000000000000000,Other,-1,0,0,50.96460660000000,0.00000000000000,25.01810000000000,0,Composed: Copy with GPU GDI,0.60920000000000,9.28320000000000,16.62560000000000,0.00000000000000,-12.64240000000000,12.63580000000000,22.32540000000000
ruffle.exe,12960,0x0000000000000000,Other,-1,0,0,51.00249210000000,0.00000000000000,37.88550000000000,0,Composed: Copy with GPU GDI,0.84360000000000,4.71720000000000,33.31950000000001,0.00000000000000,-11.85890000000000,11.97690000000000,22.17730000000000
ruffle.exe,12960,0x0000000000000000,Other,-1,0,0,51.03462340000000,0.00000000000000,32.13130000000000,0,Composed: Copy with GPU GDI,0.61360000000000,5.90070000000000,33.31480000000000,0.00000000000000,-11.06520000000000,11.16920000000000,22.32610000000000
ruffle.exe,12960,0x0000000000000000,Other,-1,0,0,51.05679480000001,0.00000000000000,22.17140000000000,0,Composed: Copy with GPU GDI,0.63790000000000,17.06630000000000,33.33700000000000,0.00000000000000,-10.06120000000000,10.21070000000000,20.49250000000000
ruffle.exe,12960,0x0000000000000000,Other,-1,0,0,51.07260410000000,0.00000000000000,15.80930000000000,0,Composed: Copy with GPU GDI,0.66590000000000,18.01430000000000,16.75730000000000,0.00000000000000,-8.50320000000000,6.55700000000000,14.32810000000000
ruffle.exe,12960,0x0000000000000000,Other,-1,0,0,51.09918589999999,0.00000000000000,26.58180000000000,0,Composed: Copy with GPU GDI,0.64650000000000,8.07980000000000,16.64730000000000,0.00000000000000,-11.36280000000000,11.39660000000000,16.87700000000000
ruffle.exe,12960,0x0000000000000000,Other,-1,0,0,51.12341320000000,0.00000000000000,24.22730000000000,0,Composed: Copy with GPU GDI,0.59750000000000,17.21150000000000,33.35900000000000,0.00000000000000,-10.76360000000000,10.81100000000000,7.06010000000000
ruffle.exe,12960,0x0000000000000000,Other,-1,0,0,51.14962920000001,0.00000000000000,26.21600000000000,0,Composed: Copy with GPU GDI,0.65670000000000,7.58570000000000,16.59020000000000,0.00000000000000,-12.34900000000000,12.53790000000000,1.26770000000000
ruffle.exe,12960,0x0000000000000000,Other,-1,0,0,51.18311280000000,0.00000000000000,33.48360000000000,0,Composed: Copy with GPU GDI,0.62710000000000,7.51550000000000,33.41340000000000,0.00000000000000,-12.49110000000000,12.60720000000000,4.80810000000000
ruffle.exe,12960,0x0000000000000000,Other,-1,0,0,51.21902780000001,0.00000000000000,35.91500000000000,0,Composed: Copy with GPU GDI,0.64340000000000,4.88320000000000,33.28270000000000,0.00000000000000,-12.62760000000000,11.59670000000000,24.71770000000000
ruffle.exe,12960,0x0000000000000000,Other,-1,0,0,51.24856930000001,0.00000000000000,29.54150000000000,0,Composed: Copy with GPU GDI,0.82000000000000,8.67390000000000,33.33220000000000,0.00000000000000,-10.45170000000000,10.35530000000000,6.25210000000000
ruffle.exe,12960,0x0000000000000000,Other,-1,0,0,51.28347300000000,0.00000000000000,34.90370000000000,0,Composed: Copy with GPU GDI,0.85690000000000,7.13510000000000,33.36490000000000,0.00000000000000,-12.63140000000000,11.76260000000000,3.16770000000000
ruffle.exe,12960,0x0000000000000000,Other,-1,0,0,51.32470080000000,0.00000000000000,41.22780000000000,0,Composed: Copy with GPU GDI,0.83560000000000,15.90030000000000,49.99300000000000,0.00000000000000,-11.01650000000000,10.99840000000000,4.33830000000000
ruffle.exe,12960,0x0000000000000000,Other,-1,0,0,51.36726700000000,0.00000000000000,42.56620000000000,0,Composed: Copy with GPU GDI,0.63830000000000,6.67450000000000,33.34040000000000,0.00000000000000,-13.81710000000000,13.72910000000000,24.94070000000000
ruffle.exe,12960,0x0000000000000000,Other,-1,0,0,51.39097370000000,0.00000000000000,23.70670000000000,0,Composed: Copy with GPU GDI,0.61730000000000,16.30860000000000,33.34080000000000,0.00000000000000,-12.68000000000000,12.68760000000000,0.67670000000000
ruffle.exe,12960,0x0000000000000000,Other,-1,0,0,51.42004710000001,0.00000000000000,29.07340000000000,0,Composed: Copy with GPU GDI,0.64220000000000,3.89850000000000,16.66330000000000,0.00000000000000,-10.80120000000000,10.91280000000000,7.68130000000000
ruffle.exe,12960,0x0000000000000000,Other,-1,0,0,51.45679200000000,0.00000000000000,36.74490000000000,0,Composed: Copy with GPU GDI,0.86930000000000,17.16190000000000,50.00830000000001,0.00000000000000,-16.63950000000000,11.50230000000000,28.46460000000000
ruffle.exe,12960,0x0000000000000000,Other,-1,0,0,51.48606940000000,0.00000000000000,29.27740000000000,0,Composed: Copy with GPU GDI,0.88760000000000,4.49720000000000,16.61270000000000,0.00000000000000,-11.57540000000000,11.76490000000000,17.74440000000000
ruffle.exe,12960,0x0000000000000000,Other,-1,0,0,51.61747020000001,0.00000000000000,131.40080000000000,0,Composed: Copy with GPU GDI,0.60640000000000,6.47430000000000,133.37790000000001,0.00000000000000,-10.18620000000000,7.47460000000000,15.13920000000000
ruffle.exe,12960,0x0000000000000000,Other,-1,0,0,51.66374230000000,0.00000000000000,46.27210000000000,0,Composed: Copy with GPU GDI,0.83840000000000,10.19420000000000,49.99200000000000,0.00000000000000,-15.10490000000000,15.16970000000000,27.43210000000000
ruffle.exe,12960,0x0000000000000000,Other,-1,0,0,51.68660160000000,0.00000000000000,22.85930000000000,0,Composed: Copy with GPU GDI,0.66350000000000,20.69000000000000,33.35510000000000,0.00000000000000,-12.93280000000000,12.94110000000000,4.24350000000000
ruffle.exe,12960,0x0000000000000000,Other,-1,0,0,51.69799160000000,0.00000000000000,11.39000000000000,0,Composed: Copy with GPU GDI,0.88290000000000,26.01870000000000,16.71870000000000,0.00000000000000,-10.72650000000000,6.74050000000000,0.00000000000000
ruffle.exe,12960,0x0000000000000000,Other,-1,0,0,51.72842960000001,0.00000000000000,30.43800000000000,0,Composed: Copy with GPU GDI,0.63940000000000,12.27320000000000,16.69250000000000,0.00000000000000,-10.62610000000000,10.63380000000000,22.09160000000000
ruffle.exe,12960,0x0000000000000000,Other,-1,0,0,51.75197740000000,0.00000000000000,23.54780000000000,0,Composed: Copy with GPU GDI,0.91370000000000,5.33250000000000,16.60710000000000,0.00000000000000,-14.55600000000000,12.28630000000000,21.64860000000000
ruffle.exe,12960,0x0000000000000000,Other,-1,0,0,51.77807710000000,0.00000000000000,26.09970000000000,0,Composed: Copy with GPU GDI,0.65870000000000,12.56170000000000,33.32890000000000,0.00000000000000,-10.39360000000000,10.37540000000000,1.74140000000000
ruffle.exe,12960,0x0000000000000000,Other,-1,0,0,51.81192460000000,0.00000000000000,33.84750000000000,0,Composed: Copy with GPU GDI,0.61720000000000,12.03630000000000,33.32210000000000,0.00000000000000,-11.15680000000000,11.23780000000000,3.57940000000000
ruffle.exe,12960,0x0000000000000000,Other,-1,0,0,51.84416440000000,0.00000000000000,32.23980000000000,0,Composed: Copy with GPU GDI,0.63000000000000,13.11740000000000,33.32090000000000,0.00000000000000,-12.69530000000000,12.82910000000000,3.83460000000000
ruffle.exe,12960,0x0000000000000000,Other,-1,0,0,51.87590730000000,0.00000000000000,31.74290000000000,0,Composed: Copy with GPU GDI,0.59590000000000,14.73800000000000,33.36350000000000,0.00000000000000,-12.71020000000000,12.68120000000000,3.56910000000000
ruffle.exe,12960,0x0000000000000000,Other,-1,0,0,51.90938510000000,0.00000000000000,33.47780000000000,0,Composed: Copy with GPU GDI,0.65300000000000,14.62000000000000,33.35980000000000,0.00000000000000,-10.63040000000000,10.69270000000000,4.99780000000000
ruffle.exe,12960,0x0000000000000000,Other,-1,0,0,51.94312130000000,0.00000000000000,33.73620000000000,0,Composed: Copy with GPU GDI,0.82430000000000,14.18970000000000,33.30590000000000,0.00000000000000,-11.84800000000000,11.55860000000000,0.80060000000000
ruffle.exe,12960,0x0000000000000000,Other,-1,0,0,51.97292860000000,0.00000000000000,29.80730000000000,0,Composed: Copy with GPU GDI,0.60350000000000,17.71460000000000,33.33220000000000,0.00000000000000,-10.43620000000000,10.41790000000000,22.60160000000000
ruffle.exe,12960,0x0000000000000000,Other,-1,0,0,52.01241080000000,0.00000000000000,39.48220000000000,0,Composed: Copy with GPU GDI,0.63020000000000,11.57460000000000,33.34220000000000,0.00000000000000,-11.96080000000000,11.90890000000000,6.07270000000000
ruffle.exe,12960,0x0000000000000000,Other,-1,0,0,52.04561030000000,0.00000000000000,33.19950000000000,0,Composed: Copy with GPU GDI,0.58410000000000,28.36680000000000,49.99170000000000,0.00000000000000,-10.39200000000000,10.36800000000000,25.26580000000000
ruffle.exe,12960,0x0000000000000000,Other,-1,0,0,52.05915650000000,0.00000000000000,13.54620000000000,0,Composed: Copy with GPU GDI,0.96030000000000,31.52280000000000,16.70220000000000,0.00000000000000,-10.67200000000000,6.38720000000000,0.00000000000000
ruffle.exe,12960,0x0000000000000000,Other,-1,0,0,52.08735970000000,0.00000000000000,28.20320000000000,0,Composed: Copy with GPU GDI,0.59020000000000,19.94890000000000,16.62930000000000,0.00000000000000,-13.55270000000000,12.81010000000000,0.00000000000000
ruffle.exe,12960,0x0000000000000000,Other,-1,0,0,52.11167540000000,0.00000000000000,24.31570000000000,0,Composed: Copy with GPU GDI,0.68010000000000,12.31000000000000,16.67680000000000,0.00000000000000,-12.71400000000000,12.97300000000000,0.00000000000000
ruffle.exe,12960,0x0000000000000000,Other,-1,0,0,52.13996330000001,0.00000000000000,28.28790000000000,0,Composed: Copy with GPU GDI,0.65210000000000,17.35660000000000,33.33450000000000,0.00000000000000,-10.72300000000000,10.91700000000000,0.00000000000000
ruffle.exe,12960,0x0000000000000000,Other,-1,0,0,52.17298440000000,0.00000000000000,33.02110000000000,0,Composed: Copy with GPU GDI,0.60000000000000,17.66370000000000,33.32820000000000,0.00000000000000,-10.50970000000000,10.43480000000000,0.00000000000000
ruffle.exe,12960,0x0000000000000000,Other,-1,0,0,52.20765950000001,0.00000000000000,34.67510000000000,0,Composed: Copy with GPU GDI,0.62060000000000,16.33420000000000,33.34560000000000,0.00000000000000,-11.91570000000000,11.97780000000000,0.00000000000000
ruffle.exe,12960,0x0000000000000000,Other,-1,0,0,52.23927660000000,0.00000000000000,31.61710000000000,0,Composed: Copy with GPU GDI,0.63400000000000,18.05720000000000,33.34010000000000,0.00000000000000,-10.25980000000000,10.40020000000000,0.00000000000000
ruffle.exe,12960,0x0000000000000000,Other,-1,0,0,52.27886720000000,0.00000000000000,39.59060000000000,0,Composed: Copy with GPU GDI,0.57960000000000,11.80230000000000,33.33570000000000,0.00000000000000,-12.76550000000000,12.63150000000000,0.00000000000000
ruffle.exe,12960,0x0000000000000000,Other,-1,0,0,52.30902050000000,0.00000000000000,30.15330000000000,0,Composed: Copy with GPU GDI,0.59640000000000,14.98250000000000,33.33350000000000,0.00000000000000,-13.03730000000000,12.98020000000000,0.00000000000000
ruffle.exe,12960,0x0000000000000000,Other,-1,0,0,52.34103180000000,0.00000000000000,32.01130000000000,0,Composed: Copy with GPU GDI,0.58540000000000,16.30680000000000,33.33560000000000,0.00000000000000,-11.22790000000000,11.14120000000000,0.00000000000000
ruffle.exe,12960,0x0000000000000000,Other,-1,0,0,52.37811300000000,0.00000000000000,37.08120000000000,0,Composed: Copy with GPU GDI,0.62290000000000,12.58700000000000,33.36140000000000,0.00000000000000,-10.43400000000000,10.42440000000000,0.00000000000000
ruffle.exe,12960,0x0000000000000000,Other,-1,0,0,52.40768760000000,0.00000000000000,29.57460000000000,0,Composed: Copy with GPU GDI,0.61220000000000,16.37390000000000,33.36150000000000,0.00000000000000,-11.63460000000000,11.69920000000000,0.00000000000000
ruffle.exe,12960,0x0000000000000000,Other,-1,0,0,52.44236280000001,0.00000000000000,34.67520000000000,0,Composed: Copy with GPU GDI,0.81270000000000,15.00200000000000,33.30330000000000,0.00000000000000,-10.51090000000000,10.54720000000000,0.00000000000000
ruffle.exe,12960,0x0000000000000000,Other,-1,0,0,52.47495160000000,0.00000000000000,32.58880000000000,0,Composed: Copy with GPU GDI,0.85620000000000,15.74190000000000,33.32870000000000,0.00000000000000,-11.17060000000000,11.28170000000000,0.00000000000000
ruffle.exe,12960,0x0000000000000000,Other,-1,0,0,52.64814020000000,0.00000000000000,173.18860000000001,0,Composed: Copy with GPU GDI,0.62900000000000,9.24470000000000,166.69140000000002,0.00000000000000,-13.99850000000000,13.93530000000000,0.00000000000000
ruffle.exe,12960,0x0000000000000000,Other,-1,0,0,52.67603940000000,0.00000000000000,27.89920000000000,0,Composed: Copy with GPU GDI,0.85980000000000,14.69530000000000,33.34980000000000,0.00000000000000,-14.47220000000000,11.17900000000000,0.00000000000000
ruffle.exe,12960,0x0000000000000000,Other,-1,0,0,52.70831080000000,0.00000000000000,32.27140000000000,0,Composed: Copy with GPU GDI,0.61700000000000,15.80880000000000,33.38490000000000,0.00000000000000,-11.69910000000000,11.44620000000000,0.00000000000000
ruffle.exe,12960,0x0000000000000000,Other,-1,0,0,52.73687330000000,0.00000000000000,28.56250000000000,0,Composed: Copy with GPU GDI,0.63920000000000,20.53100000000000,33.28470000000000,0.00000000000000,-13.07450000000000,13.04810000000000,0.00000000000000
ruffle.exe,12960,0x0000000000000000,Other,-1,0,0,52.76105820000000,0.00000000000000,24.18490000000000,0,Composed: Copy with GPU GDI,0.61040000000000,13.03300000000000,16.68690000000000,0.00000000000000,-12.50240000000000,12.47350000000000,0.00000000000000
ruffle.exe,12960,0x0000000000000000,Other,-1,0,0,52.78249640000001,0.00000000000000,21.43820000000000,0,Composed: Copy with GPU GDI,0.61750000000000,8.26210000000000,16.66730000000000,0.00000000000000,-10.51640000000000,10.56470000000000,0.00000000000000
ruffle.exe,12960,0x0000000000000000,Other,-1,0,0,52.81636260000000,0.00000000000000,33.86620000000000,0,Composed: Copy with GPU GDI,0.62530000000000,7.68680000000000,33.29090000000000,0.00000000000000,-11.65540000000000,11.73710000000000,0.00000000000000
ruffle.exe,12960,0x0000000000000000,Other,-1,0,0,52.84306520000000,0.00000000000000,26.70260000000000,0,Composed: Copy with GPU GDI,0.64160000000000,14.34200000000000,33.35780000000000,0.00000000000000,-10.08840000000000,10.25210000000000,0.00000000000000
ruffle.exe,12960,0x0000000000000000,Other,-1,0,0,52.88473090000000,0.00000000000000,41.66570000000000,0,Composed: Copy with GPU GDI,0.85570000000000,5.99540000000000,33.31910000000000,0.00000000000000,-11.28010000000000,11.46810000000000,0.00000000000000
ruffle.exe,12960,0x0000000000000000,Other,-1,0,0,52.91489310000000,0.00000000000000,30.16220000000000,0,Composed: Copy with GPU GDI,0.59720000000000,9.15300000000000,33.31980000000000,0.00000000000000,-11.17670000000000,11.17180000000000,0.00000000000000
ruffle.exe,12960,0x0000000000000000,Other,-1,0,0,52.94788519999999,0.00000000000000,32.99210000000000,0,Composed: Copy with GPU GDI,0.86160000000000,9.52960000000000,33.36870000000000,0.00000000000000,-12.79870000000000,12.87620000000000,0.00000000000000
ruffle.exe,12960,0x0000000000000000,Other,-1,0,0,52.98644670000000,0.00000000000000,38.56150000000000,0,Composed: Copy with GPU GDI,0.63730000000000,4.26860000000000,33.30050000000000,0.00000000000000,-12.33580000000000,12.34500000000000,0.00000000000000
ruffle.exe,12960,0x0000000000000000,Other,-1,0,0,53.01558040000000,0.00000000000000,29.13370000000000,0,Composed: Copy with GPU GDI,0.62360000000000,8.50100000000000,33.36610000000000,0.00000000000000,-11.94860000000000,11.94260000000000,0.00000000000000
ruffle.exe,12960,0x0000000000000000,Other,-1,0,0,53.06675329999999,0.00000000000000,51.17290000000001,0,Composed: Copy with GPU GDI,0.62000000000000,7.33500000000000,50.00690000000000,0.00000000000000,-11.04710000000000,11.13860000000000,0.00000000000000
ruffle.exe,12960,0x0000000000000000,Other,-1,0,0,53.09646360000001,0.00000000000000,29.71030000000000,0,Composed: Copy with GPU GDI,0.65130000000000,10.94660000000000,33.32190000000000,0.00000000000000,-11.92740000000000,11.90370000000000,0.00000000000000
ruffle.exe,12960,0x0000000000000000,Other,-1,0,0,53.11948360000000,0.00000000000000,23.02000000000000,0,Composed: Copy with GPU GDI,0.62130000000000,4.56620000000000,16.63960000000000,0.00000000000000,-11.20550000000000,11.23360000000000,0.00000000000000
ruffle.exe,12960,0x0000000000000000,Other,-1,0,0,53.14492450000000,0.00000000000000,25.44090000000000,0,Composed: Copy with GPU GDI,0.65420000000000,12.53680000000000,33.41150000000000,0.00000000000000,-12.37470000000000,12.57180000000000,0.00000000000000
ruffle.exe,12960,0x0000000000000000,Other,-1,0,0,53.18396210000000,0.00000000000000,39.03760000000000,0,Composed: Copy with GPU GDI,0.59550000000000,6.79410000000000,33.29490000000000,0.00000000000000,-12.51020000000000,12.50620000000000,0.00000000000000
ruffle.exe,12960,0x0000000000000000,Other,-1,0,0,53.21331510000000,0.00000000000000,29.35300000000000,0,Composed: Copy with GPU GDI,0.62290000000000,10.76710000000000,33.32600000000000,0.00000000000000,-11.78030000000000,11.76740000000000,0.00000000000000
ruffle.exe,12960,0x0000000000000000,Other,-1,0,0,53.24130650000000,0.00000000000000,27.99140000000000,0,Composed: Copy with GPU GDI,0.64270000000000,16.14630000000000,33.37060000000000,0.00000000000000,-10.04920000000000,10.19560000000000,0.00000000000000
ruffle.exe,12960,0x0000000000000000,Other,-1,0,0,53.28262110000000,0.00000000000000,41.31460000000000,0,Composed: Copy with GPU GDI,0.61800000000000,8.14080000000000,33.30910000000000,0.00000000000000,-11.56830000000000,11.55490000000000,0.00000000000000
ruffle.exe,12960,0x0000000000000000,Other,-1,0,0,53.30874420000000,0.00000000000000,26.12310000000000,0,Composed: Copy with GPU GDI,0.58840000000000,15.33560000000000,33.31790000000000,0.00000000000000,-10.82580000000000,10.66300000000000,0.00000000000000
ruffle.exe,12960,0x0000000000000000,Other,-1,0,0,53.33921580000000,0.00000000000000,30.47160000000000,0,Composed: Copy with GPU GDI,0.61320000000000,18.22320000000000,33.35920000000000,0.00000000000000,-10.85500000000000,10.94030000000000,0.00000000000000
ruffle.exe,12960,0x0000000000000000,Other,-1,0,0,53.37781640000001,0.00000000000000,38.60060000000000,0,Composed: Copy with GPU GDI,0.65740000000000,12.94600000000000,33.32340000000000,0.00000000000000,-12.58070000000000,12.79340000000000,0.00000000000000
ruffle.exe,12960,0x0000000000000000,Other,-1,0,0,53.41016000000000,0.00000000000000,32.34360000000000,0,Composed: Copy with GPU GDI,0.59850000000000,13.95010000000000,33.34770000000000,0.00000000000000,-12.92090000000000,12.99720000000000,0.00000000000000
ruffle.exe,12960,0x0000000000000000,Other,-1,0,0,53.44150110000000,0.00000000000000,31.34110000000000,0,Composed: Copy with GPU GDI,0.60440000000000,15.94670000000000,33.33770000000000,0.00000000000000,-10.05630000000000,10.14360000000000,0.00000000000000
ruffle.exe,12960,0x0000000000000000,Other,-1,0,0,53.47378920000000,0.00000000000000,32.28810000000000,0,Composed: Copy with GPU GDI,0.61310000000000,16.98560000000000,33.32700000000000,0.00000000000000,-11.56430000000000,11.56910000000000,0.00000000000000
ruffle.exe,12960,0x0000000000000000,Other,-1,0,0,53.61465610000000,0.00000000000000,140.86690000000002,0,Composed: Copy with GPU GDI,0.87270000000000,9.47770000000000,133.35900000000001,0.00000000000000,-15.87160000000000,15.97510000000000,0.00000000000000
ruffle.exe,12960,0x0000000000000000,Other,-1,0,0,53.63474130000000,0.00000000000000,20.08520000000000,0,Composed: Copy with GPU GDI,0.82810000000000,6.04750000000000,16.65500000000000,0.00000000000000,-13.19700000000000,13.28220000000000,0.00000000000000
ruffle.exe,12960,0x0000000000000000,Other,-1,0,0,53.65392700000000,0.00000000000000,19.18570000000000,0,Composed: Copy with GPU GDI,0.58470000000000,20.22140000000000,33.35960000000000,0.00000000000000,-10.20400000000000,10.17800000000000,0.00000000000000
ruffle.exe,12960,0x0000000000000000,Other,-1,0,0,53.67889940000001,0.00000000000000,24.97240000000000,0,Composed: Copy with GPU GDI,0.56540000000000,11.87040000000000,16.62140000000000,0.00000000000000,-12.03280000000000,11.82230000000000,0.00000000000000
ruffle.exe,12960,0x0000000000000000,Other,-1,0,0,53.70987450000000,0.00000000000000,30.97510000000000,0,Composed: Copy with GPU GDI,0.64810000000000,14.27080000000000,33.37550000000000,0.00000000000000,-10.67210000000000,10.69100000000000,0.00000000000000
ruffle.exe,12960,0x0000000000000000,Other,-1,0,0,53.74265100000000,0.00000000000000,32.77650000000000,0,Composed: Copy with GPU GDI,0.59760000000000,14.81520000000000,33.32090000000000,0.00000000000000,-10.70450000000000,10.73660000000000,0.00000000000000
ruffle.exe,12960,0x0000000000000000,Other,-1,0,0,53.77182820000000,0.00000000000000,29.17720000000000,0,Composed: Copy with GPU GDI,0.57310000000000,18.98230000000000,33.34430000000000,0.00000000000000,-11.04990000000000,11.02490000000000,0.00000000000000
ruffle.exe,12960,0x0000000000000000,Other,-1,0,0,53.81015100000000,0.00000000000000,38.32280000000000,0,Composed: Copy with GPU GDI,0.57870000000000,13.98510000000000,33.32560000000000,0.00000000000000,-12.98580000000000,12.99740000000000,0.00000000000000
ruffle.exe,12960,0x0000000000000000,Other,-1,0,0,53.84137620000000,0.00000000000000,31.22520000000000,0,Composed: Copy with GPU GDI,0.61900000000000,16.09660000000000,33.33670000000000,0.00000000000000,-12.02190000000000,12.14290000000000,0.00000000000000
ruffle.exe,12960,0x0000000000000000,Other,-1,0,0,53.87242450000000,0.00000000000000,31.04830000000000,0,Composed: Copy with GPU GDI,0.57350000000000,18.38590000000000,33.33760000000000,0.00000000000000,-11.37080000000000,11.37930000000000,0.00000000000000
ruffle.exe,12960,0x0000000000000000,Other,-1,0,0,53.91221350000000,0.00000000000000,39.78900000000000,0,Composed: Copy with GPU GDI,0.65780000000000,11.95940000000000,33.36250000000000,0.00000000000000,-14.88740000000000,11.15550000000000,0.00000000000000
ruffle.exe,12960,0x0000000000000000,Other,-1,0,0,53.94571380000000,0.00000000000000,33.50030000000000,0,Composed: Copy with GPU GDI,0.60760000000000,11.78950000000000,33.33040000000000,0.00000000000000,-11.03390000000000,11.03050000000000,0.00000000000000
ruffle.exe,12960,0x0000000000000000,Other,-1,0,0,53.97432640000000,0.00000000000000,28.61260000000000,0,Composed: Copy with GPU GDI,0.81860000000000,16.50160000000000,33.32470000000000,0.00000000000000,-11.11200000000000,11.20910000000000,0.00000000000000
ruffle.exe,12960,0x0000000000000000,Other,-1,0,0,54.01478520000000,0.00000000000000,40.45880000000000,0,Composed: Copy with GPU GDI,0.62970000000000,9.39110000000000,33.34830000000000,0.00000000000000,-12.99430000000000,12.94400000000000,0.00000000000000
ruffle.exe,12960,0x0000000000000000,Other,-1,0,0,54.04690950000001,0.00000000000000,32.12430000000000,0,Composed: Copy with GPU GDI,0.59870000000000,10.57930000000000,33.31250000000000,0.00000000000000,-12.24660000000000,12.30190000000000,0.00000000000000
ruffle.exe,12960,0x0000000000000000,Other,-1,0,0,54.07486820000000,0.00000000000000,27.95870000000000,0,Composed: Copy with GPU GDI,0.60080000000000,15.96930000000000,33.34870000000000,0.00000000000000,-11.49900000000000,11.56860000000000,0.00000000000000
ruffle.exe,12960,0x0000000000000000,Other,-1,0,0,54.10722440000000,0.00000000000000,32.35620000000000,0,Composed: Copy with GPU GDI,0.58380000000000,16.93670000000000,33.32360000000000,0.00000000000000,-10.37000000000000,10.32980000000000,0.00000000000000
ruffle.exe,12960,0x0000000000000000,Other,-1,0,0,54.13895370000000,0.00000000000000,31.72930000000000,0,Composed: Copy with GPU GDI,0.58240000000000,18.55400000000000,33.34660000000000,0.00000000000000,-11.10140000000000,11.05370000000000,0.00000000000000
ruffle.exe,12960,0x0000000000000000,Other,-1,0,0,54.17865850000000,0.00000000000000,39.70480000000000,0,Composed: Copy with GPU GDI,0.87570000000000,12.18440000000000,33.33520000000000,0.00000000000000,-12.37080000000000,11.85270000000000,0.00000000000000
ruffle.exe,12960,0x0000000000000000,Other,-1,0,0,54.21394660000001,0.00000000000000,35.28810000000000,0,Composed: Copy with GPU GDI,0.86200000000000,10.22460000000000,33.32830000000000,0.00000000000000,-11.40760000000000,11.39950000000000,0.00000000000000
ruffle.exe,12960,0x0000000000000000,Other,-1,0,0,54.24809860000000,0.00000000000000,34.15200000000000,0,Composed: Copy with GPU GDI,0.58360000000000,9.43080000000000,33.35820000000000,0.00000000000000,-12.39850000000000,12.35430000000000,0.00000000000000
ruffle.exe,12960,0x0000000000000000,Other,-1,0,0,54.28320910000000,0.00000000000000,35.11050000000000,0,Composed: Copy with GPU GDI,0.58580000000000,7.68770000000000,33.36740000000000,0.00000000000000,-13.43580000000000,13.39480000000000,0.00000000000000
ruffle.exe,12960,0x0000000000000000,Other,-1,0,0,54.31977110000000,0.00000000000000,36.56200000000000,0,Composed: Copy with GPU GDI,0.87980000000000,21.11890000000000,49.99320000000000,0.00000000000000,-16.78310000000000,11.33720000000000,0.00000000000000
ruffle.exe,12960,0x0000000000000000,Other,-1,0,0,54.35152930000000,0.00000000000000,31.75820000000000,0,Composed: Copy with GPU GDI,0.83820000000000,6.02010000000000,16.65940000000000,0.00000000000000,-11.49120000000000,11.50590000000000,0.00000000000000
ruffle.exe,12960,0x0000000000000000,Other,-1,0,0,54.38523880000000,0.00000000000000,33.70950000000000,0,Composed: Copy with GPU GDI,0.90430000000000,5.57970000000000,33.26910000000000,0.00000000000000,-14.45800000000000,11.80120000000000,0.00000000000000
ruffle.exe,12960,0x0000000000000000,Other,-1,0,0,54.41483280000000,0.00000000000000,29.59400000000000,0,Composed: Copy with GPU GDI,0.66190000000000,9.44450000000000,33.45880000000000,0.00000000000000,-10.92280000000000,10.92300000000000,6.41590000000000
ruffle.exe,12960,0x0000000000000000,Other,-1,0,0,54.42988240000000,0.00000000000000,15.04960000000000,0,Composed: Copy with GPU GDI,0.94760000000000,10.97700000000000,16.58210000000000,0.00000000000000,-13.36520000000000,6.95260000000000,0.00000000000000
ruffle.exe,12960,0x0000000000000000,Other,-1,0,0,54.46342670000001,0.00000000000000,33.54430000000000,0,Composed: Copy with GPU GDI,0.62320000000000,10.78350000000000,33.35080000000000,0.00000000000000,-12.38400000000000,12.35870000000000,23.02670000000000
ruffle.exe,12960,0x0000000000000000,Other,-1,0,0,54.49233350000000,0.00000000000000,28.90680000000000,0,Composed: Copy with GPU GDI,0.64940000000000,15.21280000000000,33.33610000000000,0.00000000000000,-13.54010000000000,13.53400000000000,21.91110000000000
ruffle.exe,12960,0x0000000000000000,Other,-1,0,0,54.74586960000000,0.00000000000000,253.53610000000000,0,Composed: Copy with GPU GDI,0.64950000000000,11.68980000000000,250.01310000000001,0.00000000000000,-14.93200000000000,11.69790000000000,0.00000000000000
ruffle.exe,12960,0x0000000000000000,Other,-1,0,0,54.80704340000000,0.00000000000000,61.17380000000000,0,Composed: Copy with GPU GDI,0.87460000000000,17.24390000000000,66.72790000000001,0.00000000000000,-13.57090000000000,13.42490000000000,0.00000000000000
ruffle.exe,12960,0x0000000000000000,Other,-1,0,0,54.83265490000000,0.00000000000000,25.61150000000000,0,Composed: Copy with GPU GDI,0.90010000000000,8.26770000000000,16.63530000000000,0.00000000000000,-11.38440000000000,11.40320000000000,0.00000000000000
ruffle.exe,12960,0x0000000000000000,Other,-1,0,0,54.86738260000000,0.00000000000000,34.72770000000000,0,Composed: Copy with GPU GDI,0.92050000000000,6.92500000000000,33.38500000000001,0.00000000000000,-13.81000000000000,13.61600000000000,0.00000000000000
ruffle.exe,12960,0x0000000000000000,Other,-1,0,0,54.91377810000000,0.00000000000000,46.39550000000001,0,Composed: Copy with GPU GDI,0.96280000000000,10.51890000000000,49.98940000000000,0.00000000000000,-18.05090000000000,13.31520000000000,0.00000000000000
ruffle.exe,12960,0x0000000000000000,Other,-1,0,0,54.97434510000000,0.00000000000000,60.56700000000000,0,Composed: Copy with GPU GDI,0.91100000000000,16.60660000000000,66.65470000000001,0.00000000000000,-13.47070000000000,13.64370000000000,25.91200000000000
ruffle.exe,12960,0x0000000000000000,Other,-1,0,0,55.00531910000000,0.00000000000000,30.97400000000000,0,Composed: Copy with GPU GDI,0.89500000000000,18.96560000000000,33.33300000000000,0.00000000000000,-14.89930000000000,11.93000000000000,24.90410000000000
ruffle.exe,12960,0x0000000000000000,Other,-1,0,0,55.04204850000000,0.00000000000000,36.72940000000000,0,Composed: Copy with GPU GDI,0.85270000000000,15.54070000000000,33.30450000000000,0.00000000000000,-11.23700000000000,11.31690000000000,23.62260000000000
ruffle.exe,12960,0x0000000000000000,Other,-1,0,0,55.08397980000000,0.00000000000000,41.93130000000000,0,Composed: Copy with GPU GDI,0.88310000000000,6.94430000000000,33.33490000000000,0.00000000000000,-13.40630000000000,13.48880000000000,25.56570000000000
ruffle.exe,12960,0x0000000000000000,Other,-1,0,0,55.13251150000000,0.00000000000000,48.53170000000000,0,Composed: Copy with GPU GDI,0.81070000000000,8.41490000000000,50.00230000000001,0.00000000000000,-12.40260000000000,12.40980000000000,28.07160000000000
ruffle.exe,12960,0x0000000000000000,Other,-1,0,0,55.17227470000000,0.00000000000000,39.76320000000000,0,Composed: Copy with GPU GDI,0.65710000000000,18.66740000000000,50.01570000000000,0.00000000000000,-13.50280000000000,11.20130000000000,27.82540000000000
ruffle.exe,12960,0x0000000000000000,Other,-1,0,0,55.21428910000000,0.00000000000000,42.01440000000000,0,Composed: Copy with GPU GDI,0.68330000000000,9.98530000000000,33.33230000000000,0.00000000000000,-11.13480000000000,11.24190000000000,23.85230000000000
ruffle.exe,12960,0x0000000000000000,Other,-1,0,0,55.26575360000000,0.00000000000000,51.46450000000000,0,Composed: Copy with GPU GDI,0.58790000000000,8.54700000000000,50.02620000000000,0.00000000000000,-11.95360000000000,11.90650000000000,27.31950000000000
ruffle.exe,12960,0x0000000000000000,Other,-1,0,0,55.31035380000000,0.00000000000000,44.60020000000000,0,Composed: Copy with GPU GDI,0.60920000000000,13.91910000000000,49.97230000000000,0.00000000000000,-13.59350000000000,13.57860000000000,25.92020000000000
ruffle.exe,12960,0x0000000000000000,Other,-1,0,0,55.34245050000000,0.00000000000000,32.09670000000000,0,Composed: Copy with GPU GDI,0.65390000000000,15.18590000000000,33.36350000000000,0.00000000000000,-13.59320000000000,13.54170000000000,26.02000000000000
ruffle.exe,12960,0x0000000000000000,Other,-1,0,0,55.37366859999999,0.00000000000000,31.21810000000000,0,Composed: Copy with GPU GDI,0.85710000000000,17.28100000000000,33.31320000000000,0.00000000000000,-14.11280000000000,11.19510000000000,25.21850000000000
ruffle.exe,12960,0x0000000000000000,Other,-1,0,0,55.41057940000000,0.00000000000000,36.91080000000000,0,Composed: Copy with GPU GDI,0.89080000000000,13.69410000000000,33.32390000000000,0.00000000000000,-11.59640000000000,11.59940000000000,24.14990000000000
ruffle.exe,12960,0x0000000000000000,Other,-1,0,0,55.43846940000000,0.00000000000000,27.89000000000000,0,Composed: Copy with GPU GDI,0.91500000000000,19.22990000000000,33.42580000000000,0.00000000000000,-14.58820000000000,11.62620000000000,28.00100000000000
ruffle.exe,12960,0x0000000000000000,Other,-1,0,0,55.46988360000000,0.00000000000000,31.41420000000000,0,Composed: Copy with GPU GDI,0.64880000000000,4.41950000000000,16.60380000000000,0.00000000000000,-10.93330000000000,10.98320000000000,21.44380000000000
ruffle.exe,12960,0x0000000000000000,Other,-1,0,0,55.66403970000000,0.00000000000000,194.15610000000001,0,Composed: Copy with GPU GDI,0.88560000000000,26.98850000000000,216.72510000000000,0.00000000000000,-13.41240000000000,13.47470000000000,51.58440000000000
ruffle.exe,12960,0x0000000000000000,Other,-1,0,0,55.70243140000000,0.00000000000000,38.39170000000000,0,Composed: Copy with GPU GDI,0.91940000000000,5.21640000000000,16.61960000000000,0.00000000000000,-12.45280000000000,12.48780000000000,0.00000000000000
ruffle.exe,12960,0x0000000000000000,Other,-1,0,0,55.73191610000001,0.00000000000000,29.48470000000000,0,Composed: Copy with GPU GDI,0.93660000000000,9.06430000000000,33.33260000000000,0.00000000000000,-13.01130000000000,12.10810000000000,0.00000000000000
ruffle.exe,12960,0x0000000000000000,Other,-1,0,0,55.76376530000000,0.00000000000000,31.84920000000000,0,Composed: Copy with GPU GDI,0.90720000000000,10.55360000000000,33.33850000000000,0.00000000000000,-10.94870000000000,10.98170000000000,0.00000000000000
ruffle.exe,12960,0x0000000000000000,Other,-1,0,0,55.79175460000000,0.00000000000000,27.98930000000000,0,Composed: Copy with GPU GDI,0.64590000000000,15.91350000000000,33.34920000000000,0.00000000000000,-11.02850000000000,10.98950000000000,0.00000000000000
ruffle.exe,12960,0x0000000000000000,Other,-1,0,0,55.82015680000000,0.00000000000000,28.40220000000000,0,Composed: Copy with GPU GDI,0.58150000000000,4.11350000000000,16.60220000000000,0.00000000000000,-10.67970000000000,10.68160000000000,0.00000000000000
ruffle.exe,12960,0x0000000000000000,Other,-1,0,0,55.84187740000000,0.00000000000000,21.72060000000000,0,Composed: Copy with GPU GDI,0.86410000000000,15.77800000000000,33.38510000000000,0.00000000000000,-11.84160000000000,6.92030000000000,17.44320000000000
ruffle.exe,12960,0x0000000000000000,Other,-1,0,0,55.87953190000000,0.00000000000000,37.65450000000000,0,Composed: Copy with GPU GDI,0.86270000000000,11.50190000000000,33.37840000000000,0.00000000000000,-13.36670000000000,13.44710000000000,25.07840000000000
ruffle.exe,12960,0x0000000000000000,Other,-1,0,0,55.91770950000000,0.00000000000000,38.17760000000001,0,Composed: Copy with GPU GDI,0.61780000000000,6.61390000000000,33.28960000000000,0.00000000000000,-12.17830000000000,12.13660000000000,31.23620000000000
ruffle.exe,12960,0x0000000000000000,Other,-1,0,0,55.95555290000000,0.00000000000000,37.84340000000000,0,Composed: Copy with GPU GDI,0.83810000000000,18.75840000000000,49.98790000000000,0.00000000000000,-13.15980000000000,13.23620000000000,31.11460000000000
ruffle.exe,12960,0x0000000000000000,Other,-1,0,0,55.99016170000000,0.00000000000000,34.60880000000000,0,Composed: Copy with GPU GDI,0.85730000000000,17.67580000000000,33.52620000000000,0.00000000000000,-16.02870000000000,11.79640000000000,25.68350000000000
ruffle.exe,12960,0x0000000000000000,Other,-1,0,0,56.08513170000000,0.00000000000000,94.97000000000000,0,Composed: Copy with GPU GDI,0.81790000000000,5.90740000000000,83.20160000000000,0.00000000000000,-78.94610000000000,22.86760000000000,50.66080000000000
ruffle.exe,12960,0x0000000000000000,Other,-1,0,0,56.15233100000000,0.00000000000000,67.19930000000001,0,Composed: Copy with GPU GDI,0.92720000000000,22.05120000000000,83.34310000000001,0.00000000000000,-15.17720000000000,15.06520000000000,0.00000000000000
ruffle.exe,12960,0x0000000000000000,Other,-1,0,0,56.19632290000000,0.00000000000000,43.99190000000000,0,Composed: Copy with GPU GDI,0.84380000000000,11.40670000000000,33.34740000000000,0.00000000000000,-12.80780000000000,12.84310000000000,0.00000000000000
ruffle.exe,12960,0x0000000000000000,Other,-1,0,0,56.23675770000001,0.00000000000000,40.43480000000000,0,Composed: Copy with GPU GDI,0.92120000000000,21.02410000000000,50.05220000000000,0.00000000000000,-11.98830000000000,11.98150000000000,0.00000000000000
ruffle.exe,12960,0x0000000000000000,Other,-1,0,0,56.26934310000000,0.00000000000000,32.58540000000000,0,Composed: Copy with GPU GDI,0.89490000000000,5.00860000000000,16.56990000000000,0.00000000000000,-17.73060000000000,11.85680000000000,0.00000000000000
ruffle.exe,12960,0x0000000000000000,Other,-1,0,0,56.46223580000000,0.00000000000000,192.89270000000002,0,Composed: Copy with GPU GDI,0.91450000000000,12.16640000000000,200.05050000000000,0.00000000000000,-175.71120000000002,38.33630000000000,51.75920000000000
ruffle.exe,12960,0x0000000000000000,Other,-1,0,0,56.50016380000000,0.00000000000000,37.92800000000000,0,Composed: Copy with GPU GDI,0.90500000000000,7.55340000000000,33.31500000000000,0.00000000000000,-15.34320000000000,13.03810000000000,0.00000000000000
ruffle.exe,12960,0x0000000000000000,Other,-1,0,0,56.74271960000000,0.00000000000000,242.55580000000000,0,Composed: Copy with GPU GDI,0.90850000000000,15.01440000000000,250.01680000000002,0.00000000000000,-11.75290000000000,11.67790000000000,122.21010000000001
ruffle.exe,12960,0x0000000000000000,Other,-1,0,0,56.80049610000000,0.00000000000000,57.77650000000001,0,Composed: Copy with GPU GDI,0.94150000000000,7.24170000000000,50.00380000000001,0.00000000000000,-15.06190000000000,15.03890000000000,0.00000000000000
ruffle.exe,12960,0x0000000000000000,Other,-1,0,0,56.83112980000001,0.00000000000000,30.63370000000000,0,Composed: Copy with GPU GDI,0.89290000000000,9.94510000000000,33.33710000000000,0.00000000000000,-13.57100000000000,13.63830000000000,0.00000000000000
ruffle.exe,12960,0x0000000000000000,Other,-1,0,0,56.87298030000000,0.00000000000000,41.85050000000000,0,Composed: Copy with GPU GDI,0.83730000000000,18.11950000000000,50.02490000000000,0.00000000000000,-15.61620000000000,11.47790000000000,0.00000000000000
ruffle.exe,12960,0x0000000000000000,Other,-1,0,0,56.91996750000000,0.00000000000000,46.98720000000000,0,Composed: Copy with GPU GDI,0.88170000000000,21.18940000000000,50.05710000000001,0.00000000000000,-11.82650000000000,11.87020000000000,41.31610000000000
ruffle.exe,12960,0x0000000000000000,Other,-1,0,0,56.94629980000000,0.00000000000000,26.33230000000000,0,Composed: Copy with GPU GDI,0.90230000000000,11.47370000000000,16.61660000000000,0.00000000000000,-11.25380000000000,11.21370000000000,43.79400000000000
ruffle.exe,12960,0x0000000000000000,Other,-1,0,0,56.97656570000000,0.00000000000000,30.26590000000000,0,Composed: Copy with GPU GDI,0.89200000000000,14.54570000000000,33.33790000000000,0.00000000000000,-13.75390000000000,11.38820000000000,29.98090000000000
ruffle.exe,12960,0x0000000000000000,Other,-1,0,0,57.01552720000000,0.00000000000000,38.96150000000000,0,Composed: Copy with GPU GDI,0.93470000000000,8.93800000000000,33.35380000000000,0.00000000000000,-13.77570000000000,13.72310000000000,0.00000000000000
ruffle.exe,12960,0x0000000000000000,Other,-1,0,0,57.04736870000000,0.00000000000000,31.84150000000000,0,Composed: Copy with GPU GDI,0.89910000000000,10.40120000000000,33.30470000000000,0.00000000000000,-12.93070000000000,12.84890000000000,56.85240000000000
ruffle.exe,12960,0x0000000000000000,Other,-1,0,0,57.07918520000000,0.00000000000000,31.81650000000000,0,Composed: Copy with GPU GDI,0.89690000000000,11.96360000000000,33.37890000000000,0.00000000000000,-15.48160000000000,11.32010000000000,22.69610000000000
ruffle.exe,12960,0x0000000000000000,Other,-1,0,0,57.11793200000000,0.00000000000000,38.74680000000000,0,Composed: Copy with GPU GDI,0.88550000000000,6.50550000000000,33.28870000000000,0.00000000000000,-11.34920000000000,11.37020000000000,23.40970000000000
ruffle.exe,12960,0x0000000000000000,Other,-1,0,0,57.15347250000001,0.00000000000000,35.54050000000000,0,Composed: Copy with GPU GDI,0.88090000000000,20.99700000000000,50.03200000000000,0.00000000000000,-14.86000000000000,11.44660000000000,26.98960000000000
ruffle.exe,12960,0x0000000000000000,Other,-1,0,0,57.18988610000000,0.00000000000000,36.41360000000000,0,Composed: Copy with GPU GDI,0.89200000000000,17.89980000000000,33.31640000000000,0.00000000000000,-10.88460000000000,10.86460000000000,25.40190000000000
ruffle.exe,12960,0x0000000000000000,Other,-1,0,0,57.23445640000001,0.00000000000000,44.57030000000000,0,Composed: Copy with GPU GDI,0.83440000000000,6.62750000000000,33.29800000000000,0.00000000000000,-13.43040000000000,13.10660000000000,29.96770000000000
ruffle.exe,12960,0x0000000000000000,Other,-1,0,0,57.26813100000000,0.00000000000000,33.67460000000000,0,Composed: Copy with GPU GDI,0.89290000000000,6.37460000000000,33.42170000000000,0.00000000000000,-13.08200000000000,13.04260000000000,23.61600000000000
ruffle.exe,12960,0x0000000000000000,Other,-1,0,0,57.30411110000000,0.00000000000000,35.98010000000000,0,Composed: Copy with GPU GDI,0.88040000000000,20.35560000000000,49.96110000000000,0.00000000000000,-13.70350000000000,11.52840000000000,21.54920000000000
ruffle.exe,12960,0x0000000000000000,Other,-1,0,0,57.33170590000000,0.00000000000000,27.59480000000000,0,Composed: Copy with GPU GDI,0.66270000000000,9.41570000000000,16.65490000000000,0.00000000000000,-10.98100000000000,10.92490000000000,17.18600000000000
ruffle.exe,12960,0x0000000000000000,Other,-1,0,0,57.35281990000000,0.00000000000000,21.11400000000000,0,Composed: Copy with GPU GDI,0.61550000000000,4.93930000000000,16.63760000000000,0.00000000000000,-10.71420000000000,10.63310000000000,16.33530000000000
ruffle.exe,12960,0x0000000000000000,Other,-1,0,0,57.38150000000000,0.00000000000000,28.68010000000000,0,Composed: Copy with GPU GDI,0.85890000000000,9.65910000000000,33.39990000000000,0.00000000000000,-13.98550000000000,11.28620000000000,26.99040000000000
ruffle.exe,12960,0x0000000000000000,Other,-1,0,0,57.41365770000000,0.00000000000000,32.15770000000000,0,Composed: Copy with GPU GDI,0.87880000000000,10.81390000000000,33.31250000000000,0.00000000000000,-11.19340000000000,11.18160000000000,19.15650000000000
ruffle.exe,12960,0x0000000000000000,Other,-1,0,0,57.49561330000000,0.00000000000000,81.95560000000000,0,Composed: Copy with GPU GDI,0.83070000000000,12.18530000000000,83.32700000000000,0.00000000000000,-67.70770000000000,21.35300000000000,23.11300000000000
ruffle.exe,12960,0x0000000000000000,Other,-1,0,0,57.73040760000000,0.00000000000000,234.79430000000002,0,Composed: Copy with GPU GDI,0.84290000000000,10.77900000000000,233.38800000000001,0.00000000000000,-12.88450000000000,13.03560000000000,21.90560000000000
ruffle.exe,12960,0x0000000000000000,Other,-1,0,0,57.77242000000000,0.00000000000000,42.01240000000000,0,Composed: Copy with GPU GDI,0.64240000000000,18.77950000000000,50.01290000000000,0.00000000000000,-11.84260000000000,11.80840000000000,25.87860000000000
ruffle.exe,12960,0x0000000000000000,Other,-1,0,0,57.80212770000000,0.00000000000000,29.70770000000000,0,Composed: Copy with GPU GDI,0.87440000000000,5.67680000000000,16.60500000000000,0.00000000000000,-11.74850000000000,11.81370000000000,23.57280000000000
ruffle.exe,12960,0x0000000000000000,Other,-1,0,0,57.83619020000000,0.00000000000000,34.06250000000000,0,Composed: Copy with GPU GDI,0.89700000000000,5.02930000000000,33.41500000000000,0.00000000000000,-13.72400000000000,13.67480000000000,25.67070000000000
ruffle.exe,12960,0x0000000000000000,Other,-1,0,0,57.86875200000000,0.00000000000000,32.56180000000000,0,Composed: Copy with GPU GDI,0.82550000000000,5.77490000000000,33.30740000000000,0.00000000000000,-12.96970000000000,12.96990000000000,28.23480000000000
ruffle.exe,12960,0x0000000000000000,Other,-1,0,0,57.89201000000001,0.00000000000000,23.25800000000000,0,Composed: Copy with GPU GDI,0.87840000000000,15.85020000000000,33.33330000000000,0.00000000000000,-11.19280000000000,11.21740000000000,17.39500000000000
ruffle.exe,12960,0x0000000000000000,Other,-1,0,0,57.92261570000000,0.00000000000000,30.60570000000000,0,Composed: Copy with GPU GDI,0.86390000000000,18.56600000000000,33.32150000000000,0.00000000000000,-11.32820000000000,11.35890000000000,8.08730000000000
ruffle.exe,12960,0x0000000000000000,Other,-1,0,0,57.96617120000000,0.00000000000000,43.55550000000000,0,Composed: Copy with GPU GDI,0.90750000000000,8.38440000000000,33.37390000000000,0.00000000000000,-16.04730000000000,11.45950000000000,37.66090000000001
ruffle.exe,12960,0x0000000000000000,Other,-1,0,0,57.99517510000000,0.00000000000000,29.00390000000000,0,Composed: Copy with GPU GDI,4.38270000000000,12.71010000000000,33.32960000000000,0.00000000000000,-11.64120000000000,15.79800000000000,0.00000000000000
ruffle.exe,12960,0x0000000000000000,Other,-1,0,0,58.00404110000000,0.00000000000000,8.86600000000000,0,Composed: Copy with GPU GDI,0.62870000000000,20.55830000000000,16.71420000000000,0.00000000000000,-4.48330000000000,1.34440000000000,0.00000000000000
ruffle.exe,12960,0x0000000000000000,Other,-1,0,0,58.03273940000000,0.00000000000000,28.69830000000000,0,Composed: Copy with GPU GDI,0.86160000000000,8.45730000000000,16.59730000000000,0.00000000000000,-10.65420000000000,10.75360000000000,0.00000000000000
ruffle.exe,12960,0x0000000000000000,Other,-1,0,0,58.06115050000000,0.00000000000000,28.41110000000000,0,Composed: Copy with GPU GDI,0.86160000000000,13.38880000000000,33.34260000000000,0.00000000000000,-12.98220000000000,13.10860000000000,0.00000000000000
ruffle.exe,12960,0x0000000000000000,Other,-1,0,0,58.09847540000001,0.00000000000000,37.32490000000000,0,Composed: Copy with GPU GDI,0.87420000000000,9.38290000000000,33.31900000000000,0.00000000000000,-12.97430000000000,13.05950000000000,27.93520000000000
ruffle.exe,12960,0x0000000000000000,Other,-1,0,0,58.21789580000000,0.00000000000000,119.42040000000000,0,Composed: Copy with GPU GDI,0.88160000000000,6.73000000000000,116.76750000000001,0.00000000000000,-101.83990000000000,36.58480000000000,21.38730000000000
ruffle.exe,12960,0x0000000000000000,Other,-1,0,0,58.26708230000001,0.00000000000000,49.18650000000000,0,Composed: Copy with GPU GDI,0.87880000000000,7.46520000000000,49.92170000000000,0.00000000000000,-13.05170000000000,13.13180000000000,24.52580000000000
ruffle.exe,12960,0x0000000000000000,Other,-1,0,0,58.30790670000000,0.00000000000000,40.82440000000000,0,Composed: Copy with GPU GDI,0.82040000000000,16.69660000000000,50.05580000000000,0.00000000000000,-14.05670000000000,14.11000000000000,23.37000000000000
ruffle.exe,12960,0x0000000000000000,Other,-1,0,0,58.33082510000001,0.00000000000000,22.91840000000000,0,Composed: Copy with GPU GDI,0.60360000000000,10.38500000000000,16.60680000000000,0.00000000000000,-11.19550000000000,11.08080000000000,22.28840000000000
ruffle.exe,12960,0x0000000000000000,Other,-1,0,0,58.36656610000000,0.00000000000000,35.74100000000000,0,Composed: Copy with GPU GDI,0.63550000000000,7.98290000000000,33.33890000000000,0.00000000000000,-15.24990000000000,11.13920000000000,28.04410000000000
ruffle.exe,12960,0x0000000000000000,Other,-1,0,0,58.39787190000000,0.00000000000000,31.30580000000000,0,Composed: Copy with GPU GDI,0.64210000000000,10.01750000000000,33.34040000000000,0.00000000000000,-11.32060000000000,11.24580000000000,35.32830000000000
ruffle.exe,12960,0x0000000000000000,Other,-1,0,0,58.42163830000000,0.00000000000000,23.76640000000000,0,Composed: Copy with GPU GDI,0.60240000000000,19.62380000000000,33.37270000000000,0.00000000000000,-10.68320000000000,10.67190000000000,19.12570000000000
ruffle.exe,12960,0x0000000000000000,Other,-1,0,0,58.44053260000000,0.00000000000000,18.89430000000000,0,Composed: Copy with GPU GDI,0.89630000000000,17.38090000000000,16.65140000000000,0.00000000000000,-12.81240000000000,7.13870000000000,21.94280000000000
ruffle.exe,12960,0x0000000000000000,Other,-1,0,0,58.47802640000000,0.00000000000000,37.49380000000000,0,Composed: Copy with GPU GDI,0.87680000000000,13.25920000000000,33.37210000000000,0.00000000000000,-11.22150000000000,11.27630000000000,35.49570000000000
ruffle.exe,12960,0x0000000000000000,Other,-1,0,0,58.73397590000000,0.00000000000000,255.94950000000000,0,Composed: Copy with GPU GDI,0.59570000000000,7.29730000000000,249.98760000000001,0.00000000000000,-60.72290000000000,39.15570000000000,29.40700000000000
ruffle.exe,12960,0x0000000000000000,Other,-1,0,0,58.78414580000000,0.00000000000000,50.16990000000001,0,Composed: Copy with GPU GDI,0.60860000000000,7.10320000000000,49.97580000000000,0.00000000000000,-13.33860000000000,13.30870000000000,25.56620000000000
ruffle.exe,12960,0x0000000000000000,Other,-1,0,0,58.81348100000000,0.00000000000000,29.33520000000000,0,Composed: Copy with GPU GDI,0.84520000000000,11.11430000000000,33.34630000000000,0.00000000000000,-11.14910000000000,11.17580000000000,22.93730000000000
ruffle.exe,12960,0x0000000000000000,Other,-1,0,0,58.85742660000000,0.00000000000000,43.94560000000000,0,Composed: Copy with GPU GDI,0.80460000000000,17.16970000000000,50.00100000000000,0.00000000000000,-15.95900000000000,11.88370000000000,28.89540000000000
ruffle.exe,12960,0x0000000000000000,Other,-1,0,0,58.91316490000001,0.00000000000000,55.73830000000000,0,Composed: Copy with GPU GDI,0.82830000000000,11.47350000000000,50.04210000000000,0.00000000000000,-15.30110000000000,15.27100000000000,28.62340000000000
ruffle.exe,12960,0x0000000000000000,Other,-1,0,0,58.93948180000000,0.00000000000000,26.31690000000000,0,Composed: Copy with GPU GDI,0.92420000000000,18.46090000000000,33.30430000000000,0.00000000000000,-15.50280000000000,11.47370000000000,24.96170000000000
ruffle.exe,12960,0x0000000000000000,Other,-1,0,0,58.97452760000000,0.00000000000000,35.04580000000000,0,Composed: Copy with GPU GDI,0.88310000000000,16.76860000000000,33.35350000000000,0.00000000000000,-11.62290000000000,11.75700000000000,19.97540000000000
ruffle.exe,12960,0x0000000000000000,Other,-1,0,0,59.00496260000000,0.00000000000000,30.43500000000000,0,Composed: Copy with GPU GDI,0.91520000000000,19.75860000000000,33.42500000000000,0.00000000000000,-14.36720000000000,11.51050000000000,28.42250000000000
ruffle.exe,12960,0x0000000000000000,Other,-1,0,0,59.03951670000000,0.00000000000000,34.55410000000000,0,Composed: Copy with GPU GDI,0.98810000000000,18.46150000000000,33.25700000000001,0.00000000000000,-12.52780000000000,12.30760000000000,30.95370000000000
ruffle.exe,12960,0x0000000000000000,Other,-1,0,0,59.06914930000000,0.00000000000000,29.63260000000000,0,Composed: Copy with GPU GDI,0.90050000000000,5.48560000000000,16.65670000000000,0.00000000000000,-11.63180000000000,11.47280000000000,20.57750000000000
ruffle.exe,12960,0x0000000000000000,Other,-1,0,0,59.10346610000000,0.00000000000000,34.31680000000000,0,Composed: Copy with GPU GDI,0.83620000000000,21.19230000000000,50.02350000000001,0.00000000000000,-13.07600000000000,13.16220000000000,24.90190000000000
ruffle.exe,12960,0x0000000000000000,Other,-1,0,0,59.13525520000000,0.00000000000000,31.78910000000000,0,Composed: Copy with GPU GDI,0.87750000000000,6.03570000000000,16.63250000000000,0.00000000000000,-12.73830000000000,12.64750000000000,24.68710000000000
ruffle.exe,12960,0x0000000000000000,Other,-1,0,0,59.16735220000000,0.00000000000000,32.09700000000000,0,Composed: Copy with GPU GDI,0.90690000000000,23.91400000000000,49.97530000000000,0.00000000000000,-12.29690000000000,12.04910000000000,26.79350000000000
ruffle.exe,12960,0x0000000000000000,Other,-1,0,0,59.19117320000000,0.00000000000000,23.82100000000000,0,Composed: Copy with GPU GDI,0.91080000000000,16.85000000000000,16.75700000000000,0.00000000000000,-10.54380000000000,10.69260000000000,24.52510000000000
ruffle.exe,12960,0x0000000000000000,Other,-1,0,0,59.21454690000000,0.00000000000000,23.37370000000000,0,Composed: Copy with GPU GDI,0.89250000000000,10.17150000000000,16.69520000000000,0.00000000000000,-11.34060000000000,11.33770000000000,0.00000000000000
ruffle.exe,12960,0x0000000000000000,Other,-1,0,0,59.24018430000000,0.00000000000000,25.63740000000000,0,Composed: Copy with GPU GDI,0.70120000000000,17.76790000000000,33.23380000000000,0.00000000000000,-13.90270000000000,6.98190000000000,23.61180000000000
ruffle.exe,12960,0x0000000000000000,Other,-1,0,0,59.27033900000000,0.00000000000000,30.15470000000000,0,Composed: Copy with GPU GDI,0.69300000000000,21.00860000000000,33.39540000000000,0.00000000000000,-10.85250000000000,10.88200000000000,21.79500000000000
ruffle.exe,12960,0x0000000000000000,Other,-1,0,0,59.30290650000000,0.00000000000000,32.56750000000000,0,Composed: Copy with GPU GDI,0.90060000000000,5.11600000000000,16.67490000000000,0.00000000000000,-13.36810000000000,13.28470000000000,24.34030000000000
ruffle.exe,12960,0x0000000000000000,Other,-1,0,0,59.34395300000000,0.00000000000000,41.04650000000000,0,Composed: Copy with GPU GDI,0.96870000000000,14.01340000000000,49.94390000000000,0.00000000000000,-16.51370000000000,13.25220000000000,33.35340000000000
ruffle.exe,12960,0x0000000000000000,Other,-1,0,0,59.40628490000000,0.00000000000000,62.33190000000000,0,Composed: Copy with GPU GDI,0.89530000000000,18.37250000000000,66.69100000000000,0.00000000000000,-41.60330000000000,13.61060000000000,25.71400000000000
ruffle.exe,12960,0x0000000000000000,Other,-1,0,0,59.46184950000000,0.00000000000000,55.56460000000001,0,Composed: Copy with GPU GDI,0.88060000000000,12.83010000000000,50.02220000000001,0.00000000000000,-16.74590000000000,12.82820000000000,35.27600000000000
ruffle.exe,12960,0x0000000000000000,Other,-1,0,0,59.51205410000000,0.00000000000000,50.20460000000000,0,Composed: Copy with GPU GDI,0.87540000000000,12.62340000000000,49.99790000000000,0.00000000000000,-12.89980000000000,12.87930000000000,29.50180000000000
ruffle.exe,12960,0x0000000000000000,Other,-1,0,0,59.80957910000000,0.00000000000000,297.52500000000003,0,Composed: Copy with GPU GDI,0.87480000000000,15.09360000000000,299.99520000000001,0.00000000000000,-13.59720000000000,13.54180000000000,24.96890000000000
ruffle.exe,12960,0x0000000000000000,Other,-1,0,0,59.86983300000000,0.00000000000000,60.25390000000000,0,Composed: Copy with GPU GDI,0.86170000000000,21.51490000000000,66.67520000000000,0.00000000000000,-19.40400000000000,13.27130000000000,39.24730000000000
ruffle.exe,12960,0x0000000000000000,Other,-1,0,0,59.90809620000000,0.00000000000000,38.26320000000000,0,Composed: Copy with GPU GDI,0.88660000000000,16.57650000000000,33.32480000000000,0.00000000000000,-9.93670000000000,10.06540000000000,21.49460000000000
ruffle.exe,12960,0x0000000000000000,Other,-1,0,0,59.95807820000000,0.00000000000000,49.98200000000000,0,Composed: Copy with GPU GDI,0.87440000000000,16.65400000000000,50.05950000000000,0.00000000000000,-15.43960000000000,10.74890000000000,25.51950000000000
ruffle.exe,12960,0x0000000000000000,Other,-1,0,0,60.00650520000000,0.00000000000000,48.42700000000000,0,Composed: Copy with GPU GDI,0.86290000000000,18.20560000000000,49.97860000000000,0.00000000000000,-11.44190000000000,11.59180000000000,25.90940000000000
ruffle.exe,12960,0x0000000000000000,Other,-1,0,0,60.05064920000000,0.00000000000000,44.14400000000001,0,Composed: Copy with GPU GDI,0.90250000000000,24.07290000000000,50.01130000000001,0.00000000000000,-16.80280000000000,12.51730000000000,32.01420000000000
ruffle.exe,12960,0x0000000000000000,Other,-1,0,0,60.10529400000000,0.00000000000000,54.64480000000000,0,Composed: Copy with GPU GDI,0.88100000000000,19.43340000000000,50.00530000000001,0.00000000000000,-9.95930000000000,10.01720000000000,24.70960000000000
ruffle.exe,12960,0x0000000000000000,Other,-1,0,0,60.14369480000000,0.00000000000000,38.40080000000000,0,Composed: Copy with GPU GDI,0.92610000000000,31.08230000000000,50.04970000000000,0.00000000000000,-17.60710000000000,10.70250000000000,31.11790000000000
ruffle.exe,12960,0x0000000000000000,Other,-1,0,0,60.19693240000000,0.00000000000000,53.23760000000000,0,Composed: Copy with GPU GDI,0.92290000000000,11.13100000000000,33.28630000000000,0.00000000000000,-9.85110000000000,9.89430000000000,22.33810000000000
ruffle.exe,12960,0x0000000000000000,Other,-1,0,0,60.24943110000000,0.00000000000000,52.49870000000000,0,Composed: Copy with GPU GDI,0.98660000000000,41.95820000000001,83.32590000000000,0.00000000000000,-20.41320000000000,12.61750000000000,34.81410000000000
ruffle.exe,12960,0x0000000000000000,Other,-1,0,0,60.33779870000000,0.00000000000000,88.36760000000001,0,Composed: Copy with GPU GDI,0.95280000000000,20.28520000000000,66.69460000000001,0.00000000000000,-11.32680000000000,10.92550000000000,21.18000000000000
ruffle.exe,12960,0x0000000000000000,Other,-1,0,0,60.38061430000000,0.00000000000000,42.81560000000000,0,Composed: Copy with GPU GDI,0.89230000000000,27.45890000000000,49.98930000000000,0.00000000000000,-14.71750000000000,10.22330000000000,32.01940000000000
ruffle.exe,12960,0x0000000000000000,Other,-1,0,0,60.41504990000000,0.00000000000000,34.43560000000000,0,Composed: Copy with GPU GDI,0.86000000000000,9.70890000000000,16.68560000000000,0.00000000000000,-14.41420000000000,10.15000000000000,0.00000000000000
ruffle.exe,12960,0x0000000000000000,Other,-1,0,0,60.44507460000000,0.00000000000000,30.02470000000000,0,Composed: Copy with GPU GDI,0.88690000000000,29.74980000000000,50.06560000000000,0.00000000000000,-9.82370000000000,9.83640000000000,0.00000000000000
ruffle.exe,12960,0x0000000000000000,Other,-1,0,0,60.48546850000000,0.00000000000000,40.39390000000000,0,Composed: Copy with GPU GDI,0.75130000000000,22.69570000000000,33.33980000000000,0.00000000000000,-19.09810000000000,12.32380000000000,0.00000000000000
ruffle.exe,12960,0x0000000000000000,Other,-1,0,0,60.84540510000001,0.00000000000000,359.93660000000000,0,Composed: Copy with GPU GDI,0.95410000000000,29.38420000000000,366.62510000000003,0.00000000000000,-11.74930000000000,11.61070000000000,86.62020000000001
ruffle.exe,12960,0x0000000000000000,Other,-1,0,0,60.87913240000000,0.00000000000000,33.72730000000000,0,Composed: Copy with GPU GDI,0.86080000000000,12.33680000000000,16.67990000000000,0.00000000000000,-14.55330000000000,10.37210000000000,0.00000000000000
ruffle.exe,12960,0x0000000000000000,Other,-1,0,0,60.90757850000001,0.00000000000000,28.44610000000000,0,Composed: Copy with GPU GDI,0.82220000000000,17.19770000000000,33.30700000000000,0.00000000000000,-9.93180000000000,9.96480000000000,0.00000000000000
ruffle.exe,12960,0x0000000000000000,Other,-1,0,0,60.94194040000000,0.00000000000000,34.36190000000000,0,Composed: Copy with GPU GDI,0.90630000000000,16.19540000000000,33.35960000000000,0.00000000000000,-15.35960000000000,10.44150000000000,0.00000000000000
ruffle.exe,12960,0x0000000000000000,Other,-1,0,0,60.97739560000000,0.00000000000000,35.45520000000000,0,Composed: Copy with GPU GDI,0.90910000000000,14.07930000000000,33.33910000000000,0.00000000000000,-9.87660000000000,9.89630000000000,0.00000000000000
ruffle.exe,12960,0x0000000000000000,Other,-1,0,0,61.02377930000000,0.00000000000000,46.38370000000000,0,Composed: Copy with GPU GDI,0.90460000000000,17.72850000000000,50.03290000000001,0.00000000000000,-17.02500000000000,10.66690000000000,0.00000000000000
ruffle.exe,12960,0x0000000000000000,Other,-1,0,0,61.06215060000000,0.00000000000000,38.37130000000001,0,Composed: Copy with GPU GDI,0.89200000000000,12.66350000000000,33.30630000000000,0.00000000000000,-11.77620000000000,11.72280000000000,25.55190000000000
ruffle.exe,12960,0x0000000000000000,Other,-1,0,0,61.10689330000000,0.00000000000000,44.74270000000000,0,Composed: Copy with GPU GDI,0.85100000000000,17.89130000000000,49.97050000000000,0.00000000000000,-17.77770000000000,12.18520000000000,32.26850000000000
ruffle.exe,12960,0x0000000000000000,Other,-1,0,0,61.13419620000000,0.00000000000000,27.30290000000000,0,Composed: Copy with GPU GDI,0.84990000000000,7.27580000000000,16.68740000000000,0.00000000000000,-9.93770000000000,9.92930000000000,19.55700000000000
ruffle.exe,12960,0x0000000000000000,Other,-1,0,0,61.17140280000000,0.00000000000000,37.20660000000000,0,Composed: Copy with GPU GDI,0.92700000000000,20.07880000000000,50.00960000000000,0.00000000000000,-14.52260000000000,10.47790000000000,26.78650000000000
ruffle.exe,12960,0x0000000000000000,Other,-1,0,0,61.21715240000000,0.00000000000000,45.74960000000000,0,Composed: Copy with GPU GDI,1.14410000000000,7.68690000000000,33.35770000000000,0.00000000000000,-15.30780000000000,10.66660000000000,24.53740000000000
ruffle.exe,12960,0x0000000000000000,Other,-1,0,0,61.27346690000000,0.00000000000000,56.31450000000000,0,Composed: Copy with GPU GDI,0.83410000000000,18.00490000000000,66.63250000000001,0.00000000000000,-11.73670000000000,11.70540000000000,26.83960000000000
ruffle.exe,12960,0x0000000000000000,Other,-1,0,0,61.30926520000001,0.00000000000000,35.79830000000000,0,Composed: Copy with GPU GDI,0.86440000000000,15.56760000000000,33.36100000000000,0.00000000000000,-12.85100000000000,12.98420000000000,22.65150000000000
ruffle.exe,12960,0x0000000000000000,Other,-1,0,0,61.35887550000000,0.00000000000000,49.61030000000000,0,Composed: Copy with GPU GDI,0.91830000000000,15.94710000000000,49.98980000000000,0.00000000000000,-18.54270000000000,13.46810000000000,34.24280000000000
ruffle.exe,12960,0x0000000000000000,Other,-1,0,0,61.41774660000000,0.00000000000000,58.87110000000001,0,Composed: Copy with GPU GDI,0.87850000000000,7.08030000000000,50.00430000000000,0.00000000000000,-12.77210000000000,12.78280000000000,31.11420000000000
ruffle.exe,12960,0x0000000000000000,Other,-1,0,0,61.47254240000000,0.00000000000000,54.79580000000000,0,Composed: Copy with GPU GDI,0.92460000000000,18.95480000000000,66.67030000000000,0.00000000000000,-12.75530000000000,12.71580000000000,21.92890000000000
ruffle.exe,12960,0x0000000000000000,Other,-1,0,0,61.72624520000000,0.00000000000000,253.70280000000002,0,Composed: Copy with GPU GDI,0.92110000000000,31.97430000000000,266.72230000000002,0.00000000000000,-18.63010000000000,13.37650000000000,83.62610000000001
ruffle.exe,12960,0x0000000000000000,Other,-1,0,0,61.76978180000000,0.00000000000000,43.53660000000000,0,Composed: Copy with GPU GDI,0.96950000000000,21.75940000000000,33.32170000000000,0.00000000000000,-13.54140000000000,12.70220000000000,0.00000000000000
ruffle.exe,12960,0x0000000000000000,Other,-1,0,0,61.82227710000000,0.00000000000000,52.49530000000000,0,Composed: Copy with GPU GDI,0.96070000000000,19.28550000000000,50.02140000000000,0.00000000000000,-19.20690000000000,11.24520000000000,37.62200000000000
ruffle.exe,12960,0x0000000000000000,Other,-1,0,0,61.86556800000000,0.00000000000000,43.29090000000000,0,Composed: Copy with GPU GDI,0.90350000000000,26.02450000000000,50.02990000000000,0.00000000000000,-11.93680000000000,11.85660000000000,0.00000000000000
ruffle.exe,12960,0x0000000000000000,Other,-1,0,0,61.93601120000000,0.00000000000000,70.44320000000000,0,Composed: Copy with GPU GDI,0.93150000000000,22.26930000000000,66.68800000000000,0.00000000000000,-23.35190000000000,14.46520000000000,0.00000000000000
ruffle.exe,12960,0x0000000000000000,Other,-1,0,0,61.99115290000000,0.00000000000000,55.14170000000000,0,Composed: Copy with GPU GDI,0.98400000000000,17.08050000000000,49.95290000000000,0.00000000000000,-12.89290000000000,12.75740000000000,0.00000000000000
ruffle.exe,12960,0x0000000000000000,Other,-1,0,0,62.03198930000000,0.00000000000000,40.83640000000000,0,Composed: Copy with GPU GDI,0.93470000000000,26.25910000000000,50.01500000000000,0.00000000000000,-16.15810000000000,10.91110000000000,0.00000000000000
ruffle.exe,12960,0x0000000000000000,Other,-1,0,0,62.08702790000000,0.00000000000000,55.03860000000000,0,Composed: Copy with GPU GDI,0.94390000000000,54.54950000000000,83.32900000000001,0.00000000000000,-13.01030000000000,12.86010000000000,0.00000000000000
ruffle.exe,12960,0x0000000000000000,Other,-1,0,0,62.14618860000000,0.00000000000000,59.16070000000001,0,Composed: Copy with GPU GDI,0.98420000000000,28.71920000000000,33.33040000000000,0.00000000000000,-24.89910000000000,11.71640000000000,0.00000000000000
ruffle.exe,12960,0x0000000000000000,Other,-1,0,0,62.20824900000000,0.00000000000000,62.06040000000000,0,Composed: Copy with GPU GDI,0.92340000000000,50.09960000000000,83.44080000000001,0.00000000000000,-18.60060000000000,14.87490000000000,0.00000000000000
ruffle.exe,12960,0x0000000000000000,Other,-1,0,0,62.26480190000000,0.00000000000000,56.55290000000000,0,Composed: Copy with GPU GDI,0.66930000000000,26.80380000000000,33.25710000000000,0.00000000000000,-16.83580000000000,12.35820000000000,0.00000000000000
ruffle.exe,12960,0x0000000000000000,Other,-1,0,0,62.30198800000000,0.00000000000000,37.18610000000000,0,Composed: Copy with GPU GDI,1.18790000000000,39.58650000000000,49.96880000000000,0.00000000000000,-12.49340000000000,11.89830000000000,0.00000000000000
ruffle.exe,12960,0x0000000000000000,Other,-1,0,0,62.37132050000000,0.00000000000000,69.33250000000001,0,Composed: Copy with GPU GDI,0.95790000000000,20.29800000000000,50.04400000000000,0.00000000000000,-20.46980000000000,13.22180000000000,54.67240000000000
ruffle.exe,12960,0x0000000000000000,Other,-1,0,0,62.41548650000000,0.00000000000000,44.16600000000000,0,Composed: Copy with GPU GDI,0.86960000000000,9.43020000000000,33.29820000000000,0.00000000000000,-11.77020000000000,11.81380000000000,0.00000000000000
ruffle.exe,12960,0x0000000000000000,Other,-1,0,0,62.45091440000000,0.00000000000000,35.42790000000000,0,Composed: Copy with GPU GDI,0.85740000000000,24.05200000000000,50.04970000000000,0.00000000000000,-13.82290000000000,11.52840000000000,52.19220000000000
ruffle.exe,12960,0x0000000000000000,Other,-1,0,0,62.48277570000000,0.00000000000000,31.86130000000000,0,Composed: Copy with GPU GDI,0.87720000000000,8.82420000000000,16.63350000000000,0.00000000000000,-14.04310000000000,10.98090000000000,0.00000000000000
ruffle.exe,12960,0x0000000000000000,Other,-1,0,0,62.72855130000000,0.00000000000000,245.77560000000003,0,Composed: Copy with GPU GDI,0.94430000000000,13.11540000000000,250.06680000000000,0.00000000000000,-12.17350000000000,11.99600000000000,57.87760000000000
ruffle.exe,12960,0x0000000000000000,Other,-1,0,0,62.78720830000000,0.00000000000000,58.65700000000000,0,Composed: Copy with GPU GDI,0.94800000000000,21.07870000000000,66.62030000000000,0.00000000000000,-14.72190000000000,14.54790000000000,0.00000000000000
ruffle.exe,12960,0x0000000000000000,Other,-1,0,0,62.83573410000000,0.00000000000000,48.52580000000000,0,Composed: Copy with GPU GDI,0.92970000000000,5.90130000000000,33.34840000000001,0.00000000000000,-17.80630000000000,13.06830000000000,31.06740000000000
ruffle.exe,12960,0x0000000000000000,Other,-1,0,0,62.89080370000000,0.00000000000000,55.06960000000000,0,Composed: Copy with GPU GDI,0.91230000000000,17.48850000000000,66.65680000000000,0.00000000000000,-12.86200000000000,12.67610000000000,32.09480000000000
ruffle.exe,12960,0x0000000000000000,Other,-1,0,0,62.93701110000001,0.00000000000000,46.20740000000000,0,Composed: Copy with GPU GDI,0.91070000000000,21.29800000000000,50.01690000000000,0.00000000000000,-17.71080000000000,11.90280000000000,36.30770000000000
ruffle.exe,12960,0x0000000000000000,Other,-1,0,0,62.99981920000000,0.00000000000000,62.80810000000000,0,Composed: Copy with GPU GDI,0.91910000000000,8.51350000000000,50.02360000000000,0.00000000000000,-14.66450000000000,14.49630000000000,37.13380000000000
ruffle.exe,12960,0x0000000000000000,Other,-1,0,0,63.06963170000000,0.00000000000000,69.81250000000000,0,Composed: Copy with GPU GDI,0.96240000000000,22.04180000000000,83.34080000000000,0.00000000000000,-20.08140000000000,13.31330000000000,36.90600000000000
ruffle.exe,12960,0x0000000000000000,Other,-1,0,0,63.15332210000000,0.00000000000000,83.69040000000001,0,Composed: Copy with GPU GDI,0.97360000000000,21.66620000000000,83.31480000000001,0.00000000000000,-13.20140000000000,13.08190000000000,34.59180000000000
ruffle.exe,12960,0x0000000000000000,Other,-1,0,0,63.20533160000000,0.00000000000000,52.00950000000000,0,Composed: Copy with GPU GDI,0.92910000000000,19.73910000000000,50.08240000000000,0.00000000000000,-17.62240000000000,12.09830000000000,30.62820000000000
ruffle.exe,12960,0x0000000000000000,Other,-1,0,0,63.25308490000000,0.00000000000000,47.75330000000000,0,Composed: Copy with GPU GDI,1.02280000000000,21.94770000000000,49.96190000000000,0.00000000000000,-11.83600000000000,11.58330000000000,22.35080000000000
ruffle.exe,12960,0x0000000000000000,Other,-1,0,0,63.30531460000000,0.00000000000000,52.22970000000000,0,Composed: Copy with GPU GDI,0.94570000000000,19.77730000000000,50.05930000000000,0.00000000000000,-21.02230000000000,13.29230000000000,42.59360000000000
ruffle.exe,12960,0x0000000000000000,Other,-1,0,0,63.35267940000000,0.00000000000000,47.36480000000000,0,Composed: Copy with GPU GDI,0.96200000000000,22.37360000000000,49.96110000000000,0.00000000000000,-14.14290000000000,13.83970000000000,35.97630000000000
ruffle.exe,12960,0x0000000000000000,Other,-1,0,0,63.40422690000000,0.00000000000000,51.54750000000000,0,Composed: Copy with GPU GDI,0.95860000000000,20.80290000000000,49.97680000000000,0.00000000000000,-19.22620000000000,11.49980000000000,33.51610000000000
ruffle.exe,12960,0x0000000000000000,Other,-1,0,0,63.44589390000000,0.00000000000000,41.66700000000000,0,Composed: Copy with GPU GDI,1.00430000000000,12.48630000000000,33.35040000000000,0.00000000000000,-11.93250000000000,11.51150000000000,27.17400000000000
ruffle.exe,12960,0x0000000000000000,Other,-1,0,0,63.50586620000000,0.00000000000000,59.97230000000000,0,Composed: Copy with GPU GDI,0.95090000000000,19.19170000000000,66.67770000000000,0.00000000000000,-21.32930000000000,12.04950000000000,49.14670000000000
ruffle.exe,12960,0x0000000000000000,Other,-1,0,0,63.86661240000000,0.00000000000000,360.74620000000004,0,Composed: Copy with GPU GDI,0.96260000000000,25.15320000000000,366.70770000000005,0.00000000000000,-12.45980000000000,12.26650000000000,29.88340000000000
ruffle.exe,12960,0x0000000000000000,Other,-1,0,0,63.92438440000000,0.00000000000000,57.77200000000001,0,Composed: Copy with GPU GDI,0.92490000000000,17.36140000000000,49.98020000000000,0.00000000000000,-19.21880000000000,13.61930000000000,41.66300000000000
ruffle.exe,12960,0x0000000000000000,Other,-1,0,0,63.98151050000000,0.00000000000000,57.12610000000000,0,Composed: Copy with GPU GDI,0.94690000000000,10.23510000000000,49.99980000000000,0.00000000000000,-14.92490000000000,14.61490000000000,56.77800000000001
ruffle.exe,12960,0x0000000000000000,Other,-1,0,0,64.02573090000000,0.00000000000000,44.22040000000001,0,Composed: Copy with GPU GDI,0.96750000000000,32.68010000000000,66.66540000000001,0.00000000000000,-18.82120000000000,11.46330000000000,0.00000000000000
ruffle.exe,12960,0x0000000000000000,Other,-1,0,0,64.07651969999999,0.00000000000000,50.78880000000000,0,Composed: Copy with GPU GDI,0.95530000000000,32.04790000000000,50.15660000000000,0.00000000000000,-15.27160000000000,11.80670000000000,29.79910000000000
ruffle.exe,12960,0x0000000000000000,Other,-1,0,0,64.11390720000000,0.00000000000000,37.38750000000000,0,Composed: Copy with GPU GDI,0.95470000000000,27.85510000000000,33.19470000000000,0.00000000000000,-11.92240000000000,11.75330000000000,29.16380000000000
ruffle.exe,12960,0x0000000000000000,Other,-1,0,0,64.15773520000000,0.00000000000000,43.82800000000000,0,Composed: Copy with GPU GDI,1.02800000000000,33.98610000000000,49.95900000000000,0.00000000000000,-17.77790000000000,12.14340000000000,0.00000000000000
ruffle.exe,12960,0x0000000000000000,Other,-1,0,0,64.19224600000000,0.00000000000000,34.51080000000000,0,Composed: Copy with GPU GDI,0.90090000000000,16.15720000000000,16.68190000000000,0.00000000000000,-10.63460000000000,10.64840000000000,0.00000000000000
ruffle.exe,12960,0x0000000000000000,Other,-1,0,0,64.23510930000000,0.00000000000000,42.86330000000000,0,Composed: Copy with GPU GDI,0.99900000000000,6.66350000000000,33.36960000000000,0.00000000000000,-18.16940000000000,14.12570000000000,0.00000000000000
ruffle.exe,12960,0x0000000000000000,Other,-1,0,0,64.27850840000001,0.00000000000000,43.39910000000000,0,Composed: Copy with GPU GDI,0.94750000000000,46.58480000000000,83.32040000000001,0.00000000000000,-14.15170000000000,12.68610000000000,0.00000000000000
ruffle.exe,12960,0x0000000000000000,Other,-1,0,0,64.32383540000001,0.00000000000000,45.32700000000001,0,Composed: Copy with GPU GDI,0.95250000000000,17.93700000000000,16.67920000000000,0.00000000000000,-19.33870000000000,11.56900000000000,0.00000000000000
ruffle.exe,12960,0x0000000000000000,Other,-1,0,0,64.38225890000000,0.00000000000000,58.42350000000000,0,Composed: Copy with GPU GDI,0.90700000000000,43.09200000000000,83.57850000000001,0.00000000000000,-12.74410000000000,12.64040000000000,0.00000000000000
ruffle.exe,12960,0x0000000000000000,Other,-1,0,0,64.44263770000001,0.00000000000000,60.37880000000001,0,Composed: Copy with GPU GDI,1.01500000000000,32.47360000000000,49.76040000000000,0.00000000000000,-18.78630000000000,14.66840000000000,0.00000000000000
ruffle.exe,12960,0x0000000000000000,Other,-1,0,0,64.49247880000000,0.00000000000000,49.84110000000000,0,Composed: Copy with GPU GDI,0.91030000000000,15.96920000000000,33.33670000000000,0.00000000000000,-13.17740000000000,12.94670000000000,0.00000000000000
ruffle.exe,12960,0x0000000000000000,Other,-1,0,0,64.87997250000001,0.00000000000000,387.49370000000005,0,Composed: Copy with GPU GDI,1.00560000000000,45.18080000000000,416.70530000000002,0.00000000000000,-19.68140000000000,13.26200000000000,0.00000000000000
ruffle.exe,12960,0x0000000000000000,Other,-1,0,0,64.94405650000000,0.00000000000000,64.08400000000000,0,Composed: Copy with GPU GDI,0.93700000000000,14.41970000000000,33.32290000000000,0.00000000000000,-12.22460000000000,12.10360000000000,0.00000000000000
ruffle.exe,12960,0x0000000000000000,Other,-1,0,0,64.97977260000000,0.00000000000000,35.71610000000000,0,Composed: Copy with GPU GDI,0.84560000000000,12.04760000000000,33.34400000000000,0.00000000000000,-15.14260000000000,12.48990000000000,0.00000000000000
ruffle.exe,12960,0x0000000000000000,Other,-1,0,0,65.01991430000000,0.00000000000000,40.14170000000000,0,Composed: Copy with GPU GDI,0.90180000000000,21.90900000000000,50.00310000000000,0.00000000000000,-12.56930000000000,12.52760000000000,0.00000000000000
ruffle.exe,12960,0x0000000000000000,Other,-1,0,0,65.07076240000001,0.00000000000000,50.84810000000000,0,Composed: Copy with GPU GDI,0.88560000000000,21.06870000000000,50.00780000000000,0.00000000000000,-15.80690000000000,13.11270000000000,0.00000000000000
ruffle.exe,12960,0x0000000000000000,Other,-1,0,0,65.10803110000001,0.00000000000000,37.26870000000000,0,Composed: Copy with GPU GDI,0.91170000000000,17.16410000000000,33.36410000000000,0.00000000000000,-11.65520000000000,11.45080000000000,0.00000000000000
ruffle.exe,12960,0x0000000000000000,Other,-1,0,0,65.14854770000001,0.00000000000000,40.51660000000000,0,Composed: Copy with GPU GDI,0.96700000000000,9.93890000000000,33.29140000000000,0.00000000000000,-16.67120000000000,11.29850000000000,0.00000000000000
ruffle.exe,12960,0x0000000000000000,Other,-1,0,0,65.20046560000000,0.00000000000000,51.91790000000000,0,Composed: Copy with GPU GDI,0.92930000000000,8.12610000000000,50.10510000000000,0.00000000000000,-14.95730000000000,14.78830000000000,69.71420000000001
ruffle.exe,12960,0x0000000000000000,Other,-1,0,0,65.24152800000000,0.00000000000000,41.06240000000000,0,Composed: Copy with GPU GDI,0.96910000000000,16.98450000000000,49.92080000000000,0.00000000000000,-17.93720000000000,13.61740000000000,0.00000000000000
ruffle.exe,12960,0x0000000000000000,Other,-1,0,0,65.27794670000000,0.00000000000000,36.41870000000000,0,Composed: Copy with GPU GDI,0.94870000000000,13.91500000000000,33.34920000000000,0.00000000000000,-11.50860000000000,11.39690000000000,0.00000000000000
ruffle.exe,12960,0x0000000000000000,Other,-1,0,0,65.31728420000000,0.00000000000000,39.33750000000000,0,Composed: Copy with GPU GDI,0.96060000000000,7.89550000000000,33.31800000000000,0.00000000000000,-17.79220000000000,12.20170000000000,0.00000000000000
ruffle.exe,12960,0x0000000000000000,Other,-1,0,0,65.36903940000001,0.00000000000000,51.75520000000000,0,Composed: Copy with GPU GDI,0.96240000000000,6.13320000000000,49.99290000000001,0.00000000000000,-12.91410000000000,12.55870000000000,0.00000000000000
ruffle.exe,12960,0x0000000000000000,Other,-1,0,0,65.40493120000001,0.00000000000000,35.89180000000000,0,Composed: Copy with GPU GDI,0.85220000000000,20.31850000000000,50.07710000000000,0.00000000000000,-15.01260000000000,11.33820000000000,0.00000000000000
ruffle.exe,12960,0x0000000000000000,Other,-1,0,0,65.44382630000000,0.00000000000000,38.89510000000000,0,Composed: Copy with GPU GDI,0.91540000000000,14.71880000000000,33.29540000000000,0.00000000000000,-13.25190000000000,13.11150000000000,0.00000000000000
ruffle.exe,12960,0x0000000000000000,Other,-1,0,0,65.48298810000000,0.00000000000000,39.16180000000000,0,Composed: Copy with GPU GDI,0.96350000000000,8.91340000000000,33.35640000000000,0.00000000000000,-17.23170000000000,13.94520000000000,0.00000000000000
ruffle.exe,12960,0x0000000000000000,Other,-1,0,0,65.80671310000000,0.00000000000000,323.72500000000002,0,Composed: Copy with GPU GDI,0.93790000000000,18.50840000000000,333.31999999999999,0.00000000000000,-12.81050000000000,11.87650000000000,0.00000000000000
ruffle.exe,12960,0x0000000000000000,Other,-1,0,0,65.86007280000000,0.00000000000000,53.35970000000000,0,Composed: Copy with GPU GDI,0.89840000000000,15.14410000000000,49.99540000000000,0.00000000000000,-17.09410000000000,13.20330000000000,0.00000000000000
ruffle.exe,12960,0x0000000000000000,Other,-1,0,0,65.89838120000000,0.00000000000000,38.30840000000000,0,Composed: Copy with GPU GDI,0.62940000000000,10.17700000000000,33.34130000000000,0.00000000000000,-12.94810000000000,12.84220000000000,0.00000000000000
ruffle.exe,12960,0x0000000000000000,Other,-1,0,0,65.92599249999999,0.00000000000000,27.61130000000000,0,Composed: Copy with GPU GDI,0.93250000000000,15.90070000000000,33.33500000000000,0.00000000000000,-13.19050000000000,13.19400000000000,0.00000000000000
ruffle.exe,12960,0x0000000000000000,Other,-1,0,0,65.96031660000001,0.00000000000000,34.32410000000000,0,Composed: Copy with GPU GDI,0.85130000000000,14.90640000000000,33.32980000000000,0.00000000000000,-11.17410000000000,11.26840000000000,0.00000000000000
ruffle.exe,12960,0x0000000000000000,Other,-1,0,0,65.99523600000001,0.00000000000000,34.91940000000000,0,Composed: Copy with GPU GDI,0.90970000000000,30.04380000000000,50.05680000000000,0.00000000000000,-18.10480000000000,11.28650000000000,0.00000000000000
ruffle.exe,12960,0x0000000000000000,Other,-1,0,0,66.03744460000000,0.00000000000000,42.20860000000000,0,Composed: Copy with GPU GDI,1.44110000000000,21.15920000000000,33.32400000000000,0.00000000000000,-13.89780000000000,11.97750000000000,0.00000000000000
ruffle.exe,12960,0x0000000000000000,Other,-1,0,0,66.07617560000000,0.00000000000000,38.73100000000000,0,Composed: Copy with GPU GDI,1.00230000000000,32.39580000000000,49.96760000000000,0.00000000000000,-16.84300000000000,11.53680000000000,0.00000000000000
ruffle.exe,12960,0x0000000000000000,Other,-1,0,0,66.13660580000001,0.00000000000000,60.43020000000001,0,Composed: Copy with GPU GDI,0.83730000000000,22.00400000000000,50.03840000000000,0.00000000000000,-14.52470000000000,13.79370000000000,0.00000000000000
ruffle.exe,12960,0x0000000000000000,Other,-1,0,0,66.16936430000000,0.00000000000000,32.75850000000001,0,Composed: Copy with GPU GDI,0.86560000000000,5.88820000000000,16.64270000000000,0.00000000000000,-13.01230000000000,12.83660000000000,0.00000000000000
ruffle.exe,12960,0x0000000000000000,Other,-1,0,0,66.21040579999999,0.00000000000000,41.04150000000000,0,Composed: Copy with GPU GDI,0.88190000000000,31.55750000000000,66.71080000000001,0.00000000000000,-17.21840000000000,11.30690000000000,0.00000000000000
ruffle.exe,12960,0x0000000000000000,Other,-1,0,0,66.28645450000000,0.00000000000000,76.04870000000000,0,Composed: Copy with GPU GDI,0.92170000000000,55.50600000000000,99.99720000000001,0.00000000000000,-14.18060000000000,13.95020000000000,0.00000000000000
ruffle.exe,12960,0x0000000000000000,Other,-1,0,0,66.35451630000000,0.00000000000000,68.06180000000001,0,Composed: Copy with GPU GDI,0.95190000000000,54.12580000000001,66.68160000000000,0.00000000000000,-19.04340000000000,15.82450000000000,0.00000000000000
ruffle.exe,12960,0x0000000000000000,Other,-1,0,0,66.40770170000000,0.00000000000000,53.18540000000000,0,Composed: Copy with GPU GDI,0.98880000000000,17.60880000000000,16.66840000000000,0.00000000000000,-13.33030000000000,12.23140000000000,0.00000000000000
ruffle.exe,12960,0x0000000000000000,Other,-1,0,0,66.46745329999999,0.00000000000000,59.75160000000000,0,Composed: Copy with GPU GDI,0.75700000000000,24.66320000000000,66.80600000000000,0.00000000000000,-18.91920000000000,12.62960000000000,0.00000000000000
ruffle.exe,12960,0x0000000000000000,Other,-1,0,0,66.76116020000001,0.00000000000000,293.70690000000002,0,Composed: Copy with GPU GDI,0.91950000000000,30.79240000000000,299.83609999999999,0.00000000000000,-11.14600000000000,10.97620000000000,0.00000000000000
ruffle.exe,12960,0x0000000000000000,Other,-1,0,0,66.81140490000000,0.00000000000000,50.24470000000000,0,Composed: Copy with GPU GDI,0.91860000000000,13.92840000000000,33.38070000000000,0.00000000000000,-14.86370000000000,14.76200000000000,0.00000000000000
ruffle.exe,12960,0x0000000000000000,Other,-1,0,0,66.84851309999999,0.00000000000000,37.10820000000000,0,Composed: Copy with GPU GDI,0.65300000000000,10.11860000000000,33.29840000000000,0.00000000000000,-12.17640000000000,12.15640000000000,0.00000000000000
ruffle.exe,12960,0x0000000000000000,Other,-1,0,0,66.87672289999999,0.00000000000000,28.20980000000000,0,Composed: Copy with GPU GDI,0.91350000000000,15.28820000000000,33.37940000000000,0.00000000000000,-12.08940000000000,11.94790000000000,0.00000000000000
ruffle.exe,12960,0x0000000000000000,Other,-1,0,0,66.90610440000000,0.00000000000000,29.38150000000000,0,Composed: Copy with GPU GDI,0.88260000000000,19.27680000000000,33.37010000000000,0.00000000000000,-10.53140000000000,10.73400000000000,0.00000000000000
ruffle.exe,12960,0x0000000000000000,Other,-1,0,0,66.94772500000001,0.00000000000000,41.62060000000000,0,Composed: Copy with GPU GDI,0.88070000000000,10.92720000000000,33.27100000000000,0.00000000000000,-15.48500000000000,11.73800000000000,0.00000000000000
ruffle.exe,12960,0x0000000000000000,Other,-1,0,0,66.97726639999999,0.00000000000000,29.54140000000000,0,Composed: Copy with GPU GDI,0.90330000000000,14.73970000000000,33.35390000000000,0.00000000000000,-11.40530000000000,11.41370000000000,0.00000000000000
ruffle.exe,12960,0x0000000000000000,Other,-1,0,0,67.01144980000001,0.00000000000000,34.18340000000000,0,Composed: Copy with GPU GDI,0.82910000000000,13.87380000000000,33.31750000000000,0.00000000000000,-13.00230000000000,13.07490000000000,0.00000000000000
ruffle.exe,12960,0x0000000000000000,Other,-1,0,0,67.05123350000001,0.00000000000000,39.78370000000000,0,Composed: Copy with GPU GDI,0.84120000000000,7.40800000000000,33.31790000000000,0.00000000000000,-15.99310000000000,12.75010000000000,0.00000000000000
ruffle.exe,12960,0x0000000000000000,Other,-1,0,0,67.08341120000000,0.00000000000000,32.17770000000000,0,Composed: Copy with GPU GDI,0.87960000000000,8.57410000000000,33.34380000000000,0.00000000000000,-11.93890000000000,11.80240000000000,0.00000000000000
ruffle.exe,12960,0x0000000000000000,Other,-1,0,0,67.11657670000001,0.00000000000000,33.16550000000000,0,Composed: Copy with GPU GDI,0.63100000000000,8.73650000000000,33.32790000000000,0.00000000000000,-14.88740000000000,11.06670000000000,0.00000000000000
ruffle.exe,12960,0x0000000000000000,Other,-1,0,0,67.14543499999999,0.00000000000000,28.85830000000000,0,Composed: Copy with GPU GDI,0.86520000000000,13.23630000000000,33.35810000000000,0.00000000000000,-11.07460000000000,11.16720000000000,0.00000000000000
ruffle.exe,12960,0x0000000000000000,Other,-1,0,0,67.17239520000000,0.00000000000000,26.96020000000000,0,Composed: Copy with GPU GDI,0.87900000000000,19.62900000000000,33.35290000000000,0.00000000000000,-11.30130000000000,11.39370000000000,0.00000000000000
ruffle.exe,12960,0x0000000000000000,Other,-1,0,0,67.19851559999999,0.00000000000000,26.12040000000000,0,Composed: Copy with GPU GDI,0.64820000000000,10.19020000000000,16.68160000000000,0.00000000000000,-11.04730000000000,11.04210000000000,0.00000000000000
ruffle.exe,12960,0x0000000000000000,Other,-1,0,0,67.23181960000001,0.00000000000000,33.30400000000000,0,Composed: Copy with GPU GDI,0.92010000000000,10.19630000000000,33.31010000000000,0.00000000000000,-12.91590000000000,12.46780000000000,0.00000000000000
ruffle.exe,12960,0x0000000000000000,Other,-1,0,0,67.26902610000000,0.00000000000000,37.20650000000000,0,Composed: Copy with GPU GDI,0.86280000000000,6.44000000000000,33.45020000000000,0.00000000000000,-13.66830000000000,13.64650000000000,0.00000000000000
ruffle.exe,12960,0x0000000000000000,Other,-1,0,0,67.29984910000000,0.00000000000000,30.82300000000000,0,Composed: Copy with GPU GDI,0.86750000000000,8.86820000000000,33.25120000000000,0.00000000000000,-10.78120000000000,10.86410000000000,0.00000000000000
ruffle.exe,12960,0x0000000000000000,Other,-1,0,0,67.34438440000000,0.00000000000000,44.53530000000000,0,Composed: Copy with GPU GDI,0.94050000000000,14.32990000000000,49.99700000000000,0.00000000000000,-15.31480000000000,11.99840000000000,0.00000000000000
ruffle.exe,12960,0x0000000000000000,Other,-1,0,0,67.39150760000000,0.00000000000000,47.12320000000000,0,Composed: Copy with GPU GDI,0.87610000000000,17.16990000000000,49.96320000000000,0.00000000000000,-11.77580000000000,11.80310000000000,0.00000000000000
ruffle.exe,12960,0x0000000000000000,Other,-1,0,0,67.46320040000001,0.00000000000000,71.69280000000001,0,Composed: Copy with GPU GDI,0.87540000000000,12.16540000000000,66.68830000000000,0.00000000000000,-12.30040000000000,12.18630000000000,0.00000000000000
ruffle.exe,12960,0x0000000000000000,Other,-1,0,0,67.49778090000000,0.00000000000000,34.58050000000000,0,Composed: Copy with GPU GDI,0.85110000000000,10.91290000000000,33.32800000000000,0.00000000000000,-12.29380000000000,12.36340000000000,0.00000000000000
ruffle.exe,12960,0x0000000000000000,Other,-1,0,0,67.74082369999999,0.00000000000000,243.04280000000000,0,Composed: Copy with GPU GDI,0.83220000000000,17.90470000000000,250.03460000000001,0.00000000000000,-14.43360000000000,14.41270000000000,0.00000000000000
ruffle.exe,12960,0x0000000000000000,Other,-1,0,0,67.77609299999999,0.00000000000000,35.26930000000000,0,Composed: Copy with GPU GDI,0.90960000000000,15.97980000000000,33.34440000000000,0.00000000000000,-15.40060000000000,12.13160000000000,0.00000000000000
ruffle.exe,12960,0x0000000000000000,Other,-1,0,0,67.83547809999999,0.00000000000000,59.38510000000000,0,Composed: Copy with GPU GDI,0.88180000000000,6.57280000000000,49.97810000000000,0.00000000000000,-11.20890000000000,11.39790000000000,0.00000000000000
ruffle.exe,12960,0x0000000000000000,Other,-1,0,0,67.85990769999999,0.00000000000000,24.42960000000000,0,Composed: Copy with GPU GDI,0.87420000000000,15.53520000000000,33.39200000000000,0.00000000000000,-11.35260000000000,11.43480000000000,0.00000000000000
ruffle.exe,12960,0x0000000000000000,Other,-1,0,0,67.88543040000000,0.00000000000000,25.52270000000000,0,Composed: Copy with GPU GDI,0.87650000000000,6.67480000000000,16.66230000000000,0.00000000000000,-12.07930000000000,11.98710000000000,0.00000000000000
ruffle.exe,12960,0x0000000000000000,Other,-1,0,0,67.91232080000000,0.00000000000000,26.89040000000000,0,Composed: Copy with GPU GDI,0.87360000000000,13.08800000000000,33.30360000000000,0.00000000000000,-11.06830000000000,10.90250000000000,0.00000000000000
ruffle.exe,12960,0x0000000000000000,Other,-1,0,0,67.94568080000001,0.00000000000000,33.36000000000000,0,Composed: Copy with GPU GDI,0.85880000000000,13.09420000000000,33.36620000000000,0.00000000000000,-13.72060000000000,13.71640000000000,0.00000000000000
ruffle.exe,12960,0x0000000000000000,Other,-1,0,0,67.97092650000000,0.00000000000000,25.24570000000000,0,Composed: Copy with GPU GDI,0.65680000000000,4.47400000000000,16.62550000000000,0.00000000000000,-12.96890000000000,12.93240000000000,0.00000000000000
ruffle.exe,12960,0x0000000000000000,Other,-1,0,0,67.99873800000000,0.00000000000000,27.81150000000000,0,Composed: Copy with GPU GDI,0.82960000000000,9.99950000000000,33.33700000000000,0.00000000000000,-11.02220000000000,11.07900000000000,0.00000000000000
ruffle.exe,12960,0x0000000000000000,Other,-1,0,0,68.03050689999999,0.00000000000000,31.76890000000000,0,Composed: Copy with GPU GDI,0.91330000000000,11.56460000000000,33.33400000000000,0.00000000000000,-11.08590000000000,11.25710000000000,0.00000000000000
ruffle.exe,12960,0x0000000000000000,Other,-1,0,0,68.07193200000000,0.00000000000000,41.42510000000000,0,Composed: Copy with GPU GDI,0.85320000000000,20.15480000000000,50.01530000000000,0.00000000000000,-12.29420000000000,12.24850000000000,0.00000000000000
ruffle.exe,12960,0x0000000000000000,Other,-1,0,0,68.12641430000001,0.00000000000000,54.48230000000000,0,Composed: Copy with GPU GDI,0.89210000000000,15.70820000000000,50.03570000000001,0.00000000000000,-11.11000000000000,11.06850000000000,0.00000000000000
ruffle.exe,12960,0x0000000000000000,Other,-1,0,0,68.17074129999999,0.00000000000000,44.32700000000001,0,Composed: Copy with GPU GDI,0.60860000000000,4.62940000000000,33.24820000000000,0.00000000000000,-13.57220000000000,13.55380000000000,0.00000000000000
ruffle.exe,12960,0x0000000000000000,Other,-1,0,0,68.19795429999999,0.00000000000000,27.21300000000000,0,Composed: Copy with GPU GDI,0.87720000000000,10.80780000000000,33.39140000000000,0.00000000000000,-13.27220000000000,13.25900000000000,0.00000000000000
ruffle.exe,12960,0x0000000000000000,Other,-1,0,0,68.22992650000000,0.00000000000000,31.97220000000000,0,Composed: Copy with GPU GDI,0.91160000000000,12.17580000000000,33.34020000000000,0.00000000000000,-11.08280000000000,11.13830000000000,0.00000000000000
ruffle.exe,12960,0x0000000000000000,Other,-1,0,0,68.25878630000001,0.00000000000000,28.85980000000000,0,Composed: Copy with GPU GDI,0.90960000000000,16.66710000000000,33.35110000000000,0.00000000000000,-11.65860000000000,11.68160000000000,0.00000000000000
ruffle.exe,12960,0x0000000000000000,Other,-1,0,0,68.28610420000000,0.00000000000000,27.31790000000000,0,Composed: Copy with GPU GDI,0.81960000000000,5.99630000000000,16.64710000000000,0.00000000000000,-11.89230000000000,11.85050000000000,0.00000000000000
ruffle.exe,12960,0x0000000000000000,Other,-1,0,0,68.31560880000001,0.00000000000000,29.50460000000000,0,Composed: Copy with GPU GDI,0.92990000000000,9.82140000000000,33.32970000000000,0.00000000000000,-13.08390000000000,10.98570000000000,0.00000000000000
ruffle.exe,12960,0x0000000000000000,Other,-1,0,0,68.34545670000000,0.00000000000000,29.84790000000000,0,Composed: Copy with GPU GDI,0.58940000000000,13.32340000000000,33.34990000000000,0.00000000000000,-11.63940000000000,11.62830000000000,0.00000000000000
ruffle.exe,12960,0x0000000000000000,Other,-1,0,0,68.37087510000001,0.00000000000000,25.41840000000000,0,Composed: Copy with GPU GDI,0.59950000000000,4.50800000000000,16.60300000000000,0.00000000000000,-12.82730000000000,12.78000000000000,0.00000000000000
ruffle.exe,12960,0x0000000000000000,Other,-1,0,0,68.42584130000000,0.00000000000000,54.96620000000000,0,Composed: Copy with GPU GDI,0.87100000000000,16.28330000000000,66.74150000000000,0.00000000000000,-13.40230000000000,13.57150000000000,0.00000000000000
ruffle.exe,12960,0x0000000000000000,Other,-1,0,0,68.45139230000001,0.00000000000000,25.55100000000000,0,Composed: Copy with GPU GDI,0.60960000000000,7.37610000000000,16.64380000000000,0.00000000000000,-11.25730000000000,11.11960000000000,0.00000000000000
ruffle.exe,12960,0x0000000000000000,Other,-1,0,0,68.47769140000000,0.00000000000000,26.29910000000000,0,Composed: Copy with GPU GDI,0.87350000000000,14.42110000000000,33.34410000000000,0.00000000000000,-12.43400000000000,12.52330000000000,0.00000000000000
ruffle.exe,12960,0x0000000000000000,Other,-1,0,0,68.68599140000001,0.00000000000000,208.30000000000001,0,Composed: Copy with GPU GDI,0.88800000000000,6.13740000000000,200.01630000000000,0.00000000000000,-11.13990000000000,11.32220000000000,0.00000000000000
ruffle.exe,12960,0x0000000000000000,Other,-1,0,0,68.74236800000000,0.00000000000000,56.37660000000000,0,Composed: Copy with GPU GDI,0.88500000000000,16.44020000000000,66.67940000000000,0.00000000000000,-15.01410000000000,15.15960000000000,0.00000000000000
ruffle.exe,12960,0x0000000000000000,Other,-1,0,0,68.79974410000000,0.00000000000000,57.37610000000000,0,Composed: Copy with GPU GDI,0.85190000000000,9.06990000000000,50.00580000000000,0.00000000000000,-13.43600000000000,13.48010000000000,0.00000000000000
ruffle.exe,12960,0x0000000000000000,Other,-1,0,0,68.83215460000000,0.00000000000000,32.41050000000000,0,Composed: Copy with GPU GDI,0.86090000000000,9.99280000000000,33.33340000000000,0.00000000000000,-11.35600000000000,11.51240000000000,0.00000000000000
ruffle.exe,12960,0x0000000000000000,Other,-1,0,0,68.86965440000000,0.00000000000000,37.49980000000000,0,Composed: Copy with GPU GDI,0.88150000000000,5.82950000000000,33.33650000000000,0.00000000000000,-16.38560000000000,12.23210000000000,0.00000000000000
ruffle.exe,12960,0x0000000000000000,Other,-1,0,0,68.89904439999999,0.00000000000000,29.39000000000000,0,Composed: Copy with GPU GDI,0.62110000000000,9.76440000000000,33.32490000000000,0.00000000000000,-10.26660000000000,10.21750000000000,0.00000000000000
ruffle.exe,12960,0x0000000000000000,Other,-1,0,0,68.93439690000001,0.00000000000000,35.35250000000000,0,Composed: Copy with GPU GDI,0.96840000000000,24.43210000000000,50.02020000000000,0.00000000000000,-17.49400000000000,12.69990000000000,0.00000000000000
ruffle.exe,12960,0x0000000000000000,Other,-1,0,0,68.98509030000000,0.00000000000000,50.69340000000000,0,Composed: Copy with GPU GDI,0.60940000000000,7.06090000000000,33.32220000000000,0.00000000000000,-11.88050000000000,11.81370000000000,0.00000000000000
ruffle.exe,12960,0x0000000000000000,Other,-1,0,0,69.01249140000000,0.00000000000000,27.40110000000000,0,Composed: Copy with GPU GDI,0.85950000000000,12.98510000000000,33.32530000000000,0.00000000000000,-13.13330000000000,13.15040000000000,0.00000000000000
ruffle.exe,12960,0x0000000000000000,Other,-1,0,0,69.04386700000001,0.00000000000000,31.37560000000000,0,Composed: Copy with GPU GDI,0.63220000000000,14.99810000000000,33.38860000000000,0.00000000000000,-12.93400000000000,12.89480000000000,0.00000000000000
ruffle.exe,12960,0x0000000000000000,Other,-1,0,0,69.09126290000000,0.00000000000000,47.39590000000000,0,Composed: Copy with GPU GDI,0.59520000000000,17.63570000000000,50.03350000000000,0.00000000000000,-11.77180000000000,11.75570000000000,0.00000000000000
ruffle.exe,12960,0x0000000000000000,Other,-1,0,0,69.11455009999999,0.00000000000000,23.28720000000000,0,Composed: Copy with GPU GDI,0.62450000000000,10.97340000000000,16.62490000000000,0.00000000000000,-10.66680000000000,10.58730000000000,0.00000000000000
ruffle.exe,12960,0x0000000000000000,Other,-1,0,0,69.14622560000001,0.00000000000000,31.67550000000000,0,Composed: Copy with GPU GDI,0.91500000000000,12.63140000000000,33.33350000000000,0.00000000000000,-11.57310000000000,11.72600000000000,0.00000000000000
ruffle.exe,12960,0x0000000000000000,Other,-1,0,0,69.17400169999999,0.00000000000000,27.77610000000000,0,Composed: Copy with GPU GDI,0.82680000000000,18.16380000000000,33.30850000000000,0.00000000000000,-11.44350000000000,11.50700000000000,0.00000000000000
ruffle.exe,12960,0x0000000000000000,Other,-1,0,0,69.20331120000000,0.00000000000000,29.30950000000000,0,Composed: Copy with GPU GDI,0.60710000000000,5.49820000000000,16.64390000000000,0.00000000000000,-12.84860000000000,12.84250000000000,0.00000000000000
ruffle.exe,12960,0x0000000000000000,Other,-1,0,0,69.23399160000000,0.00000000000000,30.68040000000000,0,Composed: Copy with GPU GDI,0.87740000000000,8.17930000000000,33.36150000000000,0.00000000000000,-17.22310000000000,13.68020000000000,0.00000000000000
ruffle.exe,12960,0x0000000000000000,Other,-1,0,0,69.26922670000000,0.00000000000000,35.23510000000000,0,Composed: Copy with GPU GDI,0.62640000000000,6.25330000000000,33.30910000000000,0.00000000000000,-11.77550000000000,11.69870000000000,0.00000000000000
ruffle.exe,12960,0x0000000000000000,Other,-1,0,0,69.29625980000000,0.00000000000000,27.03310000000000,0,Composed: Copy with GPU GDI,0.62690000000000,12.61000000000000,33.38980000000000,0.00000000000000,-10.48350000000000,10.44430000000000,0.00000000000000
ruffle.exe,12960,0x0000000000000000,Other,-1,0,0,69.33396100000000,0.00000000000000,37.70120000000000,0,Composed: Copy with GPU GDI,0.87110000000000,8.23360000000000,33.32480000000000,0.00000000000000,-11.68430000000000,11.76050000000000,0.00000000000000
ruffle.exe,12960,0x0000000000000000,Other,-1,0,0,69.36251919999999,0.00000000000000,28.55820000000000,0,Composed: Copy with GPU GDI,0.61290000000000,12.99460000000000,33.31920000000000,0.00000000000000,-11.21480000000000,11.08860000000000,0.00000000000000
ruffle.exe,12960,0x0000000000000000,Other,-1,0,0,69.40600310000001,0.00000000000000,43.48390000000001,0,Composed: Copy with GPU GDI,0.88640000000000,19.54420000000000,50.03350000000000,0.00000000000000,-11.49660000000000,11.65200000000000,0.00000000000000
ruffle.exe,12960,0x0000000000000000,Other,-1,0,0,69.43773470000001,0.00000000000000,31.73160000000000,0,Composed: Copy with GPU GDI,0.84960000000000,4.42210000000000,16.60950000000000,0.00000000000000,-12.93890000000000,13.04630000000000,0.00000000000000
ruffle.exe,12960,0x0000000000000000,Other,-1,0,0,69.46985590000000,0.00000000000000,32.12120000000000,0,Composed: Copy with GPU GDI,0.66420000000000,5.67940000000000,33.37850000000000,0.00000000000000,-13.62450000000000,13.57730000000000,0.00000000000000
ruffle.exe,12960,0x0000000000000000,Other,-1,0,0,69.66542269999999,0.00000000000000,195.56680000000000,0,Composed: Copy with GPU GDI,0.59120000000000,10.12490000000000,200.01230000000001,0.00000000000000,-11.40210000000000,11.30190000000000,0.00000000000000
ruffle.exe,12960,0x0000000000000000,Other,-1,0,0,69.69864269999999,0.00000000000000,33.22000000000000,0,Composed: Copy with GPU GDI,0.92300000000000,10.26070000000000,33.35580000000000,0.00000000000000,-13.32590000000000,13.24830000000000,0.00000000000000
ruffle.exe,12960,0x0000000000000000,Other,-1,0,0,69.72932180000001,0.00000000000000,30.67910000000000,0,Composed: Copy with GPU GDI,0.85950000000000,12.90610000000000,33.32450000000000,0.00000000000000,-11.48160000000000,11.53130000000000,0.00000000000000
ruffle.exe,12960,0x0000000000000000,Other,-1,0,0,69.76003109999999,0.00000000000000,30.70930000000000,0,Composed: Copy with GPU GDI,0.58910000000000,15.51760000000000,33.32080000000000,0.00000000000000,-12.84380000000000,12.76810000000000,0.00000000000000
ruffle.exe,12960,0x0000000000000000,Other,-1,0,0,69.80039300000000,0.00000000000000,40.36190000000000,0,Composed: Copy with GPU GDI,0.87090000000000,8.49760000000000,33.34190000000000,0.00000000000000,-13.44710000000000,13.60250000000000,0.00000000000000
ruffle.exe,12960,0x0000000000000000,Other,-1,0,0,69.82514909999999,0.00000000000000,24.75610000000000,0,Composed: Copy with GPU GDI,0.85180000000000,17.07400000000000,33.33250000000000,0.00000000000000,-10.77380000000000,10.83640000000000,0.00000000000000
ruffle.exe,12960,0x0000000000000000,Other,-1,0,0,69.85693480000000,0.00000000000000,31.78570000000000,0,Composed: Copy with GPU GDI,0.61340000000000,18.62970000000000,33.34140000000000,0.00000000000000,-11.57710000000000,11.55630000000000,0.00000000000000
ruffle.exe,12960,0x0000000000000000,Other,-1,0,0,69.89621830000000,0.00000000000000,39.28350000000000,0,Composed: Copy with GPU GDI,0.91480000000000,12.75510000000000,33.40890000000000,0.00000000000000,-17.19130000000000,12.13300000000000,0.00000000000000
ruffle.exe,12960,0x0000000000000000,Other,-1,0,0,69.93709140000000,0.00000000000000,40.87310000000000,0,Composed: Copy with GPU GDI,0.87180000000000,5.10260000000000,33.22060000000000,0.00000000000000,-11.24980000000000,11.36640000000000,0.00000000000000
ruffle.exe,12960,0x0000000000000000,Other,-1,0,0,69.96595940000000,0.00000000000000,28.86800000000000,0,Composed: Copy with GPU GDI,0.93160000000000,9.64090000000000,33.40630000000000,0.00000000000000,-15.56960000000000,11.76830000000000,0.00000000000000
ruffle.exe,12960,0x0000000000000000,Other,-1,0,0,70.01384200000001,0.00000000000000,47.88260000000000,0,Composed: Copy with GPU GDI,0.94230000000000,11.74120000000000,49.98290000000000,0.00000000000000,-13.90990000000000,13.88900000000000,0.00000000000000
ruffle.exe,12960,0x0000000000000000,Other,-1,0,0,70.03849439999999,0.00000000000000,24.65240000000000,0,Composed: Copy with GPU GDI,0.84950000000000,20.46280000000000,33.37400000000000,0.00000000000000,-12.77410000000000,12.90540000000000,0.00000000000000
ruffle.exe,12960,0x0000000000000000,Other,-1,0,0,70.06995630000000,0.00000000000000,31.46190000000000,0,Composed: Copy with GPU GDI,0.89010000000000,5.59640000000000,16.59550000000000,0.00000000000000,-11.88160000000000,11.92120000000000,0.00000000000000
ruffle.exe,12960,0x0000000000000000,Other,-1,0,0,70.10707520000001,0.00000000000000,37.11890000000000,0,Composed: Copy with GPU GDI,0.87360000000000,18.50850000000000,50.03100000000001,0.00000000000000,-16.59690000000000,11.69690000000000,0.00000000000000
ruffle.exe,12960,0x0000000000000000,Other,-1,0,0,70.13780810000000,0.00000000000000,30.73290000000000,0,Composed: Copy with GPU GDI,0.61400000000000,4.46000000000000,16.68440000000000,0.00000000000000,-10.86930000000000,10.89700000000000,0.00000000000000
ruffle.exe,12960,0x0000000000000000,Other,-1,0,0,70.17053470000000,0.00000000000000,32.72660000000000,0,Composed: Copy with GPU GDI,0.88060000000000,21.71750000000000,49.98410000000001,0.00000000000000,-16.73690000000000,12.25660000000000,0.00000000000000
ruffle.exe,12960,0x0000000000000000,Other,-1,0,0,70.22494960000000,0.00000000000000,54.41490000000000,0,Composed: Copy with GPU GDI,0.89290000000000,17.31680000000000,50.01420000000000,0.00000000000000,-13.72410000000000,13.37210000000000,0.00000000000000
ruffle.exe,12960,0x0000000000000000,Other,-1,0,0,70.25527920000000,0.00000000000000,30.32960000000000,0,Composed: Copy with GPU GDI,1.00700000000000,20.34080000000000,33.35360000000000,0.00000000000000,-12.81090000000000,12.89030000000000,0.00000000000000
ruffle.exe,12960,0x0000000000000000,Other,-1,0,0,70.29198760000000,0.00000000000000,36.70840000000000,0,Composed: Copy with GPU GDI,0.86860000000000,16.94810000000000,33.31570000000000,0.00000000000000,-11.86540000000000,12.01010000000000,0.00000000000000
ruffle.exe,12960,0x0000000000000000,Other,-1,0,0,70.32401590000001,0.00000000000000,32.02830000000000,0,Composed: Copy with GPU GDI,0.89160000000000,18.36210000000000,33.44230000000000,0.00000000000000,-15.79070000000000,11.73150000000000,0.00000000000000
ruffle.exe,12960,0x0000000000000000,Other,-1,0,0,70.38361289999999,0.00000000000000,59.59700000000000,0,Composed: Copy with GPU GDI,0.93330000000000,8.66710000000000,49.90200000000000,0.00000000000000,-12.12970000000000,12.11350000000000,0.00000000000000
ruffle.exe,12960,0x0000000000000000,Other,-1,0,0,70.43783970000000,0.00000000000000,54.22680000000000,0,Composed: Copy with GPU GDI,0.91620000000000,21.10560000000000,66.66530000000000,0.00000000000000,-13.41710000000000,13.32800000000000,0.00000000000000
ruffle.exe,12960,0x0000000000000000,Other,-1,0,0,70.47756290000001,0.00000000000000,39.72320000000000,0,Composed: Copy with GPU GDI,0.61820000000000,14.71430000000000,33.33190000000000,0.00000000000000,-12.54370000000000,12.48530000000000,0.00000000000000
ruffle.exe,12960,0x0000000000000000,Other,-1,0,0,70.69488890000001,0.00000000000000,217.32600000000002,0,Composed: Copy with GPU GDI,0.90380000000000,14.16730000000000,216.77900000000000,0.00000000000000,-15.11050000000000,14.97300000000000,0.00000000000000
ruffle.exe,12960,0x0000000000000000,Other,-1,0,0,70.72448160000000,0.00000000000000,29.59270000000000,0,Composed: Copy with GPU GDI,0.83650000000000,17.92560000000000,33.35100000000000,0.00000000000000,-11.32660000000000,11.44050000000000,0.00000000000000
ruffle.exe,12960,0x0000000000000000,Other,-1,0,0,70.75772310000001,0.00000000000000,33.24150000000000,0,Composed: Copy with GPU GDI,0.81340000000000,17.91570000000000,33.23160000000000,0.00000000000000,-16.12300000000000,11.32230000000000,0.00000000000000
ruffle.exe,12960,0x0000000000000000,Other,-1,0,0,70.78893480000001,0.00000000000000,31.21170000000000,0,Composed: Copy with GPU GDI,0.85180000000000,20.03730000000000,33.33330000000000,0.00000000000000,-11.50470000000000,11.62230000000000,0.00000000000000
ruffle.exe,12960,0x0000000000000000,Other,-1,0,0,70.83830840000000,0.00000000000000,49.37360000000000,0,Composed: Copy with GPU GDI,0.61690000000000,3.97410000000000,33.31040000000000,0.00000000000000,-11.98560000000000,11.88820000000000,0.00000000000000
ruffle.exe,12960,0x0000000000000000,Other,-1,0,0,70.86841370000000,0.00000000000000,30.10530000000000,0,Composed: Copy with GPU GDI,0.60560000000000,7.21040000000000,33.34160000000000,0.00000000000000,-12.33030000000000,12.29590000000000,0.00000000000000
ruffle.exe,12960,0x0000000000000000,Other,-1,0,0,70.90322230000000,0.00000000000000,34.80860000000000,0,Composed: Copy with GPU GDI,0.83490000000000,5.77590000000000,33.37410000000000,0.00000000000000,-13.76700000000000,13.85570000000000,0.00000000000000
ruffle.exe,12960,0x0000000000000000,Other,-1,0,0,70.93080910000000,0.00000000000000,27.58680000000000,0,Composed: Copy with GPU GDI,0.86560000000000,11.53410000000000,33.34500000000000,0.00000000000000,-11.21180000000000,11.19910000000000,0.00000000000000
ruffle.exe,12960,0x0000000000000000,Other,-1,0,0,70.95851300000001,0.00000000000000,27.70390000000000,0,Composed: Copy with GPU GDI,0.89900000000000,17.17370000000000,33.34350000000000,0.00000000000000,-11.32660000000000,11.22010000000000,0.00000000000000
ruffle.exe,12960,0x0000000000000000,Other,-1,0,0,70.99329159999999,0.00000000000000,34.77860000000000,0,Composed: Copy with GPU GDI,0.91420000000000,15.70250000000000,33.30740000000000,0.00000000000000,-15.67620000000000,12.38630000000000,0.00000000000000
ruffle.exe,12960,0x0000000000000000,Other,-1,0,0,71.02527030000000,0.00000000000000,31.97870000000000,0,Composed: Copy with GPU GDI,0.85680000000000,17.07120000000000,33.34740000000000,0.00000000000000,-11.16250000000000,11.22360000000000,0.00000000000000
ruffle.exe,12960,0x0000000000000000,Other,-1,0,0,71.05033410000000,0.00000000000000,25.06380000000000,0,Composed: Copy with GPU GDI,0.60680000000000,8.66430000000000,16.65690000000000,0.00000000000000,-10.45370000000000,10.46510000000000,0.00000000000000
ruffle.exe,12960,0x0000000000000000,Other,-1,0,0,71.09437950000000,0.00000000000000,44.04540000000000,0,Composed: Copy with GPU GDI,0.89780000000000,14.65360000000000,50.03470000000000,0.00000000000000,-13.21570000000000,13.31500000000000,0.00000000000000
ruffle.exe,12960,0x0000000000000000,Other,-1,0,0,71.12729039999999,0.00000000000000,32.91090000000000,0,Composed: Copy with GPU GDI,0.65640000000000,15.05900000000000,33.31630000000000,0.00000000000000,-12.86060000000000,12.84870000000000,0.00000000000000
ruffle.exe,12960,0x0000000000000000,Other,-1,0,0,71.15287239999999,0.00000000000000,25.58200000000000,0,Composed: Copy with GPU GDI,0.86910000000000,6.14110000000000,16.66410000000000,0.00000000000000,-11.03100000000000,11.04640000000000,0.00000000000000
ruffle.exe,12960,0x0000000000000000,Other,-1,0,0,71.18723570000000,0.00000000000000,34.36330000000000,0,Composed: Copy with GPU GDI,0.87060000000000,5.07080000000000,33.29300000000000,0.00000000000000,-11.52240000000000,11.54940000000000,0.00000000000000
ruffle.exe,12960,0x0000000000000000,Other,-1,0,0,71.22205340000001,0.00000000000000,34.81770000000000,0,Composed: Copy with GPU GDI,0.83980000000000,20.33700000000000,50.08390000000000,0.00000000000000,-11.86620000000000,11.89460000000000,0.00000000000000
ruffle.exe,12960,0x0000000000000000,Other,-1,0,0,71.24973910000001,0.00000000000000,27.68570000000000,0,Composed: Copy with GPU GDI,0.87050000000000,9.29210000000000,16.64080000000000,0.00000000000000,-10.65990000000000,10.74060000000000,0.00000000000000
ruffle.exe,12960,0x0000000000000000,Other,-1,0,0,71.29954940000000,0.00000000000000,49.81030000000001,0,Composed: Copy with GPU GDI,0.60770000000000,9.47340000000000,49.99160000000001,0.00000000000000,-13.45650000000000,13.42230000000000,0.00000000000000
ruffle.exe,12960,0x0000000000000000,Other,-1,0,0,71.33638360000000,0.00000000000000,36.83420000000000,0,Composed: Copy with GPU GDI,0.84890000000000,5.97490000000000,33.33570000000000,0.00000000000000,-14.31980000000000,14.29590000000000,0.00000000000000
ruffle.exe,12960,0x0000000000000000,Other,-1,0,0,71.37053879999999,0.00000000000000,34.15520000000000,0,Composed: Copy with GPU GDI,0.88310000000000,5.19530000000000,33.37560000000000,0.00000000000000,-16.00170000000000,11.59050000000000,0.00000000000000
ruffle.exe,12960,0x0000000000000000,Other,-1,0,0,71.39921980000001,0.00000000000000,28.68100000000000,0,Composed: Copy with GPU GDI,0.85310000000000,9.82440000000000,33.31010000000000,0.00000000000000,-11.11190000000000,11.20210000000000,0.00000000000000
ruffle.exe,12960,0x0000000000000000,Other,-1,0,0,71.42366140000000,0.00000000000000,24.44160000000000,0,Composed: Copy with GPU GDI,0.59430000000000,18.74210000000000,33.35930000000000,0.00000000000000,-11.01680000000000,11.01260000000000,0.00000000000000
ruffle.exe,12960,0x0000000000000000,Other,-1,0,0,71.45244060000000,0.00000000000000,28.77920000000000,0,Composed: Copy with GPU GDI,0.89130000000000,6.64330000000000,16.68040000000000,0.00000000000000,-11.31080000000000,11.26290000000000,0.00000000000000
ruffle.exe,12960,0x0000000000000000,Other,-1,0,0,71.48910440000000,0.00000000000000,36.66380000000000,0,Composed: Copy with GPU GDI,0.90000000000000,19.95820000000000,49.97870000000000,0.00000000000000,-13.85930000000000,11.94840000000000,0.00000000000000
ruffle.exe,12960,0x0000000000000000,Other,-1,0,0,71.71282790000001,0.00000000000000,223.72350000000000,0,Composed: Copy with GPU GDI,0.89480000000000,12.98850000000000,216.75380000000001,0.00000000000000,-15.22170000000000,15.10900000000000,0.00000000000000
ruffle.exe,12960,0x0000000000000000,Other,-1,0,0,71.73649560000000,0.00000000000000,23.66770000000000,0,Composed: Copy with GPU GDI,0.86860000000000,5.93220000000000,16.61140000000000,0.00000000000000,-12.61860000000000,11.45780000000000,0.00000000000000
ruffle.exe,12960,0x0000000000000000,Other,-1,0,0,71.77025660000000,0.00000000000000,33.76100000000000,0,Composed: Copy with GPU GDI,0.86330000000000,5.43610000000000,33.26490000000000,0.00000000000000,-11.52020000000000,11.58520000000000,0.00000000000000
ruffle.exe,12960,0x0000000000000000,Other,-1,0,0,71.79827720000000,0.00000000000000,28.02060000000000,0,Composed: Copy with GPU GDI,0.64620000000000,10.78640000000000,33.37090000000000,0.00000000000000,-10.87960000000000,10.84840000000000,0.00000000000000
ruffle.exe,12960,0x0000000000000000,Other,-1,0,0,71.82948720000000,0.00000000000000,31.21000000000000,0,Composed: Copy with GPU GDI,0.85370000000000,12.95830000000000,33.38190000000000,0.00000000000000,-11.22800000000000,11.31230000000000,0.00000000000000
ruffle.exe,12960,0x0000000000000000,Other,-1,0,0,71.87349480000000,0.00000000000000,44.00760000000000,0,Composed: Copy with GPU GDI,0.89300000000000,18.94200000000000,49.99130000000000,0.00000000000000,-13.07130000000000,13.13510000000000,0.00000000000000
ruffle.exe,12960,0x0000000000000000,Other,-1,0,0,71.90377810000000,0.00000000000000,30.28330000000000,0,Composed: Copy with GPU GDI,0.87000000000000,5.31480000000000,16.65610000000000,0.00000000000000,-12.49980000000000,12.66640000000000,0.00000000000000
ruffle.exe,12960,0x0000000000000000,Other,-1,0,0,71.93115230000001,0.00000000000000,27.37420000000000,0,Composed: Copy with GPU GDI,0.61240000000000,11.28190000000000,33.34130000000000,0.00000000000000,-10.93230000000000,10.89190000000000,0.00000000000000
ruffle.exe,12960,0x0000000000000000,Other,-1,0,0,71.98211100000000,0.00000000000000,50.95870000000000,0,Composed: Copy with GPU GDI,0.88230000000000,10.31050000000000,49.98730000000000,0.00000000000000,-16.48890000000000,12.39860000000000,0.00000000000000
ruffle.exe,12960,0x0000000000000000,Other,-1,0,0,72.01386490000000,0.00000000000000,31.75390000000000,0,Composed: Copy with GPU GDI,0.84400000000000,11.87730000000000,33.32070000000000,0.00000000000000,-10.87150000000000,10.84630000000000,0.00000000000000
ruffle.exe,12960,0x0000000000000000,Other,-1,0,0,72.04665850000001,0.00000000000000,32.79360000000000,0,Composed: Copy with GPU GDI,0.64110000000000,12.44760000000000,33.36390000000000,0.00000000000000,-15.04820000000000,11.82720000000000,0.00000000000000
ruffle.exe,12960,0x0000000000000000,Other,-1,0,0,72.07914420000000,0.00000000000000,32.48570000000000,0,Composed: Copy with GPU GDI,0.59640000000000,13.31820000000000,33.35630000000000,0.00000000000000,-10.77650000000000,10.73040000000000,0.00000000000000
ruffle.exe,12960,0x0000000000000000,Other,-1,0,0,72.10439340000001,0.00000000000000,25.24920000000000,0,Composed: Copy with GPU GDI,0.96240000000000,21.37880000000000,33.30980000000000,0.00000000000000,-12.77330000000000,13.04410000000000,0.00000000000000
ruffle.exe,12960,0x0000000000000000,Other,-1,0,0,72.13947900000001,0.00000000000000,35.08560000000000,0,Composed: Copy with GPU GDI,0.83410000000000,19.62910000000000,33.33590000000000,0.00000000000000,-13.06410000000000,13.14180000000000,0.00000000000000
ruffle.exe,12960,0x0000000000000000,Other,-1,0,0,72.17311909999999,0.00000000000000,33.64010000000000,0,Composed: Copy with GPU GDI,0.84800000000000,19.32100000000000,33.33200000000000,0.00000000000000,-13.47950000000000,11.65250000000000,0.00000000000000
ruffle.exe,12960,0x0000000000000000,Other,-1,0,0,72.21262720000000,0.00000000000000,39.50810000000000,0,Composed: Copy with GPU GDI,0.95220000000000,13.19400000000000,33.38110000000000,0.00000000000000,-12.54220000000000,12.66340000000000,0.00000000000000
ruffle.exe,12960,0x0000000000000000,Other,-1,0,0,72.27348890000000,0.00000000000000,60.86170000000001,0,Composed: Copy with GPU GDI,0.90210000000000,18.99690000000000,66.66460000000001,0.00000000000000,-13.19660000000000,13.33320000000000,0.00000000000000
ruffle.exe,12960,0x0000000000000000,Other,-1,0,0,72.29562540000001,0.00000000000000,22.13650000000000,0,Composed: Copy with GPU GDI,0.81700000000000,13.48030000000000,16.61990000000000,0.00000000000000,-10.98840000000000,11.05550000000000,0.00000000000000
ruffle.exe,12960,0x0000000000000000,Other,-1,0,0,72.32268859999999,0.00000000000000,27.06320000000000,0,Composed: Copy with GPU GDI,0.86800000000000,19.78740000000000,33.37030000000000,0.00000000000000,-13.09070000000000,13.10720000000000,0.00000000000000
ruffle.exe,12960,0x0000000000000000,Other,-1,0,0,72.35193369999999,0.00000000000000,29.24510000000000,0,Composed: Copy with GPU GDI,0.60120000000000,7.19780000000000,16.65550000000000,0.00000000000000,-13.17950000000000,13.15630000000000,0.00000000000000
ruffle.exe,12960,0x0000000000000000,Other,-1,0,0,72.37587850000001,0.00000000000000,23.94480000000000,0,Composed: Copy with GPU GDI,0.60280000000000,16.62440000000000,33.37140000000000,0.00000000000000,-11.02210000000000,10.94630000000000,0.00000000000000
ruffle.exe,12960,0x0000000000000000,Other,-1,0,0,72.40136550000000,0.00000000000000,25.48700000000000,0,Composed: Copy with GPU GDI,0.86010000000000,7.78170000000000,16.64430000000000,0.00000000000000,-13.09830000000000,11.28870000000000,0.00000000000000
ruffle.exe,12960,0x0000000000000000,Other,-1,0,0,72.44130260000000,0.00000000000000,39.93710000000000,0,Composed: Copy with GPU GDI,0.64110000000000,17.87060000000000,50.02600000000000,0.00000000000000,-12.14230000000000,12.13770000000000,0.00000000000000
ruffle.exe,12960,0x0000000000000000,Other,-1,0,0,72.47196420000000,0.00000000000000,30.66160000000000,0,Composed: Copy with GPU GDI,0.63780000000000,3.77880000000000,16.56980000000000,0.00000000000000,-14.48430000000000,11.44270000000000,0.00000000000000
ruffle.exe,12960,0x0000000000000000,Other,-1,0,0,72.70997310000000,0.00000000000000,238.00890000000001,0,Composed: Copy with GPU GDI,0.87250000000000,15.85480000000000,250.08490000000000,0.00000000000000,-12.68860000000000,12.59400000000000,0.00000000000000
ruffle.exe,12960,0x0000000000000000,Other,-1,0,0,72.75132280000000,0.00000000000000,41.34970000000000,0,Composed: Copy with GPU GDI,0.80830000000000,7.83790000000000,33.33280000000000,0.00000000000000,-14.88810000000000,14.90180000000000,0.00000000000000
ruffle.exe,12960,0x0000000000000000,Other,-1,0,0,72.77471550000001,0.00000000000000,23.39270000000000,0,Composed: Copy with GPU GDI,0.95300000000000,17.81880000000000,33.37360000000000,0.00000000000000,-10.66590000000000,10.72100000000000,0.00000000000000
ruffle.exe,12960,0x0000000000000000,Other,-1,0,0,72.80926740000000,0.00000000000000,34.55190000000000,0,Composed: Copy with GPU GDI,0.86020000000000,16.60230000000000,33.33540000000000,0.00000000000000,-12.07410000000000,12.07850000000000,0.00000000000000
ruffle.exe,12960,0x0000000000000000,Other,-1,0,0,72.83491040000000,0.00000000000000,25.64300000000000,0,Composed: Copy with GPU GDI,0.87730000000000,7.58460000000000,16.62530000000000,0.00000000000000,-11.09740000000000,11.13950000000000,0.00000000000000
ruffle.exe,12960,0x0000000000000000,Other,-1,0,0,72.86936880000000,0.00000000000000,34.45840000000000,0,Composed: Copy with GPU GDI,0.60860000000000,6.45190000000000,33.32570000000000,0.00000000000000,-10.73780000000000,10.63730000000000,0.00000000000000
ruffle.exe,12960,0x0000000000000000,Other,-1,0,0,72.90169610000001,0.00000000000000,32.32730000000000,0,Composed: Copy with GPU GDI,0.64850000000000,7.49940000000000,33.37480000000000,0.00000000000000,-13.12540000000000,13.06540000000000,0.00000000000000
ruffle.exe,12960,0x0000000000000000,Other,-1,0,0,72.93921870000000,0.00000000000000,37.52260000000000,0,Composed: Copy with GPU GDI,0.85510000000000,19.97410000000000,49.99730000000000,0.00000000000000,-13.39790000000000,13.43990000000000,0.00000000000000
ruffle.exe,12960,0x0000000000000000,Other,-1,0,0,72.97408010000001,0.00000000000000,34.86140000000000,0,Composed: Copy with GPU GDI,0.86580000000000,18.49720000000000,33.38450000000000,0.00000000000000,-10.98290000000000,10.84940000000000,0.00000000000000
ruffle.exe,12960,0x0000000000000000,Other,-1,0,0,73.00769390000001,0.00000000000000,33.61380000000000,0,Composed: Copy with GPU GDI,0.93680000000000,18.17480000000000,33.29140000000000,0.00000000000000,-11.84590000000000,11.92090000000000,0.00000000000000
ruffle.exe,12960,0x0000000000000000,Other,-1,0,0,73.04014380000001,0.00000000000000,32.44990000000000,0,Composed: Copy with GPU GDI,0.91150000000000,19.04250000000000,33.31760000000000,0.00000000000000,-11.17580000000000,11.08390000000000,0.00000000000000
ruffle.exe,12960,0x0000000000000000,Other,-1,0,0,73.08019929999999,0.00000000000000,40.05550000000000,0,Composed: Copy with GPU GDI,0.67040000000000,12.41140000000000,33.42440000000000,0.00000000000000,-16.77740000000000,11.30700000000000,0.00000000000000
ruffle.exe,12960,0x0000000000000000,Other,-1,0,0,73.12000780000001,0.00000000000000,39.80850000000000,0,Composed: Copy with GPU GDI,0.86580000000000,5.86040000000000,33.25750000000000,0.00000000000000,-12.12480000000000,12.23460000000000,0.00000000000000
ruffle.exe,12960,0x0000000000000000,Other,-1,0,0,73.15903240000000,0.00000000000000,39.02460000000000,0,Composed: Copy with GPU GDI,0.95410000000000,16.82890000000000,49.99310000000001,0.00000000000000,-13.22940000000000,13.27080000000000,0.00000000000000
ruffle.exe,12960,0x0000000000000000,Other,-1,0,0,73.20092450000000,0.00000000000000,41.89210000000000,0,Composed: Copy with GPU GDI,0.85920000000000,8.31310000000000,33.37630000000000,0.00000000000000,-15.36570000000000,12.78520000000000,0.00000000000000
ruffle.exe,12960,0x0000000000000000,Other,-1,0,0,73.24475540000000,0.00000000000000,43.83090000000000,0,Composed: Copy with GPU GDI,0.91160000000000,14.47060000000000,49.98840000000001,0.00000000000000,-12.08440000000000,11.76130000000000,0.00000000000000
ruffle.exe,12960,0x0000000000000000,Other,-1,0,0,73.30058370000000,0.00000000000000,55.82830000000001,0,Composed: Copy with GPU GDI,0.93230000000000,8.66620000000000,50.02390000000000,0.00000000000000,-16.44280000000000,12.36650000000000,0.00000000000000
ruffle.exe,12960,0x0000000000000000,Other,-1,0,0,73.33926480000001,0.00000000000000,38.68110000000000,0,Composed: Copy with GPU GDI,0.89360000000000,19.93750000000000,49.95240000000000,0.00000000000000,-11.84480000000000,11.73340000000000,0.00000000000000
ruffle.exe,12960,0x0000000000000000,Other,-1,0,0,73.37743039999999,0.00000000000000,38.16560000000000,0,Composed: Copy with GPU GDI,0.89490000000000,15.12020000000000,33.34830000000000,0.00000000000000,-17.05560000000000,13.41220000000000,0.00000000000000
ruffle.exe,12960,0x0000000000000000,Other,-1,0,0,73.42297940000000,0.00000000000000,45.54900000000000,0,Composed: Copy with GPU GDI,0.86590000000000,19.56910000000000,49.99790000000000,0.00000000000000,-12.43620000000000,12.32930000000000,0.00000000000000
ruffle.exe,12960,0x0000000000000000,Other,-1,0,0,73.45835930000000,0.00000000000000,35.37990000000000,0,Composed: Copy with GPU GDI,0.91220000000000,17.53370000000000,33.34450000000000,0.00000000000000,-16.24050000000000,11.79610000000000,0.00000000000000
ruffle.exe,12960,0x0000000000000000,Other,-1,0,0,73.49371440000000,0.00000000000000,35.35510000000000,0,Composed: Copy with GPU GDI,0.91250000000000,15.51030000000000,33.33170000000000,0.00000000000000,-11.21130000000000,11.13960000000000,0.00000000000000
ruffle.exe,12960,0x0000000000000000,Other,-1,0,0,73.78739019999999,0.00000000000000,293.67580000000004,0,Composed: Copy with GPU GDI,0.89590000000000,5.15520000000000,283.32069999999999,0.00000000000000,-16.20100000000000,12.73190000000000,0.00000000000000
ruffle.exe,12960,0x0000000000000000,Other,-1,0,0,73.87131250000000,0.00000000000000,83.92230000000001,0,Composed: Copy with GPU GDI,0.92850000000000,21.30610000000000,100.07320000000000,0.00000000000000,-14.82340000000000,14.71850000000000,0.00000000000000
ruffle.exe,12960,0x0000000000000000,Other,-1,0,0,74.01014210000000,0.00000000000000,138.82960000000000,0,Composed: Copy with GPU GDI,0.93710000000000,15.82070000000000,133.34420000000000,0.00000000000000,-15.58850000000000,15.48820000000000,0.00000000000000
ruffle.exe,12960,0x0000000000000000,Other,-1,0,0,74.05520240000000,0.00000000000000,45.06030000000001,0,Composed: Copy with GPU GDI,0.94490000000000,20.76790000000000,50.00750000000000,0.00000000000000,-15.87730000000000,11.33220000000000,0.00000000000000
ruffle.exe,12960,0x0000000000000000,Other,-1,0,0,74.08911010000001,0.00000000000000,33.90770000000000,0,Composed: Copy with GPU GDI,0.87800000000000,20.26280000000000,33.40260000000000,0.00000000000000,-12.68760000000000,12.78530000000000,0.00000000000000
ruffle.exe,12960,0x0000000000000000,Other,-1,0,0,74.11129160000000,0.00000000000000,22.18150000000000,0,Composed: Copy with GPU GDI,0.65610000000000,14.68870000000000,16.60740000000000,0.00000000000000,-10.62950000000000,10.58990000000000,0.00000000000000
ruffle.exe,12960,0x0000000000000000,Other,-1,0,0,74.14152640000000,0.00000000000000,30.23480000000000,0,Composed: Copy with GPU GDI,0.97300000000000,17.74590000000000,33.29200000000000,0.00000000000000,-16.46940000000000,12.65280000000000,0.00000000000000
ruffle.exe,12960,0x0000000000000000,Other,-1,0,0,74.17852220000000,0.00000000000000,36.99580000000000,0,Composed: Copy with GPU GDI,0.83800000000000,14.08820000000000,33.33810000000000,0.00000000000000,-14.91590000000000,15.01590000000000,0.00000000000000
ruffle.exe,12960,0x0000000000000000,Other,-1,0,0,74.21496980000001,0.00000000000000,36.44760000000000,0,Composed: Copy with GPU GDI,0.91590000000000,10.99440000000000,33.35380000000000,0.00000000000000,-14.62800000000000,11.42650000000000,0.00000000000000
ruffle.exe,12960,0x0000000000000000,Other,-1,0,0,74.28101119999999,0.00000000000000,66.04140000000001,0,Composed: Copy with GPU GDI,0.85130000000000,11.61580000000000,66.66280000000000,0.00000000000000,-11.87010000000000,11.99420000000000,0.00000000000000
ruffle.exe,12960,0x0000000000000000,Other,-1,0,0,74.30761229999999,0.00000000000000,26.60110000000000,0,Composed: Copy with GPU GDI,0.87400000000000,18.39610000000000,33.38140000000000,0.00000000000000,-13.48770000000000,12.11700000000000,0.00000000000000
ruffle.exe,12960,0x0000000000000000,Other,-1,0,0,74.34327100000000,0.00000000000000,35.65870000000000,0,Composed: Copy with GPU GDI,0.93210000000000,16.03040000000000,33.29300000000000,0.00000000000000,-10.60160000000000,10.57290000000000,0.00000000000000
ruffle.exe,12960,0x0000000000000000,Other,-1,0,0,74.37867030000000,0.00000000000000,35.39930000000000,0,Composed: Copy with GPU GDI,0.91420000000000,13.96650000000000,33.33540000000000,0.00000000000000,-11.21040000000000,11.25120000000000,0.00000000000000
ruffle.exe,12960,0x0000000000000000,Other,-1,0,0,74.41397950000000,0.00000000000000,35.30920000000000,0,Composed: Copy with GPU GDI,0.86540000000000,12.07120000000000,33.41390000000000,0.00000000000000,-13.89240000000000,13.92860000000000,0.00000000000000
ruffle.exe,12960,0x0000000000000000,Other,-1,0,0,74.44933999999999,0.00000000000000,35.36050000000000,0,Composed: Copy with GPU GDI,0.87570000000000,9.97810000000000,33.26740000000000,0.00000000000000,-14.46970000000000,12.19990000000000,0.00000000000000
ruffle.exe,12960,0x0000000000000000,Other,-1,0,0,74.47996450000001,0.00000000000000,30.62450000000000,0,Composed: Copy with GPU GDI,0.63570000000000,12.67220000000000,33.31860000000000,0.00000000000000,-11.93300000000000,11.82910000000000,0.00000000000000
ruffle.exe,12960,0x0000000000000000,Other,-1,0,0,74.75924870000000,0.00000000000000,279.28420000000000,0,Composed: Copy with GPU GDI,0.95280000000000,16.77290000000000,283.38490000000002,0.00000000000000,-14.09370000000000,13.32310000000000,0.00000000000000
ruffle.exe,12960,0x0000000000000000,Other,-1,0,0,74.79937800000000,0.00000000000000,40.12930000000000,0,Composed: Copy with GPU GDI,0.94930000000000,9.98900000000000,33.34540000000001,0.00000000000000,-19.05600000000000,12.15770000000000,0.00000000000000
ruffle.exe,12960,0x0000000000000000,Other,-1,0,0,74.84530690000000,0.00000000000000,45.92890000000000,0,Composed: Copy with GPU GDI,0.92540000000000,14.07970000000000,50.01960000000000,0.00000000000000,-14.02310000000000,13.94780000000000,0.00000000000000
ruffle.exe,12960,0x0000000000000000,Other,-1,0,0,74.89578660000001,0.00000000000000,50.47970000000000,0,Composed: Copy with GPU GDI,0.93860000000000,13.57270000000000,49.97270000000000,0.00000000000000,-16.23190000000000,12.97120000000000,0.00000000000000
ruffle.exe,12960,0x0000000000000000,Other,-1,0,0,74.94213940000000,0.00000000000000,46.35280000000000,0,Composed: Copy with GPU GDI,0.92440000000000,17.24870000000000,50.02880000000000,0.00000000000000,-12.23360000000000,12.14320000000000,0.00000000000000
ruffle.exe,12960,0x0000000000000000,Other,-1,0,0,74.97663260000000,0.00000000000000,34.49320000000000,0,Composed: Copy with GPU GDI,0.93720000000000,16.05870000000000,33.30320000000000,0.00000000000000,-15.14770000000000,11.92240000000000,0.00000000000000
ruffle.exe,12960,0x0000000000000000,Other,-1,0,0,75.01329989999999,0.00000000000000,36.66730000000000,0,Composed: Copy with GPU GDI,0.89700000000000,12.74540000000000,33.35400000000000,0.00000000000000,-11.41540000000000,11.40240000000000,0.00000000000000
ruffle.exe,12960,0x0000000000000000,Other,-1,0,0,75.05491570000000,0.00000000000000,41.61580000000000,0,Composed: Copy with GPU GDI,0.84970000000000,21.16270000000000,50.03310000000000,0.00000000000000,-17.44600000000000,11.87040000000000,0.00000000000000
ruffle.exe,12960,0x0000000000000000,Other,-1,0,0,75.09456260000000,0.00000000000000,39.64690000000000,0,Composed: Copy with GPU GDI,0.91300000000000,14.79930000000000,33.28350000000000,0.00000000000000,-12.55890000000000,12.36170000000000,0.00000000000000
ruffle.exe,12960,0x0000000000000000,Other,-1,0,0,75.12927929999999,0.00000000000000,34.71670000000000,0,Composed: Copy with GPU GDI,0.88380000000000,13.44040000000000,33.35780000000000,0.00000000000000,-15.56340000000000,12.46060000000000,0.00000000000000
ruffle.exe,12960,0x0000000000000000,Other,-1,0,0,75.17610420000000,0.00000000000000,46.82490000000000,0,Composed: Copy with GPU GDI,0.86040000000000,16.59260000000000,49.97710000000000,0.00000000000000,-13.12160000000000,13.27600000000000,0.00000000000000
ruffle.exe,12960,0x0000000000000000,Other,-1,0,0,75.22223860000000,0.00000000000000,46.13440000000000,0,Composed: Copy with GPU GDI,0.96900000000000,20.47000000000000,50.01180000000000,0.00000000000000,-17.12640000000000,12.25010000000000,0.00000000000000
ruffle.exe,12960,0x0000000000000000,Other,-1,0,0,75.25985210000000,0.00000000000000,37.61350000000000,0,Composed: Copy with GPU GDI,0.92880000000000,16.23860000000000,33.38210000000000,0.00000000000000,-11.71000000000000,11.61410000000000,0.00000000000000
ruffle.exe,12960,0x0000000000000000,Other,-1,0,0,75.29981050000001,0.00000000000000,39.95840000000000,0,Composed: Copy with GPU GDI,0.84170000000000,9.59210000000000,33.31190000000000,0.00000000000000,-12.04840000000000,12.16770000000000,0.00000000000000
ruffle.exe,12960,0x0000000000000000,Other,-1,0,0,75.34993220000000,0.00000000000000,50.12170000000000,0,Composed: Copy with GPU GDI,0.86200000000000,9.47650000000000,50.00610000000000,0.00000000000000,-13.86100000000000,13.83930000000000,0.00000000000000
ruffle.exe,12960,0x0000000000000000,Other,-1,0,0,75.38689390000000,0.00000000000000,36.96170000000000,0,Composed: Copy with GPU GDI,0.90870000000000,5.84500000000000,33.33020000000000,0.00000000000000,-12.63710000000000,12.44390000000000,0.00000000000000
ruffle.exe,12960,0x0000000000000000,Other,-1,0,0,75.42140470000000,0.00000000000000,34.51080000000000,0,Composed: Copy with GPU GDI,0.87500000000000,4.61590000000000,33.28170000000000,0.00000000000000,-13.18650000000000,11.59820000000000,0.00000000000000
ruffle.exe,12960,0x0000000000000000,Other,-1,0,0,75.45440499999999,0.00000000000000,33.00030000000000,0,Composed: Copy with GPU GDI,0.94000000000000,21.63710000000000,50.02150000000000,0.00000000000000,-11.37860000000000,11.35530000000000,0.00000000000000
ruffle.exe,12960,0x0000000000000000,Other,-1,0,0,75.48748680000000,0.00000000000000,33.08180000000000,0,Composed: Copy with GPU GDI,0.91740000000000,5.25570000000000,16.70040000000000,0.00000000000000,-11.80590000000000,11.87790000000000,0.00000000000000
ruffle.exe,12960,0x0000000000000000,Other,-1,0,0,75.76147070000000,0.00000000000000,273.98390000000001,0,Composed: Copy with GPU GDI,0.65810000000000,14.66650000000000,283.39470000000000,0.00000000000000,-11.30140000000000,11.27080000000000,0.00000000000000
ruffle.exe,12960,0x0000000000000000,Other,-1,0,0,75.82576410000000,0.00000000000000,64.29340000000001,0,Composed: Copy with GPU GDI,0.89070000000000,17.04430000000000,66.67120000000000,0.00000000000000,-15.48260000000000,15.65820000000000,0.00000000000000
ruffle.exe,12960,0x0000000000000000,Other,-1,0,0,75.87110950000000,0.00000000000000,45.34540000000001,0,Composed: Copy with GPU GDI,0.59780000000000,4.97480000000000,33.27590000000000,0.00000000000000,-11.19970000000000,11.21140000000000,0.00000000000000
ruffle.exe,12960,0x0000000000000000,Other,-1,0,0,75.89337810000001,0.00000000000000,22.26860000000000,0,Composed: Copy with GPU GDI,0.60990000000000,16.04170000000000,33.33550000000000,0.00000000000000,-10.46440000000000,10.51310000000000,0.00000000000000
ruffle.exe,12960,0x0000000000000000,Other,-1,0,0,75.93664190000000,0.00000000000000,43.26380000000000,0,Composed: Copy with GPU GDI,0.87390000000000,6.18130000000000,33.40340000000000,0.00000000000000,-16.90430000000000,12.46040000000000,0.00000000000000
ruffle.exe,12960,0x0000000000000000,Other,-1,0,0,75.96585940000000,0.00000000000000,29.21750000000000,0,Composed: Copy with GPU GDI,0.60030000000000,10.27360000000000,33.30980000000000,0.00000000000000,-10.27860000000000,10.28270000000000,0.00000000000000
ruffle.exe,12960,0x0000000000000000,Other,-1,0,0,76.01696620000000,0.00000000000000,51.10680000000000,0,Composed: Copy with GPU GDI,0.89080000000000,9.17370000000000,50.00690000000000,0.00000000000000,-13.24490000000000,13.15260000000000,0.00000000000000
ruffle.exe,12960,0x0000000000000000,Other,-1,0,0,76.05312970000000,0.00000000000000,36.16350000000000,0,Composed: Copy with GPU GDI,0.87970000000000,6.31570000000000,33.30550000000000,0.00000000000000,-13.21320000000000,13.23700000000000,0.00000000000000
ruffle.exe,12960,0x0000000000000000,Other,-1,0,0,76.08553510000000,0.00000000000000,32.40540000000000,0,Composed: Copy with GPU GDI,0.90020000000000,7.23700000000000,33.32670000000000,0.00000000000000,-14.93240000000000,11.35800000000000,0.00000000000000
ruffle.exe,12960,0x0000000000000000,Other,-1,0,0,76.11999360000000,0.00000000000000,34.45850000000000,0,Composed: Copy with GPU GDI,0.85440000000000,6.13750000000000,33.35900000000000,0.00000000000000,-11.07420000000000,11.23310000000000,0.00000000000000
ruffle.exe,12960,0x0000000000000000,Other,-1,0,0,76.14509339999999,0.00000000000000,25.09980000000000,0,Composed: Copy with GPU GDI,0.85550000000000,14.39270000000000,33.35500000000000,0.00000000000000,-11.29710000000000,11.32210000000000,0.00000000000000
ruffle.exe,12960,0x0000000000000000,Other,-1,0,0,76.17241690000000,0.00000000000000,27.32350000000000,0,Composed: Copy with GPU GDI,0.60440000000000,20.37820000000000,33.30900000000000,0.00000000000000,-10.45850000000000,10.46180000000000,0.00000000000000
ruffle.exe,12960,0x0000000000000000,Other,-1,0,0,76.19918750000001,0.00000000000000,26.77060000000000,0,Composed: Copy with GPU GDI,0.62070000000000,10.26950000000000,16.66190000000000,0.00000000000000,-11.05870000000000,11.01220000000000,0.00000000000000
ruffle.exe,12960,0x0000000000000000,Other,-1,0,0,76.24215080000000,0.00000000000000,42.96330000000000,0,Composed: Copy with GPU GDI,0.85790000000000,17.30380000000000,49.99760000000001,0.00000000000000,-12.92700000000000,13.04600000000000,0.00000000000000
ruffle.exe,12960,0x0000000000000000,Other,-1,0,0,76.27376450000001,0.00000000000000,31.61370000000000,0,Composed: Copy with GPU GDI,0.85120000000000,19.07260000000000,33.38250000000000,0.00000000000000,-12.57860000000000,12.67410000000000,0.00000000000000
ruffle.exe,12960,0x0000000000000000,Other,-1,0,0,76.30711420000000,0.00000000000000,33.34970000000000,0,Composed: Copy with GPU GDI,0.89600000000000,19.05470000000000,33.33180000000000,0.00000000000000,-14.94650000000000,11.77470000000000,0.00000000000000
ruffle.exe,12960,0x0000000000000000,Other,-1,0,0,76.34749810000000,0.00000000000000,40.38390000000000,0,Composed: Copy with GPU GDI,0.93290000000000,12.00780000000000,33.33700000000000,0.00000000000000,-11.57890000000000,11.59470000000000,0.00000000000000
ruffle.exe,12960,0x0000000000000000,Other,-1,0,0,76.38288450000000,0.00000000000000,35.38640000000000,0,Composed: Copy with GPU GDI,0.87860000000000,9.97070000000000,33.34930000000000,0.00000000000000,-14.38440000000000,11.64330000000000,0.00000000000000
ruffle.exe,12960,0x0000000000000000,Other,-1,0,0,76.42804029999999,0.00000000000000,45.15580000000000,0,Composed: Copy with GPU GDI,1.02580000000000,14.83890000000000,50.02400000000000,0.00000000000000,-11.14070000000000,11.17100000000000,0.00000000000000
ruffle.exe,12960,0x0000000000000000,Other,-1,0,0,76.47515949999999,0.00000000000000,47.11920000000000,0,Composed: Copy with GPU GDI,1.01720000000000,17.67590000000000,49.95620000000000,0.00000000000000,-16.63610000000000,14.02800000000000,0.00000000000000
ruffle.exe,12960,0x0000000000000000,Other,-1,0,0,76.78574069999999,0.00000000000000,310.58120000000002,0,Composed: Copy with GPU GDI,0.91490000000000,7.13050000000000,300.03579999999999,0.00000000000000,-12.88530000000000,12.73460000000000,0.00000000000000
ruffle.exe,12960,0x0000000000000000,Other,-1,0,0,76.86246559999999,0.00000000000000,76.72490000000001,0,Composed: Copy with GPU GDI,0.91460000000000,13.70250000000000,83.29690000000001,0.00000000000000,-13.76310000000000,13.67360000000000,0.00000000000000
ruffle.exe,12960,0x0000000000000000,Other,-1,0,0,76.89078979999999,0.00000000000000,28.32420000000000,0,Composed: Copy with GPU GDI,0.85100000000000,18.74610000000000,33.36780000000000,0.00000000000000,-11.44030000000000,11.18250000000000,0.00000000000000
ruffle.exe,12960,0x0000000000000000,Other,-1,0,0,76.93248630000001,0.00000000000000,41.69650000000000,0,Composed: Copy with GPU GDI,0.86170000000000,10.36440000000000,33.31480000000000,0.00000000000000,-15.55600000000000,12.18760000000000,0.00000000000000
ruffle.exe,12960,0x0000000000000000,Other,-1,0,0,76.96626750000000,0.00000000000000,33.78120000000000,0,Composed: Copy with GPU GDI,0.87260000000000,9.96840000000000,33.38520000000000,0.00000000000000,-12.51360000000000,12.54820000000000,0.00000000000000
ruffle.exe,12960,0x0000000000000000,Other,-1,0,0,76.99670410000000,0.00000000000000,30.43660000000000,0,Composed: Copy with GPU GDI,0.94780000000000,12.82950000000000,33.29770000000000,0.00000000000000,-13.13700000000000,13.05330000000000,0.00000000000000
ruffle.exe,12960,0x0000000000000000,Other,-1,0,0,77.03402869999999,0.00000000000000,37.32460000000000,0,Composed: Copy with GPU GDI,0.91170000000000,8.84820000000000,33.34330000000000,0.00000000000000,-17.62120000000000,12.32680000000000,0.00000000000000
ruffle.exe,12960,0x0000000000000000,Other,-1,0,0,77.06419169999999,0.00000000000000,30.16300000000000,0,Composed: Copy with GPU GDI,0.87990000000000,12.01000000000000,33.32480000000000,0.00000000000000,-10.80210000000000,10.77510000000000,0.00000000000000
ruffle.exe,12960,0x0000000000000000,Other,-1,0,0,77.12010350000000,0.00000000000000,55.91180000000000,0,Composed: Copy with GPU GDI,0.93860000000000,6.17040000000000,50.07220000000000,0.00000000000000,-12.33110000000000,12.19680000000000,0.00000000000000
ruffle.exe,12960,0x0000000000000000,Other,-1,0,0,77.15142150000000,0.00000000000000,31.31800000000000,0,Composed: Copy with GPU GDI,0.63430000000000,8.15330000000000,33.30090000000000,0.00000000000000,-11.72090000000000,11.65100000000000,0.00000000000000
ruffle.exe,12960,0x0000000000000000,Other,-1,0,0,77.18981479999999,0.00000000000000,38.39330000000000,0,Composed: Copy with GPU GDI,0.89180000000000,19.78090000000000,50.02090000000000,0.00000000000000,-12.87520000000000,12.59520000000000,0.00000000000000
ruffle.exe,12960,0x0000000000000000,Other,-1,0,0,77.23292220000000,0.00000000000000,43.10740000000001,0,Composed: Copy with GPU GDI,0.96430000000000,10.00480000000000,33.33130000000000,0.00000000000000,-15.76910000000000,13.24860000000000,0.00000000000000
ruffle.exe,12960,0x0000000000000000,Other,-1,0,0,77.28428840000001,0.00000000000000,51.36620000000000,0,Composed: Copy with GPU GDI,0.88610000000000,8.61810000000000,49.97950000000000,0.00000000000000,-12.76780000000000,12.81760000000000,0.00000000000000
ruffle.exe,12960,0x0000000000000000,Other,-1,0,0,77.31715330000000,0.00000000000000,32.86490000000000,0,Composed: Copy with GPU GDI,0.92170000000000,9.11940000000000,33.36620000000000,0.00000000000000,-16.14930000000000,11.44800000000000,0.00000000000000
ruffle.exe,12960,0x0000000000000000,Other,-1,0,0,77.35529200000001,0.00000000000000,38.13870000000000,0,Composed: Copy with GPU GDI,0.91100000000000,20.96540000000000,49.98470000000000,0.00000000000000,-11.85390000000000,11.75700000000000,0.00000000000000
ruffle.exe,12960,0x0000000000000000,Other,-1,0,0,77.40923250000000,0.00000000000000,53.94050000000000,0,Composed: Copy with GPU GDI,0.87230000000000,17.08480000000000,50.05990000000000,0.00000000000000,-17.61170000000000,11.20230000000000,0.00000000000000
ruffle.exe,12960,0x0000000000000000,Other,-1,0,0,77.44566020000001,0.00000000000000,36.42770000000000,0,Composed: Copy with GPU GDI,0.84960000000000,13.92900000000000,33.27190000000000,0.00000000000000,-12.33830000000000,12.41440000000000,0.00000000000000
ruffle.exe,12960,0x0000000000000000,Other,-1,0,0,77.48334930000000,0.00000000000000,37.68910000000000,0,Composed: Copy with GPU GDI,0.96050000000000,9.59680000000000,33.35690000000000,0.00000000000000,-17.25310000000000,13.90950000000000,0.00000000000000
ruffle.exe,12960,0x0000000000000000,Other,-1,0,0,77.75860110000001,0.00000000000000,275.25180000000000,0,Composed: Copy with GPU GDI,0.91540000000000,17.71460000000000,283.36959999999999,0.00000000000000,-11.39950000000000,11.30120000000000,0.00000000000000
ruffle.exe,12960,0x0000000000000000,Other,-1,0,0,77.81274890000000,0.00000000000000,54.14780000000000,0,Composed: Copy with GPU GDI,0.90270000000000,13.53700000000000,49.97020000000001,0.00000000000000,-16.19370000000000,12.63160000000000,0.00000000000000
ruffle.exe,12960,0x0000000000000000,Other,-1,0,0,77.84653960000000,0.00000000000000,33.79070000000000,0,Composed: Copy with GPU GDI,0.88400000000000,13.07310000000000,33.32680000000000,0.00000000000000,-10.87940000000000,10.78340000000000,0.00000000000000
ruffle.exe,12960,0x0000000000000000,Other,-1,0,0,77.88044100000000,0.00000000000000,33.90140000000000,0,Composed: Copy with GPU GDI,0.92690000000000,12.51460000000000,33.34290000000000,0.00000000000000,-12.53900000000000,12.45700000000000,0.00000000000000
ruffle.exe,12960,0x0000000000000000,Other,-1,0,0,77.92744300000000,0.00000000000000,47.00200000000000,0,Composed: Copy with GPU GDI,0.94390000000000,15.55950000000000,50.04690000000000,0.00000000000000,-19.13140000000000,14.08480000000000,0.00000000000000
ruffle.exe,12960,0x0000000000000000,Other,-1,0,0,77.97450240000001,0.00000000000000,47.05940000000000,0,Composed: Copy with GPU GDI,0.88350000000000,18.52280000000000,50.02270000000000,0.00000000000000,-11.24390000000000,11.13830000000000,0.00000000000000
ruffle.exe,12960,0x0000000000000000,Other,-1,0,0,78.01247370000000,0.00000000000000,37.97130000000000,0,Composed: Copy with GPU GDI,0.92590000000000,13.84240000000000,33.29090000000000,0.00000000000000,-16.34710000000000,12.03720000000000,0.00000000000000
ruffle.exe,12960,0x0000000000000000,Other,-1,0,0,78.04848440000001,0.00000000000000,36.01070000000000,0,Composed: Copy with GPU GDI,0.92080000000000,11.19130000000000,33.35960000000000,0.00000000000000,-10.98910000000000,10.82470000000000,0.00000000000000
ruffle.exe,12960,0x0000000000000000,Other,-1,0,0,78.09235310000000,0.00000000000000,43.86870000000000,0,Composed: Copy with GPU GDI,1.10420000000000,17.29350000000000,49.97090000000000,0.00000000000000,-18.97210000000000,11.31020000000000,0.00000000000000
ruffle.exe,12960,0x0000000000000000,Other,-1,0,0,78.15633160000000,0.00000000000000,63.97850000000000,0,Composed: Copy with GPU GDI,0.94390000000000,19.99340000000000,66.67840000000000,0.00000000000000,-14.34390000000000,14.04660000000000,0.00000000000000
ruffle.exe,12960,0x0000000000000000,Other,-1,0,0,78.20319150000000,0.00000000000000,46.85990000000000,0,Composed: Copy with GPU GDI,0.95540000000000,6.45580000000000,33.32230000000000,0.00000000000000,-15.85770000000000,11.48780000000000,0.00000000000000
ruffle.exe,12960,0x0000000000000000,Other,-1,0,0,78.25513310000001,0.00000000000000,51.94160000000000,0,Composed: Copy with GPU GDI,0.98160000000000,21.25590000000000,66.74170000000001,0.00000000000000,-12.58010000000000,12.28280000000000,0.00000000000000
ruffle.exe,12960,0x0000000000000000,Other,-1,0,0,78.29580060000001,0.00000000000000,40.66750000000000,0,Composed: Copy with GPU GDI,0.92520000000000,13.85140000000000,33.26300000000000,0.00000000000000,-19.02340000000000,11.36090000000000,0.00000000000000
ruffle.exe,12960,0x0000000000000000,Other,-1,0,0,78.34305110000000,0.00000000000000,47.25050000000000,0,Composed: Copy with GPU GDI,0.91210000000000,16.61590000000000,50.01500000000000,0.00000000000000,-13.93730000000000,13.89550000000000,0.00000000000000
ruffle.exe,12960,0x0000000000000000,Other,-1,0,0,78.37789970000000,0.00000000000000,34.84860000000000,0,Composed: Copy with GPU GDI,0.92290000000000,15.08760000000000,33.32030000000000,0.00000000000000,-14.83500000000000,11.40090000000000,0.00000000000000
ruffle.exe,12960,0x0000000000000000,Other,-1,0,0,78.41059750000001,0.00000000000000,32.69780000000000,0,Composed: Copy with GPU GDI,0.93770000000000,15.76500000000000,33.37520000000000,0.00000000000000,-11.26830000000000,11.11340000000000,0.00000000000000
ruffle.exe,12960,0x0000000000000000,Other,-1,0,0,78.45254410000000,0.00000000000000,41.94660000000000,0,Composed: Copy with GPU GDI,0.92900000000000,7.16130000000000,33.34290000000000,0.00000000000000,-17.49840000000000,11.82540000000000,0.00000000000000
ruffle.exe,12960,0x0000000000000000,Other,-1,0,0,78.48739300000000,0.00000000000000,34.84890000000000,0,Composed: Copy with GPU GDI,0.93550000000000,5.62690000000000,33.31450000000000,0.00000000000000,-10.80100000000000,10.69020000000000,0.00000000000000
ruffle.exe,12960,0x0000000000000000,Other,-1,0,0,78.77650710000000,0.00000000000000,289.11410000000001,0,Composed: Copy with GPU GDI,0.90150000000000,16.57210000000000,300.05930000000001,0.00000000000000,-11.75360000000000,11.77540000000000,0.00000000000000
ruffle.exe,12960,0x0000000000000000,Other,-1,0,0,78.83222740000001,0.00000000000000,55.72030000000000,0,Composed: Copy with GPU GDI,0.90430000000000,10.80220000000000,49.95040000000000,0.00000000000000,-13.67250000000000,13.60900000000000,0.00000000000000
ruffle.exe,12960,0x0000000000000000,Other,-1,0,0,78.87081580000000,0.00000000000000,38.58840000000000,0,Composed: Copy with GPU GDI,0.93050000000000,22.23150000000000,50.01770000000000,0.00000000000000,-17.65790000000000,11.67300000000000,0.00000000000000
ruffle.exe,12960,0x0000000000000000,Other,-1,0,0,78.90180270000000,0.00000000000000,30.98690000000000,0,Composed: Copy with GPU GDI,0.63150000000000,7.89310000000000,16.64850000000000,0.00000000000000,-10.52810000000000,10.49010000000000,0.00000000000000
ruffle.exe,12960,0x0000000000000000,Other,-1,0,0,78.93450140000000,0.00000000000000,32.69870000000000,0,Composed: Copy with GPU GDI,0.92150000000000,25.21200000000000,50.01760000000000,0.00000000000000,-14.68120000000000,11.20890000000000,0.00000000000000
ruffle.exe,12960,0x0000000000000000,Other,-1,0,0,78.96953599999999,0.00000000000000,35.03460000000000,0,Composed: Copy with GPU GDI,0.85480000000000,6.88770000000000,16.71030000000000,0.00000000000000,-10.86010000000000,10.93150000000000,0.00000000000000
ruffle.exe,12960,0x0000000000000000,Other,-1,0,0,79.00650340000000,0.00000000000000,36.96740000000000,0,Composed: Copy with GPU GDI,0.60830000000000,19.88090000000000,49.96060000000000,0.00000000000000,-12.56960000000000,12.48820000000000,0.00000000000000
ruffle.exe,12960,0x0000000000000000,Other,-1,0,0,79.03357820000001,0.00000000000000,27.07480000000000,0,Composed: Copy with GPU GDI,0.58970000000000,9.45440000000000,16.64830000000000,0.00000000000000,-12.09470000000000,12.10860000000000,0.00000000000000
ruffle.exe,12960,0x0000000000000000,Other,-1,0,0,79.06647970000000,0.00000000000000,32.90150000000000,0,Composed: Copy with GPU GDI,0.95230000000000,9.90860000000000,33.35570000000000,0.00000000000000,-15.76780000000000,11.59680000000000,0.00000000000000
ruffle.exe,12960,0x0000000000000000,Other,-1,0,0,79.09855290000000,0.00000000000000,32.07320000000000,0,Composed: Copy with GPU GDI,0.83160000000000,11.13760000000000,33.30220000000000,0.00000000000000,-10.85310000000000,10.85580000000000,0.00000000000000
ruffle.exe,12960,0x0000000000000000,Other,-1,0,0,79.12018490000000,0.00000000000000,21.63200000000000,0,Composed: Copy with GPU GDI,0.85450000000000,6.21050000000000,16.70490000000000,0.00000000000000,-10.62050000000000,10.62590000000000,0.00000000000000
ruffle.exe,12960,0x0000000000000000,Other,-1,0,0,79.15946369999999,0.00000000000000,39.27880000000000,0,Composed: Copy with GPU GDI,0.92940000000000,16.92560000000000,49.99390000000000,0.00000000000000,-17.33000000000000,11.64500000000000,0.00000000000000
ruffle.exe,12960,0x0000000000000000,Other,-1,0,0,79.18836449999999,0.00000000000000,28.90080000000000,0,Composed: Copy with GPU GDI,0.85420000000000,4.65040000000000,16.62560000000000,0.00000000000000,-10.80820000000000,10.83840000000000,0.00000000000000
ruffle.exe,12960,0x0000000000000000,Other,-1,0,0,79.22243469999999,0.00000000000000,34.07020000000000,0,Composed: Copy with GPU GDI,0.84030000000000,20.63680000000000,50.05660000000000,0.00000000000000,-12.85590000000000,12.31780000000000,0.00000000000000
ruffle.exe,12960,0x0000000000000000,Other,-1,0,0,79.25031350000000,0.00000000000000,27.87880000000000,0,Composed: Copy with GPU GDI,0.88820000000000,9.40580000000000,16.64780000000000,0.00000000000000,-12.37710000000000,12.58130000000000,0.00000000000000
ruffle.exe,12960,0x0000000000000000,Other,-1,0,0,79.27258080000000,0.00000000000000,22.26730000000000,0,Composed: Copy with GPU GDI,0.60310000000000,20.51090000000000,33.37240000000000,0.00000000000000,-10.41240000000000,10.42770000000000,0.00000000000000
ruffle.exe,12960,0x0000000000000000,Other,-1,0,0,79.30759530000000,0.00000000000000,35.01450000000000,0,Composed: Copy with GPU GDI,0.85880000000000,18.93140000000000,33.43500000000000,0.00000000000000,-15.35820000000000,11.24330000000000,0.00000000000000
ruffle.exe,12960,0x0000000000000000,Other,-1,0,0,79.33613140000000,0.00000000000000,28.53610000000000,0,Composed: Copy with GPU GDI,0.84540000000000,6.95440000000000,16.55910000000000,0.00000000000000,-10.80080000000000,10.92240000000000,0.00000000000000
ruffle.exe,12960,0x0000000000000000,Other,-1,0,0,79.37674700000001,0.00000000000000,40.61560000000000,0,Composed: Copy with GPU GDI,0.85240000000000,16.36510000000000,50.02630000000000,0.00000000000000,-11.63470000000000,11.65260000000000,0.00000000000000
ruffle.exe,12960,0x0000000000000000,Other,-1,0,0,79.41530060000001,0.00000000000000,38.55360000000000,0,Composed: Copy with GPU GDI,0.84500000000000,11.10380000000000,33.29230000000000,0.00000000000000,-13.36450000000000,13.47730000000000,0.00000000000000
ruffle.exe,12960,0x0000000000000000,Other,-1,0,0,79.43892269999999,0.00000000000000,23.62210000000000,0,Composed: Copy with GPU GDI,0.91080000000000,20.86980000000000,33.38810000000000,0.00000000000000,-12.83000000000000,12.73630000000000,0.00000000000000
ruffle.exe,12960,0x0000000000000000,Other,-1,0,0,79.47561520000001,0.00000000000000,36.69250000000000,0,Composed: Copy with GPU GDI,0.94780000000000,17.51580000000000,33.33850000000000,0.00000000000000,-16.22860000000000,11.47500000000000,0.00000000000000
ruffle.exe,12960,0x0000000000000000,Other,-1,0,0,79.69109990000000,0.00000000000000,215.48470000000000,0,Composed: Copy with GPU GDI,0.92870000000000,18.71870000000000,216.68760000000000,0.00000000000000,-11.59720000000000,11.65290000000000,0.00000000000000
ruffle.exe,12960,0x0000000000000000,Other,-1,0,0,79.74142600000000,0.00000000000000,50.32610000000000,0,Composed: Copy with GPU GDI,0.67600000000000,18.36580000000000,49.97320000000001,0.00000000000000,-12.13440000000000,12.11760000000000,0.00000000000000
ruffle.exe,12960,0x0000000000000000,Other,-1,0,0,79.76801399999999,0.00000000000000,26.58800000000000,0,Composed: Copy with GPU GDI,0.63900000000000,8.46140000000000,16.68360000000000,0.00000000000000,-12.48660000000000,12.48800000000000,0.00000000000000
ruffle.exe,12960,0x0000000000000000,Other,-1,0,0,79.80085550000001,0.00000000000000,32.84150000000000,0,Composed: Copy with GPU GDI,0.64860000000000,8.94160000000000,33.32170000000000,0.00000000000000,-12.17700000000000,12.11710000000000,0.00000000000000
ruffle.exe,12960,0x0000000000000000,Other,-1,0,0,79.83476530000000,0.00000000000000,33.90980000000000,0,Composed: Copy with GPU GDI,0.85050000000000,8.41670000000000,33.38490000000000,0.00000000000000,-14.19390000000000,11.01180000000000,0.00000000000000
ruffle.exe,12960,0x0000000000000000,Other,-1,0,0,79.87299960000000,0.00000000000000,38.23430000000000,0,Composed: Copy with GPU GDI,0.65630000000000,20.09850000000000,49.91610000000000,0.00000000000000,-10.66310000000000,10.64000000000000,0.00000000000000
ruffle.exe,12960,0x0000000000000000,Other,-1,0,0,79.89393210000000,0.00000000000000,20.93250000000000,0,Composed: Copy with GPU GDI,0.65930000000000,15.84770000000000,16.68170000000000,0.00000000000000,-10.12930000000000,10.12410000000000,0.00000000000000
ruffle.exe,12960,0x0000000000000000,Other,-1,0,0,79.92144310000000,0.00000000000000,27.51100000000000,0,Composed: Copy with GPU GDI,0.88270000000000,21.88590000000000,33.54920000000000,0.00000000000000,-14.05060000000000,11.49120000000000,0.00000000000000
ruffle.exe,12960,0x0000000000000000,Other,-1,0,0,79.95459290000001,0.00000000000000,33.14980000000000,0,Composed: Copy with GPU GDI,0.89490000000000,5.22490000000000,16.48880000000000,0.00000000000000,-12.51550000000000,12.53810000000000,0.00000000000000
ruffle.exe,12960,0x0000000000000000,Other,-1,0,0,79.99448010000000,0.00000000000000,39.88720000000000,0,Composed: Copy with GPU GDI,0.64430000000000,15.32410000000000,49.98640000000000,0.00000000000000,-16.03820000000000,12.29710000000000,0.00000000000000
ruffle.exe,12960,0x0000000000000000,Other,-1,0,0,80.02541020000000,0.00000000000000,30.93010000000000,0,Composed: Copy with GPU GDI,0.85570000000000,17.77530000000000,33.38130000000000,0.00000000000000,-10.64680000000000,10.73180000000000,0.00000000000000
ruffle.exe,12960,0x0000000000000000,Other,-1,0,0,80.05840600000001,0.00000000000000,32.99580000000000,0,Composed: Copy with GPU GDI,0.63330000000000,18.05300000000000,33.27350000000000,0.00000000000000,-15.79320000000000,11.10690000000000,0.00000000000000
ruffle.exe,12960,0x0000000000000000,Other,-1,0,0,80.08702370000000,0.00000000000000,28.61770000000000,0,Composed: Copy with GPU GDI,0.88160000000000,6.10680000000000,16.67150000000000,0.00000000000000,-10.31740000000000,10.34150000000000,0.00000000000000
ruffle.exe,12960,0x0000000000000000,Other,-1,0,0,80.12704590000000,0.00000000000000,40.02220000000001,0,Composed: Copy with GPU GDI,0.83840000000000,16.10130000000000,50.01670000000000,0.00000000000000,-13.60580000000000,11.49370000000000,0.00000000000000
ruffle.exe,12960,0x0000000000000000,Other,-1,0,0,80.16736830000001,0.00000000000000,40.32240000000000,0,Composed: Copy with GPU GDI,0.90280000000000,9.11680000000000,33.33790000000000,0.00000000000000,-10.70540000000000,10.78700000000000,0.00000000000000
ruffle.exe,12960,0x0000000000000000,Other,-1,0,0,80.20767740000001,0.00000000000000,40.30910000000000,0,Composed: Copy with GPU GDI,0.92980000000000,18.84580000000000,50.03810000000000,0.00000000000000,-18.60970000000000,12.95530000000000,0.00000000000000
ruffle.exe,12960,0x0000000000000000,Other,-1,0,0,80.25003350000000,0.00000000000000,42.35610000000000,0,Composed: Copy with GPU GDI,0.93260000000000,9.82740000000000,33.33770000000000,0.00000000000000,-12.87170000000000,12.57540000000000,0.00000000000000
ruffle.exe,12960,0x0000000000000000,Other,-1,0,0,80.29504369999999,0.00000000000000,45.01020000000000,0,Composed: Copy with GPU GDI,0.91460000000000,14.79980000000000,49.98260000000001,0.00000000000000,-19.09010000000000,11.62060000000000,0.00000000000000
ruffle.exe,12960,0x0000000000000000,Other,-1,0,0,80.34772230000000,0.00000000000000,52.67860000000000,0,Composed: Copy with GPU GDI,0.89270000000000,12.11640000000000,49.99520000000000,0.00000000000000,-11.22960000000000,11.13310000000000,0.00000000000000
ruffle.exe,12960,0x0000000000000000,Other,-1,0,0,80.38552510000000,0.00000000000000,37.80280000000000,0,Composed: Copy with GPU GDI,0.90150000000000,7.70140000000000,33.38780000000000,0.00000000000000,-18.15350000000000,11.49120000000000,0.00000000000000
ruffle.exe,12960,0x0000000000000000,Other,-1,0,0,80.43445000000000,0.00000000000000,48.92490000000000,0,Composed: Copy with GPU GDI,0.88710000000000,8.80140000000000,50.02490000000000,0.00000000000000,-12.64420000000000,12.52380000000000,0.00000000000000
ruffle.exe,12960,0x0000000000000000,Other,-1,0,0,80.48473410000000,0.00000000000000,50.28410000000000,0,Composed: Copy with GPU GDI,0.88750000000000,8.44300000000000,49.92570000000000,0.00000000000000,-14.37010000000000,12.16580000000000,0.00000000000000
ruffle.exe,12960,0x0000000000000000,Other,-1,0,0,80.75054840000000,0.00000000000000,265.81430000000000,0,Composed: Copy with GPU GDI,0.63620000000000,9.37390000000000,266.74520000000001,0.00000000000000,-10.77000000000000,10.72600000000000,0.00000000000000
ruffle.exe,12960,0x0000000000000000,Other,-1,0,0,80.81343540000000,0.00000000000000,62.88700000000000,0,Composed: Copy with GPU GDI,0.88790000000000,13.15480000000000,66.66790000000000,0.00000000000000,-11.95360000000000,11.88350000000000,0.00000000000000
ruffle.exe,12960,0x0000000000000000,Other,-1,0,0,80.84758120000001,0.00000000000000,34.14580000000000,0,Composed: Copy with GPU GDI,1.00230000000000,12.29260000000000,33.28360000000000,0.00000000000000,-13.81300000000000,11.20860000000000,0.00000000000000
ruffle.exe,12960,0x0000000000000000,Other,-1,0,0,80.90222240000000,0.00000000000000,54.64120000000000,0,Composed: Copy with GPU GDI,0.98730000000000,7.67850000000000,50.02710000000000,0.00000000000000,-13.17770000000000,13.07890000000000,0.00000000000000
ruffle.exe,12960,0x0000000000000000,Other,-1,0,0,80.99333779999999,0.00000000000000,91.11540000000001,0,Composed: Copy with GPU GDI,0.85680000000000,16.58800000000000,100.02490000000000,0.00000000000000,-15.88190000000000,15.86440000000000,0.00000000000000
ruffle.exe,12960,0x0000000000000000,Other,-1,0,0,81.02213820000000,0.00000000000000,28.80040000000000,0,Composed: Copy with GPU GDI,0.89240000000000,21.10070000000000,33.31310000000000,0.00000000000000,-14.02650000000000,10.64300000000000,0.00000000000000
ruffle.exe,12960,0x0000000000000000,Other,-1,0,0,81.05630890000000,0.00000000000000,34.17070000000000,0,Composed: Copy with GPU GDI,0.94110000000000,20.31630000000000,33.38630000000000,0.00000000000000,-11.24150000000000,11.22690000000000,0.00000000000000
ruffle.exe,12960,0x0000000000000000,Other,-1,0,0,81.09241380000000,0.00000000000000,36.10490000000000,0,Composed: Copy with GPU GDI,0.85050000000000,17.50190000000000,33.29050000000000,0.00000000000000,-12.29390000000000,12.36690000000000,0.00000000000000
ruffle.exe,12960,0x0000000000000000,Other,-1,0,0,81.12310290000001,0.00000000000000,30.68910000000000,0,Composed: Copy with GPU GDI,0.85810000000000,20.13300000000000,33.32020000000000,0.00000000000000,-10.42210000000000,10.56050000000000,0.00000000000000
ruffle.exe,12960,0x0000000000000000,Other,-1,0,0,81.17724380000000,0.00000000000000,54.14090000000000,0,Composed: Copy with GPU GDI,0.91560000000000,16.01000000000000,50.01790000000000,0.00000000000000,-12.72480000000000,12.58280000000000,0.00000000000000
ruffle.exe,12960,0x0000000000000000,Other,-1,0,0,81.22614590000001,0.00000000000000,48.90210000000000,0,Composed: Copy with GPU GDI,0.94130000000000,17.13250000000000,50.02460000000000,0.00000000000000,-15.19010000000000,15.07650000000000,0.00000000000000
ruffle.exe,12960,0x0000000000000000,Other,-1,0,0,81.26123770000000,0.00000000000000,35.09180000000000,0,Composed: Copy with GPU GDI,0.87050000000000,15.36890000000000,33.32820000000000,0.00000000000000,-14.39470000000000,10.49040000000000,0.00000000000000
ruffle.exe,12960,0x0000000000000000,Other,-1,0,0,81.29502989999999,0.00000000000000,33.79220000000000,0,Composed: Copy with GPU GDI,0.91940000000000,14.92170000000000,33.34500000000000,0.00000000000000,-11.38410000000000,11.22370000000000,0.00000000000000
ruffle.exe,12960,0x0000000000000000,Other,-1,0,0,81.33795640000000,0.00000000000000,42.92650000000000,0,Composed: Copy with GPU GDI,0.85490000000000,5.29130000000000,33.29610000000000,0.00000000000000,-16.51510000000000,13.02650000000000,0.00000000000000
ruffle.exe,12960,0x0000000000000000,Other,-1,0,0,81.37114230000000,0.00000000000000,33.18590000000000,0,Composed: Copy with GPU GDI,0.93130000000000,5.43740000000000,33.33200000000000,0.00000000000000,-10.66610000000000,10.66060000000000,0.00000000000000
ruffle.exe,12960,0x0000000000000000,Other,-1,0,0,81.40692440000001,0.00000000000000,35.78210000000000,0,Composed: Copy with GPU GDI,0.93070000000000,19.68340000000000,50.02810000000000,0.00000000000000,-15.30110000000000,11.42630000000000,0.00000000000000
ruffle.exe,12960,0x0000000000000000,Other,-1,0,0,81.45049930000000,0.00000000000000,43.57490000000000,0,Composed: Copy with GPU GDI,0.91080000000000,9.47120000000000,33.36270000000000,0.00000000000000,-14.97270000000000,14.90620000000000,0.00000000000000
ruffle.exe,12960,0x0000000000000000,Other,-1,0,0,81.48526099999999,0.00000000000000,34.76170000000000,0,Composed: Copy with GPU GDI,0.91330000000000,8.02390000000000,33.31440000000000,0.00000000000000,-17.06390000000000,12.38260000000000,0.00000000000000
ruffle.exe,12960,0x0000000000000000,Other,-1,0,0,81.83146010000000,0.00000000000000,346.19910000000004,0,Composed: Copy with GPU GDI,0.93460000000000,11.83890000000000,350.01410000000004,0.00000000000000,-13.14800000000000,13.08000000000000,0.00000000000000
ruffle.exe,12960,0x0000000000000000,Other,-1,0,0,81.86779340000000,0.00000000000000,36.33330000000000,0,Composed: Copy with GPU GDI,0.87870000000000,8.86130000000000,33.35570000000000,0.00000000000000,-13.65140000000000,11.59720000000000,0.00000000000000
ruffle.exe,12960,0x0000000000000000,Other,-1,0,0,81.94747840000001,0.00000000000000,79.68500000000000,0,Composed: Copy with GPU GDI,0.93490000000000,12.49360000000000,83.31730000000000,0.00000000000000,-12.73420000000000,12.57910000000000,0.00000000000000
ruffle.exe,12960,0x0000000000000000,Other,-1,0,0,81.97630610000000,0.00000000000000,28.82770000000000,0,Composed: Copy with GPU GDI,0.84140000000000,17.02810000000000,33.36220000000000,0.00000000000000,-13.48730000000000,11.33880000000000,0.00000000000000
ruffle.exe,12960,0x0000000000000000,Other,-1,0,0,82.01748230000001,0.00000000000000,41.17620000000000,0,Composed: Copy with GPU GDI,0.91920000000000,9.16590000000000,33.31400000000000,0.00000000000000,-14.02680000000000,13.85150000000000,0.00000000000000
ruffle.exe,12960,0x0000000000000000,Other,-1,0,0,82.05834570000000,0.00000000000000,40.86340000000000,0,Composed: Copy with GPU GDI,0.89450000000000,18.29680000000000,49.99430000000000,0.00000000000000,-15.49640000000000,13.16570000000000,0.00000000000000
ruffle.exe,12960,0x0000000000000000,Other,-1,0,0,82.09146300000000,0.00000000000000,33.11730000000000,0,Composed: Copy with GPU GDI,0.87000000000000,18.52290000000000,33.34340000000000,0.00000000000000,-11.42310000000000,11.51080000000000,0.00000000000000
ruffle.exe,12960,0x0000000000000000,Other,-1,0,0,82.12554270000001,0.00000000000000,34.07970000000000,0,Composed: Copy with GPU GDI,0.91820000000000,17.79170000000000,33.34850000000000,0.00000000000000,-14.88450000000000,11.72190000000000,0.00000000000000
ruffle.exe,12960,0x0000000000000000,Other,-1,0,0,82.15522349999999,0.00000000000000,29.68080000000000,0,Composed: Copy with GPU GDI,0.89340000000000,21.49230000000000,33.38140000000000,0.00000000000000,-11.48480000000000,11.38520000000000,0.00000000000000
ruffle.exe,12960,0x0000000000000000,Other,-1,0,0,82.18158920000000,0.00000000000000,26.36570000000000,0,Composed: Copy with GPU GDI,0.87810000000000,11.72230000000000,16.59570000000000,0.00000000000000,-12.87740000000000,10.99540000000000,0.00000000000000
ruffle.exe,12960,0x0000000000000000,Other,-1,0,0,82.24497880000000,0.00000000000000,63.38960000000000,0,Composed: Copy with GPU GDI,0.89300000000000,15.01030000000000,66.67760000000000,0.00000000000000,-12.48120000000000,12.34780000000000,0.00000000000000
ruffle.exe,12960,0x0000000000000000,Other,-1,0,0,82.28394260000000,0.00000000000000,38.96380000000000,0,Composed: Copy with GPU GDI,0.85400000000000,9.45330000000000,33.40680000000000,0.00000000000000,-13.25060000000000,13.37160000000000,0.00000000000000
ruffle.exe,12960,0x0000000000000000,Other,-1,0,0,82.32407130000000,0.00000000000000,40.12870000000000,0,Composed: Copy with GPU GDI,0.90020000000000,19.32710000000000,50.00250000000000,0.00000000000000,-12.79080000000000,12.75070000000000,0.00000000000000
ruffle.exe,12960,0x0000000000000000,Other,-1,0,0,82.35534120000000,0.00000000000000,31.26990000000000,0,Composed: Copy with GPU GDI,0.88980000000000,21.37940000000000,33.32220000000000,0.00000000000000,-14.50310000000000,11.89030000000000,0.00000000000000
ruffle.exe,12960,0x0000000000000000,Other,-1,0,0,82.38102190000001,0.00000000000000,25.68070000000000,0,Composed: Copy with GPU GDI,0.85300000000000,12.31920000000000,16.62050000000000,0.00000000000000,-10.79850000000000,10.82660000000000,0.00000000000000
ruffle.exe,12960,0x0000000000000000,Other,-1,0,0,82.41207910000000,0.00000000000000,31.05720000000000,0,Composed: Copy with GPU GDI,0.91360000000000,14.62780000000000,33.36580000000000,0.00000000000000,-16.93800000000000,12.48430000000000,0.00000000000000
ruffle.exe,12960,0x0000000000000000,Other,-1,0,0,82.44939090000000,0.00000000000000,37.31180000000001,0,Composed: Copy with GPU GDI,0.95640000000000,10.65580000000000,33.33980000000000,0.00000000000000,-12.64380000000000,12.62630000000000,0.00000000000000
ruffle.exe,12960,0x0000000000000000,Other,-1,0,0,82.48670310000000,0.00000000000000,37.31220000000000,0,Composed: Copy with GPU GDI,0.95790000000000,6.68190000000000,33.33830000000000,0.00000000000000,-18.10600000000000,13.92440000000000,0.00000000000000
ruffle.exe,12960,0x0000000000000000,Other,-1,0,0,82.75902420000000,0.00000000000000,272.32110000000000,0,Composed: Copy with GPU GDI,0.86280000000000,17.68350000000000,283.32270000000000,0.00000000000000,-12.19220000000000,12.25760000000000,0.00000000000000
ruffle.exe,12960,0x0000000000000000,Other,-1,0,0,82.82497110000000,0.00000000000000,65.94690000000000,0,Composed: Copy with GPU GDI,0.84180000000000,18.40420000000000,66.66760000000001,0.00000000000000,-12.33640000000000,12.41200000000000,0.00000000000000
ruffle.exe,12960,0x0000000000000000,Other,-1,0,0,82.86633210000001,0.00000000000000,41.36100000000000,0,Composed: Copy with GPU GDI,0.90870000000000,10.37290000000000,33.32970000000000,0.00000000000000,-13.07350000000000,13.09470000000000,0.00000000000000
ruffle.exe,12960,0x0000000000000000,Other,-1,0,0,82.90589980000000,0.00000000000000,39.56770000000000,0,Composed: Copy with GPU GDI,0.86330000000000,20.81450000000000,50.00930000000000,0.00000000000000,-13.29650000000000,13.28930000000000,0.00000000000000
ruffle.exe,12960,0x0000000000000000,Other,-1,0,0,82.93723620000000,0.00000000000000,31.33640000000000,0,Composed: Copy with GPU GDI,0.89390000000000,22.84350000000000,33.36540000000000,0.00000000000000,-12.96100000000000,12.96770000000000,0.00000000000000
ruffle.exe,12960,0x0000000000000000,Other,-1,0,0,82.97170819999999,0.00000000000000,34.47200000000000,0,Composed: Copy with GPU GDI,0.85270000000000,4.96780000000000,16.59630000000000,0.00000000000000,-16.92820000000000,12.26050000000000,0.00000000000000
ruffle.exe,12960,0x0000000000000000,Other,-1,0,0,83.00153460000000,0.00000000000000,29.82640000000000,0,Composed: Copy with GPU GDI,0.65210000000000,8.54650000000000,33.40510000000000,0.00000000000000,-10.51390000000000,10.50920000000000,0.00000000000000
ruffle.exe,12960,0x0000000000000000,Other,-1,0,0,83.03686449999999,0.00000000000000,35.32990000000000,0,Composed: Copy with GPU GDI,0.93410000000000,6.52120000000000,33.30460000000000,0.00000000000000,-16.43290000000000,12.35350000000000,0.00000000000000
ruffle.exe,12960,0x0000000000000000,Other,-1,0,0,83.06917030000000,0.00000000000000,32.30580000000000,0,Composed: Copy with GPU GDI,0.93210000000000,7.60000000000000,33.38460000000000,0.00000000000000,-11.14620000000000,11.07770000000000,0.00000000000000
ruffle.exe,12960,0x0000000000000000,Other,-1,0,0,83.10571940000000,0.00000000000000,36.54910000000000,0,Composed: Copy with GPU GDI,0.60940000000000,21.04640000000000,49.99550000000000,0.00000000000000,-13.32960000000000,13.22370000000000,0.00000000000000
ruffle.exe,12960,0x0000000000000000,Other,-1,0,0,83.14747880000000,0.00000000000000,41.75940000000000,0,Composed: Copy with GPU GDI,0.94260000000000,12.59030000000000,33.30330000000000,0.00000000000000,-18.06300000000000,13.69200000000000,0.00000000000000
ruffle.exe,12960,0x0000000000000000,Other,-1,0,0,83.19001120000000,0.00000000000000,42.53240000000000,0,Composed: Copy with GPU GDI,0.85190000000000,20.11020000000000,50.05230000000000,0.00000000000000,-11.50650000000000,11.42560000000000,0.00000000000000
ruffle.exe,12960,0x0000000000000000,Other,-1,0,0,83.25210480000000,0.00000000000000,62.09360000000000,0,Composed: Copy with GPU GDI,0.58810000000000,7.96630000000000,49.94970000000000,0.00000000000000,-12.33910000000000,12.35640000000000,0.00000000000000
ruffle.exe,12960,0x0000000000000000,Other,-1,0,0,83.28041310000000,0.00000000000000,28.30830000000000,0,Composed: Copy with GPU GDI,0.89960000000000,13.02710000000000,33.36910000000000,0.00000000000000,-14.60820000000000,11.54880000000000,0.00000000000000
ruffle.exe,12960,0x0000000000000000,Other,-1,0,0,83.31867910000000,0.00000000000000,38.26600000000001,0,Composed: Copy with GPU GDI,0.83070000000000,8.11320000000000,33.35210000000000,0.00000000000000,-10.97380000000000,11.02140000000000,0.00000000000000
ruffle.exe,12960,0x0000000000000000,Other,-1,0,0,83.35644400000001,0.00000000000000,37.76490000000000,0,Composed: Copy with GPU GDI,1.01180000000000,20.36780000000000,50.01950000000000,0.00000000000000,-13.42620000000000,13.44270000000000,0.00000000000000
ruffle.exe,12960,0x0000000000000000,Other,-1,0,0,83.40142530000000,0.00000000000000,44.98130000000000,0,Composed: Copy with GPU GDI,0.88090000000000,8.67720000000000,33.29070000000000,0.00000000000000,-11.98550000000000,12.00650000000000,0.00000000000000
ruffle.exe,12960,0x0000000000000000,Other,-1,0,0,83.44189210000000,0.00000000000000,40.46680000000000,0,Composed: Copy with GPU GDI,0.93090000000000,18.20790000000000,49.99750000000000,0.00000000000000,-12.28280000000000,12.14540000000000,0.00000000000000
ruffle.exe,12960,0x0000000000000000,Other,-1,0,0,83.48186140000000,0.00000000000000,39.96930000000000,0,Composed: Copy with GPU GDI,0.85830000000000,11.57690000000000,33.33830000000000,0.00000000000000,-16.30430000000000,11.38090000000000,0.00000000000000
ruffle.exe,12960,0x0000000000000000,Other,-1,0,0,83.73239370000000,0.00000000000000,250.53230000000002,0,Composed: Copy with GPU GDI,0.88000000000000,11.13340000000000,250.08880000000002,0.00000000000000,-11.73820000000000,11.78990000000000,0.00000000000000
ruffle.exe,12960,0x0000000000000000,Other,-1,0,0,83.80539210000001,0.00000000000000,72.99840000000000,0,Composed: Copy with GPU GDI,0.89640000000000,21.49640000000000,83.36140000000000,0.00000000000000,-15.49660000000000,15.45970000000000,0.00000000000000
ruffle.exe,12960,0x0000000000000000,Other,-1,0,0,83.82770140000001,0.00000000000000,22.30930000000000,0,Composed: Copy with GPU GDI,0.90780000000000,15.79870000000000,16.61160000000000,0.00000000000000,-10.72470000000000,10.61360000000000,0.00000000000000
ruffle.exe,12960,0x0000000000000000,Other,-1,0,0,83.87999910000001,0.00000000000000,52.29770000000000,0,Composed: Copy with GPU GDI,0.88830000000000,13.51610000000000,50.01510000000000,0.00000000000000,-12.13830000000000,12.12160000000000,0.00000000000000
ruffle.exe,12960,0x0000000000000000,Other,-1,0,0,83.92241850000001,0.00000000000000,42.41940000000000,0,Composed: Copy with GPU GDI,0.94920000000000,21.07730000000000,49.98060000000000,0.00000000000000,-16.04930000000000,11.95380000000000,0.00000000000000
ruffle.exe,12960,0x0000000000000000,Other,-1,0,0,83.96501680000000,0.00000000000000,42.59830000000000,0,Composed: Copy with GPU GDI,0.93060000000000,11.85660000000000,33.37760000000000,0.00000000000000,-11.56210000000000,11.38940000000000,0.00000000000000
ruffle.exe,12960,0x0000000000000000,Other,-1,0,0,84.00668429999999,0.00000000000000,41.66750000000000,0,Composed: Copy with GPU GDI,0.85220000000000,20.14800000000000,49.95890000000000,0.00000000000000,-14.75430000000000,11.87460000000000,0.00000000000000
ruffle.exe,12960,0x0000000000000000,Other,-1,0,0,84.05263219999999,0.00000000000000,45.94790000000000,0,Composed: Copy with GPU GDI,0.86350000000000,7.56230000000000,33.36220000000000,0.00000000000000,-13.69370000000000,13.65490000000000,0.00000000000000
ruffle.exe,12960,0x0000000000000000,Other,-1,0,0,84.09963740000001,0.00000000000000,47.00520000000000,0,Composed: Copy with GPU GDI,0.88070000000000,10.53570000000000,49.97860000000000,0.00000000000000,-16.09850000000000,12.66940000000000,0.00000000000000
ruffle.exe,12960,0x0000000000000000,Other,-1,0,0,84.13786759999999,0.00000000000000,38.23020000000000,0,Composed: Copy with GPU GDI,0.84750000000000,5.64220000000000,33.33670000000000,0.00000000000000,-12.27400000000000,12.35550000000000,0.00000000000000
ruffle.exe,12960,0x0000000000000000,Other,-1,0,0,84.16332869999999,0.00000000000000,25.46110000000000,0,Composed: Copy with GPU GDI,0.85990000000000,13.53580000000000,33.35470000000000,0.00000000000000,-11.38370000000000,11.50250000000000,0.00000000000000
ruffle.exe,12960,0x0000000000000000,Other,-1,0,0,84.20267130000001,0.00000000000000,39.34260000000000,0,Composed: Copy with GPU GDI,0.92870000000000,7.49800000000000,33.30480000000000,0.00000000000000,-11.19550000000000,11.30510000000000,0.00000000000000
ruffle.exe,12960,0x0000000000000000,Other,-1,0,0,84.23614909999999,0.00000000000000,33.47780000000000,0,Composed: Copy with GPU GDI,0.89470000000000,7.34990000000000,33.32970000000000,0.00000000000000,-11.61550000000000,11.22540000000000,0.00000000000000
ruffle.exe,12960,0x0000000000000000,Other,-1,0,0,84.27294990000001,0.00000000000000,36.80080000000000,0,Composed: Copy with GPU GDI,0.87920000000000,20.61580000000000,50.06670000000000,0.00000000000000,-14.49830000000000,14.44290000000000,0.00000000000000
ruffle.exe,12960,0x0000000000000000,Other,-1,0,0,84.31058950000001,0.00000000000000,37.63960000000000,0,Composed: Copy with GPU GDI,0.94890000000000,16.26200000000000,33.28580000000000,0.00000000000000,-12.56040000000000,12.39810000000000,0.00000000000000
ruffle.exe,12960,0x0000000000000000,Other,-1,0,0,84.36080250000001,0.00000000000000,50.21300000000000,0,Composed: Copy with GPU GDI,0.92840000000000,16.05150000000000,50.00250000000000,0.00000000000000,-13.59640000000000,13.43220000000000,0.00000000000000
ruffle.exe,12960,0x0000000000000000,Other,-1,0,0,84.39113530000000,0.00000000000000,30.33280000000000,0,Composed: Copy with GPU GDI,0.85840000000000,19.08280000000000,33.36410000000000,0.00000000000000,-10.89860000000000,10.98390000000000,0.00000000000000
ruffle.exe,12960,0x0000000000000000,Other,-1,0,0,84.42955120000001,0.00000000000000,38.41590000000000,0,Composed: Copy with GPU GDI,0.96180000000000,13.98410000000000,33.31720000000000,0.00000000000000,-15.98310000000000,11.87000000000000,0.00000000000000
ruffle.exe,12960,0x0000000000000000,Other,-1,0,0,84.46235120000000,0.00000000000000,32.80000000000000,0,Composed: Copy with GPU GDI,0.96550000000000,14.50860000000000,33.32450000000000,0.00000000000000,-11.97570000000000,11.91520000000000,0.00000000000000
ruffle.exe,12960,0x0000000000000000,Other,-1,0,0,84.49654150000001,0.00000000000000,34.19030000000000,0,Composed: Copy with GPU GDI,0.91140000000000,13.66700000000000,33.34870000000000,0.00000000000000,-12.36010000000000,12.33600000000000,0.00000000000000
ruffle.exe,12960,0x0000000000000000,Other,-1,0,0,84.81543110000000,0.00000000000000,318.88960000000003,0,Composed: Copy with GPU GDI,0.92580000000000,11.47900000000000,316.70160000000004,0.00000000000000,-15.01940000000000,14.92170000000000,0.00000000000000
ruffle.exe,12960,0x0000000000000000,Other,-1,0,0,84.86564980000000,0.00000000000000,50.21870000000001,0,Composed: Copy with GPU GDI,0.88390000000000,11.25990000000000,49.99960000000000,0.00000000000000,-12.74300000000000,12.74840000000000,0.00000000000000
ruffle.exe,12960,0x0000000000000000,Other,-1,0,0,84.89977520000001,0.00000000000000,34.12540000000000,0,Composed: Copy with GPU GDI,0.91040000000000,10.44390000000000,33.30940000000000,0.00000000000000,-11.12550000000000,11.18110000000000,0.00000000000000
ruffle.exe,12960,0x0000000000000000,Other,-1,0,0,84.94330740000001,0.00000000000000,43.53220000000000,0,Composed: Copy with GPU GDI,0.91580000000000,16.94650000000000,50.03480000000000,0.00000000000000,-17.64700000000000,12.80320000000000,0.00000000000000
ruffle.exe,12960,0x0000000000000000,Other,-1,0,0,84.98594940000000,0.00000000000000,42.64200000000000,0,Composed: Copy with GPU GDI,0.91870000000000,7.67560000000000,33.37110000000000,0.00000000000000,-13.15100000000000,12.56380000000000,0.00000000000000
ruffle.exe,12960,0x0000000000000000,Other,-1,0,0,85.02787739999999,0.00000000000000,41.92800000000000,0,Composed: Copy with GPU GDI,0.94670000000000,15.70530000000000,49.95770000000000,0.00000000000000,-13.65930000000000,13.48640000000000,0.00000000000000
ruffle.exe,12960,0x0000000000000000,Other,-1,0,0,85.08107710000000,0.00000000000000,53.19970000000000,0,Composed: Copy with GPU GDI,0.96200000000000,12.53480000000000,50.02920000000000,0.00000000000000,-16.96850000000000,12.91460000000000,0.00000000000000
ruffle.exe,12960,0x0000000000000000,Other,-1,0,0,85.11671240000001,0.00000000000000,35.63530000000000,0,Composed: Copy with GPU GDI,0.96760000000000,10.24520000000000,33.34570000000000,0.00000000000000,-11.43620000000000,11.29810000000000,0.00000000000000
ruffle.exe,12960,0x0000000000000000,Other,-1,0,0,85.15909640000000,0.00000000000000,42.38400000000000,0,Composed: Copy with GPU GDI,0.90180000000000,17.82900000000000,49.96780000000000,0.00000000000000,-16.99380000000000,11.78580000000000,0.00000000000000
ruffle.exe,12960,0x0000000000000000,Other,-1,0,0,85.23463780000000,0.00000000000000,75.54140000000001,0,Composed: Copy with GPU GDI,0.99360000000000,9.00590000000000,66.71830000000000,0.00000000000000,-13.52130000000000,13.34320000000000,0.00000000000000
ruffle.exe,12960,0x0000000000000000,Other,-1,0,0,85.27934030000000,0.00000000000000,44.70250000000000,0,Composed: Copy with GPU GDI,0.94580000000000,14.26300000000000,49.95960000000000,0.00000000000000,-18.80450000000000,11.32660000000000,0.00000000000000
ruffle.exe,12960,0x0000000000000000,Other,-1,0,0,85.33257060000001,0.00000000000000,53.23030000000000,0,Composed: Copy with GPU GDI,0.93210000000000,11.06920000000000,50.03650000000000,0.00000000000000,-13.95880000000000,13.80960000000000,0.00000000000000
ruffle.exe,12960,0x0000000000000000,Other,-1,0,0,85.37994270000000,0.00000000000000,47.37210000000000,0,Composed: Copy with GPU GDI,0.89790000000000,13.67810000000000,49.98100000000000,0.00000000000000,-19.34840000000000,13.78910000000000,0.00000000000000
ruffle.exe,12960,0x0000000000000000,Other,-1,0,0,85.41244420000000,0.00000000000000,32.50150000000000,0,Composed: Copy with GPU GDI,0.87290000000000,14.53030000000000,33.35370000000000,0.00000000000000,-11.03290000000000,10.93160000000000,0.00000000000000
ruffle.exe,12960,0x0000000000000000,Other,-1,0,0,85.45963210000001,0.00000000000000,47.18790000000000,0,Composed: Copy with GPU GDI,0.93300000000000,17.34940000000000,50.00700000000001,0.00000000000000,-18.40790000000000,12.24850000000000,0.00000000000000
ruffle.exe,12960,0x0000000000000000,Other,-1,0,0,85.50313900000000,0.00000000000000,43.50690000000000,0,Composed: Copy with GPU GDI,0.97560000000000,7.19570000000000,33.35320000000000,0.00000000000000,-12.17660000000000,12.07970000000000,0.00000000000000
ruffle.exe,12960,0x0000000000000000,Other,-1,0,0,85.86517190000001,0.00000000000000,362.03290000000004,0,Composed: Copy with GPU GDI,0.93930000000000,28.48350000000000,383.32070000000004,0.00000000000000,-19.55320000000000,11.78700000000000,0.00000000000000
ruffle.exe,12960,0x0000000000000000,Other,-1,0,0,85.92563000000001,0.00000000000000,60.45810000000000,0,Composed: Copy with GPU GDI,0.90260000000000,18.02790000000000,50.00250000000000,0.00000000000000,-13.71880000000000,13.69050000000000,0.00000000000000
ruffle.exe,12960,0x0000000000000000,Other,-1,0,0,85.96844030000000,0.00000000000000,42.81030000000001,0,Composed: Copy with GPU GDI,0.88070000000000,25.25370000000000,50.03610000000000,0.00000000000000,-13.34790000000000,12.87480000000000,0.00000000000000
ruffle.exe,12960,0x0000000000000000,Other,-1,0,0,86.00268810000000,0.00000000000000,34.24780000000001,0,Composed: Copy with GPU GDI,0.63590000000000,7.70470000000000,16.69880000000000,0.00000000000000,-15.24370000000000,11.48010000000000,0.00000000000000
ruffle.exe,12960,0x0000000000000000,Other,-1,0,0,86.03573000000000,0.00000000000000,33.04190000000000,0,Composed: Copy with GPU GDI,0.90250000000000,7.94360000000000,33.28080000000000,0.00000000000000,-11.77310000000000,11.28870000000000,0.00000000000000
ruffle.exe,12960,0x0000000000000000,Other,-1,0,0,86.07591080000000,0.00000000000000,40.18080000000000,0,Composed: Copy with GPU GDI,0.73550000000000,34.50020000000000,66.73740000000001,0.00000000000000,-18.16370000000000,12.29620000000000,0.00000000000000
ruffle.exe,12960,0x0000000000000000,Other,-1,0,0,86.11273090000000,0.00000000000000,36.82010000000000,0,Composed: Copy with GPU GDI,0.88640000000000,14.28280000000000,16.60270000000000,0.00000000000000,-10.48490000000000,10.37830000000000,0.00000000000000
ruffle.exe,12960,0x0000000000000000,Other,-1,0,0,86.15555050000000,0.00000000000000,42.81960000000000,0,Composed: Copy with GPU GDI,0.94060000000000,21.51040000000000,50.04720000000000,0.00000000000000,-17.05360000000000,13.55780000000000,0.00000000000000
ruffle.exe,12960,0x0000000000000000,Other,-1,0,0,86.20058790000000,0.00000000000000,45.03740000000001,0,Composed: Copy with GPU GDI,0.84500000000000,26.45310000000000,49.98010000000000,0.00000000000000,-15.69780000000000,13.34100000000000,0.00000000000000
ruffle.exe,12960,0x0000000000000000,Other,-1,0,0,86.23411139999999,0.00000000000000,33.52350000000000,0,Composed: Copy with GPU GDI,0.82820000000000,26.33770000000000,33.40810000000000,0.00000000000000,-13.06810000000000,12.45670000000000,0.00000000000000
ruffle.exe,12960,0x0000000000000000,Other,-1,0,0,86.29701840000000,0.00000000000000,62.90700000000000,0,Composed: Copy with GPU GDI,1.08360000000000,30.00290000000000,66.57220000000001,0.00000000000000,-20.82500000000000,12.43770000000000,0.00000000000000
ruffle.exe,12960,0x0000000000000000,Other,-1,0,0,86.37538400000001,0.00000000000000,78.36560000000000,0,Composed: Copy with GPU GDI,0.95700000000000,51.73270000000000,100.09540000000000,0.00000000000000,-12.90230000000000,12.68150000000000,0.00000000000000
ruffle.exe,12960,0x0000000000000000,Other,-1,0,0,86.43488560000000,0.00000000000000,59.50160000000000,0,Composed: Copy with GPU GDI,0.93270000000000,42.28900000000000,50.05790000000000,0.00000000000000,-20.45770000000000,12.68260000000000,0.00000000000000
ruffle.exe,12960,0x0000000000000000,Other,-1,0,0,86.48047420000000,0.00000000000000,45.58860000000000,0,Composed: Copy with GPU GDI,0.93520000000000,63.28660000000000,66.58620000000001,0.00000000000000,-17.19340000000000,12.69430000000000,0.00000000000000
ruffle.exe,12960,0x0000000000000000,Other,-1,0,0,86.81907620000000,0.00000000000000,338.60200000000003,0,Composed: Copy with GPU GDI,1.22740000000000,24.64810000000000,299.96350000000001,0.00000000000000,-19.62680000000000,12.95100000000000,0.00000000000000
ruffle.exe,12960,0x0000000000000000,Other,-1,0,0,86.85530469999999,0.00000000000000,36.22850000000000,0,Composed: Copy with GPU GDI,0.92450000000000,5.07380000000000,16.65420000000000,0.00000000000000,-11.74500000000000,11.48630000000000,0.00000000000000
ruffle.exe,12960,0x0000000000000000,Other,-1,0,0,86.87315910000001,0.00000000000000,17.85440000000000,0,Composed: Copy with GPU GDI,0.92110000000000,20.60510000000000,33.38570000000000,0.00000000000000,-13.59250000000000,6.62720000000000,0.00000000000000
ruffle.exe,12960,0x0000000000000000,Other,-1,0,0,86.93457720000001,0.00000000000000,61.41810000000000,0,Composed: Copy with GPU GDI,0.86630000000000,9.16230000000000,49.97530000000000,0.00000000000000,-12.41410000000000,12.37040000000000,0.00000000000000
ruffle.exe,12960,0x0000000000000000,Other,-1,0,0,86.96773000000000,0.00000000000000,33.15280000000000,0,Composed: Copy with GPU GDI,0.94510000000000,9.39630000000000,33.38680000000000,0.00000000000000,-16.81160000000000,10.90400000000000,0.00000000000000
ruffle.exe,12960,0x0000000000000000,Other,-1,0,0,87.00101950000000,0.00000000000000,33.28950000000000,0,Composed: Copy with GPU GDI,0.84330000000000,9.40850000000000,33.30170000000000,0.00000000000000,-11.62870000000000,11.66520000000000,0.00000000000000
ruffle.exe,12960,0x0000000000000000,Other,-1,0,0,87.03728180000000,0.00000000000000,36.26230000000000,0,Composed: Copy with GPU GDI,0.93250000000000,6.48670000000000,33.34050000000000,0.00000000000000,-16.18430000000000,11.78060000000000,0.00000000000000
ruffle.exe,12960,0x0000000000000000,Other,-1,0,0,87.08275470000001,0.00000000000000,45.47290000000000,0,Composed: Copy with GPU GDI,0.90390000000000,11.06350000000000,50.04970000000000,0.00000000000000,-13.46460000000000,13.46110000000000,0.00000000000000
ruffle.exe,12960,0x0000000000000000,Other,-1,0,0,87.12703560000000,0.00000000000000,44.28090000000000,0,Composed: Copy with GPU GDI,0.90710000000000,16.72780000000000,49.94520000000000,0.00000000000000,-19.74620000000000,13.96730000000000,0.00000000000000
ruffle.exe,12960,0x0000000000000000,Other,-1,0,0,87.17019210000001,0.00000000000000,43.15650000000000,0,Composed: Copy with GPU GDI,0.88930000000000,6.93050000000000,33.35920000000000,0.00000000000000,-11.91580000000000,11.96690000000000,0.00000000000000
ruffle.exe,12960,0x0000000000000000,Other,-1,0,0,87.19599300000000,0.00000000000000,25.80090000000000,0,Composed: Copy with GPU GDI,0.88810000000000,14.45300000000000,33.32340000000000,0.00000000000000,-10.12870000000000,10.25260000000000,0.00000000000000
ruffle.exe,12960,0x0000000000000000,Other,-1,0,0,87.26017730000000,0.00000000000000,64.18430000000001,0,Composed: Copy with GPU GDI,0.83780000000000,16.91870000000000,66.65000000000001,0.00000000000000,-11.73110000000000,11.77910000000000,0.00000000000000
ruffle.exe,12960,0x0000000000000000,Other,-1,0,0,87.28637209999999,0.00000000000000,26.19480000000000,0,Composed: Copy with GPU GDI,0.86850000000000,7.40090000000000,16.67700000000000,0.00000000000000,-11.01680000000000,11.06890000000000,0.00000000000000
ruffle.exe,12960,0x0000000000000000,Other,-1,0,0,87.33358480000000,0.00000000000000,47.21270000000001,0,Composed: Copy with GPU GDI,0.80630000000000,10.21790000000000,50.02970000000001,0.00000000000000,-13.66760000000000,13.62710000000000,0.00000000000000
ruffle.exe,12960,0x0000000000000000,Other,-1,0,0,87.36625900000001,0.00000000000000,32.67420000000000,0,Composed: Copy with GPU GDI,0.89560000000000,27.56930000000000,50.02560000000000,0.00000000000000,-13.05690000000000,13.15220000000000,0.00000000000000
ruffle.exe,12960,0x0000000000000000,Other,-1,0,0,87.40448789999999,0.00000000000000,38.22890000000000,0,Composed: Copy with GPU GDI,0.89020000000000,22.66960000000000,33.32920000000000,0.00000000000000,-15.30780000000000,12.24410000000000,0.00000000000000
ruffle.exe,12960,0x0000000000000000,Other,-1,0,0,87.43533450000000,0.00000000000000,30.84660000000000,0,Composed: Copy with GPU GDI,0.74120000000000,25.11920000000000,33.29620000000000,0.00000000000000,-10.50860000000000,10.10000000000000,0.00000000000000
ruffle.exe,12960,0x0000000000000000,Other,-1,0,0,87.45088020000000,0.00000000000000,15.54570000000000,0,Composed: Copy with GPU GDI,0.92820000000000,26.26730000000000,16.69380000000000,0.00000000000000,-11.92970000000000,6.86070000000000,0.00000000000000
ruffle.exe,12960,0x0000000000000000,Other,-1,0,0,87.48170840000000,0.00000000000000,30.82820000000000,0,Composed: Copy with GPU GDI,0.88230000000000,12.08110000000000,16.64200000000000,0.00000000000000,-11.42650000000000,11.55650000000000,0.00000000000000
ruffle.exe,12960,0x0000000000000000,Other,-1,0,0,87.69580360000000,0.00000000000000,214.09520000000001,0,Composed: Copy with GPU GDI,0.61000000000000,14.70710000000000,216.72120000000001,0.00000000000000,-11.35010000000000,11.39460000000000,0.00000000000000
ruffle.exe,12960,0x0000000000000000,Other,-1,0,0,87.73523830000001,0.00000000000000,39.43470000000000,0,Composed: Copy with GPU GDI,0.60500000000000,8.56980000000000,33.29740000000000,0.00000000000000,-13.82270000000000,13.76770000000000,0.00000000000000
ruffle.exe,12960,0x0000000000000000,Other,-1,0,0,87.77891520000000,0.00000000000000,43.67690000000000,0,Composed: Copy with GPU GDI,0.92260000000000,31.62430000000000,66.73140000000001,0.00000000000000,-16.61220000000000,14.00730000000000,0.00000000000000
ruffle.exe,12960,0x0000000000000000,Other,-1,0,0,87.82907910000000,0.00000000000000,50.16390000000001,0,Composed: Copy with GPU GDI,0.90960000000000,14.77820000000000,33.31780000000000,0.00000000000000,-20.08080000000000,11.42290000000000,0.00000000000000
ruffle.exe,12960,0x0000000000000000,Other,-1,0,0,87.89645800000000,0.00000000000000,67.37890000000000,0,Composed: Copy with GPU GDI,0.93130000000000,30.70410000000000,83.30480000000000,0.00000000000000,-20.05920000000000,14.27350000000000,0.00000000000000
ruffle.exe,12960,0x0000000000000000,Other,-1,0,0,87.95319379999999,0.00000000000000,56.73580000000000,0,Composed: Copy with GPU GDI,0.87530000000000,24.03730000000000,50.06900000000000,0.00000000000000,-13.62010000000000,13.77470000000000,0.00000000000000
ruffle.exe,12960,0x0000000000000000,Other,-1,0,0,87.98214059999999,0.00000000000000,28.94680000000000,0,Composed: Copy with GPU GDI,0.92590000000000,11.75260000000000,16.66210000000000,0.00000000000000,-13.51640000000000,13.51440000000000,0.00000000000000
ruffle.exe,12960,0x0000000000000000,Other,-1,0,0,88.02538319999999,0.00000000000000,43.24260000000000,0,Composed: Copy with GPU GDI,0.94870000000000,18.45890000000000,49.94890000000000,0.00000000000000,-20.71830000000000,11.34960000000000,0.00000000000000
ruffle.exe,12960,0x0000000000000000,Other,-1,0,0,88.07088050000000,0.00000000000000,45.49730000000000,0,Composed: Copy with GPU GDI,0.93990000000000,56.36780000000000,83.40620000000000,0.00000000000000,-12.50790000000000,12.14990000000000,0.00000000000000
ruffle.exe,12960,0x0000000000000000,Other,-1,0,0,88.13272689999999,0.00000000000000,61.84640000000000,0,Composed: Copy with GPU GDI,0.62030000000000,44.47360000000000,49.95220000000000,0.00000000000000,-21.23720000000000,12.26420000000000,0.00000000000000
ruffle.exe,12960,0x0000000000000000,Other,-1,0,0,88.19221090000001,0.00000000000000,59.48400000000000,0,Composed: Copy with GPU GDI,0.95090000000000,18.37030000000000,33.38070000000000,0.00000000000000,-15.28590000000000,15.04240000000000,0.00000000000000
ruffle.exe,12960,0x0000000000000000,Other,-1,0,0,88.22837300000000,0.00000000000000,36.16210000000000,0,Composed: Copy with GPU GDI,0.72960000000000,65.49980000000001,83.29160000000000,0.00000000000000,-19.26350000000000,12.53180000000000,0.00000000000000
ruffle.exe,12960,0x0000000000000000,Other,-1,0,0,88.31063200000000,0.00000000000000,82.25900000000000,0,Composed: Copy with GPU GDI,0.62390000000000,16.58240000000000,33.34160000000000,0.00000000000000,-16.14780000000000,13.61380000000000,0.00000000000000
ruffle.exe,12960,0x0000000000000000,Other,-1,0,0,88.36457740000000,0.00000000000000,53.94540000000000,0,Composed: Copy with GPU GDI,0.60300000000000,45.98370000000000,83.34670000000000,0.00000000000000,-12.44930000000000,12.35100000000000,0.00000000000000
ruffle.exe,12960,0x0000000000000000,Other,-1,0,0,88.42027920000001,0.00000000000000,55.70180000000001,0,Composed: Copy with GPU GDI,0.86880000000000,6.93320000000000,16.65130000000000,0.00000000000000,-13.70820000000000,13.83250000000000,0.00000000000000
ruffle.exe,12960,0x0000000000000000,Other,-1,0,0,88.45370880000000,0.00000000000000,33.42960000000000,0,Composed: Copy with GPU GDI,0.63290000000000,6.78730000000000,33.28370000000000,0.00000000000000,-13.67350000000000,11.49380000000000,0.00000000000000
ruffle.exe,12960,0x0000000000000000,Other,-1,0,0,88.48379550000000,0.00000000000000,30.08670000000000,0,Composed: Copy with GPU GDI,0.97150000000000,10.22960000000000,33.52900000000000,0.00000000000000,-11.59220000000000,11.24640000000000,0.00000000000000
ruffle.exe,12960,0x0000000000000000,Other,-1,0,0,88.86356020000001,0.00000000000000,379.76470000000000,0,Composed: Copy with GPU GDI,0.96520000000000,13.72810000000000,383.26320000000004,0.00000000000000,-17.48620000000000,12.55210000000000,0.00000000000000
ruffle.exe,12960,0x0000000000000000,Other,-1,0,0,88.91143010000000,0.00000000000000,47.86990000000000,0,Composed: Copy with GPU GDI,0.92960000000000,15.86930000000000,50.01110000000000,0.00000000000000,-18.40280000000000,11.78510000000000,0.00000000000000
ruffle.exe,12960,0x0000000000000000,Other,-1,0,0,88.95744400000001,0.00000000000000,46.01390000000000,0,Composed: Copy with GPU GDI,0.94040000000000,19.93160000000000,50.07620000000000,0.00000000000000,-11.66040000000000,11.50710000000000,0.00000000000000
ruffle.exe,12960,0x0000000000000000,Other,-1,0,0,89.01516340000001,0.00000000000000,57.71940000000000,0,Composed: Copy with GPU GDI,0.96450000000000,28.79730000000000,66.58510000000000,0.00000000000000,-20.12290000000000,13.06320000000000,0.00000000000000
ruffle.exe,12960,0x0000000000000000,Other,-1,0,0,89.09924710000000,0.00000000000000,84.08370000000001,0,Composed: Copy with GPU GDI,0.98330000000000,11.40570000000000,66.69210000000000,0.00000000000000,-14.20450000000000,13.94390000000000,0.00000000000000
ruffle.exe,12960,0x0000000000000000,Other,-1,0,0,89.17235409999999,0.00000000000000,73.10700000000000,0,Composed: Copy with GPU GDI,0.94340000000000,21.63990000000000,83.34120000000000,0.00000000000000,-18.21600000000000,13.15080000000000,0.00000000000000
ruffle.exe,12960,0x0000000000000000,Other,-1,0,0,89.21469830000001,0.00000000000000,42.34420000000000,0,Composed: Copy with GPU GDI,0.97170000000000,12.62470000000000,33.32900000000000,0.00000000000000,-11.53340000000000,11.32210000000000,0.00000000000000
ruffle.exe,12960,0x0000000000000000,Other,-1,0,0,89.31302599999999,0.00000000000000,98.32770000000001,0,Composed: Copy with GPU GDI,0.94270000000000,14.39110000000000,100.09410000000001,0.00000000000000,-19.88560000000000,12.55770000000000,0.00000000000000
ruffle.exe,12960,0x0000000000000000,Other,-1,0,0,89.36075430000000,0.00000000000000,47.72830000000000,0,Composed: Copy with GPU GDI,0.95460000000000,16.58830000000000,49.92550000000000,0.00000000000000,-13.05370000000000,12.78760000000000,0.00000000000000
ruffle.exe,12960,0x0000000000000000,Other,-1,0,0,89.41730970000000,0.00000000000000,56.55540000000001,0,Composed: Copy with GPU GDI,0.97850000000000,10.02410000000000,49.99120000000000,0.00000000000000,-20.69990000000000,14.48380000000000,0.00000000000000
ruffle.exe,12960,0x0000000000000000,Other,-1,0,0,89.46298470000001,0.00000000000000,45.67500000000000,0,Composed: Copy with GPU GDI,0.93340000000000,14.48250000000000,50.13340000000000,0.00000000000000,-11.49230000000000,11.31620000000000,0.00000000000000
ruffle.exe,12960,0x0000000000000000,Other,-1,0,0,89.52188340000001,0.00000000000000,58.89870000000001,0,Composed: Copy with GPU GDI,0.92530000000000,5.41210000000000,49.82830000000001,0.00000000000000,-20.66810000000000,11.80490000000000,0.00000000000000
ruffle.exe,12960,0x0000000000000000,Other,-1,0,0,89.88659010000001,0.00000000000000,364.70670000000001,0,Composed: Copy with GPU GDI,0.97350000000000,7.45400000000000,366.74860000000001,0.00000000000000,-12.02210000000000,11.94810000000000,0.00000000000000
ruffle.exe,12960,0x0000000000000000,Other,-1,0,0,89.93638340000001,0.00000000000000,49.79330000000000,0,Composed: Copy with GPU GDI,0.97830000000000,7.62300000000000,49.96230000000000,0.00000000000000,-17.04340000000000,13.51390000000000,0.00000000000000
ruffle.exe,12960,0x0000000000000000,Other,-1,0,0,89.97167540000000,0.00000000000000,35.29200000000000,0,Composed: Copy with GPU GDI,0.86410000000000,5.69460000000000,33.36360000000000,0.00000000000000,-10.96910000000000,11.00060000000000,0.00000000000000
ruffle.exe,12960,0x0000000000000000,Other,-1,0,0,90.02600220000001,0.00000000000000,54.32680000000001,0,Composed: Copy with GPU GDI,0.94760000000000,18.14820000000000,66.78040000000000,0.00000000000000,-18.34890000000000,14.60260000000000,0.00000000000000
ruffle.exe,12960,0x0000000000000000,Other,-1,0,0,90.06966199999999,0.00000000000000,43.65980000000000,0,Composed: Copy with GPU GDI,0.99400000000000,24.39030000000000,49.90190000000000,0.00000000000000,-13.43280000000000,13.00620000000000,0.00000000000000
ruffle.exe,12960,0x0000000000000000,Other,-1,0,0,90.13076420000000,0.00000000000000,61.10220000000000,0,Composed: Copy with GPU GDI,0.96090000000000,30.02720000000000,66.73910000000001,0.00000000000000,-19.51410000000000,11.92800000000000,0.00000000000000
ruffle.exe,12960,0x0000000000000000,Other,-1,0,0,90.16242969999999,0.00000000000000,31.66550000000000,0,Composed: Copy with GPU GDI,0.89890000000000,31.59780000000000,33.23610000000000,0.00000000000000,-11.29870000000000,11.32100000000000,0.00000000000000
ruffle.exe,12960,0x0000000000000000,Other,-1,0,0,90.18151600000000,0.00000000000000,19.08630000000000,0,Composed: Copy with GPU GDI,0.83940000000000,29.24480000000000,16.73330000000000,0.00000000000000,-15.72780000000000,6.77260000000000,0.00000000000000
ruffle.exe,12960,0x0000000000000000,Other,-1,0,0,90.21629270000001,0.00000000000000,34.77670000000000,0,Composed: Copy with GPU GDI,0.88860000000000,11.06450000000000,16.59640000000000,0.00000000000000,-11.34950000000000,11.27710000000000,0.00000000000000
ruffle.exe,12960,0x0000000000000000,Other,-1,0,0,90.24721190000000,0.00000000000000,30.91920000000000,0,Composed: Copy with GPU GDI,0.85930000000000,13.50550000000000,33.36020000000000,0.00000000000000,-14.38940000000000,11.32460000000000,0.00000000000000
ruffle.exe,12960,0x0000000000000000,Other,-1,0,0,90.28903680000001,0.00000000000000,41.82490000000000,0,Composed: Copy with GPU GDI,0.90540000000000,4.96040000000000,33.27980000000000,0.00000000000000,-13.43110000000000,13.37130000000000,0.00000000000000
ruffle.exe,12960,0x0000000000000000,Other,-1,0,0,90.32935540000000,0.00000000000000,40.31860000000000,0,Composed: Copy with GPU GDI,0.92130000000000,14.74160000000000,50.09980000000000,0.00000000000000,-19.05740000000000,13.23610000000000,0.00000000000000
ruffle.exe,12960,0x0000000000000000,Other,-1,0,0,90.37556650000001,0.00000000000000,46.21110000000000,0,Composed: Copy with GPU GDI,0.92440000000000,18.49480000000000,49.96430000000000,0.00000000000000,-11.50350000000000,11.31300000000000,0.00000000000000
ruffle.exe,12960,0x0000000000000000,Other,-1,0,0,90.41820830000000,0.00000000000000,42.64180000000000,0,Composed: Copy with GPU GDI,0.96270000000000,9.18360000000000,33.33060000000000,0.00000000000000,-17.38970000000000,11.64380000000000,0.00000000000000
ruffle.exe,12960,0x0000000000000000,Other,-1,0,0,90.48240080000001,0.00000000000000,64.19250000000001,0,Composed: Copy with GPU GDI,1.04990000000000,28.32960000000000,83.33850000000001,0.00000000000000,-13.28620000000000,11.90490000000000,0.00000000000000
ruffle.exe,12960,0x0000000000000000,Other,-1,0,0,90.85449400000000,0.00000000000000,372.09320000000002,0,Composed: Copy with GPU GDI,0.95880000000000,22.97510000000000,366.73869999999999,0.00000000000000,-25.97020000000000,11.04500000000000,0.00000000000000
ruffle.exe,12960,0x0000000000000000,Other,-1,0,0,90.90576330000000,0.00000000000000,51.26930000000000,0,Composed: Copy with GPU GDI,0.94410000000000,21.66560000000000,49.95980000000000,0.00000000000000,-12.13000000000000,12.08890000000000,0.00000000000000
ruffle.exe,12960,0x0000000000000000,Other,-1,0,0,90.96254370000000,0.00000000000000,56.78040000000000,0,Composed: Copy with GPU GDI,0.98200000000000,31.59510000000000,66.70990000000000,0.00000000000000,-20.63650000000000,13.83170000000000,0.00000000000000
ruffle.exe,12960,0x0000000000000000,Other,-1,0,0,91.06036449999999,0.00000000000000,97.82080000000001,0,Composed: Copy with GPU GDI,0.96670000000000,17.07240000000000,83.29810000000001,0.00000000000000,-14.29090000000000,14.11510000000000,0.00000000000000
ruffle.exe,12960,0x0000000000000000,Other,-1,0,0,91.09842370000000,0.00000000000000,38.05920000000000,0,Composed: Copy with GPU GDI,0.94290000000000,12.40580000000000,33.39260000000000,0.00000000000000,-15.02170000000000,11.19070000000000,0.00000000000000
ruffle.exe,12960,0x0000000000000000,Other,-1,0,0,91.14305550000000,0.00000000000000,44.63180000000001,0,Composed: Copy with GPU GDI,0.96460000000000,17.78000000000000,50.00600000000000,0.00000000000000,-11.65410000000000,11.41740000000000,0.00000000000000
ruffle.exe,12960,0x0000000000000000,Other,-1,0,0,91.18880370000001,0.00000000000000,45.74820000000000,0,Composed: Copy with GPU GDI,0.93500000000000,22.07420000000000,50.04240000000000,0.00000000000000,-17.22410000000000,12.17870000000000,0.00000000000000
ruffle.exe,12960,0x0000000000000000,Other,-1,0,0,91.24993100000000,0.00000000000000,61.12730000000001,0,Composed: Copy with GPU GDI,0.93520000000000,10.88890000000000,49.94200000000000,0.00000000000000,-15.62580000000000,11.44000000000000,0.00000000000000
ruffle.exe,12960,0x0000000000000000,Other,-1,0,0,91.29669150000001,0.00000000000000,46.76050000000000,0,Composed: Copy with GPU GDI,0.92140000000000,14.14510000000000,50.01670000000000,0.00000000000000,-13.64140000000000,13.64340000000000,0.00000000000000
ruffle.exe,12960,0x0000000000000000,Other,-1,0,0,91.34175620000001,0.00000000000000,45.06470000000000,0,Composed: Copy with GPU GDI,0.90610000000000,19.05390000000000,49.97350000000000,0.00000000000000,-19.04490000000000,14.50480000000000,0.00000000000000
ruffle.exe,12960,0x0000000000000000,Other,-1,0,0,91.37713570000000,0.00000000000000,35.37950000000000,0,Composed: Copy with GPU GDI,1.02680000000000,17.00740000000000,33.33300000000000,0.00000000000000,-10.52690000000000,10.51370000000000,0.00000000000000
ruffle.exe,12960,0x0000000000000000,Other,-1,0,0,91.42583569999999,0.00000000000000,48.70000000000000,0,Composed: Copy with GPU GDI,0.93700000000000,18.30740000000000,50.00000000000000,0.00000000000000,-16.72380000000000,12.24610000000000,0.00000000000000
ruffle.exe,12960,0x0000000000000000,Other,-1,0,0,91.46330620000001,0.00000000000000,37.47050000000000,0,Composed: Copy with GPU GDI,0.94600000000000,14.18470000000000,33.34780000000000,0.00000000000000,-11.46830000000000,11.47660000000000,0.00000000000000
ruffle.exe,12960,0x0000000000000000,Other,-1,0,0,91.51351250000000,0.00000000000000,50.20630000000001,0,Composed: Copy with GPU GDI,0.92550000000000,13.96230000000000,49.98390000000001,0.00000000000000,-15.73040000000000,12.53930000000000,0.00000000000000
ruffle.exe,12960,0x0000000000000000,Other,-1,0,0,91.79610959999999,0.00000000000000,282.59710000000001,0,Composed: Copy with GPU GDI,0.93060000000000,31.40790000000000,300.04270000000002,0.00000000000000,-11.33900000000000,11.24890000000000,0.00000000000000
ruffle.exe,12960,0x0000000000000000,Other,-1,0,0,91.85049210000001,0.00000000000000,54.38250000000000,0,Composed: Copy with GPU GDI,0.60450000000000,10.35600000000000,33.33060000000000,0.00000000000000,-14.27190000000000,14.28540000000000,0.00000000000000
ruffle.exe,12960,0x0000000000000000,Other,-1,0,0,91.88530220000001,0.00000000000000,34.81010000000000,0,Composed: Copy with GPU GDI,0.63800000000000,8.87600000000000,33.33010000000000,0.00000000000000,-15.86320000000000,12.18400000000000,0.00000000000000
ruffle.exe,12960,0x0000000000000000,Other,-1,0,0,91.91532990000000,0.00000000000000,30.02770000000000,0,Composed: Copy with GPU GDI,0.84280000000000,12.17820000000000,33.32990000000000,0.00000000000000,-10.72640000000000,10.84200000000000,0.00000000000000
ruffle.exe,12960,0x0000000000000000,Other,-1,0,0,91.94628700000000,0.00000000000000,30.95710000000000,0,Composed: Copy with GPU GDI,0.94190000000000,14.59190000000000,33.37080000000000,0.00000000000000,-16.73330000000000,12.15580000000000,0.00000000000000
ruffle.exe,12960,0x0000000000000000,Other,-1,0,0,91.99638550000000,0.00000000000000,50.09850000000000,0,Composed: Copy with GPU GDI,0.95420000000000,14.50790000000000,50.01450000000001,0.00000000000000,-16.09760000000000,11.60560000000000,0.00000000000000
ruffle.exe,12960,0x0000000000000000,Other,-1,0,0,92.03420410000001,0.00000000000000,37.81860000000000,0,Composed: Copy with GPU GDI,0.92040000000000,26.70140000000000,50.01210000000000,0.00000000000000,-10.62750000000000,10.48320000000000,0.00000000000000
ruffle.exe,12960,0x0000000000000000,Other,-1,0,0,92.10392840000000,0.00000000000000,69.72430000000000,0,Composed: Copy with GPU GDI,0.88870000000000,23.67040000000000,66.69330000000001,0.00000000000000,-14.25950000000000,13.96990000000000,0.00000000000000
ruffle.exe,12960,0x0000000000000000,Other,-1,0,0,92.14249839999999,0.00000000000000,38.57000000000000,0,Composed: Copy with GPU GDI,0.96880000000000,18.37030000000000,33.26990000000000,0.00000000000000,-16.56190000000000,12.94870000000000,0.00000000000000
ruffle.exe,12960,0x0000000000000000,Other,-1,0,0,92.18097930000000,0.00000000000000,38.48090000000000,0,Composed: Copy with GPU GDI,0.85420000000000,30.06450000000000,50.17510000000000,0.00000000000000,-10.78840000000000,10.73760000000000,0.00000000000000
ruffle.exe,12960,0x0000000000000000,Other,-1,0,1,92.22021790000001,0.00000000000000,39.23860000000001,0,Composed: Copy with GPU GDI,0.92180000000000,0.00000000000000,0.00000000000000,0.00000000000000,-16.83900000000000,11.39780000000000,0.00000000000000
ruffle.exe,12960,0x0000000000000000,Other,-1,0,0,92.26893580000001,0.00000000000000,48.71790000000000,0,Composed: Copy with GPU GDI,0.95690000000000,25.29210000000000,83.18410000000000,0.00000000000000,-13.85820000000000,11.19540000000000,0.00000000000000
ruffle.exe,12960,0x0000000000000000,Other,-1,0,0,92.33580490000000,0.00000000000000,66.86910000000000,0,Composed: Copy with GPU GDI,0.91060000000000,41.84950000000000,83.42650000000000,0.00000000000000,-19.80120000000000,11.66050000000000,0.00000000000000
ruffle.exe,12960,0x0000000000000000,Other,-1,0,0,92.37077590000000,0.00000000000000,34.97100000000000,0,Composed: Copy with GPU GDI,0.93500000000000,56.83490000000000,49.95640000000000,0.00000000000000,-13.83980000000000,10.77720000000000,0.00000000000000
ruffle.exe,12960,0x0000000000000000,Other,-1,0,0,92.39729880000000,0.00000000000000,26.52290000000000,0,Composed: Copy with GPU GDI,1.19290000000000,80.34990000000001,50.03790000000000,0.00000000000000,-24.63580000000000,7.33240000000000,0.00000000000000
ruffle.exe,12960,0x0000000000000000,Other,-1,0,1,92.43069230000000,0.00000000000000,33.39350000000000,0,Composed: Copy with GPU GDI,0.93440000000000,0.00000000000000,0.00000000000000,0.00000000000000,-14.63250000000000,12.85140000000000,0.00000000000000
ruffle.exe,12960,0x0000000000000000,Other,-1,0,0,92.47988480000001,0.00000000000000,49.19250000000000,0,Composed: Copy with GPU GDI,0.93210000000000,31.17020000000000,33.40630000000000,0.00000000000000,-16.49480000000000,12.67220000000000,0.00000000000000
ruffle.exe,12960,0x0000000000000000,Other,-1,0,0,92.51225750000000,0.00000000000000,32.37270000000000,0,Composed: Copy with GPU GDI,1.02000000000000,31.98400000000000,33.18650000000000,0.00000000000000,-10.97500000000000,10.69920000000000,36.63140000000000
ruffle.exe,12960,0x0000000000000000,Other,-1,0,0,92.53609670000000,0.00000000000000,23.83920000000000,0,Composed: Copy with GPU GDI,0.87210000000000,24.83630000000000,16.69150000000000,0.00000000000000,-15.73280000000000,7.04520000000000,26.38590000000000
ruffle.exe,12960,0x0000000000000000,Other,-1,0,0,92.85188850000000,0.00000000000000,315.79180000000002,0,Composed: Copy with GPU GDI,0.90400000000000,9.03350000000000,299.98900000000003,0.00000000000000,-11.80760000000000,11.78810000000000,24.21580000000000
ruffle.exe,12960,0x0000000000000000,Other,-1,0,0,92.88078070000000,0.00000000000000,28.89220000000000,0,Composed: Copy with GPU GDI,0.62050000000000,13.46230000000000,33.32100000000001,0.00000000000000,-12.15830000000000,10.39030000000000,37.15080000000000
ruffle.exe,12960,0x0000000000000000,Other,-1,0,0,92.89566570000000,0.00000000000000,14.88500000000000,0,Composed: Copy with GPU GDI,0.60820000000000,15.26920000000000,16.69190000000000,0.00000000000000,-9.28590000000000,6.74490000000000,0.00000000000000
ruffle.exe,12960,0x0000000000000000,Other,-1,0,0,92.92630350000000,0.00000000000000,30.63780000000000,0,Composed: Copy with GPU GDI,0.86390000000000,18.01580000000000,33.38440000000000,0.00000000000000,-10.72490000000000,10.82510000000000,0.00000000000000
ruffle.exe,12960,0x0000000000000000,Other,-1,0,0,92.95805850000001,0.00000000000000,31.75500000000000,0,Composed: Copy with GPU GDI,0.90630000000000,19.61470000000000,33.35390000000000,0.00000000000000,-15.84360000000000,12.96730000000000,0.00000000000000
ruffle.exe,12960,0x0000000000000000,Other,-1,0,0,92.99567410000000,0.00000000000000,37.61560000000000,0,Composed: Copy with GPU GDI,0.92440000000000,15.29320000000000,33.29410000000000,0.00000000000000,-12.93980000000000,12.76870000000000,0.00000000000000
ruffle.exe,12960,0x0000000000000000,Other,-1,0,0,93.02728360000000,0.00000000000000,31.60950000000000,0,Composed: Copy with GPU GDI,0.90010000000000,16.99000000000000,33.30630000000000,0.00000000000000,-13.69780000000000,11.05100000000000,0.00000000000000
ruffle.exe,12960,0x0000000000000000,Other,-1,0,0,93.07315740000000,0.00000000000000,45.87380000000000,0,Composed: Copy with GPU GDI,0.85390000000000,21.20540000000000,50.08920000000001,0.00000000000000,-12.41610000000000,12.20840000000000,0.00000000000000
ruffle.exe,12960,0x0000000000000000,Other,-1,0,0,93.10248820000001,0.00000000000000,29.33080000000000,0,Composed: Copy with GPU GDI,0.84700000000000,8.46390000000000,16.58930000000000,0.00000000000000,-12.82950000000000,10.60290000000000,0.00000000000000
ruffle.exe,12960,0x0000000000000000,Other,-1,0,0,93.13471450000000,0.00000000000000,32.22630000000000,0,Composed: Copy with GPU GDI,0.82370000000000,9.56240000000000,33.32480000000000,0.00000000000000,-10.51090000000000,10.59030000000000,0.00000000000000
ruffle.exe,12960,0x0000000000000000,Other,-1,0,0,93.16020310000000,0.00000000000000,25.48860000000000,0,Composed: Copy with GPU GDI,0.85700000000000,17.43340000000000,33.35960000000000,0.00000000000000,-15.25240000000000,11.07010000000000,0.00000000000000
ruffle.exe,12960,0x0000000000000000,Other,-1,0,0,93.19096720000000,0.00000000000000,30.76410000000000,0,Composed: Copy with GPU GDI,0.85060000000000,20.02830000000000,33.35900000000000,0.00000000000000,-12.02600000000000,12.11510000000000,0.00000000000000
ruffle.exe,12960,0x0000000000000000,Other,-1,0,0,93.22317939999999,0.00000000000000,32.21220000000000,0,Composed: Copy with GPU GDI,0.77520000000000,21.11220000000000,33.29610000000000,0.00000000000000,-15.98470000000000,12.40270000000000,0.00000000000000
ruffle.exe,12960,0x0000000000000000,Other,-1,0,0,93.25516929999999,0.00000000000000,31.98990000000000,0,Composed: Copy with GPU GDI,0.64150000000000,5.76120000000000,16.63890000000000,0.00000000000000,-10.41230000000000,10.41360000000000,0.00000000000000
ruffle.exe,12960,0x0000000000000000,Other,-1,0,0,93.27862750000000,0.00000000000000,23.45820000000000,0,Composed: Copy with GPU GDI,0.84360000000000,15.71770000000000,33.41470000000000,0.00000000000000,-12.60140000000000,10.48270000000000,0.00000000000000
ruffle.exe,12960,0x0000000000000000,Other,-1,0,0,93.32252540000000,0.00000000000000,43.89790000000000,0,Composed: Copy with GPU GDI,0.65020000000000,5.10960000000000,33.28980000000000,0.00000000000000,-10.16600000000000,10.13720000000000,0.00000000000000
ruffle.exe,12960,0x0000000000000000,Other,-1,0,0,93.35059610000000,0.00000000000000,28.07070000000000,0,Composed: Copy with GPU GDI,0.85550000000000,10.37820000000000,33.33930000000000,0.00000000000000,-13.49280000000000,10.86090000000000,0.00000000000000
ruffle.exe,12960,0x0000000000000000,Other,-1,0,0,93.38108230000000,0.00000000000000,30.48620000000000,0,Composed: Copy with GPU GDI,0.62300000000000,13.23400000000000,33.34200000000000,0.00000000000000,-11.50040000000000,11.54200000000000,0.00000000000000
ruffle.exe,12960,0x0000000000000000,Other,-1,0,0,93.42093150000001,0.00000000000000,39.84920000000000,0,Composed: Copy with GPU GDI,0.83400000000000,6.76070000000000,33.37590000000000,0.00000000000000,-17.34230000000000,12.37780000000000,0.00000000000000
ruffle.exe,12960,0x0000000000000000,Other,-1,0,0,93.45187450000000,0.00000000000000,30.94300000000000,0,Composed: Copy with GPU GDI,0.90320000000000,9.10480000000000,33.28710000000000,0.00000000000000,-10.50290000000000,10.38320000000000,0.00000000000000
ruffle.exe,12960,0x0000000000000000,Other,-1,0,0,93.47918180000001,0.00000000000000,27.30730000000000,0,Composed: Copy with GPU GDI,0.64710000000000,15.13540000000000,33.33790000000000,0.00000000000000,-12.76150000000000,10.25740000000000,0.00000000000000
ruffle.exe,12960,0x0000000000000000,Other,-1,0,0,93.51946200000000,0.00000000000000,40.28020000000000,0,Composed: Copy with GPU GDI,1.01330000000000,8.20200000000000,33.34680000000000,0.00000000000000,-10.78380000000000,10.47670000000000,23.81820000000000
ruffle.exe,12960,0x0000000000000000,Other,-1,0,0,93.55214650000001,0.00000000000000,32.68450000000000,0,Composed: Copy with GPU GDI,0.87680000000000,8.83940000000000,33.32190000000000,0.00000000000000,-13.49680000000000,10.88490000000000,26.49980000000000
ruffle.exe,12960,0x0000000000000000,Other,-1,0,0,93.75428810000001,0.00000000000000,202.14160000000001,0,Composed: Copy with GPU GDI,0.85520000000000,6.75810000000000,200.06030000000001,0.00000000000000,-10.07720000000000,10.13020000000000,78.64310000000000
ruffle.exe,12960,0x0000000000000000,Other,-1,0,0,93.79745990000001,0.00000000000000,43.17180000000000,0,Composed: Copy with GPU GDI,0.85610000000000,13.59350000000000,50.00720000000000,0.00000000000000,-10.53860000000000,10.61590000000000,0.00000000000000
ruffle.exe,12960,0x0000000000000000,Other,-1,0,0,93.81896279999999,0.00000000000000,21.50290000000000,0,Composed: Copy with GPU GDI,0.85490000000000,8.72400000000000,16.63340000000000,0.00000000000000,-10.20700000000000,10.21290000000000,0.00000000000000
ruffle.exe,12960,0x0000000000000000,Other,-1,0,0,93.84879219999999,0.00000000000000,29.82940000000000,0,Composed: Copy with GPU GDI,0.87240000000000,12.33550000000000,33.44090000000000,0.00000000000000,-13.48400000000000,10.69200000000000,0.00000000000000
ruffle.exe,12960,0x0000000000000000,Other,-1,0,0,93.86817520000000,0.00000000000000,19.38300000000000,0,Composed: Copy with GPU GDI,0.83490000000000,9.51580000000000,16.56330000000000,0.00000000000000,-10.35020000000000,6.94990000000000,20.50560000000000
ruffle.exe,12960,0x0000000000000000,Other,-1,0,0,93.89605929999999,0.00000000000000,27.88410000000000,0,Composed: Copy with GPU GDI,0.64080000000000,15.00550000000000,33.37380000000000,0.00000000000000,-9.78490000000000,9.79090000000000,24.43220000000000
ruffle.exe,12960,0x0000000000000000,Other,-1,0,0,93.91743120000001,0.00000000000000,21.37190000000000,0,Composed: Copy with GPU GDI,0.89080000000000,10.23660000000000,16.60300000000000,0.00000000000000,-11.65180000000000,11.84900000000000,0.00000000000000
ruffle.exe,12960,0x0000000000000000,Other,-1,0,0,93.92920020000001,0.00000000000000,11.76900000000000,0,Composed: Copy with GPU GDI,0.62580000000000,15.18780000000000,16.72020000000000,0.00000000000000,-10.87820000000000,6.36570000000000,0.00000000000000
ruffle.exe,12960,0x0000000000000000,Other,-1,0,0,93.98516750000000,0.00000000000000,55.96730000000000,0,Composed: Copy with GPU GDI,0.85440000000000,9.22990000000000,50.00940000000000,0.00000000000000,-12.90690000000000,13.03690000000000,0.00000000000000
ruffle.exe,12960,0x0000000000000000,Other,-1,0,0,94.00505660000000,0.00000000000000,19.88910000000000,0,Composed: Copy with GPU GDI,0.89070000000000,5.94300000000000,16.60220000000000,0.00000000000000,-13.31500000000000,10.58220000000000,0.00000000000000
ruffle.exe,12960,0x0000000000000000,Other,-1,0,0,94.03046260000001,0.00000000000000,25.40600000000000,0,Composed: Copy with GPU GDI,0.61980000000000,13.91600000000000,33.37900000000000,0.00000000000000,-10.03660000000000,9.97660000000000,22.78330000000000
ruffle.exe,12960,0x0000000000000000,Other,-1,0,0,94.06492470000001,0.00000000000000,34.46210000000000,0,Composed: Copy with GPU GDI,0.86850000000000,12.82250000000000,33.36860000000000,0.00000000000000,-12.94210000000000,11.06610000000000,25.27640000000000
ruffle.exe,12960,0x0000000000000000,Other,-1,0,0,94.09902000000001,0.00000000000000,34.09530000000000,0,Composed: Copy with GPU GDI,0.87810000000000,12.01510000000000,33.28790000000000,0.00000000000000,-10.07190000000000,10.00380000000000,21.30950000000000
ruffle.exe,12960,0x0000000000000000,Other,-1,0,0,94.13448680000000,0.00000000000000,35.46680000000000,0,Composed: Copy with GPU GDI,0.84570000000000,9.90380000000000,33.35550000000000,0.00000000000000,-13.46900000000000,10.44850000000000,24.85290000000000
ruffle.exe,12960,0x0000000000000000,Other,-1,0,0,94.17058940000000,0.00000000000000,36.10260000000000,0,Composed: Copy with GPU GDI,0.59460000000000,7.15310000000000,33.35190000000000,0.00000000000000,-12.44780000000000,12.41200000000000,52.95400000000000
ruffle.exe,12960,0x0000000000000000,Other,-1,0,0,94.19696060000001,0.00000000000000,26.37120000000000,0,Composed: Copy with GPU GDI,0.92500000000000,14.10790000000000,33.32600000000000,0.00000000000000,-11.46840000000000,11.62060000000000,29.27870000000000
ruffle.exe,12960,0x0000000000000000,Other,-1,0,0,94.26714200000001,0.00000000000000,70.18140000000000,0,Composed: Copy with GPU GDI,0.71660000000000,10.62110000000000,66.69460000000001,0.00000000000000,-37.82200000000000,37.69000000000000,11.39650000000000
ruffle.exe,12960,0x0000000000000000,Other,-1,0,0,94.28374330000000,0.00000000000000,16.60130000000000,0,Composed: Copy with GPU GDI,0.70210000000000,10.64910000000000,16.62930000000000,0.00000000000000,-15.80290000000000,9.21240000000000,0.00000000000000
ruffle.exe,12960,0x0000000000000000,Other,-1,0,0,94.31413130000000,0.00000000000000,30.38800000000000,0,Composed: Copy with GPU GDI,0.79730000000000,13.68260000000000,33.42150000000000,0.00000000000000,-10.37350000000000,10.35290000000000,18.47910000000000
ruffle.exe,12960,0x0000000000000000,Other,-1,0,0,94.33963610000001,0.00000000000000,25.50480000000000,0,Composed: Copy with GPU GDI,0.88160000000000,21.42470000000000,33.24690000000000,0.00000000000000,-12.82580000000000,12.84840000000000,25.98550000000000
ruffle.exe,12960,0x0000000000000000,Other,-1,0,0,94.37508370000000,0.00000000000000,35.44760000000000,0,Composed: Copy with GPU GDI,0.59750000000000,19.28330000000000,33.30620000000000,0.00000000000000,-13.80170000000000,13.76360000000000,29.39820000000000
ruffle.exe,12960,0x0000000000000000,Other,-1,0,0,94.40056800000001,0.00000000000000,25.48430000000000,0,Composed: Copy with GPU GDI,0.60400000000000,10.48450000000000,16.68550000000000,0.00000000000000,-12.33760000000000,12.29610000000000,24.81940000000000
ruffle.exe,12960,0x0000000000000000,Other,-1,0,0,94.42847840000000,0.00000000000000,27.91040000000000,0,Composed: Copy with GPU GDI,0.59060000000000,15.93190000000000,33.35780000000000,0.00000000000000,-13.40530000000000,13.35880000000000,20.81330000000000
ruffle.exe,12960,0x0000000000000000,Other,-1,0,0,94.46152320000000,0.00000000000000,33.04480000000000,0,Composed: Copy with GPU GDI,0.91880000000000,16.22570000000000,33.33860000000000,0.00000000000000,-14.70490000000000,11.87670000000000,27.84180000000000
ruffle.exe,12960,0x0000000000000000,Other,-1,0,0,94.48769130000001,0.00000000000000,26.16810000000000,0,Composed: Copy with GPU GDI,0.88190000000000,23.39260000000000,33.33500000000000,0.00000000000000,-10.15580000000000,10.15490000000000,6.00410000000000
ruffle.exe,12960,0x0000000000000000,Other,-1,0,0,94.49993220000000,0.00000000000000,12.24090000000000,0,Composed: Copy with GPU GDI,0.84040000000000,27.84440000000000,16.69270000000000,0.00000000000000,-11.27970000000000,6.82120000000000,0.00000000000000
ruffle.exe,12960,0x0000000000000000,Other,-1,0,0,94.52342070000000,0.00000000000000,23.48850000000000,0,Composed: Copy with GPU GDI,0.63550000000000,21.01830000000000,16.66240000000000,0.00000000000000,-9.77840000000000,9.67500000000000,17.76910000000000
ruffle.exe,12960,0x0000000000000000,Other,-1,0,0,94.54355530000001,0.00000000000000,20.13460000000000,0,Composed: Copy with GPU GDI,0.86630000000000,17.59510000000000,16.71140000000000,0.00000000000000,-10.76420000000000,10.79840000000000,15.89450000000000
ruffle.exe,12960,0x0000000000000000,Other,-1,0,0,94.77793369999999,0.00000000000000,234.37840000000000,0,Composed: Copy with GPU GDI,0.64450000000000,16.57330000000000,233.35660000000001,0.00000000000000,-10.61660000000000,10.61670000000000,16.25640000000000
ruffle.exe,12960,0x0000000000000000,Other,-1,0,0,94.80544960000000,0.00000000000000,27.51590000000000,0,Composed: Copy with GPU GDI,0.64520000000000,5.67260000000000,16.61520000000000,0.00000000000000,-15.59320000000000,10.36500000000000,27.65570000000000
ruffle.exe,12960,0x0000000000000000,Other,-1,0,0,94.83426089999999,0.00000000000000,28.81130000000000,0,Composed: Copy with GPU GDI,0.89580000000000,10.22960000000000,33.36830000000000,0.00000000000000,-9.85190000000000,9.98290000000000,16.60480000000000
ruffle.exe,12960,0x0000000000000000,Other,-1,0,0,94.86781830000000,0.00000000000000,33.55740000000000,0,Composed: Copy with GPU GDI,0.86720000000000,9.95960000000000,33.28740000000000,0.00000000000000,-13.94360000000000,10.68250000000000,26.14120000000000
ruffle.exe,12960,0x0000000000000000,Other,-1,0,0,94.90610350000000,0.00000000000000,38.28520000000000,0,Composed: Copy with GPU GDI,0.89220000000000,4.96320000000000,33.28880000000000,0.00000000000000,-12.55270000000000,12.74550000000000,24.41470000000000
ruffle.exe,12960,0x0000000000000000,Other,-1,0,0,94.93045870000000,0.00000000000000,24.35520000000000,0,Composed: Copy with GPU GDI,0.90350000000000,14.00150000000000,33.39350000000000,0.00000000000000,-12.33440000000000,12.54000000000000,22.77290000000000
ruffle.exe,12960,0x0000000000000000,Other,-1,0,0,94.96117840000001,0.00000000000000,30.71970000000000,0,Composed: Copy with GPU GDI,0.94520000000000,16.64460000000000,33.36280000000000,0.00000000000000,-14.65990000000000,10.72150000000000,23.47180000000000
ruffle.exe,12960,0x0000000000000000,Other,-1,0,0,94.98577960000000,0.00000000000000,24.60120000000000,0,Composed: Copy with GPU GDI,0.60630000000000,8.66120000000000,16.61780000000000,0.00000000000000,-9.72350000000000,9.73570000000000,7.87550000000000
ruffle.exe,12960,0x0000000000000000,Other,-1,0,0,95.01704150000000,0.00000000000000,31.26190000000000,0,Composed: Copy with GPU GDI,0.59960000000000,10.73780000000000,33.33850000000000,0.00000000000000,-12.90650000000000,10.17360000000000,21.38540000000000
ruffle.exe,12960,0x0000000000000000,Other,-1,0,0,95.04831930000000,0.00000000000000,31.27780000000000,0,Composed: Copy with GPU GDI,0.85530000000000,12.82150000000000,33.36150000000000,0.00000000000000,-9.86750000000000,9.91540000000000,6.29490000000000
ruffle.exe,12960,0x0000000000000000,Other,-1,0,0,95.08415880000001,0.00000000000000,35.83950000000000,0,Composed: Copy with GPU GDI,0.89990000000000,10.32400000000000,33.34200000000000,0.00000000000000,-14.43070000000000,10.63470000000000,26.48880000000000
ruffle.exe,12960,0x0000000000000000,Other,-1,0,0,95.12489330000000,0.00000000000000,40.73450000000000,0,Composed: Copy with GPU GDI,0.66770000000000,19.58840000000000,49.99890000000000,0.00000000000000,-11.59530000000000,11.58240000000000,5.16710000000000
ruffle.exe,12960,0x0000000000000000,Other,-1,0,0,95.15450160000000,0.00000000000000,29.60830000000000,0,Composed: Copy with GPU GDI,0.92680000000000,6.64280000000000,16.66270000000000,0.00000000000000,-11.78800000000000,11.83630000000000,26.82020000000000
ruffle.exe,12960,0x0000000000000000,Other,-1,0,0,95.19159979999999,0.00000000000000,37.09820000000000,0,Composed: Copy with GPU GDI,0.64600000000000,19.56020000000000,50.01560000000000,0.00000000000000,-14.43000000000000,10.43170000000000,23.90480000000000
ruffle.exe,12960,0x0000000000000000,Other,-1,0,0,95.21884140000000,0.00000000000000,27.24160000000000,0,Composed: Copy with GPU GDI,0.61970000000000,8.97100000000000,16.65240000000000,0.00000000000000,-10.25570000000000,9.77990000000000,5.12120000000000
ruffle.exe,12960,0x0000000000000000,Other,-1,0,0,95.23225820000000,0.00000000000000,13.41680000000000,0,Composed: Copy with GPU GDI,0.65160000000000,12.23450000000000,16.68030000000000,0.00000000000000,-9.92170000000000,6.47660000000000,0.00000000000000
ruffle.exe,12960,0x0000000000000000,Other,-1,0,0,95.26759070000000,0.00000000000000,35.33250000000000,0,Composed: Copy with GPU GDI,0.85890000000000,10.23220000000000,33.33020000000000,0.00000000000000,-9.89460000000000,9.93340000000000,21.92360000000000
ruffle.exe,12960,0x0000000000000000,Other,-1,0,0,95.29571110000001,0.00000000000000,28.12040000000000,0,Composed: Copy with GPU GDI,0.84680000000000,15.43260000000000,33.32080000000000,0.00000000000000,-10.40840000000000,10.47230000000000,19.97430000000000
ruffle.exe,12960,0x0000000000000000,Other,-1,0,0,95.33850910000000,0.00000000000000,42.79800000000000,0,Composed: Copy with GPU GDI,0.64040000000000,5.96270000000000,33.32810000000000,0.00000000000000,-12.31840000000000,12.21120000000000,22.83030000000000
ruffle.exe,12960,0x0000000000000000,Other,-1,0,0,95.37451679999999,0.00000000000000,36.00770000000000,0,Composed: Copy with GPU GDI,0.83560000000000,19.99510000000000,50.04010000000000,0.00000000000000,-12.18950000000000,12.27980000000000,26.83750000000000
ruffle.exe,12960,0x0000000000000000,Other,-1,0,0,95.40673100000001,0.00000000000000,32.21420000000000,0,Composed: Copy with GPU GDI,0.62820000000000,4.38020000000000,16.59930000000000,0.00000000000000,-13.56000000000000,10.27910000000000,21.05000000000000
ruffle.exe,12960,0x0000000000000000,Other,-1,0,0,95.43071180000001,0.00000000000000,23.98080000000000,0,Composed: Copy with GPU GDI,0.87050000000000,13.77340000000000,33.37400000000000,0.00000000000000,-9.81390000000000,9.96260000000000,21.04180000000000
ruffle.exe,12960,0x0000000000000000,Other,-1,0,0,95.45716300000001,0.00000000000000,26.45120000000000,0,Composed: Copy with GPU GDI,0.87140000000000,20.69360000000000,33.37140000000000,0.00000000000000,-13.02730000000000,10.58340000000000,25.45220000000000
ruffle.exe,12960,0x0000000000000000,Other,-1,0,0,95.48940620000000,0.00000000000000,32.24320000000000,0,Composed: Copy with GPU GDI,0.86440000000000,21.75140000000000,33.30100000000000,0.00000000000000,-10.00130000000000,10.06760000000000,9.68430000000000
ruffle.exe,12960,0x0000000000000000,Other,-1,0,0,95.50283790000000,0.00000000000000,13.43170000000000,0,Composed: Copy with GPU GDI,0.84560000000000,25.00210000000000,16.68240000000000,0.00000000000000,-12.56730000000000,6.42100000000000,0.00000000000000
ruffle.exe,12960,0x0000000000000000,Other,-1,0,0,95.53513710000001,0.00000000000000,32.29920000000000,0,Composed: Copy with GPU GDI,0.60160000000000,9.38820000000000,16.68530000000000,0.00000000000000,-9.90530000000000,9.81790000000000,17.45020000000000
ruffle.exe,12960,0x0000000000000000,Other,-1,0,0,95.76939520000001,0.00000000000000,234.25810000000001,0,Composed: Copy with GPU GDI,0.61150000000000,8.44460000000000,233.31450000000001,0.00000000000000,-11.57740000000000,11.60600000000000,23.70530000000000
ruffle.exe,12960,0x0000000000000000,Other,-1,0,0,95.81481280000000,0.00000000000000,45.41760000000000,0,Composed: Copy with GPU GDI,0.86930000000000,13.06490000000000,50.03790000000000,0.00000000000000,-16.10450000000000,16.17730000000000,31.12850000000000
ruffle.exe,12960,0x0000000000000000,Other,-1,0,0,95.85290330000001,0.00000000000000,38.09050000000000,0,Composed: Copy with GPU GDI,0.89590000000000,8.29320000000000,33.31880000000000,0.00000000000000,-15.75950000000000,10.69640000000000,29.19170000000000
ruffle.exe,12960,0x0000000000000000,Other,-1,0,0,95.88013490000000,0.00000000000000,27.23160000000000,0,Composed: Copy with GPU GDI,0.84280000000000,14.41760000000000,33.35600000000000,0.00000000000000,-9.87700000000000,9.97800000000000,18.43500000000000
ruffle.exe,12960,0x0000000000000000,Other,-1,0,0,95.90659190000000,0.00000000000000,26.45700000000000,0,Composed: Copy with GPU GDI,0.63280000000000,4.56280000000000,16.60220000000000,0.00000000000000,-13.38740000000000,10.22510000000000,20.83970000000000
ruffle.exe,12960,0x0000000000000000,Other,-1,0,0,95.93376080000000,0.00000000000000,27.16890000000000,0,Composed: Copy with GPU GDI,0.91690000000000,27.44170000000000,50.04780000000000,0.00000000000000,-11.89790000000000,11.86140000000000,16.04100000000000
ruffle.exe,12960,0x0000000000000000,Other,-1,0,0,95.95255800000001,0.00000000000000,18.79720000000000,0,Composed: Copy with GPU GDI,0.84870000000000,25.33610000000000,16.69160000000000,0.00000000000000,-14.33160000000000,6.89210000000000,0.00000000000000
ruffle.exe,12960,0x0000000000000000,Other,-1,0,0,95.98011830000000,0.00000000000000,27.56030000000000,0,Composed: Copy with GPU GDI,0.89650000000000,14.53800000000000,16.76220000000000,0.00000000000000,-11.73300000000000,11.82580000000000,0.00000000000000
ruffle.exe,12960,0x0000000000000000,Other,-1,0,0,96.00387470000000,0.00000000000000,23.75640000000000,0,Composed: Copy with GPU GDI,0.84100000000000,7.31990000000000,16.53830000000000,0.00000000000000,-13.17090000000000,10.77510000000000,0.00000000000000
ruffle.exe,12960,0x0000000000000000,Other,-1,0,0,96.03142389999999,0.00000000000000,27.54920000000000,0,Composed: Copy with GPU GDI,0.87970000000000,13.19330000000000,33.42260000000000,0.00000000000000,-9.99460000000000,10.03660000000000,9.69570000000000
ruffle.exe,12960,0x0000000000000000,Other,-1,0,0,96.05280830000001,0.00000000000000,21.38440000000000,0,Composed: Copy with GPU GDI,0.84940000000000,8.41090000000000,16.60200000000000,0.00000000000000,-12.69260000000000,7.07790000000000,23.05640000000000
ruffle.exe,12960,0x0000000000000000,Other,-1,0,0,96.09103060000000,0.00000000000000,38.22230000000000,0,Composed: Copy with GPU GDI,0.85610000000000,20.21700000000000,50.02840000000000,0.00000000000000,-10.07750000000000,10.07960000000000,23.31420000000000
ruffle.exe,12960,0x0000000000000000,Other,-1,0,0,96.13106300000000,0.00000000000000,40.03240000000000,0,Composed: Copy with GPU GDI,0.86460000000000,13.48590000000000,33.30130000000000,0.00000000000000,-16.22200000000000,10.70500000000000,31.34750000000000
ruffle.exe,12960,0x0000000000000000,Other,-1,0,0,96.16837930000000,0.00000000000000,37.31630000000000,0,Composed: Copy with GPU GDI,0.86840000000000,9.49950000000000,33.32990000000000,0.00000000000000,-9.98680000000000,10.09990000000000,22.66830000000000
ruffle.exe,12960,0x0000000000000000,Other,-1,0,0,96.20711400000000,0.00000000000000,38.73470000000000,0,Composed: Copy with GPU GDI,0.89730000000000,20.78770000000000,50.02290000000000,0.00000000000000,-15.54160000000000,12.59790000000000,29.39000000000000
ruffle.exe,12960,0x0000000000000000,Other,-1,0,0,96.25384790000000,0.00000000000000,46.73390000000001,0,Composed: Copy with GPU GDI,0.90230000000000,7.47780000000000,33.42400000000000,0.00000000000000,-10.40370000000000,10.33030000000000,60.07850000000001
ruffle.exe,12960,0x0000000000000000,Other,-1,0,0,96.31427680000002,0.00000000000000,60.42890000000001,0,Composed: Copy with GPU GDI,0.91400000000000,13.69750000000000,66.64860000000000,0.00000000000000,-17.16260000000000,10.73250000000000,26.55500000000000
ruffle.exe,12960,0x0000000000000000,Other,-1,0,0,96.36439200000001,0.00000000000000,50.11520000000000,0,Composed: Copy with GPU GDI,0.84590000000000,13.51070000000000,49.92840000000000,0.00000000000000,-9.88180000000000,9.99430000000000,22.65990000000000
ruffle.exe,12960,0x0000000000000000,Other,-1,0,0,96.39958520000000,0.00000000000000,35.19320000000000,0,Composed: Copy with GPU GDI,0.61910000000000,11.69260000000000,33.37510000000000,0.00000000000000,-11.57580000000000,11.54400000000000,25.76180000000000
ruffle.exe,12960,0x0000000000000000,Other,-1,0,0,96.43563080000000,0.00000000000000,36.04560000000000,0,Composed: Copy with GPU GDI,0.62260000000000,8.93350000000000,33.28650000000000,0.00000000000000,-11.78640000000000,11.66190000000000,23.90070000000000
ruffle.exe,12960,0x0000000000000000,Other,-1,0,0,96.46489109999999,0.00000000000000,29.26030000000000,0,Composed: Copy with GPU GDI,0.64040000000000,13.02450000000000,33.35130000000000,0.00000000000000,-13.58280000000000,10.40500000000000,37.16550000000000
ruffle.exe,12960,0x0000000000000000,Other,-1,0,0,96.48903740000000,0.00000000000000,24.14630000000000,0,Composed: Copy with GPU GDI,0.64490000000000,5.55610000000000,16.67790000000000,0.00000000000000,-9.79700000000000,9.78050000000000,0.00000000000000
ruffle.exe,12960,0x0000000000000000,Other,-1,0,0,96.51498600000001,0.00000000000000,25.94860000000000,0,Composed: Copy with GPU GDI,0.85800000000000,12.93360000000000,33.32610000000000,0.00000000000000,-14.87410000000000,10.80680000000000,0.00000000000000
ruffle.exe,12960,0x0000000000000000,Other,-1,0,0,96.54622270000000,0.00000000000000,31.23670000000000,0,Composed: Copy with GPU GDI,0.88530000000000,15.03440000000000,33.33750000000000,0.00000000000000,-10.05890000000000,10.24000000000000,20.48130000000000
ruffle.exe,12960,0x0000000000000000,Other,-1,0,0,96.78114400000000,0.00000000000000,234.92130000000000,0,Composed: Copy with GPU GDI,0.59370000000000,13.45600000000000,233.34290000000001,0.00000000000000,-9.74560000000000,9.77120000000000,17.39800000000000
ruffle.exe,12960,0x0000000000000000,Other,-1,0,0,96.83881890000001,0.00000000000000,57.67490000000000,0,Composed: Copy with GPU GDI,0.58530000000000,5.78640000000000,50.00530000000001,0.00000000000000,-14.62010000000000,14.62900000000000,29.05220000000000
ruffle.exe,12960,0x0000000000000000,Other,-1,0,0,96.86884500000001,0.00000000000000,30.02610000000000,0,Composed: Copy with GPU GDI,0.63170000000000,9.10240000000000,33.34210000000000,0.00000000000000,-15.12420000000000,10.65410000000000,27.12050000000000
ruffle.exe,12960,0x0000000000000000,Other,-1,0,0,96.90958999999999,0.00000000000000,40.74500000000000,0,Composed: Copy with GPU GDI,0.82960000000000,18.39810000000000,50.04070000000000,0.00000000000000,-9.96250000000000,10.01110000000000,21.85520000000000
ruffle.exe,12960,0x0000000000000000,Other,-1,0,0,96.94739190000000,0.00000000000000,37.80190000000000,0,Composed: Copy with GPU GDI,0.67810000000000,13.90590000000000,33.30970000000000,0.00000000000000,-13.71760000000000,11.14870000000000,27.59410000000000
ruffle.exe,12960,0x0000000000000000,Other,-1,0,0,96.99077690000000,0.00000000000000,43.38500000000001,0,Composed: Copy with GPU GDI,0.88570000000000,20.57750000000000,50.05660000000000,0.00000000000000,-11.76600000000000,11.77120000000000,25.04160000000000
ruffle.exe,12960,0x0000000000000000,Other,-1,0,0,97.01661880000000,0.00000000000000,25.84190000000000,0,Composed: Copy with GPU GDI,0.85290000000000,11.34020000000000,16.60460000000000,0.00000000000000,-10.21600000000000,10.23340000000000,18.88320000000000
ruffle.exe,12960,0x0000000000000000,Other,-1,0,0,97.04753239999999,0.00000000000000,30.91360000000000,0,Composed: Copy with GPU GDI,0.87160000000000,13.78480000000000,33.35820000000000,0.00000000000000,-12.35180000000000,10.51230000000000,19.80660000000000
ruffle.exe,12960,0x0000000000000000,Other,-1,0,0,97.07519980000001,0.00000000000000,27.66740000000000,0,Composed: Copy with GPU GDI,0.87160000000000,19.45700000000000,33.33960000000000,0.00000000000000,-10.09260000000000,10.07910000000000,7.43980000000000
ruffle.exe,12960,0x0000000000000000,Other,-1,0,0,97.11327740000002,0.00000000000000,38.07760000000000,0,Composed: Copy with GPU GDI,0.91990000000000,14.77180000000000,33.39240000000000,0.00000000000000,-13.99650000000000,10.77190000000000,21.52730000000000
ruffle.exe,12960,0x0000000000000000,Other,-1,0,0,97.13661870000001,0.00000000000000,23.34130000000000,0,Composed: Copy with GPU GDI,0.89540000000000,24.70570000000000,33.27520000000000,0.00000000000000,-11.49160000000000,7.13930000000000,30.80310000000000
ruffle.exe,12960,0x0000000000000000,Other,-1,0,0,97.16338960000000,0.00000000000000,26.77090000000000,0,Composed: Copy with GPU GDI,0.84260000000000,14.62610000000000,16.69130000000000,0.00000000000000,-9.94510000000000,9.97930000000000,0.00000000000000
ruffle.exe,12960,0x0000000000000000,Other,-1,0,0,97.18675980000000,0.00000000000000,23.37020000000000,0,Composed: Copy with GPU GDI,0.62640000000000,7.91410000000000,16.65820000000000,0.00000000000000,-11.63020000000000,11.61700000000000,0.00000000000000
ruffle.exe,12960,0x0000000000000000,Other,-1,0,0,97.21869560000000,0.00000000000000,31.93580000000000,0,Composed: Copy with GPU GDI,0.91420000000000,9.28290000000000,33.30460000000000,0.00000000000000,-12.85810000000000,12.85760000000000,20.96810000000000
ruffle.exe,12960,0x0000000000000000,Other,-1,0,0,97.33470430000000,0.00000000000000,116.00870000000000,0,Composed: Copy with GPU GDI,0.89930000000000,10.01420000000000,116.74000000000001,0.00000000000000,-102.13450000000000,30.23120000000000,20.93430000000000
ruffle.exe,12960,0x0000000000000000,Other,-1,0,0,97.37491550000000,0.00000000000000,40.21120000000001,0,Composed: Copy with GPU GDI,0.88970000000000,19.77630000000000,49.97330000000000,0.00000000000000,-9.98990000000000,10.07310000000000,0.00000000000000
ruffle.exe,12960,0x0000000000000000,Other,-1,0,0,97.45880690000000,0.00000000000000,83.89140000000000,0,Composed: Copy with GPU GDI,0.65610000000000,19.20380000000000,83.31890000000000,0.00000000000000,-50.23750000000000,49.84320000000000,9.02960000000000
ruffle.exe,12960,0x0000000000000000,Other,-1,0,0,97.52519169999999,0.00000000000000,66.38480000000000,0,Composed: Copy with GPU GDI,0.64470000000000,19.49400000000000,66.67500000000000,0.00000000000000,-42.51030000000000,42.37250000000000,0.00000000000000
ruffle.exe,12960,0x0000000000000000,Other,-1,0,0,97.54898710000001,0.00000000000000,23.79540000000000,0,Composed: Copy with GPU GDI,0.89840000000000,12.40730000000000,16.70870000000000,0.00000000000000,-16.90440000000000,9.86510000000000,0.00000000000000
ruffle.exe,12960,0x0000000000000000,Other,-1,0,0,97.77790150000001,0.00000000000000,228.91440000000000,0,Composed: Copy with GPU GDI,0.92540000000000,16.83170000000000,233.33880000000002,0.00000000000000,-10.76840000000000,10.72060000000000,0.00000000000000
ruffle.exe,12960,0x0000000000000000,Other,-1,0,0,97.81946580000000,0.00000000000000,41.56430000000000,0,Composed: Copy with GPU GDI,0.63460000000000,8.59750000000000,33.33010000000000,0.00000000000000,-10.48170000000000,10.46650000000000,0.00000000000000
ruffle.exe,12960,0x0000000000000000,Other,-1,0,0,97.84820970000001,0.00000000000000,28.74390000000000,0,Composed: Copy with GPU GDI,0.93620000000000,13.20590000000000,33.35230000000000,0.00000000000000,-17.31660000000000,11.58080000000000,0.00000000000000
ruffle.exe,12960,0x0000000000000000,Other,-1,0,0,97.88032260000000,0.00000000000000,32.11290000000000,0,Composed: Copy with GPU GDI,0.83850000000000,14.42010000000000,33.32710000000000,0.00000000000000,-10.85690000000000,10.84240000000000,0.00000000000000
ruffle.exe,12960,0x0000000000000000,Other,-1,0,0,97.91398459999999,0.00000000000000,33.66200000000000,0,Composed: Copy with GPU GDI,0.62830000000000,14.05610000000000,33.29800000000000,0.00000000000000,-16.53470000000000,11.15340000000000,0.00000000000000
ruffle.exe,12960,0x0000000000000000,Other,-1,0,0,97.94516659999999,0.00000000000000,31.18200000000000,0,Composed: Copy with GPU GDI,0.87760000000000,16.22890000000000,33.35480000000000,0.00000000000000,-12.26640000000000,12.42890000000000,0.00000000000000
ruffle.exe,12960,0x0000000000000000,Other,-1,0,0,97.98317900000001,0.00000000000000,38.01240000000000,0,Composed: Copy with GPU GDI,0.95900000000000,28.19510000000000,49.97860000000000,0.00000000000000,-17.09010000000000,12.78490000000000,0.00000000000000
ruffle.exe,12960,0x0000000000000000,Other,-1,0,0,98.00759150000000,0.00000000000000,24.41250000000000,0,Composed: Copy with GPU GDI,0.61570000000000,20.50270000000000,16.72010000000000,0.00000000000000,-10.19370000000000,10.10530000000000,0.00000000000000
ruffle.exe,12960,0x0000000000000000,Other,-1,0,0,98.02997850000000,0.00000000000000,22.38700000000000,0,Composed: Copy with GPU GDI,0.84970000000000,14.74960000000000,16.63390000000000,0.00000000000000,-10.67110000000000,10.78300000000000,0.00000000000000
ruffle.exe,12960,0x0000000000000000,Other,-1,0,0,98.06563150000001,0.00000000000000,35.65300000000000,0,Composed: Copy with GPU GDI,0.85270000000000,12.42780000000000,33.33120000000000,0.00000000000000,-10.63000000000000,10.77540000000000,0.00000000000000
ruffle.exe,12960,0x0000000000000000,Other,-1,0,0,98.09571510000001,0.00000000000000,30.08360000000000,0,Composed: Copy with GPU GDI,0.59740000000000,15.67120000000000,33.32700000000000,0.00000000000000,-10.60060000000000,10.62600000000000,0.00000000000000
ruffle.exe,12960,0x0000000000000000,Other,-1,0,0,98.13048789999999,0.00000000000000,34.77280000000000,0,Composed: Copy with GPU GDI,0.87450000000000,14.26930000000000,33.37090000000000,0.00000000000000,-13.44910000000000,11.03220000000000,0.00000000000000
ruffle.exe,12960,0x0000000000000000,Other,-1,0,0,98.19683800000000,0.00000000000000,66.35010000000000,0,Composed: Copy with GPU GDI,0.71950000000000,14.62170000000000,66.70250000000000,0.00000000000000,-39.97170000000000,39.90340000000000,26.81660000000000
ruffle.exe,12960,0x0000000000000000,Other,-1,0,0,98.23821110000000,0.00000000000000,41.37310000000000,0,Composed: Copy with GPU GDI,0.57560000000000,6.58050000000000,33.33190000000000,0.00000000000000,-32.61670000000000,32.12540000000000,0.00000000000000
ruffle.exe,12960,0x0000000000000000,Other,-1,0,0,98.25690690000000,0.00000000000000,18.69580000000000,0,Composed: Copy with GPU GDI,0.71800000000000,21.20570000000000,33.32100000000001,0.00000000000000,-14.71470000000000,7.31710000000000,0.00000000000000
ruffle.exe,12960,0x0000000000000000,Other,-1,0,0,98.28286760000000,0.00000000000000,25.96070000000000,0,Composed: Copy with GPU GDI,0.84900000000000,11.89330000000000,16.64830000000000,0.00000000000000,-11.17150000000000,11.21930000000000,0.00000000000000
ruffle.exe,12960,0x0000000000000000,Other,-1,0,0,98.30865150000001,0.00000000000000,25.78390000000000,0,Composed: Copy with GPU GDI,0.87590000000000,19.46770000000000,33.35830000000000,0.00000000000000,-14.56570000000000,11.83050000000000,0.00000000000000
ruffle.exe,12960,0x0000000000000000,Other,-1,0,0,98.33419719999999,0.00000000000000,25.54570000000000,0,Composed: Copy with GPU GDI,0.85110000000000,10.60270000000000,16.68070000000000,0.00000000000000,-11.12140000000000,11.11430000000000,0.00000000000000
ruffle.exe,12960,0x0000000000000000,Other,-1,0,0,98.34763040000000,0.00000000000000,13.43320000000000,0,Composed: Copy with GPU GDI,0.89320000000000,13.81380000000000,16.64430000000000,0.00000000000000,-12.58210000000000,6.40670000000000,0.00000000000000
ruffle.exe,12960,0x0000000000000000,Other,-1,0,0,98.37443360000000,0.00000000000000,26.80320000000000,0,Composed: Copy with GPU GDI,4.44700000000000,20.37980000000000,33.36920000000000,0.00000000000000,-12.78090000000000,17.00400000000000,0.00000000000000
ruffle.exe,12960,0x0000000000000000,Other,-1,0,0,98.38289920000000,0.00000000000000,8.46560000000000,0,Composed: Copy with GPU GDI,3.31150000000000,28.56930000000000,16.65510000000000,0.00000000000000,-4.01860000000000,6.08340000000000,0.00000000000000
ruffle.exe,12960,0x0000000000000000,Other,-1,0,0,98.39990740000000,0.00000000000000,17.00820000000000,0,Composed: Copy with GPU GDI,0.86110000000000,28.20150000000000,16.64040000000000,0.00000000000000,-12.63750000000000,2.25600000000000,0.00000000000000
ruffle.exe,12960,0x0000000000000000,Other,-1,0,0,98.43391590000000,0.00000000000000,34.00850000000001,0,Composed: Copy with GPU GDI,0.60500000000000,10.92140000000000,16.72840000000000,0.00000000000000,-12.58000000000000,12.56240000000000,0.00000000000000
ruffle.exe,12960,0x0000000000000000,Other,-1,0,0,98.45206670000000,0.00000000000000,18.15080000000000,0,Composed: Copy with GPU GDI,0.80540000000000,9.35480000000000,16.58420000000000,0.00000000000000,-11.18470000000000,11.21490000000000,0.00000000000000
ruffle.exe,12960,0x0000000000000000,Other,-1,0,0,98.48112910000000,0.00000000000000,29.06240000000000,0,Composed: Copy with GPU GDI,0.88610000000000,13.68210000000000,33.38970000000000,0.00000000000000,-15.71210000000000,11.63870000000000,0.00000000000000
ruffle.exe,12960,0x0000000000000000,Other,-1,0,0,98.51479840000000,0.00000000000000,33.66930000000000,0,Composed: Copy with GPU GDI,0.84050000000000,13.34380000000000,33.33100000000000,0.00000000000000,-11.02380000000000,11.12560000000000,0.00000000000000
ruffle.exe,12960,0x0000000000000000,Other,-1,0,0,98.54435970000000,0.00000000000000,29.56130000000000,0,Composed: Copy with GPU GDI,0.84940000000000,17.06380000000000,33.28130000000000,0.00000000000000,-15.52370000000000,11.70350000000000,0.00000000000000
ruffle.exe,12960,0x0000000000000000,Other,-1,0,0,98.79481600000001,0.00000000000000,250.45630000000000,0,Composed: Copy with GPU GDI,0.85130000000000,16.65250000000000,250.04500000000002,0.00000000000000,-12.93820000000000,12.95920000000000,23.00250000000000
ruffle.exe,12960,0x0000000000000000,Other,-1,0,0,98.84467130000000,0.00000000000000,49.85530000000000,0,Composed: Copy with GPU GDI,0.87580000000000,16.80420000000000,50.00700000000001,0.00000000000000,-17.42110000000000,13.40990000000000,34.84620000000000
ruffle.exe,12960,0x0000000000000000,Other,-1,0,0,98.88460240000001,0.00000000000000,39.93110000000000,0,Composed: Copy with GPU GDI,0.92060000000000,10.21840000000000,33.34530000000000,0.00000000000000,-12.23300000000000,12.22520000000000,26.79690000000000
ruffle.exe,12960,0x0000000000000000,Other,-1,0,0,98.92240670000001,0.00000000000000,37.80430000000000,0,Composed: Copy with GPU GDI,0.84610000000000,22.38870000000000,49.97460000000000,0.00000000000000,-17.21240000000000,11.89740000000000,30.61130000000000
ruffle.exe,12960,0x0000000000000000,Other,-1,0,0,98.96657760000001,0.00000000000000,44.17090000000000,0,Composed: Copy with GPU GDI,0.69220000000000,11.58250000000000,33.36470000000000,0.00000000000000,-12.61400000000000,12.63750000000000,52.72920000000001
ruffle.exe,12960,0x0000000000000000,Other,-1,0,0,98.99482760000001,0.00000000000000,28.25000000000000,0,Composed: Copy with GPU GDI,0.87770000000000,16.64560000000000,33.31310000000000,0.00000000000000,-12.96400000000000,12.95870000000000,0.00000000000000
ruffle.exe,12960,0x0000000000000000,Other,-1,0,0,99.02957610000001,0.00000000000000,34.74850000000000,0,Composed: Copy with GPU GDI,0.62170000000000,15.21910000000000,33.32200000000000,0.00000000000000,-15.14480000000000,11.62340000000000,25.74890000000000
ruffle.exe,12960,0x0000000000000000,Other,-1,0,0,99.05979700000000,0.00000000000000,30.22090000000000,0,Composed: Copy with GPU GDI,0.93040000000000,18.36330000000000,33.36510000000000,0.00000000000000,-11.44460000000000,11.44670000000000,31.92780000000000
ruffle.exe,12960,0x0000000000000000,Other,-1,0,0,99.07625460000000,0.00000000000000,16.45760000000000,0,Composed: Copy with GPU GDI,0.88040000000000,18.57630000000000,16.67060000000000,0.00000000000000,-15.52720000000000,6.71290000000000,0.00000000000000
ruffle.exe,12960,0x0000000000000000,Other,-1,0,0,99.11349300000001,0.00000000000000,37.23840000000000,0,Composed: Copy with GPU GDI,0.87030000000000,14.65930000000000,33.32140000000000,0.00000000000000,-11.77370000000000,11.86560000000000,19.70220000000000
ruffle.exe,12960,0x0000000000000000,Other,-1,0,0,99.14027600000000,0.00000000000000,26.78300000000000,0,Composed: Copy with GPU GDI,0.65040000000000,4.51210000000000,16.63580000000000,0.00000000000000,-10.94890000000000,10.95350000000000,24.44190000000000
ruffle.exe,12960,0x0000000000000000,Other,-1,0,0,99.16652010000000,0.00000000000000,26.24410000000000,0,Composed: Copy with GPU GDI,0.93280000000000,28.38070000000000,50.11270000000000,0.00000000000000,-11.57050000000000,11.37860000000000,34.59810000000000
ruffle.exe,12960,0x0000000000000000,Other,-1,0,0,99.20106969999999,0.00000000000000,34.54960000000001,0,Composed: Copy with GPU GDI,0.87110000000000,10.44410000000000,16.61300000000000,0.00000000000000,-13.19940000000000,13.13400000000000,0.00000000000000
ruffle.exe,12960,0x0000000000000000,Other,-1,0,0,99.32425350000001,0.00000000000000,123.18380000000001,0,Composed: Copy with GPU GDI,0.92780000000000,20.59000000000000,133.32970000000000,0.00000000000000,-114.20590000000000,23.63360000000000,36.43760000000000
ruffle.exe,12960,0x0000000000000000,Other,-1,0,0,99.39879400000000,0.00000000000000,74.54050000000001,0,Composed: Copy with GPU GDI,0.88080000000000,12.77100000000000,66.72150000000001,0.00000000000000,-47.46190000000000,15.04570000000000,36.95380000000000
ruffle.exe,12960,0x0000000000000000,Other,-1,0,0,99.46821700000001,0.00000000000000,69.42300000000000,0,Composed: Copy with GPU GDI,0.92390000000000,10.01950000000000,66.67150000000001,0.00000000000000,-53.19120000000000,17.12930000000000,34.39610000000000
ruffle.exe,12960,0x0000000000000000,Other,-1,0,0,99.57346190000000,0.00000000000000,105.24490000000000,0,Composed: Copy with GPU GDI,0.89460000000000,21.41230000000000,116.63770000000001,0.00000000000000,-57.85940000000000,16.64420000000000,31.63720000000000
ruffle.exe,12960,0x0000000000000000,Other,-1,0,0,99.88996210000001,0.00000000000000,316.50020000000001,0,Composed: Copy with GPU GDI,0.93950000000000,21.62210000000000,316.71000000000004,0.00000000000000,-18.27170000000000,13.92540000000000,32.08690000000000
ruffle.exe,12960,0x0000000000000000,Other,-1,0,0,99.93844130000001,0.00000000000000,48.47920000000001,0,Composed: Copy with GPU GDI,0.89150000000000,6.50580000000000,33.36290000000000,0.00000000000000,-13.20130000000000,13.05650000000000,38.59460000000000
ruffle.exe,12960,0x0000000000000000,Other,-1,0,0,100.03180430000000,0.00000000000000,93.36300000000000,0,Composed: Copy with GPU GDI,0.88480000000000,13.10670000000000,99.96390000000001,0.00000000000000,-63.04550000000000,19.96760000000000,41.96690000000000
ruffle.exe,12960,0x0000000000000000,Other,-1,0,0,100.08364470000001,0.00000000000000,51.84040000000000,0,Composed: Copy with GPU GDI,0.92090000000000,11.30850000000000,50.04220000000000,0.00000000000000,-17.24940000000000,13.44100000000000,31.81950000000000
ruffle.exe,12960,0x0000000000000000,Other,-1,0,0,100.12956720000001,0.00000000000000,45.92250000000000,0,Composed: Copy with GPU GDI,0.89260000000000,15.34430000000000,49.95830000000000,0.00000000000000,-11.44330000000000,11.38970000000000,23.69130000000000
ruffle.exe,12960,0x0000000000000000,Other,-1,0,0,100.18174020000001,0.00000000000000,52.17300000000000,0,Composed: Copy with GPU GDI,0.93380000000000,13.17350000000000,50.00220000000000,0.00000000000000,-16.95520000000000,13.47010000000000,45.82270000000000
ruffle.exe,12960,0x0000000000000000,Other,-1,0,0,100.21563300000000,0.00000000000000,33.89280000000000,0,Composed: Copy with GPU GDI,0.92650000000000,12.64810000000000,33.36740000000000,0.00000000000000,-11.70220000000000,11.51790000000000,0.00000000000000
ruffle.exe,12960,0x0000000000000000,Other,-1,0,0,100.26045130000000,0.00000000000000,44.81830000000000,0,Composed: Copy with GPU GDI,0.95710000000000,17.81710000000000,49.98730000000000,0.00000000000000,-17.50540000000000,12.60010000000000,28.59640000000000
ruffle.exe,12960,0x0000000000000000,Other,-1,0,0,100.43958680000000,0.00000000000000,179.13550000000001,0,Composed: Copy with GPU GDI,0.87330000000000,5.31800000000000,166.63640000000001,0.00000000000000,-150.38600000000000,28.31170000000000,25.73670000000000
ruffle.exe,12960,0x0000000000000000,Other,-1,0,0,100.49357990000000,0.00000000000000,53.99310000000001,0,Composed: Copy with GPU GDI,0.82920000000000,18.05460000000000,66.72970000000001,0.00000000000000,-16.33050000000000,16.38850000000000,33.72450000000000
ruffle.exe,12960,0x0000000000000000,Other,-1,0,0,100.52058250000000,0.00000000000000,27.00260000000000,0,Composed: Copy with GPU GDI,0.90570000000000,7.71460000000000,16.66260000000000,0.00000000000000,-13.18290000000000,13.03450000000000,28.66860000000000
ruffle.exe,12960,0x0000000000000000,Other,-1,0,0,100.56381560000000,0.00000000000000,43.23310000000000,0,Composed: Copy with GPU GDI,0.94280000000000,14.44920000000000,49.96770000000000,0.00000000000000,-17.08550000000000,11.97030000000000,31.95540000000000
ruffle.exe,12960,0x0000000000000000,Other,-1,0,0,100.59815940000000,0.00000000000000,34.34380000000000,0,Composed: Copy with GPU GDI,0.86540000000000,13.44980000000000,33.34440000000000,0.00000000000000,-11.05240000000000,11.08320000000000,20.31130000000000
ruffle.exe,12960,0x0000000000000000,Other,-1,0,0,100.63055840000000,0.00000000000000,32.39900000000000,0,Composed: Copy with GPU GDI,0.91830000000000,14.43030000000000,33.37950000000000,0.00000000000000,-16.91130000000000,11.99290000000000,44.68950000000000
ruffle.exe,12960,0x0000000000000000,Other,-1,0,0,100.66640489999999,0.00000000000000,35.84650000000000,0,Composed: Copy with GPU GDI,0.88360000000000,11.93070000000000,33.34690000000001,0.00000000000000,-11.25240000000000,11.21430000000000,0.00000000000000
ruffle.exe,12960,0x0000000000000000,Other,-1,0,0,100.70407960000000,0.00000000000000,37.67470000000000,0,Composed: Copy with GPU GDI,0.87510000000000,7.56220000000000,33.30620000000000,0.00000000000000,-13.04990000000000,13.00640000000000,48.12160000000000
ruffle.exe,12960,0x0000000000000000,Other,-1,0,0,100.75773750000000,0.00000000000000,53.65790000000001,0,Composed: Copy with GPU GDI,0.87400000000000,20.62550000000000,66.72120000000001,0.00000000000000,-17.47530000000000,12.62540000000000,29.80580000000000
ruffle.exe,12960,0x0000000000000000,Other,-1,0,0,101.12787750000001,0.00000000000000,370.14000000000004,0,Composed: Copy with GPU GDI,0.90480000000000,17.12480000000000,366.63929999999999,0.00000000000000,-13.59940000000000,13.54350000000000,26.01730000000000
ruffle.exe,12960,0x0000000000000000,Other,-1,0,0,101.16989660000000,0.00000000000000,42.01910000000000,0,Composed: Copy with GPU GDI,0.89570000000000,8.45690000000000,33.35120000000000,0.00000000000000,-16.24120000000000,11.86770000000000,30.02420000000000
ruffle.exe,12960,0x0000000000000000,Other,-1,0,0,101.23524870000000,0.00000000000000,65.35210000000001,0,Composed: Copy with GPU GDI,0.92090000000000,9.78640000000000,66.68160000000000,0.00000000000000,-41.91300000000000,15.29510000000000,63.38120000000000
ruffle.exe,12960,0x0000000000000000,Other,-1,0,0,101.28197400000001,0.00000000000000,46.72530000000000,0,Composed: Copy with GPU GDI,0.82990000000000,13.02890000000000,49.96780000000000,0.00000000000000,-14.19510000000000,14.19900000000000,30.08110000000000
ruffle.exe,12960,0x0000000000000000,Other,-1,0,0,101.32995300000000,0.00000000000000,47.97900000000000,0,Composed: Copy with GPU GDI,0.92920000000000,15.13050000000000,50.08060000000000,0.00000000000000,-37.17460000000001,13.29400000000000,46.06650000000000
ruffle.exe,12960,0x0000000000000000,Other,-1,0,0,101.34921400000000,0.00000000000000,19.26100000000000,0,Composed: Copy with GPU GDI,0.91620000000000,12.50430000000000,16.63480000000000,0.00000000000000,-11.51990000000000,11.45260000000000,0.00000000000000
ruffle.exe,12960,0x0000000000000000,Other,-1,0,0,101.37779070000001,0.00000000000000,28.57670000000000,0,Composed: Copy with GPU GDI,0.94610000000000,17.32230000000000,33.39470000000000,0.00000000000000,-11.65880000000000,11.50090000000000,0.00000000000000
ruffle.exe,12960,0x0000000000000000,Other,-1,0,0,101.41513090000001,0.00000000000000,37.34020000000000,0,Composed: Copy with GPU GDI,0.88000000000000,13.24850000000000,33.26640000000000,0.00000000000000,-18.28900000000000,11.94870000000000,0.00000000000000
ruffle.exe,12960,0x0000000000000000,Other,-1,0,0,101.45074350000000,0.00000000000000,35.61260000000000,0,Composed: Copy with GPU GDI,0.88940000000000,10.95880000000000,33.32290000000000,0.00000000000000,-13.37980000000000,13.50950000000000,0.00000000000000
ruffle.exe,12960,0x0000000000000000,Other,-1,0,0,101.47760390000001,0.00000000000000,26.86040000000000,0,Composed: Copy with GPU GDI,0.83910000000000,17.44070000000000,33.34230000000000,0.00000000000000,-13.12340000000000,13.08270000000000,0.00000000000000
ruffle.exe,12960,0x0000000000000000,Other,-1,0,0,101.51631780000001,0.00000000000000,38.71390000000000,0,Composed: Copy with GPU GDI,0.94590000000000,12.06530000000000,33.33850000000000,0.00000000000000,-17.09110000000000,12.29270000000000,0.00000000000000
ruffle.exe,12960,0x0000000000000000,Other,-1,0,0,101.54818620000000,0.00000000000000,31.86840000000000,0,Composed: Copy with GPU GDI,0.91360000000000,13.54230000000000,33.34540000000001,0.00000000000000,-11.26330000000000,11.29260000000000,0.00000000000000
ruffle.exe,12960,0x0000000000000000,Other,-1,0,0,101.57350670000000,0.00000000000000,25.32050000000000,0,Composed: Copy with GPU GDI,0.85720000000000,4.82150000000000,16.59970000000000,0.00000000000000,-11.18900000000000,11.20440000000000,23.60230000000000
ruffle.exe,12960,0x0000000000000000,Other,-1,0,0,101.61087820000000,0.00000000000000,37.37150000000000,0,Composed: Copy with GPU GDI,0.95420000000000,17.51870000000000,50.06870000000000,0.00000000000000,-17.59520000000000,12.28530000000000,28.99460000000000
ruffle.exe,12960,0x0000000000000000,Other,-1,0,0,101.65508580000001,0.00000000000000,44.20760000000000,0,Composed: Copy with GPU GDI,0.92290000000000,6.65950000000000,33.34840000000001,0.00000000000000,-11.60450000000000,11.65800000000000,27.19090000000000
ruffle.exe,12960,0x0000000000000000,Other,-1,0,0,101.72428180000000,0.00000000000000,69.19600000000000,0,Composed: Copy with GPU GDI,0.95030000000000,20.79010000000000,83.32660000000000,0.00000000000000,-15.50830000000000,14.95340000000000,34.38010000000000
ruffle.exe,12960,0x0000000000000000,Other,-1,0,0,101.79182320000000,0.00000000000000,67.54140000000001,0,Composed: Copy with GPU GDI,0.92340000000000,19.89920000000000,66.65050000000001,0.00000000000000,-19.17420000000000,12.10170000000000,31.94400000000000
ruffle.exe,12960,0x0000000000000000,Other,-1,0,0,101.84144510000000,0.00000000000000,49.62190000000000,0,Composed: Copy with GPU GDI,0.85420000000000,20.26930000000000,49.99200000000000,0.00000000000000,-11.84340000000000,11.95220000000000,25.54840000000000
ruffle.exe,12960,0x0000000000000000,Other,-1,0,0,101.88116350000000,0.00000000000000,39.71840000000000,0,Composed: Copy with GPU GDI,0.63500000000000,13.90050000000000,33.34960000000000,0.00000000000000,-15.92770000000000,15.86930000000000,27.28200000000000
ruffle.exe,12960,0x0000000000000000,Other,-1,0,0,101.91709160000001,0.00000000000000,35.92810000000000,0,Composed: Copy with GPU GDI,0.84600000000000,11.30570000000000,33.33330000000000,0.00000000000000,-12.95630000000000,13.03240000000000,23.20280000000000
ruffle.exe,12960,0x0000000000000000,Other,-1,0,0,101.95863550000000,0.00000000000000,41.54390000000000,0,Composed: Copy with GPU GDI,0.92050000000000,19.78010000000000,50.01830000000000,0.00000000000000,-20.17010000000000,13.89090000000000,34.75620000000000
ruffle.exe,12960,0x0000000000000000,Other,-1,0,0,102.03345750000001,0.00000000000000,74.82200000000000,0,Composed: Copy with GPU GDI,0.90410000000000,11.62100000000000,66.66290000000001,0.00000000000000,-47.63930000000001,15.96040000000000,23.56440000000000
ruffle.exe,12960,0x0000000000000000,Other,-1,0,0,102.29364620000001,0.00000000000000,260.18870000000004,0,Composed: Copy with GPU GDI,0.87240000000000,18.11830000000000,266.68600000000004,0.00000000000000,-16.13300000000000,12.13590000000000,25.73350000000000
ruffle.exe,12960,0x0000000000000000,Other,-1,0,0,102.36619940000000,0.00000000000000,72.55320000000000,0,Composed: Copy with GPU GDI,0.84650000000000,12.24960000000000,66.68450000000000,0.00000000000000,-48.99800000000000,17.36250000000000,28.25710000000000
ruffle.exe,12960,0x0000000000000000,Other,-1,0,0,102.39929700000000,0.00000000000000,33.09760000000000,0,Composed: Copy with GPU GDI,0.82210000000000,12.48240000000000,33.33040000000000,0.00000000000000,-13.07040000000000,13.13160000000000,29.39410000000000
ruffle.exe,12960,0x0000000000000000,Other,-1,0,0,102.46087260000000,0.00000000000000,61.57560000000000,0,Composed: Copy with GPU GDI,0.88720000000000,17.57550000000000,66.66870000000000,0.00000000000000,-37.10090000000000,14.96940000000000,20.94780000000000
ruffle.exe,12960,0x0000000000000000,Other,-1,0,0,102.49413780000000,0.00000000000000,33.26520000000000,0,Composed: Copy with GPU GDI,0.90800000000000,17.64860000000000,33.33830000000000,0.00000000000000,-12.29940000000000,12.27830000000000,22.21280000000000
ruffle.exe,12960,0x0000000000000000,Other,-1,0,0,102.53050950000001,0.00000000000000,36.37170000000000,0,Composed: Copy with GPU GDI,0.91460000000000,14.61460000000000,33.33770000000000,0.00000000000000,-17.99470000000000,12.27530000000000,28.57870000000000
ruffle.exe,12960,0x0000000000000000,Other,-1,0,0,102.57339590000001,0.00000000000000,42.88640000000000,0,Composed: Copy with GPU GDI,0.89790000000000,5.04710000000000,33.31890000000000,0.00000000000000,-12.99560000000000,12.92420000000000,23.47880000000000
ruffle.exe,12960,0x0000000000000000,Other,-1,0,0,102.66425640000000,0.00000000000000,90.86050000000000,0,Composed: Copy with GPU GDI,0.89570000000000,14.24840000000000,100.06180000000001,0.00000000000000,-72.58380000000000,18.51760000000000,20.28590000000000
ruffle.exe,12960,0x0000000000000000,Other,-1,0,0,102.71399980000001,0.00000000000000,49.74340000000000,0,Composed: Copy with GPU GDI,0.94700000000000,14.49930000000000,49.99430000000000,0.00000000000000,-18.41310000000000,13.43090000000000,32.06340000000000
ruffle.exe,12960,0x0000000000000000,Other,-1,0,0,102.75870450000001,0.00000000000000,44.70470000000000,0,Composed: Copy with GPU GDI,0.94790000000000,19.78040000000000,49.98580000000000,0.00000000000000,-11.58000000000000,11.42380000000000,28.76410000000000
ruffle.exe,12960,0x0000000000000000,Other,-1,0,0,102.79754040000000,0.00000000000000,38.83590000000000,0,Composed: Copy with GPU GDI,0.98550000000000,14.27310000000000,33.32860000000000,0.00000000000000,-17.92530000000000,13.86360000000000,29.60190000000000
ruffle.exe,12960,0x0000000000000000,Other,-1,0,0,102.84306789999999,0.00000000000000,45.52750000000000,0,Composed: Copy with GPU GDI,0.85880000000000,18.81520000000000,50.06960000000000,0.00000000000000,-11.39430000000000,11.39950000000000,27.14410000000000
ruffle.exe,12960,0x0000000000000000,Other,-1,0,0,102.87548420000000,0.00000000000000,32.41630000000000,0,Composed: Copy with GPU GDI,0.91750000000000,19.68090000000000,33.28200000000000,0.00000000000000,-16.93650000000000,11.87000000000000,45.56740000000000
ruffle.exe,12960,0x0000000000000000,Other,-1,0,0,102.91013870000000,0.00000000000000,34.65450000000000,0,Composed: Copy with GPU GDI,1.10990000000000,18.43440000000000,33.40800000000000,0.00000000000000,-11.31920000000000,11.75650000000000,0.00000000000000
ruffle.exe,12960,0x0000000000000000,Other,-1,0,0,102.93897939999999,0.00000000000000,28.84070000000000,0,Composed: Copy with GPU GDI,0.87230000000000,6.19120000000000,16.59750000000000,0.00000000000000,-16.46880000000000,12.22910000000000,27.07850000000000
ruffle.exe,12960,0x0000000000000000,Other,-1,0,0,102.97629380000001,0.00000000000000,37.31440000000000,0,Composed: Copy with GPU GDI,0.91960000000000,18.86690000000000,49.99010000000001,0.00000000000000,-12.95170000000000,12.93000000000000,24.34110000000000
ruffle.exe,12960,0x0000000000000000,Other,-1,0,0,103.22199850000000,0.00000000000000,245.70470000000000,0,Composed: Copy with GPU GDI,0.89770000000000,6.53380000000000,233.37160000000000,0.00000000000000,-15.72160000000000,15.79490000000000,34.04910000000000
ruffle.exe,12960,0x0000000000000000,Other,-1,0,0,103.26527170000000,0.00000000000000,43.27320000000000,0,Composed: Copy with GPU GDI,0.93740000000000,13.26290000000000,50.00230000000001,0.00000000000000,-17.47310000000000,11.84840000000000,31.34200000000000
ruffle.exe,12960,0x0000000000000000,Other,-1,0,0,103.30340080000001,0.00000000000000,38.12910000000000,0,Composed: Copy with GPU GDI,0.89050000000000,8.44630000000000,33.31250000000000,0.00000000000000,-12.24980000000000,11.90040000000000,29.46160000000000
ruffle.exe,12960,0x0000000000000000,Other,-1,0,0,103.33304489999999,0.00000000000000,29.64410000000000,0,Composed: Copy with GPU GDI,0.90540000000000,12.17730000000000,33.37510000000000,0.00000000000000,-16.21940000000000,11.88190000000000,0.00000000000000
ruffle.exe,12960,0x0000000000000000,Other,-1,0,0,103.36904570000000,0.00000000000000,36.00080000000001,0,Composed: Copy with GPU GDI,0.93980000000000,9.49560000000000,33.31910000000000,0.00000000000000,-12.59390000000000,12.45450000000000,0.00000000000000
ruffle.exe,12960,0x0000000000000000,Other,-1,0,0,103.39889430000001,0.00000000000000,29.84860000000000,0,Composed: Copy with GPU GDI,0.85600000000000,12.97920000000000,33.33220000000000,0.00000000000000,-12.76340000000000,12.84840000000000,0.00000000000000
ruffle.exe,12960,0x0000000000000000,Other,-1,0,0,103.44608550000001,0.00000000000000,47.19120000000000,0,Composed: Copy with GPU GDI,0.93390000000000,15.81140000000000,50.02340000000000,0.00000000000000,-18.34210000000000,13.87590000000000,0.00000000000000
ruffle.exe,12960,0x0000000000000000,Other,-1,0,0,103.48114830000000,0.00000000000000,35.06280000000000,0,Composed: Copy with GPU GDI,0.93330000000000,14.05900000000000,33.31040000000000,0.00000000000000,-11.86340000000000,11.70350000000000,0.00000000000000
ruffle.exe,12960,0x0000000000000000,Other,-1,0,0,103.52191590000001,0.00000000000000,40.76760000000000,0,Composed: Copy with GPU GDI,0.94150000000000,6.70240000000000,33.41100000000000,0.00000000000000,-17.41960000000000,11.91260000000000,31.95560000000000
ruffle.exe,12960,0x0000000000000000,Other,-1,0,0,103.57070519999999,0.00000000000000,48.78930000000000,0,Composed: Copy with GPU GDI,0.93050000000000,7.87530000000000,49.96220000000000,0.00000000000000,-11.67700000000000,11.61370000000000,72.75330000000001
ruffle.exe,12960,0x0000000000000000,Other,-1,0,0,103.60274640000000,0.00000000000000,32.04120000000000,0,Composed: Copy with GPU GDI,0.90350000000000,9.16320000000000,33.32910000000000,0.00000000000000,-13.27030000000000,13.09840000000000,22.74930000000000
ruffle.exe,12960,0x0000000000000000,Other,-1,0,0,103.64103980000000,0.00000000000000,38.29340000000000,0,Composed: Copy with GPU GDI,0.92140000000000,20.86100000000000,49.99120000000000,0.00000000000000,-13.57490000000000,13.51600000000000,28.99450000000000
ruffle.exe,12960,0x0000000000000000,Other,-1,0,0,103.67771710000000,0.00000000000000,36.67730000000000,0,Composed: Copy with GPU GDI,0.88400000000000,17.51080000000000,33.32710000000000,0.00000000000000,-12.96360000000000,12.88060000000000,35.76540000000000
ruffle.exe,12960,0x0000000000000000,Other,-1,0,0,103.72225190000000,0.00000000000000,44.53480000000000,0,Composed: Copy with GPU GDI,0.90160000000000,6.36600000000000,33.39000000000000,0.00000000000000,-18.26340000000000,12.19020000000000,64.31460000000000
ruffle.exe,12960,0x0000000000000000,Other,-1,0,0,103.77148530000001,0.00000000000000,49.23340000000000,0,Composed: Copy with GPU GDI,0.92410000000000,7.18770000000000,50.05510000000000,0.00000000000000,-11.88270000000000,11.74930000000000,0.00000000000000
ruffle.exe,12960,0x0000000000000000,Other,-1,0,0,103.81176380000001,0.00000000000000,40.27850000000000,0,Composed: Copy with GPU GDI,0.93660000000000,16.79630000000000,49.88710000000000,0.00000000000000,-18.68030000000000,12.28450000000000,53.82350000000000
ruffle.exe,12960,0x0000000000000000,Other,-1,0,0,103.85303850000000,0.00000000000000,41.27470000000000,0,Composed: Copy with GPU GDI,0.90060000000000,8.86870000000000,33.34710000000000,0.00000000000000,-13.22590000000000,13.17370000000000,61.07220000000000
ruffle.exe,12960,0x0000000000000000,Other,-1,0,0,103.88930700000000,0.00000000000000,36.26850000000000,0,Composed: Copy with GPU GDI,0.94590000000000,5.95190000000000,33.35170000000000,0.00000000000000,-19.00120000000000,14.08510000000000,0.00000000000000
ruffle.exe,12960,0x0000000000000000,Other,-1,0,0,103.93286139999999,0.00000000000000,43.55440000000000,0,Composed: Copy with GPU GDI,0.98020000000000,29.06560000000000,66.66810000000001,0.00000000000000,-11.66360000000000,11.42140000000000,0.00000000000000
ruffle.exe,12960,0x0000000000000000,Other,-1,0,0,103.98359340000000,0.00000000000000,50.73200000000000,0,Composed: Copy with GPU GDI,0.89030000000000,11.69380000000000,33.36020000000000,0.00000000000000,-18.69780000000000,12.31310000000000,0.00000000000000
ruffle.exe,12960,0x0000000000000000,Other,-1,0,0,104.36017340000001,0.00000000000000,376.58000000000004,0,Composed: Copy with GPU GDI,0.99690000000000,18.43320000000000,383.31940000000003,0.00000000000000,-15.15430000000000,15.01230000000000,136.21570000000000
ruffle.exe,12960,0x0000000000000000,Other,-1,0,0,104.40843959999999,0.00000000000000,48.26620000000000,0,Composed: Copy with GPU GDI,0.88830000000000,20.20970000000000,50.04270000000000,0.00000000000000,-14.75780000000000,10.96140000000000,0.00000000000000
ruffle.exe,12960,0x0000000000000000,Other,-1,0,0,104.43564890000000,0.00000000000000,27.20930000000000,0,Composed: Copy with GPU GDI,0.91600000000000,9.63370000000000,16.63330000000000,0.00000000000000,-10.65860000000000,10.62550000000000,0.00000000000000
ruffle.exe,12960,0x0000000000000000,Other,-1,0,0,104.46430660000000,0.00000000000000,28.65770000000000,0,Composed: Copy with GPU GDI,0.87500000000000,14.36120000000000,33.38520000000000,0.00000000000000,-16.66860000000000,10.70920000000000,0.00000000000000
ruffle.exe,12960,0x0000000000000000,Other,-1,0,0,104.49277080000000,0.00000000000000,28.46420000000000,0,Composed: Copy with GPU GDI,0.85060000000000,19.25830000000000,33.36130000000000,0.00000000000000,-10.47270000000000,10.53270000000000,0.00000000000000
ruffle.exe,12960,0x0000000000000000,Other,-1,0,0,104.52699920000001,0.00000000000000,34.22840000000000,0,Composed: Copy with GPU GDI,0.90810000000000,18.31880000000000,33.28890000000000,0.00000000000000,-17.23490000000000,10.85340000000000,0.00000000000000
ruffle.exe,12960,0x0000000000000000,Other,-1,0,0,104.56110760000000,0.00000000000000,34.10840000000000,0,Composed: Copy with GPU GDI,0.83830000000000,17.57400000000000,33.36360000000000,0.00000000000000,-11.79770000000000,11.87610000000000,0.00000000000000
ruffle.exe,12960,0x0000000000000000,Other,-1,0,0,104.58479950000000,0.00000000000000,23.69190000000000,0,Composed: Copy with GPU GDI,0.80060000000000,10.53490000000000,16.65280000000000,0.00000000000000,-12.12040000000000,12.18410000000000,0.00000000000000
ruffle.exe,12960,0x0000000000000000,Other,-1,0,0,104.61938390000000,0.00000000000000,34.58440000000000,0,Composed: Copy with GPU GDI,0.89490000000000,9.28540000000000,33.33490000000000,0.00000000000000,-14.86780000000000,10.96010000000000,0.00000000000000
ruffle.exe,12960,0x0000000000000000,Other,-1,0,0,104.65746770000000,0.00000000000000,38.08380000000000,0,Composed: Copy with GPU GDI,0.90900000000000,21.23370000000000,50.03210000000000,0.00000000000000,-11.12410000000000,11.05000000000000,0.00000000000000
ruffle.exe,12960,0x0000000000000000,Other,-1,0,0,104.69046660000001,0.00000000000000,32.99890000000000,0,Composed: Copy with GPU GDI,0.90680000000000,21.50840000000000,33.27360000000000,0.00000000000000,-16.76340000000000,10.78870000000000,0.00000000000000
ruffle.exe,12960,0x0000000000000000,Other,-1,0,0,104.72182480000001,0.00000000000000,31.35820000000000,0,Composed: Copy with GPU GDI,0.87940000000000,6.86370000000000,16.71350000000000,0.00000000000000,-10.22960000000000,10.25110000000000,3.77220000000000
ruffle.exe,12960,0x0000000000000000,Other,-1,0,0,104.74603599999999,0.00000000000000,24.21120000000000,0,Composed: Copy with GPU GDI,0.95620000000000,15.95960000000000,33.30710000000000,0.00000000000000,-17.72970000000000,6.47830000000000,0.00000000000000
ruffle.exe,12960,0x0000000000000000,Other,-1,0,0,104.81850700000000,0.00000000000000,72.47100000000000,0,Composed: Copy with GPU GDI,0.83180000000000,10.14060000000000,66.65200000000000,0.00000000000000,-55.70360000000000,20.49310000000000,46.53210000000000
ruffle.exe,12960,0x0000000000000000,Other,-1,0,0,104.84944060000001,0.00000000000000,30.93360000000000,0,Composed: Copy with GPU GDI,0.60560000000000,12.57800000000000,33.37100000000000,0.00000000000000,-12.36710000000000,12.34200000000000,0.00000000000000
ruffle.exe,12960,0x0000000000000000,Other,-1,0,0,105.17346160000000,0.00000000000000,324.02100000000002,0,Composed: Copy with GPU GDI,0.86370000000000,5.19810000000000,316.64109999999999,0.00000000000000,-314.02640000000002,74.96970000000000,47.41800000000000
ruffle.exe,12960,0x0000000000000000,Other,-1,0,0,105.42318390000001,0.00000000000000,249.72230000000002,0,Composed: Copy with GPU GDI,0.82400000000000,5.56280000000000,250.08700000000002,0.00000000000000,-12.10470000000000,12.12810000000000,23.20230000000000
ruffle.exe,12960,0x0000000000000000,Other,-1,0,0,105.47240050000001,0.00000000000000,49.21660000000000,0,Composed: Copy with GPU GDI,0.63980000000000,6.29240000000000,49.94620000000000,0.00000000000000,-10.18900000000000,10.28430000000000,18.39210000000000
ruffle.exe,12960,0x0000000000000000,Other,-1,0,0,105.49573070000000,0.00000000000000,23.33020000000000,0,Composed: Copy with GPU GDI,0.62870000000000,16.35400000000000,33.39180000000000,0.00000000000000,-10.21290000000000,10.24200000000000,17.68880000000000
ruffle.exe,12960,0x0000000000000000,Other,-1,0,0,105.52353239999999,0.00000000000000,27.80170000000000,0,Composed: Copy with GPU GDI,0.84710000000000,5.22870000000000,16.67640000000000,0.00000000000000,-13.93040000000000,10.79020000000000,23.51970000000000
ruffle.exe,12960,0x0000000000000000,Other,-1,0,0,105.55375239999999,0.00000000000000,30.22000000000000,0,Composed: Copy with GPU GDI,0.93500000000000,8.37910000000000,33.37040000000000,0.00000000000000,-10.39380000000000,10.53200000000000,13.73530000000000
ruffle.exe,12960,0x0000000000000000,Other,-1,0,0,105.56989080000000,0.00000000000000,16.13840000000000,0,Composed: Copy with GPU GDI,0.87280000000000,8.84900000000000,16.60830000000000,0.00000000000000,-13.71790000000000,6.15140000000000,0.00000000000000
ruffle.exe,12960,0x0000000000000000,Other,-1,0,0,105.60381149999999,0.00000000000000,33.92070000000000,0,Composed: Copy with GPU GDI,0.87320000000000,8.21880000000000,33.29050000000000,0.00000000000000,-11.80120000000000,11.82860000000000,25.80010000000000
ruffle.exe,12960,0x0000000000000000,Other,-1,0,0,105.63294440000000,0.00000000000000,29.13290000000000,0,Composed: Copy with GPU GDI,0.64110000000000,12.48410000000000,33.39820000000000,0.00000000000000,-15.38690000000000,12.11510000000000,22.95000000000000
ruffle.exe,12960,0x0000000000000000,Other,-1,0,0,105.65489900000000,0.00000000000000,21.95460000000000,0,Composed: Copy with GPU GDI,3.30560000000000,23.83510000000000,33.30560000000000,0.00000000000000,-10.45650000000000,13.55420000000000,0.00000000000000
ruffle.exe,12960,0x0000000000000000,Other,-1,0,0,105.66284560000000,0.00000000000000,7.94660000000000,0,Composed: Copy with GPU GDI,0.86330000000000,32.56260000000000,16.67410000000000,0.00000000000000,-4.64100000000000,1.46830000000000,0.00000000000000
ruffle.exe,12960,0x0000000000000000,Other,-1,0,0,105.69397110000000,0.00000000000000,31.12550000000000,0,Composed: Copy with GPU GDI,0.85920000000000,18.17790000000000,16.74080000000000,0.00000000000000,-10.40070000000000,10.52450000000000,0.00000000000000
ruffle.exe,12960,0x0000000000000000,Other,-1,0,0,105.71713350000000,0.00000000000000,23.16240000000000,0,Composed: Copy with GPU GDI,0.60210000000000,11.60380000000000,16.58830000000000,0.00000000000000,-10.97720000000000,10.97150000000000,0.00000000000000
ruffle.exe,12960,0x0000000000000000,Other,-1,0,0,105.74981330000000,0.00000000000000,32.67980000000000,0,Composed: Copy with GPU GDI,0.91100000000000,12.30350000000000,33.37950000000000,0.00000000000000,-15.27710000000000,10.77000000000000,0.00000000000000
ruffle.exe,12960,0x0000000000000000,Other,-1,0,0,105.79024170000000,0.00000000000000,40.42840000000000,0,Composed: Copy with GPU GDI,0.89090000000000,5.12420000000000,33.24910000000000,0.00000000000000,-10.38730000000000,10.31280000000000,0.00000000000000
ruffle.exe,12960,0x0000000000000000,Other,-1,0,0,105.82311450000000,0.00000000000000,32.87280000000001,0,Composed: Copy with GPU GDI,0.84560000000000,5.73830000000000,33.48690000000000,0.00000000000000,-12.36160000000000,12.38110000000000,21.10180000000000
ruffle.exe,12960,0x0000000000000000,Other,-1,0,0,105.84364620000001,0.00000000000000,20.53170000000000,0,Composed: Copy with GPU GDI,0.86860000000000,18.43100000000000,33.22440000000000,0.00000000000000,-13.85190000000000,6.14710000000000,17.64400000000000
ruffle.exe,12960,0x0000000000000000,Other,-1,0,0,105.88236280000001,0.00000000000000,38.71660000000000,0,Composed: Copy with GPU GDI,0.63350000000000,13.05920000000000,33.34480000000000,0.00000000000000,-11.64770000000000,11.64570000000000,40.32230000000000
ruffle.exe,12960,0x0000000000000000,Other,-1,0,0,105.91219990000000,0.00000000000000,29.83710000000000,0,Composed: Copy with GPU GDI,0.87110000000000,16.55320000000000,33.33110000000000,0.00000000000000,-16.12510000000000,11.04950000000000,0.00000000000000
ruffle.exe,12960,0x0000000000000000,Other,-1,0,0,105.93642670000000,0.00000000000000,24.22680000000000,0,Composed: Copy with GPU GDI,0.86110000000000,9.01250000000000,16.68610000000000,0.00000000000000,-10.09960000000000,10.11540000000000,0.00000000000000
ruffle.exe,12960,0x0000000000000000,Other,-1,0,0,105.96724220000000,0.00000000000000,30.81550000000000,0,Composed: Copy with GPU GDI,0.61820000000000,11.51590000000000,33.31890000000000,0.00000000000000,-13.79350000000000,10.42000000000000,0.00000000000000
ruffle.exe,12960,0x0000000000000000,Other,-1,0,0,105.99086060000000,0.00000000000000,23.61840000000000,0,Composed: Copy with GPU GDI,0.61500000000000,4.55170000000000,16.65420000000000,0.00000000000000,-10.23690000000000,10.23310000000000,0.00000000000000
ruffle.exe,12960,0x0000000000000000,Other,-1,0,0,106.21001510000001,0.00000000000000,219.15450000000001,0,Composed: Copy with GPU GDI,0.86000000000000,18.75210000000000,233.35490000000001,0.00000000000000,-14.71150000000000,6.90830000000000,17.99870000000000
ruffle.exe,12960,0x0000000000000000,Other,-1,0,0,106.27740160000000,0.00000000000000,67.38650000000000,0,Composed: Copy with GPU GDI,0.88850000000000,18.10520000000000,66.73960000000001,0.00000000000000,-11.88080000000000,11.87790000000000,47.37410000000001
ruffle.exe,12960,0x0000000000000000,Other,-1,0,0,106.31972879999999,0.00000000000000,42.32720000000000,0,Composed: Copy with GPU GDI,0.92350000000000,9.07090000000000,33.29290000000000,0.00000000000000,-18.20790000000000,11.05340000000000,0.00000000000000
ruffle.exe,12960,0x0000000000000000,Other,-1,0,0,106.37462660000000,0.00000000000000,54.89780000000000,0,Composed: Copy with GPU GDI,0.91850000000000,20.84570000000000,66.67260000000000,0.00000000000000,-16.19640000000000,11.69990000000000,0.00000000000000
ruffle.exe,12960,0x0000000000000000,Other,-1,0,0,106.40800800000001,0.00000000000000,33.38140000000000,0,Composed: Copy with GPU GDI,0.90930000000000,20.83270000000000,33.36840000000000,0.00000000000000,-10.82160000000000,10.73740000000000,0.00000000000000
ruffle.exe,12960,0x0000000000000000,Other,-1,0,0,106.43959730000000,0.00000000000000,31.58930000000000,0,Composed: Copy with GPU GDI,0.95090000000000,5.83310000000000,16.58970000000000,0.00000000000000,-12.79380000000000,12.75350000000000,0.00000000000000
ruffle.exe,12960,0x0000000000000000,Other,-1,0,0,106.47384300000000,0.00000000000000,34.24570000000000,0,Composed: Copy with GPU GDI,0.85160000000000,4.92500000000000,33.33760000000000,0.00000000000000,-16.19160000000000,12.64980000000000,0.00000000000000
ruffle.exe,12960,0x0000000000000000,Other,-1,0,0,106.50738660000000,0.00000000000000,33.54360000000000,0,Composed: Copy with GPU GDI,0.95000000000000,21.43910000000000,50.05770000000000,0.00000000000000,-11.07640000000000,10.88620000000000,25.32860000000000
ruffle.exe,12960,0x0000000000000000,Other,-1,0,0,106.53602120000001,0.00000000000000,28.63460000000000,0,Composed: Copy with GPU GDI,0.91390000000000,9.47540000000000,16.67090000000000,0.00000000000000,-10.82910000000000,10.82780000000000,23.85760000000000
ruffle.exe,12960,0x0000000000000000,Other,-1,0,0,106.57274950000001,0.00000000000000,36.72830000000000,0,Composed: Copy with GPU GDI,0.91190000000000,6.05360000000000,33.30650000000000,0.00000000000000,-18.48370000000000,11.33160000000000,28.69310000000000
ruffle.exe,12960,0x0000000000000000,Other,-1,0,0,106.60341610000000,0.00000000000000,30.66660000000000,0,Composed: Copy with GPU GDI,0.83430000000000,8.83890000000000,33.45190000000000,0.00000000000000,-10.35400000000000,10.29890000000000,19.37630000000000
ruffle.exe,12960,0x0000000000000000,Other,-1,0,0,106.64144950000001,0.00000000000000,38.03340000000000,0,Composed: Copy with GPU GDI,0.65310000000000,20.73410000000000,49.92860000000000,0.00000000000000,-12.50070000000000,12.44510000000000,27.39780000000000
ruffle.exe,12960,0x0000000000000000,Other,-1,0,0,106.67902900000000,0.00000000000000,37.57950000000000,0,Composed: Copy with GPU GDI,0.88260000000000,16.44150000000000,33.28690000000000,0.00000000000000,-12.34870000000000,12.33100000000000,48.99930000000001
ruffle.exe,12960,0x0000000000000000,Other,-1,0,0,106.70987860000000,0.00000000000000,30.84960000000000,0,Composed: Copy with GPU GDI,0.83410000000000,18.98530000000000,33.39340000000000,0.00000000000000,-13.52450000000000,10.74910000000000,29.82810000000000
ruffle.exe,12960,0x0000000000000000,Other,-1,0,0,106.73928410000001,0.00000000000000,29.40550000000000,0,Composed: Copy with GPU GDI,0.89260000000000,22.90910000000000,33.32930000000000,0.00000000000000,-11.12520000000000,11.11550000000000,19.25260000000000
ruffle.exe,12960,0x0000000000000000,Other,-1,0,0,106.77368780000000,0.00000000000000,34.40370000000000,0,Composed: Copy with GPU GDI,0.94710000000000,5.11220000000000,16.60680000000000,0.00000000000000,-16.74500000000000,11.05220000000000,31.61310000000000
ruffle.exe,12960,0x0000000000000000,Other,-1,0,0,106.80463730000001,0.00000000000000,30.94950000000000,0,Composed: Copy with GPU GDI,0.83580000000000,7.54890000000000,33.38620000000000,0.00000000000000,-10.00430000000000,10.09620000000000,22.59350000000000
ruffle.exe,12960,0x0000000000000000,Other,-1,0,0,106.85175800000000,0.00000000000000,47.12070000000000,0,Composed: Copy with GPU GDI,1.02150000000000,10.43450000000000,50.00630000000000,0.00000000000000,-17.44750000000000,12.22520000000000,61.66710000000000
ruffle.exe,12960,0x0000000000000000,Other,-1,0,0,106.90727070000000,0.00000000000000,55.51270000000000,0,Composed: Copy with GPU GDI,0.90590000000000,21.61360000000000,66.69180000000000,0.00000000000000,-12.48580000000000,12.47960000000000,25.19400000000000
ruffle.exe,12960,0x0000000000000000,Other,-1,0,0,106.93098940000000,0.00000000000000,23.71870000000000,0,Composed: Copy with GPU GDI,0.92780000000000,14.55070000000000,16.65580000000000,0.00000000000000,-11.06600000000000,10.94690000000000,16.93310000000000
ruffle.exe,12960,0x0000000000000000,Other,-1,0,0,106.97045350000000,0.00000000000000,39.46410000000000,0,Composed: Copy with GPU GDI,0.93700000000000,8.42410000000000,33.33750000000000,0.00000000000000,-19.30340000000000,11.13440000000000,32.33960000000000
ruffle.exe,12960,0x0000000000000000,Other,-1,0,0,107.30703590000000,0.00000000000000,336.58240000000001,0,Composed: Copy with GPU GDI,0.89530000000000,21.83050000000000,349.98880000000003,0.00000000000000,-10.50060000000000,10.62970000000000,360.93370000000004
ruffle.exe,12960,0x0000000000000000,Other,-1,0,0,107.35829840000000,0.00000000000000,51.26250000000000,0,Composed: Copy with GPU GDI,0.84280000000000,3.85660000000000,33.28860000000000,0.00000000000000,-12.86820000000000,12.96200000000000,0.00000000000000
ruffle.exe,12960,0x0000000000000000,Other,-1,0,0,107.38681620000000,0.00000000000000,28.51780000000000,0,Composed: Copy with GPU GDI,0.84490000000000,8.77800000000000,33.43920000000000,0.00000000000000,-12.11570000000000,12.13050000000000,0.00000000000000
ruffle.exe,12960,0x0000000000000000,Other,-1,0,0,107.42594930000000,0.00000000000000,39.13310000000000,0,Composed: Copy with GPU GDI,0.85810000000000,19.59950000000000,49.95460000000000,0.00000000000000,-16.69530000000000,11.51420000000000,0.00000000000000
ruffle.exe,12960,0x0000000000000000,Other,-1,0,0,107.45232430000000,0.00000000000000,26.37500000000000,0,Composed: Copy with GPU GDI,0.62630000000000,9.89050000000000,16.66600000000000,0.00000000000000,-10.39720000000000,10.40690000000000,0.00000000000000
ruffle.exe,12960,0x0000000000000000,Other,-1,0,0,107.47637390000001,0.00000000000000,24.04960000000000,0,Composed: Copy with GPU GDI,0.64890000000000,19.21570000000000,33.37480000000000,0.00000000000000,-12.33550000000000,10.22750000000000,0.00000000000000
ruffle.exe,12960,0x0000000000000000,Other,-1,0,0,107.50774820000001,0.00000000000000,31.37430000000000,0,Composed: Copy with GPU GDI,0.62250000000000,21.14640000000000,33.30500000000000,0.00000000000000,-10.86580000000000,10.80920000000000,0.00000000000000
ruffle.exe,12960,0x0000000000000000,Other,-1,0,0,107.53356370000000,0.00000000000000,25.81550000000000,0,Composed: Copy with GPU GDI,0.86540000000000,11.98270000000000,16.65180000000000,0.00000000000000,-14.55320000000000,10.72490000000000,0.00000000000000
ruffle.exe,12960,0x0000000000000000,Other,-1,0,0,107.56481170000001,0.00000000000000,31.24800000000000,0,Composed: Copy with GPU GDI,0.62380000000000,14.09430000000000,33.35960000000000,0.00000000000000,-11.79720000000000,11.66760000000000,0.00000000000000
ruffle.exe,12960,0x0000000000000000,Other,-1,0,0,107.59728680000001,0.00000000000000,32.47510000000000,0,Composed: Copy with GPU GDI,0.61690000000000,15.04430000000000,33.42510000000000,0.00000000000000,-12.47690000000000,12.38380000000000,0.00000000000000
ruffle.exe,12960,0x0000000000000000,Other,-1,0,0,107.63390570000000,0.00000000000000,36.61890000000000,0,Composed: Copy with GPU GDI,0.62970000000000,11.65320000000000,33.22780000000000,0.00000000000000,-13.08960000000000,10.41080000000000,0.00000000000000
ruffle.exe,12960,0x0000000000000000,Other,-1,0,0,107.65658680000001,0.00000000000000,22.68110000000000,0,Composed: Copy with GPU GDI,0.58800000000000,5.62870000000000,16.65660000000000,0.00000000000000,-10.02350000000000,9.98890000000000,0.00000000000000
ruffle.exe,12960,0x0000000000000000,Other,-1,0,0,107.69014690000002,0.00000000000000,33.56010000000000,0,Composed: Copy with GPU GDI,0.62480000000000,5.41580000000000,33.34720000000000,0.00000000000000,-10.48430000000000,10.57220000000000,3.99060000000000
ruffle.exe,12960,0x0000000000000000,Other,-1,0,0,107.70892530000000,0.00000000000000,18.77840000000000,0,Composed: Copy with GPU GDI,0.85050000000000,19.98750000000000,33.35010000000000,0.00000000000000,-13.30970000000000,7.71050000000000,0.00000000000000
ruffle.exe,12960,0x0000000000000000,Other,-1,0,0,107.75205510000001,0.00000000000000,43.12980000000000,0,Composed: Copy with GPU GDI,0.87810000000000,10.79370000000000,33.93600000000000,0.00000000000000,-12.26170000000000,12.30000000000000,25.91360000000000
ruffle.exe,12960,0x0000000000000000,Other,-1,0,0,107.78196480000000,0.00000000000000,29.90970000000000,0,Composed: Copy with GPU GDI,0.63050000000000,13.61250000000000,32.72850000000000,0.00000000000000,-12.71160000000000,12.67190000000000,25.67220000000000
ruffle.exe,12960,0x0000000000000000,Other,-1,0,0,107.83134590000000,0.00000000000000,49.38110000000000,0,Composed: Copy with GPU GDI,0.61300000000000,14.23620000000000,50.00480000000000,0.00000000000000,-13.13440000000000,13.16260000000000,27.29140000000000
ruffle.exe,12960,0x0000000000000000,Other,-1,0,0,107.86769000000001,0.00000000000000,36.34410000000000,0,Composed: Copy with GPU GDI,0.87890000000000,11.23690000000000,33.34480000000000,0.00000000000000,-16.22770000000000,12.24270000000000,41.60410000000000
ruffle.exe,12960,0x0000000000000000,Other,-1,0,0,107.89760219999999,0.00000000000000,29.91220000000000,0,Composed: Copy with GPU GDI,0.59450000000000,14.66850000000000,33.34380000000000,0.00000000000000,-9.82720000000000,9.85080000000000,21.52330000000000
ruffle.exe,12960,0x0000000000000000,Other,-1,0,0,107.92147050000000,0.00000000000000,23.86830000000000,0,Composed: Copy with GPU GDI,0.60650000000000,7.41540000000000,16.61520000000000,0.00000000000000,-10.63340000000000,10.63450000000000,21.38970000000000
ruffle.exe,12960,0x0000000000000000,Other,-1,0,0,107.94237459999999,0.00000000000000,20.90410000000000,0,Composed: Copy with GPU GDI,0.62950000000000,19.90930000000000,33.39800000000000,0.00000000000000,-10.29440000000000,10.26120000000000,18.29410000000000
ruffle.exe,12960,0x0000000000000000,Other,-1,0,0,107.97206849999999,0.00000000000000,29.69390000000000,0,Composed: Copy with GPU GDI,0.60150000000000,6.85640000000000,16.64100000000000,0.00000000000000,-14.44250000000000,10.65200000000000,23.97580000000000
ruffle.exe,12960,0x0000000000000000,Other,-1,0,0,108.13581070000001,0.00000000000000,163.74220000000000,0,Composed: Copy with GPU GDI,0.66190000000000,9.77180000000000,166.65760000000000,0.00000000000000,-13.06600000000000,13.13670000000000,165.72480000000002
ruffle.exe,12960,0x0000000000000000,Other,-1,0,0,108.16516730000001,0.00000000000000,29.35660000000000,0,Composed: Copy with GPU GDI,0.64720000000000,13.81230000000000,33.39710000000000,0.00000000000000,-10.20590000000000,10.37380000000000,0.00000000000000
ruffle.exe,12960,0x0000000000000000,Other,-1,0,0,108.18604610000001,0.00000000000000,20.87880000000000,0,Composed: Copy with GPU GDI,0.59940000000000,9.52440000000000,16.59090000000000,0.00000000000000,-10.84510000000000,10.88810000000000,0.00000000000000
ruffle.exe,12960,0x0000000000000000,Other,-1,0,0,108.21624030000001,0.00000000000000,30.19420000000000,0,Composed: Copy with GPU GDI,0.92660000000000,12.69920000000000,33.36900000000000,0.00000000000000,-9.69820000000000,9.81190000000000,0.00000000000000
ruffle.exe,12960,0x0000000000000000,Other,-1,0,0,108.25194080000000,0.00000000000000,35.70050000000001,0,Composed: Copy with GPU GDI,0.63100000000000,10.28980000000000,33.29110000000000,0.00000000000000,-10.25530000000000,10.37910000000000,0.00000000000000
ruffle.exe,12960,0x0000000000000000,Other,-1,0,0,108.28802030000000,0.00000000000000,36.07950000000000,0,Composed: Copy with GPU GDI,0.62690000000000,7.54080000000000,33.33050000000000,0.00000000000000,-11.95070000000000,12.09550000000000,0.00000000000000
ruffle.exe,12960,0x0000000000000000,Other,-1,0,0,108.31863280000000,0.00000000000000,30.61250000000000,0,Composed: Copy with GPU GDI,0.62950000000000,10.31250000000000,33.38420000000000,0.00000000000000,-11.77850000000000,11.85130000000000,0.00000000000000
ruffle.exe,12960,0x0000000000000000,Other,-1,0,0,108.34900320000001,0.00000000000000,30.37040000000000,0,Composed: Copy with GPU GDI,0.66160000000000,13.27720000000000,33.33510000000000,0.00000000000000,-10.00050000000000,10.19650000000000,0.00000000000000
ruffle.exe,12960,0x0000000000000000,Other,-1,0,0,108.38381040000000,0.00000000000000,34.80720000000000,0,Composed: Copy with GPU GDI,0.62160000000000,11.79380000000000,33.32380000000000,0.00000000000000,-10.44980000000000,10.57720000000000,5.57100000000000
ruffle.exe,12960,0x0000000000000000,Other,-1,0,0,108.39518680000000,0.00000000000000,11.37640000000000,0,Composed: Copy with GPU GDI,0.64980000000000,17.13990000000000,16.72250000000000,0.00000000000000,-10.69390000000000,5.39400000000000,0.00000000000000
ruffle.exe,12960,0x0000000000000000,Other,-1,0,0,108.40669480000000,0.00000000000000,11.50800000000000,0,Composed: Copy with GPU GDI,0.85950000000000,22.27460000000000,16.64270000000000,0.00000000000000,-8.12830000000000,5.85180000000000,12.61200000000000
ruffle.exe,12960,0x0000000000000000,Other,-1,0,0,108.43378810000000,0.00000000000000,27.09330000000000,0,Composed: Copy with GPU GDI,3.43080000000000,11.81330000000000,16.63200000000000,0.00000000000000,-10.21740000000000,13.46390000000000,9.65920000000000
ruffle.exe,12960,0x0000000000000000,Other,-1,0,0,108.44461670000000,0.00000000000000,10.82860000000000,0,Composed: Copy with GPU GDI,0.60160000000000,17.68430000000000,16.69960000000000,0.00000000000000,-2.39400000000000,1.89150000000000,0.00000000000000
ruffle.exe,12960,0x0000000000000000,Other,-1,0,0,108.47314490000001,0.00000000000000,28.52820000000000,0,Composed: Copy with GPU GDI,0.63860000000000,5.86360000000000,16.70750000000000,0.00000000000000,-10.26950000000000,10.36320000000000,17.02820000000000
ruffle.exe,12960,0x0000000000000000,Other,-1,0,0,108.73243020000001,0.00000000000000,259.28530000000001,0,Composed: Copy with GPU GDI,0.58320000000000,13.24180000000000,266.66350000000000,0.00000000000000,-254.48260000000002,76.19750000000001,32.32200000000000
ruffle.exe,12960,0x0000000000000000,Other,-1,0,0,108.77364750000001,0.00000000000000,41.21730000000000,0,Composed: Copy with GPU GDI,0.58990000000000,5.31860000000000,33.29410000000000,0.00000000000000,-11.23730000000000,11.24070000000000,0.00000000000000
ruffle.exe,12960,0x0000000000000000,Other,-1,0,0,108.80910870000000,0.00000000000000,35.46120000000001,0,Composed: Copy with GPU GDI,0.59650000000000,19.89710000000000,50.03970000000000,0.00000000000000,-12.86970000000000,12.90650000000000,26.99640000000000
ruffle.exe,12960,0x0000000000000000,Other,-1,0,0,108.83498420000001,0.00000000000000,25.87550000000000,0,Composed: Copy with GPU GDI,0.63220000000000,10.68790000000000,16.66630000000000,0.00000000000000,-10.61990000000000,10.73610000000000,20.90200000000000
ruffle.exe,12960,0x0000000000000000,Other,-1,0,0,108.86141750000000,0.00000000000000,26.43330000000000,0,Composed: Copy with GPU GDI,0.65870000000000,17.58580000000000,33.33120000000000,0.00000000000000,-11.87820000000000,11.77570000000000,31.33220000000000
ruffle.exe,12960,0x0000000000000000,Other,-1,0,0,108.89019780000000,0.00000000000000,28.78030000000000,0,Composed: Copy with GPU GDI,3.54210000000000,22.17550000000000,33.37000000000000,0.00000000000000,-12.78640000000000,16.06960000000000,0.00000000000000
ruffle.exe,12960,0x0000000000000000,Other,-1,0,0,108.89599410000000,0.00000000000000,5.79630000000000,0,Composed: Copy with GPU GDI,0.96940000000000,32.97240000000000,16.59320000000000,0.00000000000000,-2.25420000000000,1.09500000000000,0.00000000000000
ruffle.exe,12960,0x0000000000000000,Other,-1,0,0,108.92340840000000,0.00000000000000,27.41430000000000,0,Composed: Copy with GPU GDI,0.61600000000000,22.24850000000000,16.69040000000000,0.00000000000000,-18.01670000000000,11.04350000000000,0.00000000000000
ruffle.exe,12960,0x0000000000000000,Other,-1,0,0,108.94424360000001,0.00000000000000,20.83520000000000,0,Composed: Copy with GPU GDI,0.84150000000000,18.09230000000000,16.67900000000000,0.00000000000000,-10.30170000000000,10.27750000000000,0.00000000000000
ruffle.exe,12960,0x0000000000000000,Other,-1,0,0,108.97703180000001,0.00000000000000,32.78820000000000,0,Composed: Copy with GPU GDI,0.61960000000000,18.64070000000000,33.33660000000000,0.00000000000000,-10.21080000000000,10.28800000000000,0.00000000000000
ruffle.exe,12960,0x0000000000000000,Other,-1,0,0,109.20000800000000,0.00000000000000,222.97620000000001,0,Composed: Copy with GPU GDI,0.61680000000000,12.33860000000000,216.67410000000001,0.00000000000000,-82.81220000000000,26.26200000000000,17.89530000000000
ruffle.exe,12960,0x0000000000000000,Other,-1,0,0,109.28233830000001,0.00000000000000,82.33030000000001,0,Composed: Copy with GPU GDI,0.60650000000000,13.37680000000000,83.36850000000000,0.00000000000000,-62.93670000000000,24.67820000000000,22.23960000000000
ruffle.exe,12960,0x0000000000000000,Other,-1,0,0,109.29862190000000,0.00000000000000,16.28360000000000,0,Composed: Copy with GPU GDI,3.36780000000000,13.77090000000000,16.67770000000000,0.00000000000000,-10.92480000000000,14.11900000000000,6.44880000000000
ruffle.exe,12960,0x0000000000000000,Other,-1,0,0,109.30812100000000,0.00000000000000,9.49910000000000,0,Composed: Copy with GPU GDI,0.60440000000000,20.98660000000000,16.71480000000000,0.00000000000000,-3.04450000000000,1.54150000000000,0.00000000000000
ruffle.exe,12960,0x0000000000000000,Other,-1,0,0,109.33441470000000,0.00000000000000,26.29370000000000,0,Composed: Copy with GPU GDI,0.93020000000000,11.26850000000000,16.57560000000000,0.00000000000000,-10.07580000000000,10.28240000000000,4.28140000000000
ruffle.exe,12960,0x0000000000000000,Other,-1,0,0,109.34552310000001,0.00000000000000,11.10840000000000,0,Composed: Copy with GPU GDI,0.60970000000000,16.89430000000000,16.73420000000000,0.00000000000000,-10.17820000000000,5.59980000000000,0.00000000000000
ruffle.exe,12960,0x0000000000000000,Other,-1,0,0,109.37089940000000,0.00000000000000,25.37630000000000,0,Composed: Copy with GPU GDI,0.79920000000000,8.16290000000000,16.64490000000000,0.00000000000000,-10.81370000000000,10.84990000000000,0.75370000000000
ruffle.exe,12960,0x0000000000000000,Other,-1,0,0,109.49049490000000,0.00000000000000,119.59550000000000,0,Composed: Copy with GPU GDI,0.60280000000000,5.20680000000000,116.63940000000001,0.00000000000000,-115.99260000000001,32.54930000000000,18.36420000000000
ruffle.exe,12960,0x0000000000000000,Other,-1,0,0,109.51705290000000,0.00000000000000,26.55800000000000,0,Composed: Copy with GPU GDI,0.60940000000000,12.00280000000000,33.35400000000000,0.00000000000000,-10.72300000000000,10.65760000000000,22.94060000000000
ruffle.exe,12960,0x0000000000000000,Other,-1,0,0,109.54398209999999,0.00000000000000,26.92920000000000,0,Composed: Copy with GPU GDI,0.62860000000000,18.45960000000000,33.38600000000000,0.00000000000000,-10.52630000000000,10.56310000000000,17.85080000000000
ruffle.exe,12960,0x0000000000000000,Other,-1,0,0,109.56413910000001,0.00000000000000,20.15700000000000,0,Composed: Copy with GPU GDI,4.49480000000000,14.92650000000000,16.62390000000000,0.00000000000000,-12.00280000000000,16.32880000000000,5.98460000000000
ruffle.exe,12960,0x0000000000000000,Other,-1,0,0,109.57123400000000,0.00000000000000,7.09490000000000,0,Composed: Copy with GPU GDI,0.60750000000000,24.61400000000000,16.78240000000000,0.00000000000000,-2.60010000000000,1.39440000000000,0.00000000000000
ruffle.exe,12960,0x0000000000000000,Other,-1,0,0,109.59229070000001,0.00000000000000,21.05670000000000,0,Composed: Copy with GPU GDI,4.66570000000000,20.12150000000000,16.56420000000000,0.00000000000000,-10.62250000000000,15.10090000000000,20.17990000000000
ruffle.exe,12960,0x0000000000000000,Other,-1,0,0,109.60158160000000,0.00000000000000,9.29090000000000,0,Composed: Copy with GPU GDI,2.39560000000000,27.49040000000000,16.65980000000000,0.00000000000000,-4.62520000000000,5.93410000000000,0.00000000000000
ruffle.exe,12960,0x0000000000000000,Other,-1,0,0,109.61491140000000,0.00000000000000,13.32980000000000,0,Composed: Copy with GPU GDI,0.82130000000000,30.86350000000000,16.70290000000000,0.00000000000000,-10.93420000000000,1.43130000000000,0.00000000000000
ruffle.exe,12960,0x0000000000000000,Other,-1,0,0,109.63462609999999,0.00000000000000,19.71470000000000,0,Composed: Copy with GPU GDI,0.88150000000000,27.74750000000000,16.59870000000000,0.00000000000000,-11.96030000000000,11.47860000000000,0.00000000000000
ruffle.exe,12960,0x0000000000000000,Other,-1,0,0,109.65772870000001,0.00000000000000,23.10260000000000,0,Composed: Copy with GPU GDI,0.79570000000000,21.40150000000000,16.75660000000000,0.00000000000000,-14.17060000000000,13.49540000000000,0.00000000000000
ruffle.exe,12960,0x0000000000000000,Other,-1,0,0,109.68656710000000,0.00000000000000,28.83840000000000,0,Composed: Copy with GPU GDI,0.60250000000000,9.22360000000000,16.66050000000000,0.00000000000000,-13.02970000000000,13.10810000000000,0.00000000000000
ruffle.exe,12960,0x0000000000000000,Other,-1,0,0,109.71912740000000,0.00000000000000,32.56030000000000,0,Composed: Copy with GPU GDI,0.62090000000000,10.02050000000000,33.35720000000000,0.00000000000000,-11.03980000000000,11.03910000000000,8.96060000000000
ruffle.exe,12960,0x0000000000000000,Other,-1,0,0,109.73457189999999,0.00000000000000,15.44450000000000,0,Composed: Copy with GPU GDI,0.62190000000000,11.18020000000000,16.60420000000000,0.00000000000000,-14.17110000000000,7.04570000000000,0.00000000000000
ruffle.exe,12960,0x0000000000000000,Other,-1,0,0,109.76330450000000,0.00000000000000,28.73260000000000,0,Composed: Copy with GPU GDI,4.51470000000000,15.78490000000000,33.33730000000000,0.00000000000000,-11.24310000000000,15.57740000000000,0.00000000000000
ruffle.exe,12960,0x0000000000000000,Other,-1,0,0,109.77010720000000,0.00000000000000,6.80270000000000,0,Composed: Copy with GPU GDI,0.89110000000000,25.63810000000000,16.65590000000000,0.00000000000000,-2.28800000000000,1.07340000000000,0.00000000000000
ruffle.exe,12960,0x0000000000000000,Other,-1,0,0,109.79161730000000,0.00000000000000,21.51010000000000,0,Composed: Copy with GPU GDI,0.79760000000000,20.78560000000000,16.65760000000000,0.00000000000000,-15.29990000000000,12.09510000000000,0.00000000000000
ruffle.exe,12960,0x0000000000000000,Other,-1,0,0,109.81852900000000,0.00000000000000,26.91170000000000,0,Composed: Copy with GPU GDI,4.43310000000000,27.22660000000000,33.35270000000000,0.00000000000000,-11.27920000000000,15.47590000000000,8.35010000000000
ruffle.exe,12960,0x0000000000000000,Other,-1,0,1,109.82680449999999,0.00000000000000,8.27550000000000,0,Composed: Copy with GPU GDI,3.09410000000000,0.00000000000000,0.00000000000000,0.00000000000000,-3.84240000000000,5.85560000000000,0.00000000000000
ruffle.exe,12960,0x0000000000000000,Other,-1,0,0,109.83908790000000,0.00000000000000,12.28340000000000,0,Composed: Copy with GPU GDI,0.84070000000000,23.32980000000000,16.66210000000000,0.00000000000000,-8.36760000000000,2.17260000000000,0.00000000000000
ruffle.exe,12960,0x0000000000000000,Other,-1,0,0,109.87025350000000,0.00000000000000,31.16560000000000,0,Composed: Copy with GPU GDI,0.83560000000000,25.50130000000000,33.33710000000000,0.00000000000000,-14.32530000000000,14.26850000000000,14.10310000000000
ruffle.exe,12960,0x0000000000000000,Other,-1,0,0,109.89209930000000,0.00000000000000,21.84580000000000,0,Composed: Copy with GPU GDI,0.87850000000000,20.35080000000000,16.69530000000000,0.00000000000000,-13.46280000000000,7.72930000000000,0.00000000000000
ruffle.exe,12960,0x0000000000000000,Other,-1,0,0,109.91653200000000,0.00000000000000,24.43270000000000,0,Composed: Copy with GPU GDI,0.62210000000000,12.52680000000000,16.60870000000000,0.00000000000000,-11.59420000000000,11.67030000000000,0.00000000000000
ruffle.exe,12960,0x0000000000000000,Other,-1,0,0,109.92956800000000,0.00000000000000,13.03600000000000,0,Composed: Copy with GPU GDI,0.77450000000000,16.20430000000000,16.71350000000000,0.00000000000000,-10.89270000000000,10.15470000000000,1.44290000000000
ruffle.exe,12960,0x0000000000000000,Other,-1,0,0,109.94163080000000,0.00000000000000,12.06280000000000,0,Composed: Copy with GPU GDI,0.90200000000000,20.82360000000000,16.68210000000000,0.00000000000000,-8.53590000000000,5.64810000000000,0.00000000000000
ruffle.exe,12960,0x0000000000000000,Other,-1,0,0,109.96914540000000,0.00000000000000,27.51460000000000,0,Composed: Copy with GPU GDI,0.64010000000000,9.94630000000000,16.63730000000000,0.00000000000000,-10.47970000000000,10.52330000000000,18.98880000000000
ruffle.exe,12960,0x0000000000000000,Other,-1,0,0,109.98981040000001,0.00000000000000,20.66500000000000,0,Composed: Copy with GPU GDI,0.59190000000000,5.93430000000000,16.65300000000000,0.00000000000000,-10.26780000000000,10.28140000000000,15.65930000000000
ruffle.exe,12960,0x0000000000000000,Other,-1,0,0,110.11709870000000,0.00000000000000,127.28830000000001,0,Composed: Copy with GPU GDI,0.64100000000000,12.05580000000000,133.40980000000002,0.00000000000000,-9.15480000000000,6.29320000000000,40.93900000000000
ruffle.exe,12960,0x0000000000000000,Other,-1,0,0,110.16809290000000,0.00000000000000,50.99420000000000,0,Composed: Copy with GPU GDI,0.60490000000000,11.03690000000000,49.97530000000000,0.00000000000000,-12.53090000000000,12.60270000000000,0.00000000000000
ruffle.exe,12960,0x0000000000000000,Other,-1,0,0,110.18909190000001,0.00000000000000,20.99900000000000,0,Composed: Copy with GPU GDI,0.62470000000000,6.67240000000000,16.63450000000000,0.00000000000000,-10.93400000000000,10.99400000000000,0.00000000000000
ruffle.exe,12960,0x0000000000000000,Other,-1,0,0,110.20658130000001,0.00000000000000,17.48940000000000,0,Composed: Copy with GPU GDI,0.59190000000000,5.87870000000000,16.69570000000000,0.00000000000000,-10.83160000000000,10.79260000000000,0.00000000000000
ruffle.exe,12960,0x0000000000000000,Other,-1,0,0,110.22420310000000,0.00000000000000,17.62180000000000,0,Composed: Copy with GPU GDI,1.02420000000000,4.91190000000000,16.65500000000000,0.00000000000000,-10.34590000000000,10.13970000000000,0.00000000000000
ruffle.exe,12960,0x0000000000000000,Other,-1,0,0,110.25307120000001,0.00000000000000,28.86810000000000,0,Composed: Copy with GPU GDI,0.60630000000000,9.37260000000000,33.32880000000000,0.00000000000000,-10.09880000000000,10.15270000000000,0.00000000000000
ruffle.exe,12960,0x0000000000000000,Other,-1,0,0,110.28820230000001,0.00000000000000,35.13110000000000,0,Composed: Copy with GPU GDI,3.55780000000000,7.56430000000000,33.32280000000000,0.00000000000000,-12.09270000000000,15.51740000000000,4.04490000000000
ruffle.exe,12960,0x0000000000000000,Other,-1,0,0,110.29703550000001,0.00000000000000,8.83320000000000,0,Composed: Copy with GPU GDI,0.60880000000000,15.46690000000000,16.73580000000000,0.00000000000000,-3.70920000000000,1.92530000000000,0.00000000000000
ruffle.exe,12960,0x0000000000000000,Other,-1,0,0,110.32266430000000,0.00000000000000,25.62880000000000,0,Composed: Copy with GPU GDI,0.85550000000000,6.47520000000000,16.63710000000000,0.00000000000000,-11.87350000000000,11.95090000000000,6.52970000000000
ruffle.exe,12960,0x0000000000000000,Other,-1,0,0,110.33668040000001,0.00000000000000,14.01610000000000,0,Composed: Copy with GPU GDI,0.62230000000000,9.12610000000000,16.66700000000000,0.00000000000000,-11.29050000000000,5.91730000000000,0.00000000000000
ruffle.exe,12960,0x0000000000000000,Other,-1,0,0,110.36581090000000,0.00000000000000,29.13050000000000,0,Composed: Copy with GPU GDI,3.60730000000000,13.32170000000000,33.32610000000000,0.00000000000000,-10.99510000000000,14.45170000000000,11.65630000000000
ruffle.exe,12960,0x0000000000000000,Other,-1,0,0,110.37174619999999,0.00000000000000,5.93530000000000,0,Composed: Copy with GPU GDI,0.91400000000000,24.07470000000000,16.68830000000000,0.00000000000000,-2.32800000000000,1.08120000000000,0.00000000000000
ruffle.exe,12960,0x0000000000000000,Other,-1,0,0,110.39511950000001,0.00000000000000,23.37330000000000,0,Composed: Copy with GPU GDI,0.66410000000000,17.35770000000000,16.65630000000000,0.00000000000000,-15.43350000000000,14.83740000000000,0.89740000000000
ruffle.exe,12960,0x0000000000000000,Other,-1,0,0,110.40955800000000,0.00000000000000,14.43850000000000,0,Composed: Copy with GPU GDI,0.91000000000000,19.57850000000000,16.65930000000000,0.00000000000000,-10.45530000000000,7.07560000000000,0.00000000000000
ruffle.exe,12960,0x0000000000000000,Other,-1,0,0,110.44442990000000,0.00000000000000,34.87190000000000,0,Composed: Copy with GPU GDI,0.58920000000000,18.07850000000000,33.37190000000000,0.00000000000000,-11.96750000000000,11.98880000000000,20.29510000000000
ruffle.exe,12960,0x0000000000000000,Other,-1,0,0,110.46722180000000,0.00000000000000,22.79190000000000,0,Composed: Copy with GPU GDI,0.60640000000000,11.95890000000000,16.67230000000000,0.00000000000000,-11.78170000000000,11.75610000000000,19.05130000000000
ruffle.exe,12960,0x0000000000000000,Other,-1,0,0,110.48697640000000,0.00000000000000,19.75460000000000,0,Composed: Copy with GPU GDI,0.63530000000000,8.84450000000000,16.64020000000000,0.00000000000000,-10.03870000000000,7.59500000000000,14.80250000000000
ruffle.exe,12960,0x0000000000000000,Other,-1,0,0,110.49771570000000,0.00000000000000,10.73930000000000,0,Composed: Copy with GPU GDI,0.61110000000000,14.77060000000000,16.66540000000000,0.00000000000000,-6.06420000000000,6.16490000000000,9.56060000000000
ruffle.exe,12960,0x0000000000000000,Other,-1,0,0,110.52591780000000,0.00000000000000,28.20210000000000,0,Composed: Copy with GPU GDI,0.60790000000000,19.87730000000000,33.30880000000001,0.00000000000000,-10.18700000000000,7.66870000000000,15.77070000000000
ruffle.exe,12960,0x0000000000000000,Other,-1,0,0,110.53776720000000,0.00000000000000,11.84940000000000,0,Composed: Copy with GPU GDI,0.81900000000000,24.68650000000000,16.65860000000000,0.00000000000000,-6.69200000000000,6.59130000000000,11.59010000000000
ruffle.exe,12960,0x0000000000000000,Other,-1,0,0,110.55892350000001,0.00000000000000,21.15630000000000,0,Composed: Copy with GPU GDI,0.63990000000000,20.22100000000000,16.69080000000000,0.00000000000000,-7.02300000000000,7.12960000000000,8.76230000000000
ruffle.exe,12960,0x0000000000000000,Other,-1,0,0,110.57131060000000,0.00000000000000,12.38710000000000,0,Composed: Copy with GPU GDI,0.63780000000000,24.55590000000000,16.72200000000000,0.00000000000000,-8.98200000000000,6.86310000000000,13.17080000000000
ruffle.exe,12960,0x0000000000000000,Other,-1,0,0,110.58999820000001,0.00000000000000,18.68760000000000,0,Composed: Copy with GPU GDI,0.60270000000000,22.50840000000000,16.64010000000000,0.00000000000000,-6.71700000000000,5.66930000000000,9.84080000000000
ruffle.exe,12960,0x0000000000000000,Other,-1,0,0,110.60146090000001,0.00000000000000,11.46270000000000,0,Composed: Copy with GPU GDI,0.85960000000000,27.68540000000000,16.63970000000000,0.00000000000000,-8.28490000000000,5.84520000000000,13.26450000000000
ruffle.exe,12960,0x0000000000000000,Other,-1,0,0,110.62866520000000,0.00000000000000,27.20430000000000,0,Composed: Copy with GPU GDI,0.79390000000000,17.16100000000000,16.67990000000000,0.00000000000000,-8.44760000000000,6.13710000000000,16.48240000000000
ruffle.exe,12960,0x0000000000000000,Other,-1,0,0,110.63715180000001,0.00000000000000,8.48660000000000,0,Composed: Copy with GPU GDI,0.61310000000000,25.33370000000000,16.65930000000000,0.00000000000000,-6.07450000000000,5.26830000000000,8.92600000000000
ruffle.exe,12960,0x0000000000000000,Other,-1,0,0,110.65510450000001,0.00000000000000,17.95270000000000,0,Composed: Copy with GPU GDI,0.60200000000000,24.01650000000000,16.63550000000000,0.00000000000000,-9.52890000000000,6.15090000000000,18.92020000000000
ruffle.exe,12960,0x0000000000000000,Other,-1,0,0,110.67586610000001,0.00000000000000,20.76160000000000,0,Composed: Copy with GPU GDI,0.62490000000000,19.96460000000000,16.70970000000000,0.00000000000000,-5.26340000000000,5.30670000000000,9.69130000000000
ruffle.exe,12960,0x0000000000000000,Other,-1,0,0,110.71457480000001,0.00000000000000,38.70870000000000,0,Composed: Copy with GPU GDI,0.60770000000000,14.56940000000000,33.31350000000000,0.00000000000000,-8.38670000000000,5.86190000000000,16.41480000000000
ruffle.exe,12960,0x0000000000000000,Other,-1,0,0,110.74234680000001,0.00000000000000,27.77200000000000,0,Composed: Copy with GPU GDI,0.58450000000000,3.43570000000000,16.63830000000000,0.00000000000000,-5.45470000000000,5.44610000000000,4.12560000000000
ruffle.exe,12960,0x0000000000000000,Other,-1,0,0,110.78028970000000,0.00000000000000,37.94290000000000,0,Composed: Copy with GPU GDI,0.61350000000000,15.54680000000000,50.05400000000000,0.00000000000000,-9.94520000000000,6.07700000000000,12.12560000000000
ruffle.exe,12960,0x0000000000000000,Other,-1,0,0,110.81060000000001,0.00000000000000,30.31030000000000,0,Composed: Copy with GPU GDI,0.59500000000000,18.55740000000000,33.32090000000000,0.00000000000000,-6.75610000000000,5.71810000000000,10.45540000000000
ruffle.exe,12960,0x0000000000000000,Other,-1,0,0,110.84244490000000,0.00000000000000,31.84490000000000,0,Composed: Copy with GPU GDI,0.80570000000000,3.36620000000000,16.65370000000000,0.00000000000000,-5.62600000000000,5.66120000000000,4.22150000000000
ruffle.exe,12960,0x0000000000000000,Other,-1,0,0,110.87966810000000,0.00000000000000,37.22320000000000,0,Composed: Copy with GPU GDI,0.86120000000000,16.17000000000000,50.02700000000000,0.00000000000000,-9.33120000000000,6.28670000000000,17.50710000000000
ruffle.exe,12960,0x0000000000000000,Other,-1,0,0,110.91032369999999,0.00000000000000,30.65560000000000,0,Composed: Copy with GPU GDI,0.58060000000000,18.86100000000000,33.34660000000000,0.00000000000000,-5.61440000000000,5.55240000000000,2.13900000000000
ruffle.exe,12960,0x0000000000000000,Other,-1,0,0,110.94773239999999,0.00000000000000,37.40870000000000,0,Composed: Copy with GPU GDI,0.60140000000000,14.77930000000000,33.32700000000000,0.00000000000000,-10.66590000000000,6.34180000000000,15.56450000000000
ruffle.exe,12960,0x0000000000000000,Other,-1,0,0,110.98074270000001,0.00000000000000,33.01030000000000,0,Composed: Copy with GPU GDI,0.88610000000000,15.12720000000000,33.35820000000000,0.00000000000000,-8.16610000000000,6.24260000000000,16.56350000000000
ruffle.exe,12960,0x0000000000000000,Other,-1,0,0,111.13063300000000,0.00000000000000,149.89030000000000,0,Composed: Copy with GPU GDI,0.84110000000000,15.24880000000000,150.01190000000000,0.00000000000000,-6.46050000000000,6.56280000000000,2.41660000000000
ruffle.exe,12960,0x0000000000000000,Other,-1,0,0,111.15692280000000,0.00000000000000,26.28980000000000,0,Composed: Copy with GPU GDI,0.83090000000000,5.65370000000000,16.69470000000000,0.00000000000000,-11.01190000000000,6.36930000000000,20.75710000000000
ruffle.exe,12960,0x0000000000000000,Other,-1,0,0,111.18550200000000,0.00000000000000,28.57920000000000,0,Composed: Copy with GPU GDI,0.63900000000000,10.39300000000000,33.31850000000000,0.00000000000000,-7.98180000000000,5.98890000000000,11.31010000000000
ruffle.exe,12960,0x0000000000000000,Other,-1,0,0,111.21176570000000,0.00000000000000,26.26370000000000,0,Composed: Copy with GPU GDI,0.63590000000000,17.43320000000000,33.30390000000000,0.00000000000000,-7.42650000000000,5.81590000000000,13.57340000000000
ruffle.exe,12960,0x0000000000000000,Other,-1,0,0,111.24884510000001,0.00000000000000,37.07940000000000,0,Composed: Copy with GPU GDI,0.60090000000000,13.71560000000000,33.36180000000000,0.00000000000000,-8.13150000000000,5.94910000000000,10.66550000000000
ruffle.exe,12960,0x0000000000000000,Other,-1,0,0,111.28424989999999,0.00000000000000,35.40480000000000,0,Composed: Copy with GPU GDI,0.59680000000000,11.62150000000000,33.31070000000000,0.00000000000000,-8.51540000000000,5.89880000000000,16.05180000000000
ruffle.exe,12960,0x0000000000000000,Other,-1,0,0,111.31226180000000,0.00000000000000,28.01190000000000,0,Composed: Copy with GPU GDI,0.59060000000000,16.95640000000000,33.34680000000000,0.00000000000000,-7.83600000000000,5.82840000000000,12.07080000000000
ruffle.exe,12960,0x0000000000000000,Other,-1,0,0,111.34501680000000,0.00000000000000,32.75500000000000,0,Composed: Copy with GPU GDI,0.59180000000000,17.51680000000000,33.31540000000000,0.00000000000000,-6.32580000000000,5.55630000000000,14.82660000000000
ruffle.exe,12960,0x0000000000000000,Other,-1,0,0,111.37801399999999,0.00000000000000,32.99720000000000,0,Composed: Copy with GPU GDI,0.60550000000000,17.85610000000000,33.33650000000000,0.00000000000000,-6.55640000000000,5.69460000000000,15.83580000000000
ruffle.exe,12960,0x0000000000000000,Other,-1,0,0,111.40931740000001,0.00000000000000,31.30340000000000,0,Composed: Copy with GPU GDI,0.82460000000000,19.91880000000000,33.36610000000000,0.00000000000000,-5.76530000000000,5.70430000000000,15.14160000000000
ruffle.exe,12960,0x0000000000000000,Other,-1,0,0,111.44542969999999,0.00000000000000,36.11230000000000,0,Composed: Copy with GPU GDI,0.59410000000000,17.12890000000000,33.32240000000000,0.00000000000000,-7.40750000000000,5.91390000000000,13.23500000000000
ruffle.exe,12960,0x0000000000000000,Other,-1,0,0,111.48017980000000,0.00000000000000,34.75010000000000,0,Composed: Copy with GPU GDI,0.64210000000000,32.42230000000000,50.04350000000000,0.00000000000000,-8.02240000000000,5.91460000000000,16.01990000000000
ruffle.exe,12960,0x0000000000000000,Other,-1,0,0,111.49837290000001,0.00000000000000,18.19310000000000,0,Composed: Copy with GPU GDI,1.17470000000000,30.85970000000000,16.63050000000000,0.00000000000000,-15.54200000000000,10.72780000000000,0.00000000000000
ruffle.exe,12960,0x0000000000000000,Other,-1,0,0,111.51572590000001,0.00000000000000,17.35300000000000,0,Composed: Copy with GPU GDI,0.81950000000000,30.20620000000000,16.69950000000000,0.00000000000000,-8.53400000000000,6.06190000000000,0.00000000000000
ruffle.exe,12960,0x0000000000000000,Other,-1,0,0,111.53091730000000,0.00000000000000,15.19140000000000,0,Composed: Copy with GPU GDI,0.94290000000000,31.63560000000000,16.62080000000000,0.00000000000000,0.54490000000000,0.39800000000000,0.00000000000000
ruffle.exe,12960,0x0000000000000000,Other,-1,0,0,111.55288560000000,0.00000000000000,21.96830000000000,0,Composed: Copy with GPU GDI,0.63010000000000,26.31460000000000,16.64730000000000,0.00000000000000,-10.02290000000000,6.07360000000000,0.00000000000000
ruffle.exe,12960,0x0000000000000000,Other,-1,0,0,111.57724349999999,0.00000000000000,24.35790000000000,0,Composed: Copy with GPU GDI,0.59170000000000,18.65240000000000,16.69570000000000,0.00000000000000,-6.10860000000000,5.41850000000000,0.00000000000000
ruffle.exe,12960,0x0000000000000000,Other,-1,0,0,111.61253500000001,0.00000000000000,35.29150000000000,0,Composed: Copy with GPU GDI,0.63660000000000,16.75910000000000,33.39820000000000,0.00000000000000,-7.43490000000000,6.16320000000000,12.32040000000000
ruffle.exe,12960,0x0000000000000000,Other,-1,0,0,111.62270940000001,0.00000000000000,10.17440000000000,0,Composed: Copy with GPU GDI,0.62350000000000,23.26310000000000,16.67840000000000,0.00000000000000,-6.57600000000000,5.31480000000000,14.49180000000000
ruffle.exe,12960,0x0000000000000000,Other,-1,0,0,111.63373170000001,0.00000000000000,11.02230000000000,0,Composed: Copy with GPU GDI,0.67690000000000,28.86350000000000,16.62270000000000,0.00000000000000,-6.09460000000000,5.35390000000000,9.56660000000000
ruffle.exe,12960,0x0000000000000000,Other,-1,0,0,111.66186350000001,0.00000000000000,28.13180000000000,0,Composed: Copy with GPU GDI,3.73880000000000,17.44830000000000,16.71660000000000,0.00000000000000,-19.28120000000000,11.64070000000000,5.70010000000000
ruffle.exe,12960,0x0000000000000000,Other,-1,0,0,111.66930959999999,0.00000000000000,7.44610000000000,0,Composed: Copy with GPU GDI,0.58670000000000,26.69750000000000,16.69530000000000,0.00000000000000,-2.17000000000000,1.58870000000000,0.00000000000000
ruffle.exe,12960,0x0000000000000000,Other,-1,0,0,111.68354410000001,0.00000000000000,14.23450000000000,0,Composed: Copy with GPU GDI,0.59160000000000,29.04150000000000,16.57850000000000,0.00000000000000,-6.75920000000000,5.32380000000000,11.34750000000000
ruffle.exe,12960,0x0000000000000000,Other,-1,0,0,111.69951860000000,0.00000000000000,15.97450000000000,0,Composed: Copy with GPU GDI,0.78330000000000,29.82280000000000,16.75580000000000,0.00000000000000,-13.69240000000000,9.11860000000000,21.28670000000000
ruffle.exe,12960,0x0000000000000000,Other,-1,0,0,111.71471980000001,0.00000000000000,15.20120000000000,0,Composed: Copy with GPU GDI,0.86760000000000,31.24220000000000,16.62060000000000,0.00000000000000,-14.41790000000000,1.42970000000000,4.53090000000000
ruffle.exe,12960,0x0000000000000000,Other,-1,0,0,111.73211400000001,0.00000000000000,17.39420000000000,0,Composed: Copy with GPU GDI,1.35890000000000,30.45300000000000,16.60500000000000,0.00000000000000,-14.27960000000000,9.33760000000000,5.90880000000000
ruffle.exe,12960,0x0000000000000000,Other,-1,0,0,111.74866039999999,0.00000000000000,16.54640000000000,0,Composed: Copy with GPU GDI,1.76990000000000,30.64510000000000,16.73850000000000,0.00000000000000,-15.18750000000000,5.30400000000000,14.41190000000000
ruffle.exe,12960,0x0000000000000000,Other,-1,0,0,111.76499210000000,0.00000000000000,16.33170000000000,0,Composed: Copy with GPU GDI,4.07150000000000,30.93760000000000,16.62420000000000,0.00000000000000,-14.56180000000000,10.30840000000000,14.67900000000000
ruffle.exe,12960,0x0000000000000000,Other,-1,0,0,111.78185220000000,0.00000000000000,16.86010000000000,0,Composed: Copy with GPU GDI,0.91560000000000,30.72840000000000,16.65090000000000,0.00000000000000,-12.78860000000000,5.26990000000000,0.00000000000000
ruffle.exe,12960,0x0000000000000000,Other,-1,0,0,111.79793080000000,0.00000000000000,16.07860000000000,0,Composed: Copy with GPU GDI,0.93020000000000,31.32590000000000,16.67610000000000,0.00000000000000,-15.16300000000000,1.38590000000000,0.00000000000000
ruffle.exe,12960,0x0000000000000000,Other,-1,0,0,111.81467430000001,0.00000000000000,16.74350000000000,0,Composed: Copy with GPU GDI,0.80080000000000,31.22180000000000,16.63940000000000,0.00000000000000,-8.68420000000000,5.44040000000000,0.00000000000000
ruffle.exe,12960,0x0000000000000000,Other,-1,0,0,111.83090260000000,0.00000000000000,16.22830000000000,0,Composed: Copy with GPU GDI,0.96180000000000,31.67280000000000,16.67930000000000,0.00000000000000,0.56500000000000,0.39680000000000,0.00000000000000
ruffle.exe,12960,0x0000000000000000,Other,-1,0,0,111.84744329999999,0.00000000000000,16.54070000000000,0,Composed: Copy with GPU GDI,0.93270000000000,31.83740000000000,16.70530000000000,0.00000000000000,-10.48040000000000,5.47420000000000,0.00000000000000
ruffle.exe,12960,0x0000000000000000,Other,-1,0,0,111.86503180000000,0.00000000000000,17.58850000000000,0,Composed: Copy with GPU GDI,0.74210000000000,30.90540000000000,16.65650000000000,0.00000000000000,-10.09950000000000,5.76110000000000,14.82120000000000
ruffle.exe,12960,0x0000000000000000,Other,-1,0,0,111.88584250000000,0.00000000000000,20.81070000000000,0,Composed: Copy with GPU GDI,0.59560000000000,26.77080000000000,16.67610000000000,0.00000000000000,-7.11980000000000,5.49720000000000,13.64800000000000
ruffle.exe,12960,0x0000000000000000,Other,-1,0,0,111.89846190000000,0.00000000000000,12.61940000000000,0,Composed: Copy with GPU GDI,0.84620000000000,30.78840000000000,16.63700000000000,0.00000000000000,-10.27400000000000,5.60500000000000,10.26920000000000
ruffle.exe,12960,0x0000000000000000,Other,-1,0,0,111.91507380000000,0.00000000000000,16.61190000000000,0,Composed: Copy with GPU GDI,0.82470000000000,30.91380000000000,16.73730000000000,0.00000000000000,-7.60250000000000,5.58880000000000,10.83700000000000
ruffle.exe,12960,0x0000000000000000,Other,-1,0,0,111.93129300000001,0.00000000000000,16.21920000000000,0,Composed: Copy with GPU GDI,0.91300000000000,31.31950000000000,16.62490000000000,0.00000000000000,-7.35090000000000,5.58430000000000,11.08950000000000
ruffle.exe,12960,0x0000000000000000,Other,-1,0,0,111.94811550000000,0.00000000000000,16.82250000000000,0,Composed: Copy with GPU GDI,0.71120000000000,31.15770000000000,16.66070000000000,0.00000000000000,-5.98770000000000,5.39450000000000,3.88870000000000
ruffle.exe,12960,0x0000000000000000,Other,-1,0,0,111.96456870000000,0.00000000000000,16.45320000000000,0,Composed: Copy with GPU GDI,0.92620000000000,31.37150000000000,16.66700000000000,0.00000000000000,-13.81770000000000,5.76220000000000,6.32030000000000
ruffle.exe,12960,0x0000000000000000,Other,-1,0,0,111.98167170000001,0.00000000000000,17.10300000000000,0,Composed: Copy with GPU GDI,0.79710000000000,30.95310000000000,16.68460000000000,0.00000000000000,-16.17680000000000,5.23750000000000,0.00000000000000
ruffle.exe,12960,0x0000000000000000,Other,-1,0,0,112.12328920000000,0.00000000000000,141.61750000000001,0,Composed: Copy with GPU GDI,0.82750000000000,5.99330000000000,116.65770000000001,0.00000000000000,-6.62380000000000,6.67120000000000,15.07590000000000
ruffle.exe,12960,0x0000000000000000,Other,-1,0,0,112.16456119999999,0.00000000000000,41.27200000000000,0,Composed: Copy with GPU GDI,0.62260000000000,14.77220000000000,50.05090000000001,0.00000000000000,-10.18590000000000,6.97740000000000,18.34560000000000
ruffle.exe,12960,0x0000000000000000,Other,-1,0,0,112.18871610000001,0.00000000000000,24.15490000000000,0,Composed: Copy with GPU GDI,3.42590000000000,23.96950000000000,33.35220000000000,0.00000000000000,-10.49410000000000,13.65950000000000,10.49010000000000
ruffle.exe,12960,0x0000000000000000,Other,-1,0,0,112.19708720000000,0.00000000000000,8.37110000000000,0,Composed: Copy with GPU GDI,0.89610000000000,32.24040000000000,16.64200000000000,0.00000000000000,-4.94520000000000,1.53300000000000,0.00000000000000
ruffle.exe,12960,0x0000000000000000,Other,-1,0,0,112.23840799999999,0.00000000000000,41.32080000000001,0,Composed: Copy with GPU GDI,0.61200000000000,7.54260000000000,16.62300000000000,0.00000000000000,-10.55460000000000,10.65660000000000,22.21420000000000
ruffle.exe,12960,0x0000000000000000,Other,-1,0,0,112.25921000000001,0.00000000000000,20.80200000000000,0,Composed: Copy with GPU GDI,0.63420000000000,3.37170000000000,16.63110000000000,0.00000000000000,-10.40710000000000,10.54500000000000,19.00730000000000
ruffle.exe,12960,0x0000000000000000,Other,-1,0,0,112.27583090000000,0.00000000000000,16.62090000000000,0,Composed: Copy with GPU GDI,0.59720000000000,3.42130000000000,16.67050000000000,0.00000000000000,-9.76550000000000,9.76360000000000,3.59400000000000
ruffle.exe,12960,0x0000000000000000,Other,-1,0,0,112.31484720000000,0.00000000000000,39.01630000000000,0,Composed: Copy with GPU GDI,0.58850000000000,14.45970000000000,50.05470000000000,0.00000000000000,-11.45240000000000,11.48230000000000,4.59830000000000
ruffle.exe,12960,0x0000000000000000,Other,-1,0,0,112.34319130000002,0.00000000000000,28.34410000000000,0,Composed: Copy with GPU GDI,0.62620000000000,19.44170000000000,33.32610000000000,0.00000000000000,-11.82170000000000,11.94130000000000,0.97760000000000
ruffle.exe,12960,0x0000000000000000,Other,-1,0,0,112.37400049999999,0.00000000000000,30.80920000000000,0,Composed: Copy with GPU GDI,0.58460000000000,5.26590000000000,16.63340000000000,0.00000000000000,-9.72430000000000,9.72990000000000,5.72700000000000
ruffle.exe,12960,0x0000000000000000,Other,-1,0,0,112.41047340000000,0.00000000000000,36.47290000000000,0,Composed: Copy with GPU GDI,0.58390000000000,18.82690000000000,50.03390000000000,0.00000000000000,-10.08760000000000,10.11090000000000,4.14670000000000
ruffle.exe,12960,0x0000000000000000,Other,-1,0,0,112.44266390000000,0.00000000000000,32.19050000000000,0,Composed: Copy with GPU GDI,0.81030000000000,19.99940000000000,33.36300000000000,0.00000000000000,-10.02380000000000,9.93550000000000,4.33410000000000
ruffle.exe,12960,0x0000000000000000,Other,-1,0,0,112.47423220000000,0.00000000000000,31.56830000000000,0,Composed: Copy with GPU GDI,0.85120000000000,5.11050000000000,16.67940000000000,0.00000000000000,-9.92640000000000,10.01740000000000,3.96820000000000
ruffle.exe,12960,0x0000000000000000,Other,-1,0,0,112.51254130000000,0.00000000000000,38.30910000000000,0,Composed: Copy with GPU GDI,0.63360000000000,16.77770000000000,49.97630000000000,0.00000000000000,-11.87250000000000,11.92710000000000,4.19640000000000
ruffle.exe,12960,0x0000000000000000,Other,-1,0,0,112.52280890000000,0.00000000000000,10.26760000000000,0,Composed: Copy with GPU GDI,0.63500000000000,23.25270000000000,16.74260000000000,0.00000000000000,-9.63400000000000,5.10960000000000,0.00000000000000
ruffle.exe,12960,0x0000000000000000,Other,-1,0,0,112.55032210000000,0.00000000000000,27.51320000000000,0,Composed: Copy with GPU GDI,3.45540000000000,12.34080000000000,16.60130000000000,0.00000000000000,-11.40820000000000,14.70070000000000,2.09520000000000
ruffle.exe,12960,0x0000000000000000,Other,-1,0,0,112.55666090000001,0.00000000000000,6.33880000000000,0,Composed: Copy with GPU GDI,2.75080000000000,22.67940000000000,16.67740000000000,0.00000000000000,-2.88340000000000,4.61200000000000,0.00000000000000
ruffle.exe,12960,0x0000000000000000,Other,-1,0,0,112.56794890000000,0.00000000000000,11.28800000000000,0,Composed: Copy with GPU GDI,0.85250000000000,28.05660000000000,16.66520000000000,0.00000000000000,-7.74610000000000,2.12600000000000,0.00000000000000
ruffle.exe,12960,0x0000000000000000,Other,-1,0,0,112.60675030000000,0.00000000000000,38.80140000000000,0,Composed: Copy with GPU GDI,0.58140000000000,5.91790000000000,16.66270000000000,0.00000000000000,-10.05150000000000,10.07610000000000,20.53770000000000
ruffle.exe,12960,0x0000000000000000,Other,-1,0,0,112.62805210000000,0.00000000000000,21.30180000000000,0,Composed: Copy with GPU GDI,0.62040000000000,17.94810000000000,33.33200000000000,0.00000000000000,-9.69680000000000,9.80370000000000,17.84350000000000
ruffle.exe,12960,0x0000000000000000,Other,-1,0,0,112.64868390000001,0.00000000000000,20.63180000000000,0,Composed: Copy with GPU GDI,0.82810000000000,13.98280000000000,16.66650000000000,0.00000000000000,-9.92360000000000,10.00580000000000,8.42420000000000
ruffle.exe,12960,0x0000000000000000,Other,-1,0,0,112.65965280000000,0.00000000000000,10.96890000000000,0,Composed: Copy with GPU GDI,0.61260000000000,19.72110000000000,16.70720000000000,0.00000000000000,-10.14080000000000,5.43000000000000,0.00000000000000
ruffle.exe,12960,0x0000000000000000,Other,-1,0,0,112.68642780000000,0.00000000000000,26.77500000000000,0,Composed: Copy with GPU GDI,3.24850000000000,9.55200000000000,16.60590000000000,0.00000000000000,-10.42490000000000,13.47840000000000,6.20940000000000
ruffle.exe,12960,0x0000000000000000,Other,-1,0,0,112.69353650000001,0.00000000000000,7.10870000000000,0,Composed: Copy with GPU GDI,0.80760000000000,19.14370000000000,16.70040000000000,0.00000000000000,-3.86020000000000,1.78460000000000,0.00000000000000
ruffle.exe,12960,0x0000000000000000,Other,-1,0,0,112.71453620000000,0.00000000000000,20.99970000000000,0,Composed: Copy with GPU GDI,0.60560000000000,14.81580000000000,16.67180000000000,0.00000000000000,-9.69510000000000,9.74970000000000,2.32190000000000
ruffle.exe,12960,0x0000000000000000,Other,-1,0,0,112.72535060000001,0.00000000000000,10.81440000000000,0,Composed: Copy with GPU GDI,0.87930000000000,20.65970000000000,16.65830000000000,0.00000000000000,-10.07140000000000,5.68910000000000,0.00000000000000
ruffle.exe,12960,0x0000000000000000,Other,-1,0,0,112.75220430000000,0.00000000000000,26.85370000000000,0,Composed: Copy with GPU GDI,0.59500000000000,10.51550000000000,16.70950000000000,0.00000000000000,-11.82290000000000,11.89310000000000,1.96490000000000
ruffle.exe,12960,0x0000000000000000,Other,-1,0,0,112.78849480000001,0.00000000000000,36.29050000000000,0,Composed: Copy with GPU GDI,0.61150000000000,7.51180000000000,33.28680000000000,0.00000000000000,-14.26930000000000,11.91650000000000,22.28100000000000
ruffle.exe,12960,0x0000000000000000,Other,-1,0,0,112.80960890000001,0.00000000000000,21.11410000000000,0,Composed: Copy with GPU GDI,0.85120000000000,19.73330000000000,33.33560000000000,0.00000000000000,-9.88830000000000,9.98310000000000,1.34090000000000
ruffle.exe,12960,0x0000000000000000,Other,-1,0,0,112.84306740000000,0.00000000000000,33.45850000000000,0,Composed: Copy with GPU GDI,0.64100000000000,19.63500000000000,33.36020000000000,0.00000000000000,-10.01450000000000,10.14950000000000,4.71460000000000
ruffle.exe,12960,0x0000000000000000,Other,-1,0,0,112.87826880000000,0.00000000000000,35.20140000000000,0,Composed: Copy with GPU GDI,0.92670000000000,17.75730000000000,33.32370000000000,0.00000000000000,-13.74570000000000,10.78100000000000,24.01560000000000
ruffle.exe,12960,0x0000000000000000,Other,-1,0,0,112.89286800000001,0.00000000000000,14.59920000000000,0,Composed: Copy with GPU GDI,0.64280000000000,19.85440000000000,16.69630000000000,0.00000000000000,-7.69800000000000,5.38630000000000,30.61510000000000
ruffle.exe,12960,0x0000000000000000,Other,-1,0,0,112.91514850000000,0.00000000000000,22.28050000000000,0,Composed: Copy with GPU GDI,3.21900000000000,14.20390000000000,16.63000000000000,0.00000000000000,-10.47260000000000,13.44100000000000,0.00000000000000
ruffle.exe,12960,0x0000000000000000,Other,-1,0,0,112.92334630000001,0.00000000000000,8.19780000000000,0,Composed: Copy with GPU GDI,0.59820000000000,22.63990000000000,16.63380000000000,0.00000000000000,-4.97880000000000,1.48330000000000,0.00000000000000
ruffle.exe,12960,0x0000000000000000,Other,-1,0,0,112.94467700000000,0.00000000000000,21.33070000000000,0,Composed: Copy with GPU GDI,0.59130000000000,18.01390000000000,16.70470000000000,0.00000000000000,-11.37850000000000,11.41300000000000,0.00000000000000
ruffle.exe,12960,0x0000000000000000,Other,-1,0,0,112.98088380000000,0.00000000000000,36.20680000000000,0,Composed: Copy with GPU GDI,0.63400000000000,15.15120000000000,33.34410000000000,0.00000000000000,-11.49850000000000,11.51940000000000,0.00000000000000
ruffle.exe,12960,0x0000000000000000,Other,-1,0,0,113.12549860000001,0.00000000000000,144.61480000000000,0,Composed: Copy with GPU GDI,0.63900000000000,3.83000000000000,133.29360000000000,0.00000000000000,-22.41000000000000,8.64670000000000,9.20750000000000
ruffle.exe,12960,0x0000000000000000,Other,-1,0,0,113.16168150000001,0.00000000000000,36.18290000000000,0,Composed: Copy with GPU GDI,0.85660000000000,17.67490000000000,50.02780000000000,0.00000000000000,-10.91530000000000,10.78910000000000,21.44100000000000
ruffle.exe,12960,0x0000000000000000,Other,-1,0,0,113.19472910000000,0.00000000000000,33.04760000000000,0,Composed: Copy with GPU GDI,0.85410000000000,17.99030000000000,33.36300000000000,0.00000000000000,-11.93670000000000,12.11950000000000,22.47480000000000
ruffle.exe,12960,0x0000000000000000,Other,-1,0,0,113.22574480000000,0.00000000000000,31.01570000000000,0,Composed: Copy with GPU GDI,0.65920000000000,20.32440000000000,33.34980000000000,0.00000000000000,-12.35850000000000,11.99150000000000,7.45220000000000
ruffle.exe,12960,0x0000000000000000,Other,-1,0,0,113.23644950000001,0.00000000000000,10.70470000000000,0,Composed: Copy with GPU GDI,0.64310000000000,26.28690000000000,16.66720000000000,0.00000000000000,-10.04550000000000,5.37140000000000,0.00000000000000
ruffle.exe,12960,0x0000000000000000,Other,-1,0,0,113.26228620000001,0.00000000000000,25.83670000000000,0,Composed: Copy with GPU GDI,0.61520000000000,17.07670000000000,16.62650000000000,0.00000000000000,-10.88420000000000,10.85670000000000,0.00000000000000
ruffle.exe,12960,0x0000000000000000,Other,-1,0,0,113.27998119999999,0.00000000000000,17.69500000000000,0,Composed: Copy with GPU GDI,0.61280000000000,16.04310000000000,16.66140000000000,0.00000000000000,-9.83150000000000,9.78920000000000,0.00000000000000
ruffle.exe,12960,0x0000000000000000,Other,-1,0,0,113.29479660000000,0.00000000000000,14.81540000000000,0,Composed: Copy with GPU GDI,0.59290000000000,17.93390000000000,16.70620000000000,0.00000000000000,-10.66270000000000,5.43800000000000,14.53620000000000
ruffle.exe,12960,0x0000000000000000,Other,-1,0,0,113.31468980000000,0.00000000000000,19.89320000000000,0,Composed: Copy with GPU GDI,3.20690000000000,14.75630000000000,16.71560000000000,0.00000000000000,-9.91680000000000,12.95860000000000,10.43030000000000
ruffle.exe,12960,0x0000000000000000,Other,-1,0,0,113.32070930000000,0.00000000000000,6.01950000000000,0,Composed: Copy with GPU GDI,3.96830000000000,25.36890000000000,16.63210000000000,0.00000000000000,-2.81260000000000,4.51610000000000,8.46040000000000
ruffle.exe,12960,0x0000000000000000,Other,-1,0,0,113.33393660000000,0.00000000000000,13.22730000000000,0,Composed: Copy with GPU GDI,0.82260000000000,28.80100000000000,16.65940000000000,0.00000000000000,-2.53610000000000,1.89460000000000,0.00000000000000
ruffle.exe,12960,0x0000000000000000,Other,-1,0,0,113.36076270000001,0.00000000000000,26.82610000000000,0,Composed: Copy with GPU GDI,0.64070000000000,18.66520000000000,16.69030000000000,0.00000000000000,-10.15020000000000,10.11020000000000,18.52030000000000
ruffle.exe,12960,0x0000000000000000,Other,-1,0,0,113.38236300000000,0.00000000000000,21.60030000000000,0,Composed: Copy with GPU GDI,3.04700000000000,13.70650000000000,16.64160000000000,0.00000000000000,-11.84160000000000,14.73070000000000,0.00000000000000
ruffle.exe,12960,0x0000000000000000,Other,-1,0,0,113.39129950000000,0.00000000000000,8.93650000000000,0,Composed: Copy with GPU GDI,0.59180000000000,21.41620000000000,16.64620000000000,0.00000000000000,-2.82230000000000,1.52110000000000,0.00000000000000
ruffle.exe,12960,0x0000000000000000,Other,-1,0,0,113.41394350000000,0.00000000000000,22.64400000000000,0,Composed: Copy with GPU GDI,0.59320000000000,15.56730000000000,16.79510000000000,0.00000000000000,-11.92600000000000,11.88810000000000,0.00000000000000
ruffle.exe,12960,0x0000000000000000,Other,-1,0,0,113.43087310000000,0.00000000000000,16.92960000000000,0,Composed: Copy with GPU GDI,0.83050000000000,15.23300000000000,16.59530000000000,0.00000000000000,-12.15060000000000,5.85450000000000,16.63660000000000
ruffle.exe,12960,0x0000000000000000,Other,-1,0,0,113.45935020000000,0.00000000000000,28.47710000000000,0,Composed: Copy with GPU GDI,0.64260000000000,20.15290000000000,33.39700000000000,0.00000000000000,-9.84550000000000,9.87290000000000,21.07640000000000
ruffle.exe,12960,0x0000000000000000,Other,-1,0,0,113.48466310000001,0.00000000000000,25.31290000000000,0,Composed: Copy with GPU GDI,0.83840000000000,11.48460000000000,16.64460000000000,0.00000000000000,-12.12630000000000,10.38130000000000,22.42010000000000
ruffle.exe,12960,0x0000000000000000,Other,-1,0,0,113.49773530000000,0.00000000000000,13.07220000000000,0,Composed: Copy with GPU GDI,0.83780000000000,15.00500000000000,16.59260000000000,0.00000000000000,-8.95140000000000,5.76050000000000,13.45160000000000
ruffle.exe,12960,0x0000000000000000,Other,-1,0,0,113.52668670000001,0.00000000000000,28.95140000000000,0,Composed: Copy with GPU GDI,0.62960000000000,19.40500000000000,33.35140000000000,0.00000000000000,-10.02870000000000,10.10070000000000,2.40050000000000
ruffle.exe,12960,0x0000000000000000,Other,-1,0,0,113.53897310000001,0.00000000000000,12.28640000000000,0,Composed: Copy with GPU GDI,0.88750000000000,23.82730000000000,16.70870000000000,0.00000000000000,-11.65680000000000,5.53420000000000,0.00000000000000
ruffle.exe,12960,0x0000000000000000,Other,-1,0,0,113.56727460000000,0.00000000000000,28.30150000000000,0,Composed: Copy with GPU GDI,0.60820000000000,12.19350000000000,16.66770000000000,0.00000000000000,-9.89310000000000,9.83240000000000,18.99590000000000
ruffle.exe,12960,0x0000000000000000,Other,-1,0,0,113.58846640000000,0.00000000000000,21.19180000000000,0,Composed: Copy with GPU GDI,0.79060000000000,7.62180000000000,16.62010000000000,0.00000000000000,-10.32020000000000,10.29530000000000,2.20210000000000
ruffle.exe,12960,0x0000000000000000,Other,-1,0,0,113.60153780000000,0.00000000000000,13.07140000000000,0,Composed: Copy with GPU GDI,0.61350000000000,11.21210000000000,16.66170000000000,0.00000000000000,-9.70620000000000,5.34380000000000,0.00000000000000
ruffle.exe,12960,0x0000000000000000,Other,-1,0,0,113.62829570000001,0.00000000000000,26.75790000000000,0,Composed: Copy with GPU GDI,3.36670000000000,17.79700000000000,33.34280000000000,0.00000000000000,-11.53750000000000,14.73290000000000,10.00060000000000
ruffle.exe,12960,0x0000000000000000,Other,-1,0,0,113.63450970000000,0.00000000000000,6.21400000000000,0,Composed: Copy with GPU GDI,0.86330000000000,28.23420000000000,16.65120000000000,0.00000000000000,-2.84730000000000,1.08230000000000,0.00000000000000
ruffle.exe,12960,0x0000000000000000,Other,-1,0,0,113.67062070000000,0.00000000000000,36.11100000000000,0,Composed: Copy with GPU GDI,0.64750000000000,8.77640000000000,16.65320000000000,0.00000000000000,-18.73400000000000,12.18110000000000,28.33180000000000
ruffle.exe,12960,0x0000000000000000,Other,-1,0,0,113.69547370000001,0.00000000000000,24.85300000000000,0,Composed: Copy with GPU GDI,0.79660000000000,17.25780000000000,33.33440000000000,0.00000000000000,-10.21380000000000,10.28350000000000,15.23410000000000
ruffle.exe,12960,0x0000000000000000,Other,-1,0,0,113.71326150000000,0.00000000000000,17.78780000000000,0,Composed: Copy with GPU GDI,0.64040000000000,16.21400000000000,16.74400000000000,0.00000000000000,-9.86670000000000,9.82330000000000,8.96630000000000
ruffle.exe,12960,0x0000000000000000,Other,-1,0,0,113.72387370000000,0.00000000000000,10.61220000000000,0,Composed: Copy with GPU GDI,0.59760000000000,22.23100000000000,16.62920000000000,0.00000000000000,-9.97180000000000,5.09010000000000,0.00000000000000
ruffle.exe,12960,0x0000000000000000,Other,-1,0,0,113.74852439999999,0.00000000000000,24.65070000000000,0,Composed: Copy with GPU GDI,0.81780000000000,14.23960000000000,16.65930000000000,0.00000000000000,-10.29640000000000,10.35140000000000,6.20890000000000
ruffle.exe,12960,0x0000000000000000,Other,-1,0,0,113.77582080000001,0.00000000000000,27.29640000000000,0,Composed: Copy with GPU GDI,0.61780000000000,3.57000000000000,16.62680000000000,0.00000000000000,-9.69620000000000,9.80080000000000,1.57330000000000
ruffle.exe,12960,0x0000000000000000,Other,-1,0,0,113.81283160000001,0.00000000000000,37.01080000000000,0,Composed: Copy with GPU GDI,3.23530000000000,16.65170000000000,50.09250000000000,0.00000000000000,-11.75060000000000,14.76230000000000,22.57020000000000
ruffle.exe,12960,0x0000000000000000,Other,-1,0,0,113.82079730000001,0.00000000000000,7.96570000000000,0,Composed: Copy with GPU GDI,0.67810000000000,25.32620000000000,16.64020000000000,0.00000000000000,-4.73040000000000,1.51290000000000,0.00000000000000
ruffle.exe,12960,0x0000000000000000,Other,-1,0,0,113.83275180000000,0.00000000000000,11.95450000000000,0,Composed: Copy with GPU GDI,0.65730000000000,29.99530000000000,16.62360000000000,0.00000000000000,-9.31270000000000,5.72820000000000,0.00000000000000
ruffle.exe,12960,0x0000000000000000,Other,-1,0,0,113.86131759999999,0.00000000000000,28.56580000000000,0,Composed: Copy with GPU GDI,0.58720000000000,18.08760000000000,16.65810000000000,0.00000000000000,-12.05500000000000,12.04660000000000,0.00000000000000
ruffle.exe,12960,0x0000000000000000,Other,-1,0,0,113.87577770000001,0.00000000000000,14.46010000000000,0,Composed: Copy with GPU GDI,0.60090000000000,20.31450000000000,16.68700000000000,0.00000000000000,-9.68140000000000,9.57010000000000,0.00000000000000
ruffle.exe,12960,0x0000000000000000,Other,-1,0,0,113.90840120000000,0.00000000000000,32.62350000000000,0,Composed: Copy with GPU GDI,0.64720000000000,21.06990000000000,33.37890000000000,0.00000000000000,-9.94870000000000,10.08970000000000,2.12240000000000
ruffle.exe,12960,0x0000000000000000,Other,-1,0,0,113.91984699999999,0.00000000000000,11.44580000000000,0,Composed: Copy with GPU GDI,0.85040000000000,26.30180000000000,16.67770000000000,0.00000000000000,-10.55400000000000,6.29070000000000,0.00000000000000
ruffle.exe,12960,0x0000000000000000,Other,-1,0,0,113.93223380000001,0.00000000000000,12.38680000000000,0,Composed: Copy with GPU GDI,0.90070000000000,30.62910000000000,16.71410000000000,0.00000000000000,-8.92030000000000,6.00310000000000,17.90670000000000
ruffle.exe,12960,0x0000000000000000,Other,-1,0,0,113.95721739999999,0.00000000000000,24.98360000000000,0,Composed: Copy with GPU GDI,3.33260000000000,22.27860000000000,16.63310000000000,0.00000000000000,-10.42320000000000,12.88020000000000,2.93880000000000
ruffle.exe,12960,0x0000000000000000,Other,-1,0,0,113.96562670000000,0.00000000000000,8.40930000000000,0,Composed: Copy with GPU GDI,0.56500000000000,30.48640000000000,16.61710000000000,0.00000000000000,-5.07670000000000,1.44370000000000,0.00000000000000
ruffle.exe,12960,0x0000000000000000,Other,-1,0,0,113.98628280000000,0.00000000000000,20.65610000000000,0,Composed: Copy with GPU GDI,0.61290000000000,26.55550000000000,16.72520000000000,0.00000000000000,-10.47400000000000,9.67910000000000,18.00930000000000
ruffle.exe,12960,0x0000000000000000,Other,-1,0,0,114.19771950000001,0.00000000000000,211.43670000000000,0,Composed: Copy with GPU GDI,0.59510000000000,15.18530000000000,200.06650000000002,0.00000000000000,-92.37180000000001,23.03710000000000,9.40480000000000
ruffle.exe,12960,0x0000000000000000,Other,-1,0,0,114.24228370000000,0.00000000000000,44.56420000000000,0,Composed: Copy with GPU GDI,0.61710000000000,3.81680000000000,33.19570000000000,0.00000000000000,-10.42170000000000,10.51460000000000,38.00110000000000
ruffle.exe,12960,0x0000000000000000,Other,-1,0,0,114.26383400000000,0.00000000000000,21.55030000000000,0,Composed: Copy with GPU GDI,0.63990000000000,15.74390000000000,33.47740000000000,0.00000000000000,-10.05970000000000,10.19800000000000,17.57530000000000
ruffle.exe,12960,0x0000000000000000,Other,-1,0,0,114.52857090000001,0.00000000000000,264.73689999999999,0,Composed: Copy with GPU GDI,0.62010000000000,17.67720000000000,266.67020000000002,0.00000000000000,-256.77070000000003,75.68280000000000,40.28150000000000
ruffle.exe,12960,0x0000000000000000,Other,-1,0,0,114.56522760000000,0.00000000000000,36.65670000000000,0,Composed: Copy with GPU GDI,0.60930000000000,14.36720000000000,33.34670000000000,0.00000000000000,-10.97660000000000,11.03980000000000,0.00000000000000
ruffle.exe,12960,0x0000000000000000,Other,-1,0,0,114.58233970000001,0.00000000000000,17.11210000000000,0,Composed: Copy with GPU GDI,0.79400000000000,13.89480000000000,16.63970000000000,0.00000000000000,-10.53410000000000,10.42680000000000,2.03190000000000
ruffle.exe,12960,0x0000000000000000,Other,-1,0,0,114.60231940000000,0.00000000000000,19.97970000000000,0,Composed: Copy with GPU GDI,0.60480000000000,10.51900000000000,16.60390000000000,0.00000000000000,-10.59450000000000,7.93090000000000,0.00000000000000
ruffle.exe,12960,0x0000000000000000,Other,-1,0,0,114.62308400000001,0.00000000000000,20.76460000000000,0,Composed: Copy with GPU GDI,0.63000000000000,6.44620000000000,16.69180000000000,0.00000000000000,-9.63370000000000,9.73220000000000,18.82370000000000
ruffle.exe,12960,0x0000000000000000,Other,-1,0,0,114.64581640000000,0.00000000000000,22.73240000000000,0,Composed: Copy with GPU GDI,0.86330000000000,17.03220000000000,33.31840000000000,0.00000000000000,-10.54500000000000,10.63390000000000,3.43450000000000
ruffle.exe,12960,0x0000000000000000,Other,-1,0,0,114.66478300000000,0.00000000000000,18.96660000000000,0,Composed: Copy with GPU GDI,0.63290000000000,31.37710000000000,33.31150000000000,0.00000000000000,-9.42510000000000,5.60220000000000,14.50990000000000
ruffle.exe,12960,0x0000000000000000,Other,-1,0,0,114.68576480000000,0.00000000000000,20.98180000000000,0,Composed: Copy with GPU GDI,3.48790000000000,27.09370000000000,16.69840000000000,0.00000000000000,-10.32640000000000,12.99200000000000,0.00000000000000
ruffle.exe,12960,0x0000000000000000,Other,-1,0,0,114.69802310000001,0.00000000000000,12.25830000000000,0,Composed: Copy with GPU GDI,0.95560000000000,31.51140000000000,16.67600000000000,0.00000000000000,-8.77040000000000,1.10610000000000,0.00000000000000
ruffle.exe,12960,0x0000000000000000,Other,-1,0,0,114.71510660000000,0.00000000000000,17.08350000000000,0,Composed: Copy with GPU GDI,0.87390000000000,31.04000000000000,16.61210000000000,0.00000000000000,-16.12790000000000,12.07980000000000,0.00000000000000
ruffle.exe,12960,0x0000000000000000,Other,-1,0,0,114.74384740000001,0.00000000000000,28.74080000000000,0,Composed: Copy with GPU GDI,0.58130000000000,19.04200000000000,16.74280000000000,0.00000000000000,-11.64970000000000,11.63470000000000,0.00000000000000
ruffle.exe,12960,0x0000000000000000,Other,-1,0,0,114.76920840000001,0.00000000000000,25.36100000000000,0,Composed: Copy with GPU GDI,0.83540000000000,10.31200000000000,16.63100000000000,0.00000000000000,-9.98120000000000,10.11820000000000,0.00000000000000
ruffle.exe,12960,0x0000000000000000,Other,-1,0,0,114.80412560000001,0.00000000000000,34.91720000000000,0,Composed: Copy with GPU GDI,0.60250000000000,8.82390000000000,33.42910000000000,0.00000000000000,-10.16480000000000,10.22020000000000,0.00000000000000
ruffle.exe,12960,0x0000000000000000,Other,-1,0,0,114.83805630000001,0.00000000000000,33.93070000000000,0,Composed: Copy with GPU GDI,0.60860000000000,8.18280000000000,33.28960000000000,0.00000000000000,-9.87930000000000,9.89020000000000,3.66380000000000
ruffle.exe,12960,0x0000000000000000,Other,-1,0,0,114.99359330000000,0.00000000000000,155.53700000000001,0,Composed: Copy with GPU GDI,0.63190000000000,19.27580000000000,166.63000000000000,0.00000000000000,-148.25830000000002,41.53750000000000,11.31380000000000
ruffle.exe,12960,0x0000000000000000,Other,-1,0,0,115.17465730000001,0.00000000000000,181.06400000000002,0,Composed: Copy with GPU GDI,0.64110000000000,4.89060000000000,166.67880000000000,0.00000000000000,-11.62700000000000,11.59760000000000,20.35040000000000
ruffle.exe,12960,0x0000000000000000,Other,-1,0,0,115.22483790000000,0.00000000000000,50.18060000000001,0,Composed: Copy with GPU GDI,0.82380000000000,4.69040000000000,49.98040000000000,0.00000000000000,-13.73580000000000,13.48490000000000,22.46430000000000
ruffle.exe,12960,0x0000000000000000,Other,-1,0,0,115.24810069999999,0.00000000000000,23.26280000000000,0,Composed: Copy with GPU GDI,0.59210000000000,14.78450000000000,33.35690000000000,0.00000000000000,-10.40540000000000,10.37360000000000,7.80800000000000
ruffle.exe,12960,0x0000000000000000,Other,-1,0,0,115.26476940000001,0.00000000000000,16.66870000000000,0,Composed: Copy with GPU GDI,0.63700000000000,14.81480000000000,16.69900000000000,0.00000000000000,-14.25890000000000,6.00120000000000,0.00000000000000
ruffle.exe,12960,0x0000000000000000,Other,-1,0,0,115.28816660000000,0.00000000000000,23.39720000000000,0,Composed: Copy with GPU GDI,3.56920000000000,8.02990000000000,16.61230000000000,0.00000000000000,-9.98750000000000,13.36810000000000,31.85880000000000
ruffle.exe,12960,0x0000000000000000,Other,-1,0,0,115.29398340000000,0.00000000000000,5.81680000000000,0,Composed: Copy with GPU GDI,0.83820000000000,18.88930000000000,16.67620000000000,0.00000000000000,-2.24760000000000,1.08190000000000,0.00000000000000
ruffle.exe,12960,0x0000000000000000,Other,-1,0,0,115.31317140000002,0.00000000000000,19.18800000000000,0,Composed: Copy with GPU GDI,0.87130000000000,16.39510000000000,16.69380000000000,0.00000000000000,-16.62610000000000,11.15140000000000,4.81910000000000
ruffle.exe,12960,0x0000000000000000,Other,-1,0,0,115.34484340000000,0.00000000000000,31.67200000000000,0,Composed: Copy with GPU GDI,3.41010000000000,18.07310000000000,33.35000000000000,0.00000000000000,-12.30800000000000,15.52760000000000,4.47870000000000
ruffle.exe,12960,0x0000000000000000,Other,-1,0,0,115.35194590000000,0.00000000000000,7.10250000000000,0,Composed: Copy with GPU GDI,2.23060000000000,27.71940000000000,16.74880000000000,0.00000000000000,-3.69240000000000,4.83810000000000,0.00000000000000
ruffle.exe,12960,0x0000000000000000,Other,-1,0,0,115.36532580000001,0.00000000000000,13.37990000000000,0,Composed: Copy with GPU GDI,0.79460000000000,30.91820000000000,16.57870000000000,0.00000000000000,-11.14930000000000,1.44350000000000,0.00000000000000
ruffle.exe,12960,0x0000000000000000,Other,-1,0,0,115.38392370000000,0.00000000000000,18.59790000000000,0,Composed: Copy with GPU GDI,0.84730000000000,28.99560000000000,16.67530000000000,0.00000000000000,-12.68670000000000,12.02100000000000,17.60430000000000
ruffle.exe,12960,0x0000000000000000,Other,-1,0,0,115.39855700000000,0.00000000000000,14.63330000000000,0,Composed: Copy with GPU GDI,0.84620000000000,31.03330000000000,16.67100000000000,0.00000000000000,-13.78600000000000,5.45230000000000,0.00000000000000
ruffle.exe,12960,0x0000000000000000,Other,-1,0,0,115.41498170000001,0.00000000000000,16.42470000000000,0,Composed: Copy with GPU GDI,0.65820000000000,31.30800000000000,16.69940000000000,0.00000000000000,-10.52600000000000,10.14320000000000,0.00000000000000
ruffle.exe,12960,0x0000000000000000,Other,-1,0,0,115.43802800000000,0.00000000000000,23.04630000000000,0,Composed: Copy with GPU GDI,3.60910000000000,24.88080000000000,16.61910000000000,0.00000000000000,-10.55510000000000,13.34590000000000,3.64020000000000
ruffle.exe,12960,0x0000000000000000,Other,-1,0,0,115.45133629999999,0.00000000000000,13.30830000000000,0,Composed: Copy with GPU GDI,0.88980000000000,28.27230000000000,16.69980000000000,0.00000000000000,-5.00750000000000,1.96900000000000,1.00700000000000
ruffle.exe,12960,0x0000000000000000,Other,-1,0,0,115.46549390000000,0.00000000000000,14.15760000000000,0,Composed: Copy with GPU GDI,0.84190000000000,30.76020000000000,16.64550000000000,0.00000000000000,-9.23400000000000,5.83070000000000,0.00000000000000
ruffle.exe,12960,0x0000000000000000,Other,-1,0,0,115.48921340000000,0.00000000000000,23.71950000000000,0,Composed: Copy with GPU GDI,0.59500000000000,23.71230000000000,16.67160000000000,0.00000000000000,-10.89610000000000,10.21310000000000,16.92230000000000
ruffle.exe,12960,0x0000000000000000,Other,-1,0,0,115.50978090000000,0.00000000000000,20.56750000000000,0,Composed: Copy with GPU GDI,0.59300000000000,19.78860000000000,16.64380000000000,0.00000000000000,-10.95160000000000,10.98180000000000,5.35460000000000
ruffle.exe,12960,0x0000000000000000,Other,-1,0,0,115.52217460000000,0.00000000000000,12.39370000000000,0,Composed: Copy with GPU GDI,0.61980000000000,24.11680000000000,16.72190000000000,0.00000000000000,-11.80070000000000,6.45530000000000,0.00000000000000
ruffle.exe,12960,0x0000000000000000,Other,-1,0,0,115.54366290000000,0.00000000000000,21.48830000000000,0,Composed: Copy with GPU GDI,4.56950000000000,19.29800000000000,16.66950000000000,0.00000000000000,-10.86710000000000,15.28590000000000,23.33550000000000
ruffle.exe,12960,0x0000000000000000,Other,-1,0,0,115.55169599999999,0.00000000000000,8.03310000000000,0,Composed: Copy with GPU GDI,3.25090000000000,27.95810000000000,16.69320000000000,0.00000000000000,-3.46360000000000,5.80030000000000,0.00000000000000
ruffle.exe,12960,0x0000000000000000,Other,-1,0,0,115.56571649999999,0.00000000000000,14.02050000000000,0,Composed: Copy with GPU GDI,0.65520000000000,30.56370000000000,16.62610000000000,0.00000000000000,-10.76960000000000,1.48380000000000,0.00000000000000
ruffle.exe,12960,0x0000000000000000,Other,-1,0,0,115.59231680000001,0.00000000000000,26.60030000000000,0,Composed: Copy with GPU GDI,4.57910000000000,20.72330000000000,16.75990000000000,0.00000000000000,-13.81210000000000,17.51860000000000,14.00260000000000
ruffle.exe,12960,0x0000000000000000,Other,-1,0,0,115.60009180000000,0.00000000000000,7.77500000000000,0,Composed: Copy with GPU GDI,0.84830000000000,29.50810000000000,16.55980000000000,0.00000000000000,-3.19590000000000,1.23750000000000,5.78500000000000
ruffle.exe,12960,0x0000000000000000,Other,-1,0,0,115.61964530000000,0.00000000000000,19.55350000000000,0,Composed: Copy with GPU GDI,0.67160000000000,26.72910000000000,16.77450000000000,0.00000000000000,-16.62840000000000,12.99520000000000,0.00000000000000
ruffle.exe,12960,0x0000000000000000,Other,-1,0,0,115.64387840000001,0.00000000000000,24.23310000000000,0,Composed: Copy with GPU GDI,4.10910000000000,19.12450000000000,16.62850000000000,0.00000000000000,-11.63870000000000,15.58680000000000,3.58100000000000
ruffle.exe,12960,0x0000000000000000,Other,-1,0,0,115.65202630000000,0.00000000000000,8.14790000000000,0,Composed: Copy with GPU GDI,2.92680000000000,27.58300000000000,16.60640000000000,0.00000000000000,-4.03880000000000,5.87420000000000,0.00000000000000
ruffle.exe,12960,0x0000000000000000,Other,-1,0,0,115.66601810000000,0.00000000000000,13.99180000000000,0,Composed: Copy with GPU GDI,0.79600000000000,30.24940000000000,16.65820000000000,0.00000000000000,-10.06750000000000,1.84970000000000,0.00000000000000
ruffle.exe,12960,0x0000000000000000,Other,-1,0,0,115.69184480000001,0.00000000000000,25.82670000000000,0,Composed: Copy with GPU GDI,0.59400000000000,21.10250000000000,16.67980000000000,0.00000000000000,-11.47990000000000,10.82490000000000,0.00000000000000
ruffle.exe,12960,0x0000000000000000,Other,-1,0,0,115.70913260000000,0.00000000000000,17.28780000000000,0,Composed: Copy with GPU GDI,4.48660000000000,20.44480000000000,16.63010000000000,0.00000000000000,-11.76760000000000,15.26820000000000,18.83260000000000
ruffle.exe,12960,0x0000000000000000,Other,-1,0,0,115.71635170000000,0.00000000000000,7.21910000000000,0,Composed: Copy with GPU GDI,3.87140000000000,29.90360000000000,16.67790000000000,0.00000000000000,-2.73250000000000,5.71290000000000,0.00000000000000
ruffle.exe,12960,0x0000000000000000,Other,-1,0,0,115.73142250000001,0.00000000000000,15.07080000000000,0,Composed: Copy with GPU GDI,0.91760000000000,31.53560000000000,16.70280000000000,0.00000000000000,-8.41830000000000,1.58080000000000,0.00000000000000
ruffle.exe,12960,0x0000000000000000,Other,-1,0,0,115.74839360000000,0.00000000000000,16.97110000000000,0,Composed: Copy with GPU GDI,0.85350000000000,31.18230000000000,16.61780000000000,0.00000000000000,-13.56170000000000,11.10470000000000,0.00000000000000
ruffle.exe,12960,0x0000000000000000,Other,-1,0,0,115.77476660000001,0.00000000000000,26.37300000000000,0,Composed: Copy with GPU GDI,0.60460000000000,21.50880000000000,16.69950000000000,0.00000000000000,-13.08680000000000,12.48190000000000,0.00000000000000
ruffle.exe,12960,0x0000000000000000,Other,-1,0,0,115.79999790000001,0.00000000000000,25.23130000000000,0,Composed: Copy with GPU GDI,0.66310000000000,12.95190000000000,16.67440000000000,0.00000000000000,-10.41840000000000,7.90500000000000,17.67360000000000
ruffle.exe,12960,0x0000000000000000,Other,-1,0,0,115.82775290000001,0.00000000000000,27.75500000000000,0,Composed: Copy with GPU GDI,0.85310000000000,18.54290000000000,33.34600000000000,0.00000000000000,-13.60840000000000,13.76730000000000,7.44310000000000
ruffle.exe,12960,0x0000000000000000,Other,-1,0,0,115.84167430000001,0.00000000000000,13.92140000000000,0,Composed: Copy with GPU GDI,0.62920000000000,21.27460000000000,16.65310000000000,0.00000000000000,-11.83260000000000,11.29560000000000,5.30600000000000
ruffle.exe,12960,0x0000000000000000,Other,-1,0,0,115.85814290000000,0.00000000000000,16.46860000000000,0,Composed: Copy with GPU GDI,0.59670000000000,21.48830000000000,16.68230000000000,0.00000000000000,-10.32930000000000,7.69660000000000,13.82330000000000
ruffle.exe,12960,0x0000000000000000,Other,-1,0,0,115.87825479999999,0.00000000000000,20.11190000000000,0,Composed: Copy with GPU GDI,4.95170000000000,18.04700000000000,16.67060000000000,0.00000000000000,-11.24990000000000,15.89500000000000,0.00000000000000
ruffle.exe,12960,0x0000000000000000,Other,-1,0,0,115.88575790000000,0.00000000000000,7.50310000000000,0,Composed: Copy with GPU GDI,0.80440000000000,27.21400000000000,16.67010000000000,0.00000000000000,-2.55140000000000,1.06460000000000,0.00000000000000
ruffle.exe,12960,0x0000000000000000,Other,-1,0,0,115.91996810000001,0.00000000000000,34.21020000000000,0,Composed: Copy with GPU GDI,0.59350000000000,9.65170000000000,16.64790000000000,0.00000000000000,-16.36270000000000,12.16950000000000,0.00000000000000
ruffle.exe,12960,0x0000000000000000,Other,-1,0,0,115.94121850000001,0.00000000000000,21.25040000000000,0,Composed: Copy with GPU GDI,0.66910000000000,5.02850000000000,16.62720000000000,0.00000000000000,-11.01680000000000,11.24630000000000,0.00000000000000
ruffle.exe,12960,0x0000000000000000,Other,-1,0,0,115.97510270000001,0.00000000000000,33.88420000000000,0,Composed: Copy with GPU GDI,0.64820000000000,4.50970000000000,33.36540000000000,0.00000000000000,-11.73520000000000,11.75880000000000,22.77860000000000
ruffle.exe,12960,0x0000000000000000,Other,-1,0,0,116.12674070000000,0.00000000000000,151.63800000000001,0,Composed: Copy with GPU GDI,0.63260000000000,19.60380000000000,166.73210000000000,0.00000000000000,-8.62180000000000,7.71020000000000,14.40710000000000
ruffle.exe,12960,0x0000000000000000,Other,-1,0,0,116.18105060000001,0.00000000000000,54.30990000000001,0,Composed: Copy with GPU GDI,0.63190000000000,15.32260000000000,50.02870000000000,0.00000000000000,-11.87550000000000,11.72920000000000,60.66740000000000
ruffle.exe,12960,0x0000000000000000,Other,-1,0,0,116.20373380000001,0.00000000000000,22.68320000000000,0,Composed: Copy with GPU GDI,0.60460000000000,9.27440000000000,16.63500000000000,0.00000000000000,-11.61950000000000,11.62570000000000,21.40690000000000
ruffle.exe,12960,0x0000000000000000,Other,-1,0,0,116.22620940000002,0.00000000000000,22.47560000000000,0,Composed: Copy with GPU GDI,5.04450000000000,20.08730000000000,33.28850000000000,0.00000000000000,-11.70490000000000,16.15570000000000,5.85650000000000
ruffle.exe,12960,0x0000000000000000,Other,-1,0,0,116.23571490000000,0.00000000000000,9.50550000000000,0,Composed: Copy with GPU GDI,0.59250000000000,27.29960000000000,16.71780000000000,0.00000000000000,-2.21210000000000,1.61550000000000,0.00000000000000
ruffle.exe,12960,0x0000000000000000,Other,-1,0,0,116.26405629999999,0.00000000000000,28.34140000000000,0,Composed: Copy with GPU GDI,4.76620000000000,15.61420000000000,16.65600000000000,0.00000000000000,-13.39860000000000,17.90600000000000,11.66130000000000
ruffle.exe,12960,0x0000000000000000,Other,-1,0,0,116.27181000000000,0.00000000000000,7.75370000000000,0,Composed: Copy with GPU GDI,0.80320000000000,24.52200000000000,16.66150000000000,0.00000000000000,-2.98750000000000,1.17750000000000,0.00000000000000
ruffle.exe,12960,0x0000000000000000,Other,-1,0,0,116.30352450000001,0.00000000000000,31.71450000000000,0,Composed: Copy with GPU GDI,0.81340000000000,9.45970000000000,16.65220000000000,0.00000000000000,-16.89130000000000,14.46410000000000,27.16840000000000
ruffle.exe,12960,0x0000000000000000,Other,-1,0,0,116.32989340000000,0.00000000000000,26.36890000000000,0,Composed: Copy with GPU GDI,4.83040000000000,16.46340000000000,33.37260000000000,0.00000000000000,-11.72220000000000,16.38930000000000,7.53390000000000
ruffle.exe,12960,0x0000000000000000,Other,-1,0,0,116.33700510000000,0.00000000000000,7.11170000000000,0,Composed: Copy with GPU GDI,0.88600000000000,25.99540000000000,16.64370000000000,0.00000000000000,-2.28130000000000,1.09670000000000,6.68500000000000
ruffle.exe,12960,0x0000000000000000,Other,-1,0,0,116.36136170000000,0.00000000000000,24.35660000000000,0,Composed: Copy with GPU GDI,0.89150000000000,18.31690000000000,16.67810000000000,0.00000000000000,-19.50260000000000,12.54690000000000,0.00000000000000
ruffle.exe,12960,0x0000000000000000,Other,-1,0,0,116.38705150000000,0.00000000000000,25.68980000000000,0,Composed: Copy with GPU GDI,4.95900000000000,25.95420000000000,33.32710000000000,0.00000000000000,-11.31140000000000,16.06890000000000,4.70180000000000
ruffle.exe,12960,0x0000000000000000,Other,-1,0,1,116.39486220000001,0.00000000000000,7.81070000000000,0,Composed: Copy with GPU GDI,4.32120000000000,0.00000000000000,0.00000000000000,0.00000000000000,-2.85170000000000,6.14780000000000,0.00000000000000
ruffle.exe,12960,0x0000000000000000,Other,-1,0,0,116.40287960000001,0.00000000000000,8.01740000000000,0,Composed: Copy with GPU GDI,0.92890000000000,26.85560000000000,16.72950000000000,0.00000000000000,-3.69620000000000,1.77830000000000,0.00000000000000
ruffle.exe,12960,0x0000000000000000,Other,-1,0,0,116.43112940000000,0.00000000000000,28.24980000000000,0,Composed: Copy with GPU GDI,0.58290000000000,15.23790000000000,16.63210000000000,0.00000000000000,-11.30350000000000,11.28640000000000,24.77790000000000
ruffle.exe,12960,0x0000000000000000,Other,-1,0,0,116.45434980000000,0.00000000000000,23.22040000000000,0,Composed: Copy with GPU GDI,4.84650000000000,8.60430000000000,16.58680000000000,0.00000000000000,-11.74360000000000,16.40870000000000,9.95780000000000
ruffle.exe,12960,0x0000000000000000,Other,-1,0,0,116.46168240000000,0.00000000000000,7.33260000000000,0,Composed: Copy with GPU GDI,0.66480000000000,18.04670000000000,16.77500000000000,0.00000000000000,-2.48610000000000,1.35490000000000,0.00000000000000
ruffle.exe,12960,0x0000000000000000,Other,-1,0,0,116.48969220000001,0.00000000000000,28.00980000000000,0,Composed: Copy with GPU GDI,4.78670000000000,23.35650000000000,33.31960000000000,0.00000000000000,-14.25840000000000,18.81430000000000,11.28870000000000
ruffle.exe,12960,0x0000000000000000,Other,-1,0,0,116.49725220000001,0.00000000000000,7.56000000000000,0,Composed: Copy with GPU GDI,0.81840000000000,32.40320000000000,16.60670000000000,0.00000000000000,-2.77330000000000,1.06350000000000,0.00000000000000
ruffle.exe,12960,0x0000000000000000,Other,-1,0,0,116.52145220000000,0.00000000000000,24.20000000000000,0,Composed: Copy with GPU GDI,4.86620000000000,24.91320000000000,16.71000000000000,0.00000000000000,-14.37230000000000,18.32670000000000,0.00000000000000
ruffle.exe,12960,0x0000000000000000,Other,-1,0,0,116.53179410000000,0.00000000000000,10.34190000000000,0,Composed: Copy with GPU GDI,0.87660000000000,31.21150000000000,16.64020000000000,0.00000000000000,-5.47570000000000,1.35820000000000,0.00000000000000
ruffle.exe,12960,0x0000000000000000,Other,-1,0,0,116.55075239999999,0.00000000000000,18.95830000000000,0,Composed: Copy with GPU GDI,4.14530000000000,28.96880000000000,16.71560000000000,0.00000000000000,-10.43840000000000,13.52850000000000,8.36900000000000
ruffle.exe,12960,0x0000000000000000,Other,-1,0,0,116.56472010000000,0.00000000000000,13.96770000000000,0,Composed: Copy with GPU GDI,0.94270000000000,31.75760000000000,16.75650000000000,0.00000000000000,-6.36370000000000,1.78050000000000,0.00000000000000
ruffle.exe,12960,0x0000000000000000,Other,-1,0,0,116.58269150000001,0.00000000000000,17.97140000000000,0,Composed: Copy with GPU GDI,0.59820000000000,30.32010000000000,16.53390000000000,0.00000000000000,-10.10920000000000,9.84960000000000,2.34660000000000
ruffle.exe,12960,0x0000000000000000,Other,-1,0,0,116.60500879999999,0.00000000000000,22.31730000000000,0,Composed: Copy with GPU GDI,0.64460000000000,24.63650000000000,16.63370000000000,0.00000000000000,-10.79730000000000,5.69550000000000,16.65140000000000
ruffle.exe,12960,0x0000000000000000,Other,-1,0,0,116.62551010000000,0.00000000000000,20.50130000000000,0,Composed: Copy with GPU GDI,3.49090000000000,20.90960000000000,16.77440000000000,0.00000000000000,-10.06300000000000,13.36540000000000,0.00000000000000
ruffle.exe,12960,0x0000000000000000,Other,-1,0,0,116.63172840000001,0.00000000000000,6.21830000000000,0,Composed: Copy with GPU GDI,0.89730000000000,31.28790000000000,16.59660000000000,0.00000000000000,-2.72740000000000,1.06280000000000,0.00000000000000
ruffle.exe,12960,0x0000000000000000,Other,-1,0,0,116.65534330000000,0.00000000000000,23.61490000000000,0,Composed: Copy with GPU GDI,0.59420000000000,24.37740000000000,16.70440000000000,0.00000000000000,-14.59360000000000,11.00420000000000,0.00000000000000
ruffle.exe,12960,0x0000000000000000,Other,-1,0,0,116.68647950000000,0.00000000000000,31.13620000000000,0,Composed: Copy with GPU GDI,0.61670000000000,9.93970000000000,16.69850000000000,0.00000000000000,-12.12130000000000,12.09180000000000,10.07220000000000
ruffle.exe,12960,0x0000000000000000,Other,-1,0,0,116.70400370000000,0.00000000000000,17.52420000000000,0,Composed: Copy with GPU GDI,0.62180000000000,9.02640000000000,16.61090000000000,0.00000000000000,-13.40400000000000,7.73200000000000,0.00000000000000
ruffle.exe,12960,0x0000000000000000,Other,-1,0,0,116.72970610000000,0.00000000000000,25.70240000000000,0,Composed: Copy with GPU GDI,0.69480000000000,16.64210000000000,33.31810000000000,0.00000000000000,-11.66210000000000,11.73570000000000,7.34510000000000
ruffle.exe,12960,0x0000000000000000,Other,-1,0,0,116.74345389999999,0.00000000000000,13.74780000000000,0,Composed: Copy with GPU GDI,0.62330000000000,19.62480000000000,16.73050000000000,0.00000000000000,-13.05300000000000,7.36010000000000,0.00000000000000
ruffle.exe,12960,0x0000000000000000,Other,-1,0,0,116.76503340000001,0.00000000000000,21.57950000000000,0,Composed: Copy with GPU GDI,0.87470000000000,14.73260000000000,16.68730000000000,0.00000000000000,-10.38400000000000,10.46570000000000,18.59080000000000
ruffle.exe,12960,0x0000000000000000,Other,-1,0,0,116.85076390000000,0.00000000000000,85.73050000000001,0,Composed: Copy with GPU GDI,0.62400000000000,12.30290000000000,83.30080000000001,0.00000000000000,-78.17330000000000,21.08730000000000,18.36430000000000
ruffle.exe,12960,0x0000000000000000,Other,-1,0,0,116.87641400000001,0.00000000000000,25.65010000000000,0,Composed: Copy with GPU GDI,0.61410000000000,19.98680000000000,33.33400000000000,0.00000000000000,-11.25270000000000,11.20300000000000,20.02550000000000
ruffle.exe,12960,0x0000000000000000,Other,-1,0,0,116.90441079999999,0.00000000000000,27.99680000000000,0,Composed: Copy with GPU GDI,0.62300000000000,8.63820000000000,16.64820000000000,0.00000000000000,-9.93930000000000,10.01370000000000,18.03630000000000
ruffle.exe,12960,0x0000000000000000,Other,-1,0,0,116.92949420000001,0.00000000000000,25.08340000000000,0,Composed: Copy with GPU GDI,0.59320000000000,16.89900000000000,33.34420000000000,0.00000000000000,-11.73560000000000,11.68170000000000,0.00000000000000
ruffle.exe,12960,0x0000000000000000,Other,-1,0,0,116.95743730000001,0.00000000000000,27.94310000000000,0,Composed: Copy with GPU GDI,0.59620000000000,5.57770000000000,16.62180000000000,0.00000000000000,-12.10000000000000,12.10630000000000,0.00000000000000
ruffle.exe,12960,0x0000000000000000,Other,-1,0,0,116.98163590000000,0.00000000000000,24.19860000000000,0,Composed: Copy with GPU GDI,0.66650000000000,14.74030000000000,33.36120000000000,0.00000000000000,-9.88730000000000,10.10270000000000,0.00000000000000
ruffle.exe,12960,0x0000000000000000,Other,-1,0,0,117.12662570000001,0.00000000000000,144.98980000000000,0,Composed: Copy with GPU GDI,0.65030000000000,19.83980000000000,150.08930000000001,0.00000000000000,-10.59620000000000,6.64300000000000,12.26200000000000
ruffle.exe,12960,0x0000000000000000,Other,-1,0,0,117.17671980000001,0.00000000000000,50.09410000000000,0,Composed: Copy with GPU GDI,0.62910000000000,19.67840000000000,49.93270000000000,0.00000000000000,-12.41550000000000,12.38680000000000,22.33570000000000
ruffle.exe,12960,0x0000000000000000,Other,-1,0,0,117.19870329999999,0.00000000000000,21.98350000000000,0,Composed: Copy with GPU GDI,0.60520000000000,14.37220000000000,16.67730000000000,0.00000000000000,-10.42640000000000,10.32260000000000,14.33390000000000
ruffle.exe,12960,0x0000000000000000,Other,-1,0,0,117.22351870000000,0.00000000000000,24.81540000000000,0,Composed: Copy with GPU GDI,0.60560000000000,6.27020000000000,16.71340000000000,0.00000000000000,-13.07660000000000,10.51190000000000,21.06440000000000
ruffle.exe,12960,0x0000000000000000,Other,-1,0,0,117.23734050000000,0.00000000000000,13.82180000000000,0,Composed: Copy with GPU GDI,0.88780000000000,9.08350000000000,16.63510000000000,0.00000000000000,-8.84260000000000,6.03380000000000,18.92480000000000
ruffle.exe,12960,0x0000000000000000,Other,-1,0,0,117.26310440000000,0.00000000000000,25.76390000000000,0,Composed: Copy with GPU GDI,3.46390000000000,16.64100000000000,33.32140000000000,0.00000000000000,-10.16310000000000,13.43720000000000,0.00000000000000
ruffle.exe,12960,0x0000000000000000,Other,-1,0,0,117.27076210000001,0.00000000000000,7.65770000000000,0,Composed: Copy with GPU GDI,0.60170000000000,25.65290000000000,16.66960000000000,0.00000000000000,-4.19380000000000,1.23340000000000,0.00000000000000
ruffle.exe,12960,0x0000000000000000,Other,-1,0,0,117.29917750000001,0.00000000000000,28.41540000000000,0,Composed: Copy with GPU GDI,0.61870000000000,13.90700000000000,16.66950000000000,0.00000000000000,-10.58150000000000,10.66440000000000,0.00000000000000
ruffle.exe,12960,0x0000000000000000,Other,-1,0,0,117.31382610000001,0.00000000000000,14.64860000000000,0,Composed: Copy with GPU GDI,0.61090000000000,16.05250000000000,16.79410000000000,0.00000000000000,-9.91270000000000,9.96060000000000,3.39610000000000
ruffle.exe,12960,0x0000000000000000,Other,-1,0,0,117.32614810000001,0.00000000000000,12.32200000000000,0,Composed: Copy with GPU GDI,0.69740000000000,20.25870000000000,16.52820000000000,0.00000000000000,-10.43860000000000,5.94160000000000,0.00000000000000
ruffle.exe,12960,0x0000000000000000,Other,-1,0,0,117.33750460000000,0.00000000000000,11.35650000000000,0,Composed: Copy with GPU GDI,0.87550000000000,25.54990000000000,16.64770000000000,0.00000000000000,-8.46950000000000,6.23010000000000,11.13490000000000
ruffle.exe,12960,0x0000000000000000,Other,-1,0,0,117.36274520000001,0.00000000000000,25.24060000000000,0,Composed: Copy with GPU GDI,0.63750000000000,17.03830000000000,16.72900000000000,0.00000000000000,-12.07010000000000,12.13160000000000,4.29850000000000
ruffle.exe,12960,0x0000000000000000,Other,-1,0,0,117.39023070000000,0.00000000000000,27.48550000000000,0,Composed: Copy with GPU GDI,0.61410000000000,6.30950000000000,16.75670000000000,0.00000000000000,-11.67290000000000,11.65340000000000,1.86270000000000
ruffle.exe,12960,0x0000000000000000,Other,-1,0,0,117.45681750000001,0.00000000000000,66.58680000000000,0,Composed: Copy with GPU GDI,0.84760000000000,6.29030000000000,66.56760000000000,0.00000000000000,-64.95010000000001,15.19280000000000,10.36220000000000
ruffle.exe,12960,0x0000000000000000,Other,-1,0,0,117.53140530000000,0.00000000000000,74.58780000000000,0,Composed: Copy with GPU GDI,0.62350000000000,15.05400000000000,83.35150000000000,0.00000000000000,-56.83440000000000,21.71220000000000,22.97720000000000
ruffle.exe,12960,0x0000000000000000,Other,-1,0,0,117.55038060000001,0.00000000000000,18.97530000000000,0,Composed: Copy with GPU GDI,0.61860000000000,12.78660000000000,16.70790000000000,0.00000000000000,-13.09390000000000,13.11200000000000,25.99610000000000
ruffle.exe,12960,0x0000000000000000,Other,-1,0,0,117.57039040000001,0.00000000000000,20.00980000000000,0,Composed: Copy with GPU GDI,0.87190000000000,9.39340000000000,16.61660000000000,0.00000000000000,-12.87430000000000,13.02980000000000,22.03060000000000
ruffle.exe,12960,0x0000000000000000,Other,-1,0,0,117.60297050000000,0.00000000000000,32.58010000000000,0,Composed: Copy with GPU GDI,0.60570000000000,10.15650000000000,33.34320000000000,0.00000000000000,-13.29560000000000,13.35540000000000,24.58850000000000
ruffle.exe,12960,0x0000000000000000,Other,-1,0,0,117.62240780000000,0.00000000000000,19.43730000000000,0,Composed: Copy with GPU GDI,4.40970000000000,24.03580000000000,33.31660000000000,0.00000000000000,-11.41730000000000,15.59650000000000,12.04870000000000
ruffle.exe,12960,0x0000000000000000,Other,-1,0,0,117.63319340000001,0.00000000000000,10.78560000000000,0,Composed: Copy with GPU GDI,0.85930000000000,29.98790000000000,16.73770000000000,0.00000000000000,-4.18150000000000,1.90580000000000,0.00000000000000
ruffle.exe,12960,0x0000000000000000,Other,-1,0,0,117.65637660000000,0.00000000000000,23.18320000000000,0,Composed: Copy with GPU GDI,4.55510000000000,23.43910000000000,16.63440000000000,0.00000000000000,-11.51430000000000,15.13640000000000,5.92700000000000
ruffle.exe,12960,0x0000000000000000,Other,-1,0,0,117.66693810000000,0.00000000000000,10.56150000000000,0,Composed: Copy with GPU GDI,0.83730000000000,29.51810000000000,16.64050000000000,0.00000000000000,-6.00640000000000,5.76330000000000,0.00000000000000
ruffle.exe,12960,0x0000000000000000,Other,-1,0,0,117.68226890000000,0.00000000000000,15.33080000000000,0,Composed: Copy with GPU GDI,0.81620000000000,30.84890000000000,16.66160000000000,0.00000000000000,-11.90710000000000,1.89530000000000,0.00000000000000
ruffle.exe,12960,0x0000000000000000,Other,-1,0,0,117.70411820000000,0.00000000000000,21.84930000000000,0,Composed: Copy with GPU GDI,0.78270000000000,25.64470000000000,16.64510000000000,0.00000000000000,-11.98770000000000,11.29980000000000,7.62810000000000
ruffle.exe,12960,0x0000000000000000,Other,-1,0,0,117.72125030000001,0.00000000000000,17.13210000000000,0,Composed: Copy with GPU GDI,4.35280000000000,25.22370000000000,16.71110000000000,0.00000000000000,-11.53760000000000,15.03430000000000,8.82010000000000
ruffle.exe,12960,0x0000000000000000,Other,-1,0,0,117.73164260000001,0.00000000000000,10.39230000000000,0,Composed: Copy with GPU GDI,0.91920000000000,31.48520000000000,16.65380000000000,0.00000000000000,-6.03950000000000,1.39560000000000,0.00000000000000
ruffle.exe,12960,0x0000000000000000,Other,-1,0,0,117.75066300000000,0.00000000000000,19.02040000000000,0,Composed: Copy with GPU GDI,0.87040000000000,29.15780000000000,16.69300000000000,0.00000000000000,-11.57500000000000,10.93640000000000,8.26840000000000
ruffle.exe,12960,0x0000000000000000,Other,-1,0,0,117.76553610000001,0.00000000000000,14.87310000000000,0,Composed: Copy with GPU GDI,0.83440000000000,30.90460000000000,16.61990000000000,0.00000000000000,-13.82710000000000,6.17730000000000,0.00000000000000
ruffle.exe,12960,0x0000000000000000,Other,-1,0,0,117.79168640000000,0.00000000000000,26.15030000000000,0,Composed: Copy with GPU GDI,4.50120000000000,21.43660000000000,16.68230000000000,0.00000000000000,-13.75770000000000,17.32740000000000,9.29170000000000
ruffle.exe,12960,0x0000000000000000,Other,-1,0,0,117.79926140000001,0.00000000000000,7.57500000000000,0,Composed: Copy with GPU GDI,3.58150000000000,30.49790000000000,16.63630000000000,0.00000000000000,-3.07380000000000,5.67530000000000,0.00000000000000
ruffle.exe,12960,0x0000000000000000,Other,-1,0,0,117.81522150000001,0.00000000000000,15.96010000000000,0,Composed: Copy with GPU GDI,0.85350000000000,31.27490000000000,16.73710000000000,0.00000000000000,-12.37860000000000,1.34910000000000,8.85790000000000
ruffle.exe,12960,0x0000000000000000,Other,-1,0,0,117.83242070000000,0.00000000000000,17.19920000000000,0,Composed: Copy with GPU GDI,3.70720000000000,30.74730000000000,16.67160000000000,0.00000000000000,-14.27400000000000,16.91050000000000,11.97460000000000
ruffle.exe,12960,0x0000000000000000,Other,-1,0,0,117.84938390000001,0.00000000000000,16.96320000000000,0,Composed: Copy with GPU GDI,0.76310000000000,30.43710000000000,16.65300000000000,0.00000000000000,-8.98500000000000,1.84700000000000,0.00000000000000
ruffle.exe,12960,0x0000000000000000,Other,-1,0,0,117.87162080000000,0.00000000000000,22.23690000000000,0,Composed: Copy with GPU GDI,0.58650000000000,24.88280000000000,16.68260000000000,0.00000000000000,-11.81360000000000,11.10680000000000,19.22730000000000
ruffle.exe,12960,0x0000000000000000,Other,-1,0,0,117.89031920000001,0.00000000000000,18.69840000000000,0,Composed: Copy with GPU GDI,0.60380000000000,22.83520000000000,16.65080000000000,0.00000000000000,-11.51470000000000,10.72980000000000,5.84300000000000
ruffle.exe,12960,0x0000000000000000,Other,-1,0,0,117.90402370000001,0.00000000000000,13.70450000000000,0,Composed: Copy with GPU GDI,0.61620000000000,25.81020000000000,16.67950000000000,0.00000000000000,-10.58210000000000,6.76230000000000,0.00000000000000
ruffle.exe,12960,0x0000000000000000,Other,-1,0,0,117.93977470000000,0.00000000000000,35.75100000000000,0,Composed: Copy with GPU GDI,0.85380000000000,6.81490000000000,16.75570000000000,0.00000000000000,-11.32160000000000,11.44140000000000,33.38390000000000
ruffle.exe,12960,0x0000000000000000,Other,-1,0,0,117.96162780000000,0.00000000000000,21.85310000000000,0,Composed: Copy with GPU GDI,0.63290000000000,18.21420000000000,33.25240000000000,0.00000000000000,-11.29780000000000,11.26800000000000,0.00000000000000
ruffle.exe,12960,0x0000000000000000,Other,-1,0,0,117.99006900000001,0.00000000000000,28.44120000000000,0,Composed: Copy with GPU GDI,0.87020000000000,6.43270000000000,16.65970000000000,0.00000000000000,-12.75460000000000,12.81270000000000,0.00000000000000
ruffle.exe,12960,0x0000000000000000,Other,-1,0,0,118.17999020000001,0.00000000000000,189.92120000000000,0,Composed: Copy with GPU GDI,0.68430000000000,16.56090000000000,200.04940000000002,0.00000000000000,-45.24200000000000,45.10730000000000,57.59650000000001
ruffle.exe,12960,0x0000000000000000,Other,-1,0,0,118.20613290000000,0.00000000000000,26.14270000000000,0,Composed: Copy with GPU GDI,0.63780000000000,7.02740000000000,16.60920000000000,0.00000000000000,-16.30890000000000,10.56400000000000,51.72780000000000
ruffle.exe,12960,0x0000000000000000,Other,-1,0,0,118.23014909999999,0.00000000000000,24.01620000000000,0,Composed: Copy with GPU GDI,0.61220000000000,16.31770000000000,33.30650000000000,0.00000000000000,-10.76080000000000,10.80950000000000,0.00000000000000
ruffle.exe,12960,0x0000000000000000,Other,-1,0,0,118.24590070000001,0.00000000000000,15.75160000000000,0,Composed: Copy with GPU GDI,0.61280000000000,17.28630000000000,16.72020000000000,0.00000000000000,-10.40490000000000,10.43690000000000,0.00000000000000
ruffle.exe,12960,0x0000000000000000,Other,-1,0,0,118.25851800000000,0.00000000000000,12.61730000000000,0,Composed: Copy with GPU GDI,0.87690000000000,21.34810000000000,16.67910000000000,0.00000000000000,-12.00450000000000,6.59290000000000,0.00000000000000
ruffle.exe,12960,0x0000000000000000,Other,-1,0,0,118.28459370000000,0.00000000000000,26.07570000000000,0,Composed: Copy with GPU GDI,4.36480000000000,11.87380000000000,16.60140000000000,0.00000000000000,-11.02990000000000,15.19370000000000,0.00000000000000
ruffle.exe,12960,0x0000000000000000,Other,-1,0,0,118.29255030000000,0.00000000000000,7.95660000000000,0,Composed: Copy with GPU GDI,3.02560000000000,20.62040000000000,16.70320000000000,0.00000000000000,-3.59180000000000,5.62970000000000,0.00000000000000
ruffle.exe,12960,0x0000000000000000,Other,-1,0,0,118.30442930000001,0.00000000000000,11.87900000000000,0,Composed: Copy with GPU GDI,0.61990000000000,25.42270000000000,16.68130000000000,0.00000000000000,-7.58350000000000,2.01910000000000,0.00000000000000
ruffle.exe,12960,0x0000000000000000,Other,-1,0,0,118.33118750000000,0.00000000000000,26.75820000000000,0,Composed: Copy with GPU GDI,0.62500000000000,15.40840000000000,16.74390000000000,0.00000000000000,-12.52260000000000,12.56350000000000,0.00000000000000
ruffle.exe,12960,0x0000000000000000,Other,-1,0,0,118.34812840000001,0.00000000000000,16.94090000000000,0,Composed: Copy with GPU GDI,4.70110000000000,15.04170000000000,16.57420000000000,0.00000000000000,-12.53030000000000,16.70820000000000,0.00000000000000
ruffle.exe,12960,0x0000000000000000,Other,-1,0,0,118.36094400000000,0.00000000000000,12.81560000000000,0,Composed: Copy with GPU GDI,0.63560000000000,18.89790000000000,16.67180000000000,0.00000000000000,-2.69840000000000,1.95710000000000,0.00000000000000
ruffle.exe,12960,0x0000000000000000,Other,-1,0,0,118.38465180000001,0.00000000000000,23.70780000000000,0,Composed: Copy with GPU GDI,4.35310000000000,11.88660000000000,16.69650000000000,0.00000000000000,-10.95420000000000,15.12800000000000,0.00000000000000
ruffle.exe,12960,0x0000000000000000,Other,-1,0,0,118.39140660000001,0.00000000000000,6.75480000000000,0,Composed: Copy with GPU GDI,0.76460000000000,21.76830000000000,16.63650000000000,0.00000000000000,-2.40170000000000,1.09610000000000,0.00000000000000
ruffle.exe,12960,0x0000000000000000,Other,-1,0,0,118.41769570000000,0.00000000000000,26.28910000000000,0,Composed: Copy with GPU GDI,0.63670000000000,12.15500000000000,16.67580000000000,0.00000000000000,-14.10060000000000,11.08710000000000,0.00000000000000
ruffle.exe,12960,0x0000000000000000,Other,-1,0,0,118.44222809999999,0.00000000000000,24.53240000000000,0,Composed: Copy with GPU GDI,0.60150000000000,4.23240000000000,16.60980000000000,0.00000000000000,-10.68600000000000,10.75840000000000,0.00000000000000
ruffle.exe,12960,0x0000000000000000,Other,-1,0,0,118.51211350000001,0.00000000000000,69.88540000000000,0,Composed: Copy with GPU GDI,0.65920000000000,17.90710000000000,83.56010000000001,0.00000000000000,-45.73010000000000,45.73360000000000,3.67670000000000
ruffle.exe,12960,0x0000000000000000,Other,-1,0,0,118.55697730000000,0.00000000000000,44.86380000000000,0,Composed: Copy with GPU GDI,0.50090000000000,6.24820000000000,33.20490000000000,0.00000000000000,-34.27500000000000,34.01850000000000,22.43100000000000
ruffle.exe,12960,0x0000000000000000,Other,-1,0,0,118.57891190000001,0.00000000000000,21.93460000000000,0,Composed: Copy with GPU GDI,0.79240000000000,17.61500000000000,33.30140000000000,0.00000000000000,-18.88380000000000,8.45950000000000,0.00000000000000
ruffle.exe,12960,0x0000000000000000,Other,-1,0,0,118.60873230000000,0.00000000000000,29.82040000000000,0,Composed: Copy with GPU GDI,0.58870000000000,4.42500000000000,16.63040000000000,0.00000000000000,-10.52080000000000,10.53760000000000,0.00000000000000
ruffle.exe,12960,0x0000000000000000,Other,-1,0,0,118.62578930000001,0.00000000000000,17.05700000000000,0,Composed: Copy with GPU GDI,0.86400000000000,4.03440000000000,16.66640000000000,0.00000000000000,-11.16100000000000,11.21430000000000,0.00000000000000
ruffle.exe,12960,0x0000000000000000,Other,-1,0,0,118.64772130000000,0.00000000000000,21.93200000000000,0,Composed: Copy with GPU GDI,0.62950000000000,15.49820000000000,33.39580000000000,0.00000000000000,-10.18090000000000,10.18500000000000,0.00000000000000
ruffle.exe,12960,0x0000000000000000,Other,-1,0,0,118.66053280000000,0.00000000000000,12.81150000000000,0,Composed: Copy with GPU GDI,0.89600000000000,19.38070000000000,16.69400000000000,0.00000000000000,-11.29690000000000,7.05650000000000,0.00000000000000
ruffle.exe,12960,0x0000000000000000,Other,-1,0,0,118.68655000000001,0.00000000000000,26.01720000000000,0,Composed: Copy with GPU GDI,0.84610000000000,10.02930000000000,16.66580000000000,0.00000000000000,-9.98770000000000,9.98680000000000,0.00000000000000
ruffle.exe,12960,0x0000000000000000,Other,-1,0,0,118.70066210000000,0.00000000000000,14.11210000000000,0,Composed: Copy with GPU GDI,0.62140000000000,12.57460000000000,16.65740000000000,0.00000000000000,-9.64250000000000,6.38710000000000,0.00000000000000
ruffle.exe,12960,0x0000000000000000,Other,-1,0,0,118.72152060000001,0.00000000000000,20.85850000000000,0,Composed: Copy with GPU GDI,4.40220000000000,8.32980000000000,16.61370000000000,0.00000000000000,-10.32370000000000,14.46230000000000,0.00000000000000
ruffle.exe,12960,0x0000000000000000,Other,-1,0,0,118.72867819999999,0.00000000000000,7.15760000000000,0,Composed: Copy with GPU GDI,0.82690000000000,17.91230000000000,16.74010000000000,0.00000000000000,-2.75540000000000,1.10180000000000,0.00000000000000
ruffle.exe,12960,0x0000000000000000,Other,-1,0,0,118.75366250000000,0.00000000000000,24.98430000000000,0,Composed: Copy with GPU GDI,0.67480000000000,9.56490000000000,16.63690000000000,0.00000000000000,-14.85650000000000,12.17420000000000,0.00000000000000
ruffle.exe,12960,0x0000000000000000,Other,-1,0,0,118.78331820000000,0.00000000000000,29.65570000000000,0,Composed: Copy with GPU GDI,0.82570000000000,13.27010000000000,33.36090000000000,0.00000000000000,-12.22130000000000,12.23570000000000,10.87020000000000
ruffle.exe,12960,0x0000000000000000,Other,-1,0,0,118.83731770000000,0.00000000000000,53.99950000000000,0,Composed: Copy with GPU GDI,0.66970000000000,9.26450000000000,49.99390000000000,0.00000000000000,-45.25260000000000,44.77400000000000,8.90320000000000
ruffle.exe,12960,0x0000000000000000,Other,-1,0,0,118.90288989999999,0.00000000000000,65.57220000000001,0,Composed: Copy with GPU GDI,0.60000000000000,10.32940000000000,66.63710000000000,0.00000000000000,-52.04890000000000,44.28560000000000,0.00000000000000
ruffle.exe,12960,0x0000000000000000,Other,-1,0,0,118.96608300000000,0.00000000000000,63.19310000000000,0,Composed: Copy with GPU GDI,0.62240000000000,13.94430000000000,66.80800000000001,0.00000000000000,-45.42460000000001,45.09380000000000,81.59910000000001
ruffle.exe,12960,0x0000000000000000,Other,-1,0,0,118.99018720000001,0.00000000000000,24.10420000000000,0,Composed: Copy with GPU GDI,0.63120000000000,6.38170000000000,16.54160000000000,0.00000000000000,-20.07730000000000,8.23360000000000,0.00000000000000
ruffle.exe,12960,0x0000000000000000,Other,-1,0,0,119.16418610000001,0.00000000000000,173.99890000000002,0,Composed: Copy with GPU GDI,0.86950000000000,15.74110000000000,183.35830000000001,0.00000000000000,-10.09790000000000,10.27370000000000,123.77740000000000
ruffle.exe,12960,0x0000000000000000,Other,-1,0,0,119.23052159999999,0.00000000000000,66.33550000000000,0,Composed: Copy with GPU GDI,0.88380000000000,16.04540000000000,66.63980000000001,0.00000000000000,-16.64690000000000,10.80970000000000,0.00000000000000
ruffle.exe,12960,0x0000000000000000,Other,-1,0,0,119.27187470000000,0.00000000000000,41.35310000000000,0,Composed: Copy with GPU GDI,0.60060000000000,8.03870000000000,33.34640000000000,0.00000000000000,-11.56890000000000,11.57660000000000,25.46480000000000
ruffle.exe,12960,0x0000000000000000,Other,-1,0,0,119.29730470000000,0.00000000000000,25.43000000000000,0,Composed: Copy with GPU GDI,0.88580000000000,15.94390000000000,33.33520000000000,0.00000000000000,-14.59810000000000,10.58500000000000,24.85790000000000
ruffle.exe,12960,0x0000000000000000,Other,-1,0,0,119.33064710000001,0.00000000000000,33.34240000000000,0,Composed: Copy with GPU GDI,0.61060000000000,15.98340000000000,33.38190000000000,0.00000000000000,-9.76310000000000,9.73660000000000,4.20300000000000
ruffle.exe,12960,0x0000000000000000,Other,-1,0,0,119.34661840000001,0.00000000000000,15.97130000000000,0,Composed: Copy with GPU GDI,0.87670000000000,16.68950000000000,16.67740000000000,0.00000000000000,-12.48160000000000,6.70110000000000,0.00000000000000
ruffle.exe,12960,0x0000000000000000,Other,-1,0,0,119.37092480000000,0.00000000000000,24.30640000000000,0,Composed: Copy with GPU GDI,0.85560000000000,9.02110000000000,16.63800000000000,0.00000000000000,-9.48860000000000,9.60070000000000,0.00000000000000
ruffle.exe,12960,0x0000000000000000,Other,-1,0,0,119.40444970000000,0.00000000000000,33.52490000000000,0,Composed: Copy with GPU GDI,0.64850000000000,8.86310000000000,33.36690000000000,0.00000000000000,-14.26200000000000,10.32190000000000,0.00000000000000
ruffle.exe,12960,0x0000000000000000,Other,-1,0,0,119.43339790000000,0.00000000000000,28.94820000000000,0,Composed: Copy with GPU GDI,0.89290000000000,13.20340000000000,33.28850000000000,0.00000000000000,-11.99680000000000,11.96520000000000,0.00000000000000
ruffle.exe,12960,0x0000000000000000,Other,-1,0,0,119.45996860000000,0.00000000000000,26.57070000000000,0,Composed: Copy with GPU GDI,0.62370000000000,19.98180000000000,33.34910000000000,0.00000000000000,-11.30490000000000,11.31950000000000,1.45120000000000
ruffle.exe,12960,0x0000000000000000,Other,-1,0,0,119.47929250000000,0.00000000000000,19.32390000000000,0,Composed: Copy with GPU GDI,0.84640000000000,17.33960000000000,16.68170000000000,0.00000000000000,-11.71340000000000,7.06630000000000,0.00000000000000
ruffle.exe,12960,0x0000000000000000,Other,-1,0,0,119.50524380000000,0.00000000000000,25.95130000000000,0,Composed: Copy with GPU GDI,0.61110000000000,8.03020000000000,16.64190000000000,0.00000000000000,-9.83490000000000,9.88500000000000,16.80300000000000
ruffle.exe,12960,0x0000000000000000,Other,-1,0,0,119.53018960000000,0.00000000000000,24.94580000000000,0,Composed: Copy with GPU GDI,0.84750000000000,16.45200000000000,33.36760000000000,0.00000000000000,-12.53620000000000,10.01340000000000,25.73500000000000
ruffle.exe,12960,0x0000000000000000,Other,-1,0,0,119.55553390000000,0.00000000000000,25.34430000000000,0,Composed: Copy with GPU GDI,0.86590000000000,7.76520000000000,16.65750000000000,0.00000000000000,-9.59710000000000,9.69380000000000,3.06210000000000
ruffle.exe,12960,0x0000000000000000,Other,-1,0,0,119.57360530000000,0.00000000000000,18.07140000000000,0,Composed: Copy with GPU GDI,0.62910000000000,6.35090000000000,16.65710000000000,0.00000000000000,-12.95120000000000,6.82560000000000,0.00000000000000
ruffle.exe,12960,0x0000000000000000,Other,-1,0,0,119.60291130000002,0.00000000000000,29.30600000000000,0,Composed: Copy with GPU GDI,0.61490000000000,10.36160000000000,33.31670000000000,0.00000000000000,-9.93970000000000,9.93740000000000,18.46510000000000
ruffle.exe,12960,0x0000000000000000,Other,-1,0,0,119.66668550000001,0.00000000000000,63.77420000000000,0,Composed: Copy with GPU GDI,0.64250000000000,13.42370000000000,66.83630000000001,0.00000000000000,-47.39930000000000,47.19960000000000,18.22830000000000
ruffle.exe,12960,0x0000000000000000,Other,-1,0,0,119.71339460000000,0.00000000000000,46.70910000000000,0,Composed: Copy with GPU GDI,0.52570000000000,16.69700000000000,49.98240000000001,0.00000000000000,-40.73730000000000,32.66580000000000,0.00000000000000
ruffle.exe,12960,0x0000000000000000,Other,-1,0,0,119.73213670000001,0.00000000000000,18.74210000000000,0,Composed: Copy with GPU GDI,0.62950000000000,14.50370000000000,16.54880000000000,0.00000000000000,-12.41460000000000,7.86290000000000,0.00000000000000
ruffle.exe,12960,0x0000000000000000,Other,-1,0,0,119.75819920000001,0.00000000000000,26.06250000000000,0,Composed: Copy with GPU GDI,4.90200000000000,21.75760000000000,33.31640000000000,0.00000000000000,-10.22010000000000,14.50620000000000,0.00000000000000
ruffle.exe,12960,0x0000000000000000,Other,-1,0,0,119.76932550000001,0.00000000000000,11.12630000000000,0,Composed: Copy with GPU GDI,0.62480000000000,27.40360000000000,16.77230000000000,0.00000000000000,-1.94240000000000,1.67260000000000,0.00000000000000
ruffle.exe,12960,0x0000000000000000,Other,-1,0,0,119.83509730000000,0.00000000000000,65.77180000000000,0,Composed: Copy with GPU GDI,13.64410000000000,28.26150000000000,66.62970000000000,0.00000000000000,-46.28380000000000,59.67890000000001,42.54300000000000
ruffle.exe,12960,0x0000000000000000,Other,-1,0,0,119.87484329999999,0.00000000000000,39.74600000000000,0,Composed: Copy with GPU GDI,0.49440000000000,5.11990000000000,16.60440000000000,0.00000000000000,-26.10190000000000,16.45550000000000,0.00000000000000
ruffle.exe,12960,0x0000000000000000,Other,-1,0,0,119.94521709999999,0.00000000000000,70.37380000000000,0,Composed: Copy with GPU GDI,0.58090000000000,18.13880000000000,83.39270000000000,0.00000000000000,-47.18870000000000,46.70590000000000,120.79530000000001
ruffle.exe,12960,0x0000000000000000,Other,-1,0,0,119.97563090000001,0.00000000000000,30.41380000000000,0,Composed: Copy with GPU GDI,0.58720000000000,4.31810000000000,16.59310000000000,0.00000000000000,-13.12260000000000,10.56810000000000,0.00000000000000
ruffle.exe,12960,0x0000000000000000,Other,-1,0,0,120.20164240000000,0.00000000000000,226.01150000000001,0,Composed: Copy with GPU GDI,0.65530000000000,11.70430000000000,233.39770000000001,0.00000000000000,-54.90320000000001,54.44370000000000,71.19280000000001
ruffle.exe,12960,0x0000000000000000,Other,-1,0,0,120.24488080000000,0.00000000000000,43.23840000000000,0,Composed: Copy with GPU GDI,0.61180000000000,18.46700000000000,50.00110000000000,0.00000000000000,-18.00230000000000,12.28160000000000,34.37720000000000
ruffle.exe,12960,0x0000000000000000,Other,-1,0,0,120.28132610000000,0.00000000000000,36.44530000000000,0,Composed: Copy with GPU GDI,0.59290000000000,15.38490000000000,33.36320000000000,0.00000000000000,-10.01250000000000,9.93050000000000,22.86090000000000
ruffle.exe,12960,0x0000000000000000,Other,-1,0,0,120.31097330000000,0.00000000000000,29.64720000000000,0,Composed: Copy with GPU GDI,0.61510000000000,19.04720000000000,33.30950000000000,0.00000000000000,-13.67360000000000,10.03630000000000,20.50780000000000
ruffle.exe,12960,0x0000000000000000,Other,-1,0,0,120.34187190000000,0.00000000000000,30.89860000000000,0,Composed: Copy with GPU GDI,0.84420000000000,4.89620000000000,16.74760000000000,0.00000000000000,-9.94610000000000,10.01900000000000,1.36410000000000
ruffle.exe,12960,0x0000000000000000,Other,-1,0,0,120.35734760000000,0.00000000000000,15.47570000000000,0,Composed: Copy with GPU GDI,0.64310000000000,6.00950000000000,16.58900000000000,0.00000000000000,-12.32810000000000,6.81050000000000,0.00000000000000
ruffle.exe,12960,0x0000000000000000,Other,-1,0,0,120.38638860000000,0.00000000000000,29.04100000000000,0,Composed: Copy with GPU GDI,0.62780000000000,10.31070000000000,33.34220000000000,0.00000000000000,-11.40520000000000,11.39540000000000,23.93860000000000
ruffle.exe,12960,0x0000000000000000,Other,-1,0,0,120.41140690000000,0.00000000000000,25.01830000000000,0,Composed: Copy with GPU GDI,0.62050000000000,18.68260000000000,33.39020000000000,0.00000000000000,-12.32770000000000,12.30720000000000,24.97360000000000
ruffle.exe,12960,0x0000000000000000,Other,-1,0,0,120.43455120000000,0.00000000000000,23.14430000000000,0,Composed: Copy with GPU GDI,0.61690000000000,12.11690000000000,16.57860000000000,0.00000000000000,-9.74600000000000,9.84300000000000,8.04160000000000
ruffle.exe,12960,0x0000000000000000,Other,-1,0,0,120.44591430000001,0.00000000000000,11.36310000000000,0,Composed: Copy with GPU GDI,0.65350000000000,17.43990000000000,16.68610000000000,0.00000000000000,-9.36970000000000,6.39570000000000,0.00000000000000
ruffle.exe,12960,0x0000000000000000,Other,-1,0,0,120.46595180000000,0.00000000000000,20.03750000000000,0,Composed: Copy with GPU GDI,4.28150000000000,14.08450000000000,16.68210000000000,0.00000000000000,-9.76520000000000,13.86540000000000,0.00000000000000
ruffle.exe,12960,0x0000000000000000,Other,-1,0,0,120.47519060000000,0.00000000000000,9.23880000000000,0,Composed: Copy with GPU GDI,0.87650000000000,21.51720000000000,16.67150000000000,0.00000000000000,-4.95730000000000,1.57080000000000,0.00000000000000
ruffle.exe,12960,0x0000000000000000,Other,-1,0,0,120.49850760000000,0.00000000000000,23.31700000000000,0,Composed: Copy with GPU GDI,0.59970000000000,14.85180000000000,16.65160000000000,0.00000000000000,-9.81640000000000,9.72760000000000,7.97860000000000
ruffle.exe,12960,0x0000000000000000,Other,-1,0,0,120.50901460000000,0.00000000000000,10.50700000000000,0,Composed: Copy with GPU GDI,0.61300000000000,21.02920000000000,16.68440000000000,0.00000000000000,-9.81100000000000,6.46720000000000,0.00000000000000
ruffle.exe,12960,0x0000000000000000,Other,-1,0,0,120.53128970000000,0.00000000000000,22.27510000000000,0,Composed: Copy with GPU GDI,4.27490000000000,15.44970000000000,16.69560000000000,0.00000000000000,-9.84400000000000,13.80360000000000,8.77240000000000
ruffle.exe,12960,0x0000000000000000,Other,-1,0,0,120.54370080000001,0.00000000000000,12.41110000000000,0,Composed: Copy with GPU GDI,0.83960000000000,19.66490000000000,16.62630000000000,0.00000000000000,-4.07260000000000,1.76790000000000,0.00000000000000
ruffle.exe,12960,0x0000000000000000,Other,-1,0,0,120.56671060000001,0.00000000000000,23.00980000000000,0,Composed: Copy with GPU GDI,0.62690000000000,13.33350000000000,16.67840000000000,0.00000000000000,-9.82230000000000,9.83020000000000,4.24510000000000
ruffle.exe,12960,0x0000000000000000,Other,-1,0,0,120.57735710000000,0.00000000000000,10.64650000000000,0,Composed: Copy with GPU GDI,0.83840000000000,19.37180000000000,16.68480000000000,0.00000000000000,-10.01960000000000,6.55910000000000,0.00000000000000
ruffle.exe,12960,0x0000000000000000,Other,-1,0,0,120.60876700000001,0.00000000000000,31.40990000000000,0,Composed: Copy with GPU GDI,0.62270000000000,4.60040000000000,16.63850000000000,0.00000000000000,-12.00560000000000,11.90440000000000,6.23430000000000
ruffle.exe,12960,0x0000000000000000,Other,-1,0,0,120.62306420000000,0.00000000000000,14.29720000000000,0,Composed: Copy with GPU GDI,0.93600000000000,6.99420000000000,16.69100000000000,0.00000000000000,-11.91470000000000,7.95420000000000,0.00000000000000
ruffle.exe,12960,0x0000000000000000,Other,-1,0,0,120.65352210000000,0.00000000000000,30.45790000000000,0,Composed: Copy with GPU GDI,0.63510000000000,9.85260000000000,33.31630000000000,0.00000000000000,-11.56290000000000,11.55130000000000,19.02480000000000
ruffle.exe,12960,0x0000000000000000,Other,-1,0,0,120.67481479999999,0.00000000000000,21.29270000000000,0,Composed: Copy with GPU GDI,0.83140000000000,5.22880000000000,16.66890000000000,0.00000000000000,-10.58120000000000,10.54930000000000,32.30190000000000
ruffle.exe,12960,0x0000000000000000,Other,-1,0,0,120.70653460000000,0.00000000000000,31.71980000000000,0,Composed: Copy with GPU GDI,0.60760000000000,6.88790000000000,33.37890000000000,0.00000000000000,-10.34690000000000,10.32020000000000,0.00000000000000
ruffle.exe,12960,0x0000000000000000,Other,-1,0,0,120.73218360000001,0.00000000000000,25.64900000000000,0,Composed: Copy with GPU GDI,0.84260000000000,14.54240000000000,33.30350000000000,0.00000000000000,-13.45600000000000,10.61120000000000,0.00000000000000
ruffle.exe,12960,0x0000000000000000,Other,-1,0,0,120.76031200000001,0.00000000000000,28.12840000000000,0,Composed: Copy with GPU GDI,0.64050000000000,19.79290000000000,33.37890000000000,0.00000000000000,-9.72930000000000,9.64350000000000,3.83680000000000
ruffle.exe,12960,0x0000000000000000,Other,-1,0,0,120.77407010000000,0.00000000000000,13.75810000000000,0,Composed: Copy with GPU GDI,0.61910000000000,22.64770000000000,16.61290000000000,0.00000000000000,-11.31660000000000,6.75080000000000,0.00000000000000
ruffle.exe,12960,0x0000000000000000,Other,-1,0,0,120.80069620000000,0.00000000000000,26.62610000000000,0,Composed: Copy with GPU GDI,4.39380000000000,12.70260000000000,16.68100000000000,0.00000000000000,-11.12970000000000,15.36140000000000,6.21750000000000
ruffle.exe,12960,0x0000000000000000,Other,-1,0,0,120.80880040000000,0.00000000000000,8.10420000000000,0,Composed: Copy with GPU GDI,2.84620000000000,21.26540000000000,16.66700000000000,0.00000000000000,-3.71040000000000,5.53330000000000,0.00000000000000
ruffle.exe,12960,0x0000000000000000,Other,-1,0,0,120.81927120000000,0.00000000000000,10.47080000000000,0,Composed: Copy with GPU GDI,0.66140000000000,27.45260000000000,16.65800000000000,0.00000000000000,-7.13940000000000,1.75360000000000,0.00000000000000
ruffle.exe,12960,0x0000000000000000,Other,-1,0,0,120.84423970000000,0.00000000000000,24.96850000000000,0,Composed: Copy with GPU GDI,0.61720000000000,19.19920000000000,16.71510000000000,0.00000000000000,-11.17950000000000,11.11930000000000,23.74990000000000
ruffle.exe,12960,0x0000000000000000,Other,-1,0,0,120.86624020000001,0.00000000000000,22.00050000000000,0,Composed: Copy with GPU GDI,0.85420000000000,13.80170000000000,16.60300000000000,0.00000000000000,-12.91440000000000,10.16680000000000,15.74120000000000
ruffle.exe,12960,0x0000000000000000,Other,-1,0,0,120.87639990000001,0.00000000000000,10.15970000000000,0,Composed: Copy with GPU GDI,0.84000000000000,20.34170000000000,16.69970000000000,0.00000000000000,-6.41190000000000,6.33130000000000,0.00000000000000
ruffle.exe,12960,0x0000000000000000,Other,-1,0,0,120.89917870000001,0.00000000000000,22.77880000000000,0,Composed: Copy with GPU GDI,0.87800000000000,14.22270000000000,16.65980000000000,0.00000000000000,-9.86350000000000,10.03580000000000,0.00000000000000
ruffle.exe,12960,0x0000000000000000,Other,-1,0,0,120.93275830000000,0.00000000000000,33.57960000000000,0,Composed: Copy with GPU GDI,0.84740000000000,30.66500000000000,50.02190000000000,0.00000000000000,-14.20610000000000,10.19490000000000,2.26120000000000
ruffle.exe,12960,0x0000000000000000,Other,-1,0,0,120.96794880000000,0.00000000000000,35.19050000000000,0,Composed: Copy with GPU GDI,0.59110000000000,12.11330000000000,16.63880000000000,0.00000000000000,-9.75490000000000,9.78700000000000,5.47830000000000
ruffle.exe,12960,0x0000000000000000,Other,-1,0,0,121.17093320000001,0.00000000000000,202.98440000000002,0,Composed: Copy with GPU GDI,0.86700000000000,9.19180000000000,200.06290000000001,0.00000000000000,-10.95280000000000,11.13040000000000,28.45560000000000
ruffle.exe,12960,0x0000000000000000,Other,-1,0,0,121.18873720000001,0.00000000000000,17.80400000000000,0,Composed: Copy with GPU GDI,0.86030000000000,8.02410000000000,16.63630000000000,0.00000000000000,-9.41160000000000,9.56720000000000,0.00000000000000
ruffle.exe,12960,0x0000000000000000,Other,-1,0,0,121.22313080000001,0.00000000000000,34.39360000000000,0,Composed: Copy with GPU GDI,0.56090000000000,6.90960000000000,33.27910000000000,0.00000000000000,-12.88370000000000,10.40570000000000,0.00000000000000
ruffle.exe,12960,0x0000000000000000,Other,-1,0,0,121.25135770000000,0.00000000000000,28.22690000000000,0,Composed: Copy with GPU GDI,0.70490000000000,28.83000000000000,50.14730000000000,0.00000000000000,-10.14930000000000,9.40360000000000,8.81790000000000
ruffle.exe,12960,0x0000000000000000,Other,-1,0,0,121.27281160000000,0.00000000000000,21.45390000000000,0,Composed: Copy with GPU GDI,0.86610000000000,23.96800000000000,16.59190000000000,0.00000000000000,-16.94550000000000,6.59080000000000,0.00000000000000
ruffle.exe,12960,0x0000000000000000,Other,-1,0,0,121.30022509999999,0.00000000000000,27.41350000000000,0,Composed: Copy with GPU GDI,3.71380000000000,13.21030000000000,16.65580000000000,0.00000000000000,-13.89740000000000,16.13350000000000,0.00000000000000
ruffle.exe,12960,0x0000000000000000,Other,-1,0,0,121.30647680000001,0.00000000000000,6.25170000000000,0,Composed: Copy with GPU GDI,0.90630000000000,23.68400000000000,16.72540000000000,0.00000000000000,-2.53790000000000,1.09630000000000,0.00000000000000
ruffle.exe,12960,0x0000000000000000,Other,-1,0,0,121.33494500000000,0.00000000000000,28.46820000000000,0,Composed: Copy with GPU GDI,0.88950000000000,28.57160000000000,33.35580000000000,0.00000000000000,-17.46810000000000,12.17020000000000,0.00000000000000
ruffle.exe,12960,0x0000000000000000,Other,-1,0,0,121.36750710000001,0.00000000000000,32.56210000000000,0,Composed: Copy with GPU GDI,0.92000000000000,45.95340000000000,49.94390000000000,0.00000000000000,-10.23500000000000,10.21390000000000,0.00000000000000
ruffle.exe,12960,0x0000000000000000,Other,-1,0,0,121.40864049999999,0.00000000000000,41.13340000000000,0,Composed: Copy with GPU GDI,0.87520000000000,38.13820000000000,33.31820000000000,0.00000000000000,-17.51400000000000,10.62250000000000,0.00000000000000
ruffle.exe,12960,0x0000000000000000,Other,-1,0,0,121.43880790000000,0.00000000000000,30.16740000000000,0,Composed: Copy with GPU GDI,0.87730000000000,24.63130000000000,16.66050000000000,0.00000000000000,-12.28300000000000,9.77700000000000,0.00000000000000
ruffle.exe,12960,0x0000000000000000,Other,-1,0,0,121.46369580000001,0.00000000000000,24.88790000000000,0,Composed: Copy with GPU GDI,0.63520000000000,16.42660000000000,16.68320000000000,0.00000000000000,-14.19980000000000,9.95230000000000,0.00000000000000
ruffle.exe,12960,0x0000000000000000,Other,-1,0,0,121.48409760000000,0.00000000000000,20.40180000000000,0,Composed: Copy with GPU GDI,0.61260000000000,29.38580000000000,33.36100000000000,0.00000000000000,-9.55430000000000,9.28700000000000,0.00000000000000
ruffle.exe,12960,0x0000000000000000,Other,-1,0,0,121.52179280000000,0.00000000000000,37.69520000000000,0,Composed: Copy with GPU GDI,0.58370000000000,25.02180000000000,33.33120000000000,0.00000000000000,-11.27970000000000,11.26930000000000,0.00000000000000
ruffle.exe,12960,0x0000000000000000,Other,-1,0,0,121.55304410000001,0.00000000000000,31.25130000000000,0,Composed: Copy with GPU GDI,0.88970000000000,10.41580000000000,16.64530000000000,0.00000000000000,-11.83880000000000,11.86500000000000,0.00000000000000
ruffle.exe,12960,0x0000000000000000,Other,-1,0,0,121.58875390000000,0.00000000000000,35.70980000000000,0,Composed: Copy with GPU GDI,0.59400000000000,8.07850000000000,33.37250000000000,0.00000000000000,-13.21480000000000,10.00470000000000,0.00000000000000
ruffle.exe,12960,0x0000000000000000,Other,-1,0,0,121.62052650000001,0.00000000000000,31.77260000000000,0,Composed: Copy with GPU GDI,0.60090000000000,9.58200000000000,33.27610000000000,0.00000000000000,-9.90950000000000,9.88140000000000,0.00000000000000
ruffle.exe,12960,0x0000000000000000,Other,-1,0,0,121.65512930000000,0.00000000000000,34.60280000000000,0,Composed: Copy with GPU GDI,0.91040000000000,8.33130000000000,33.35210000000000,0.00000000000000,-14.13850000000000,10.38770000000000,0.00000000000000
ruffle.exe,12960,0x0000000000000000,Other,-1,0,0,121.68382810000000,0.00000000000000,28.69880000000000,0,Composed: Copy with GPU GDI,0.62730000000000,12.97560000000000,33.34310000000000,0.00000000000000,-9.18340000000000,9.31040000000000,0.00000000000000
ruffle.exe,12960,0x0000000000000000,Other,-1,0,0,121.72284089999999,0.00000000000000,39.01280000000000,0,Composed: Copy with GPU GDI,0.81730000000000,7.24720000000000,33.28440000000001,0.00000000000000,-11.76280000000000,11.86490000000000,0.00000000000000
ruffle.exe,12960,0x0000000000000000,Other,-1,0,0,121.75168110000000,0.00000000000000,28.84020000000000,0,Composed: Copy with GPU GDI,0.64920000000000,11.80040000000000,33.39340000000000,0.00000000000000,-10.90290000000000,11.07030000000000,0.00000000000000
ruffle.exe,12960,0x0000000000000000,Other,-1,0,0,121.78933180000000,0.00000000000000,37.65070000000000,0,Composed: Copy with GPU GDI,0.84350000000000,7.46770000000000,33.31800000000000,0.00000000000000,-12.71090000000000,10.55930000000000,0.00000000000000
ruffle.exe,12960,0x0000000000000000,Other,-1,0,0,121.81655030000000,0.00000000000000,27.21850000000000,0,Composed: Copy with GPU GDI,0.66540000000000,13.54520000000000,33.29600000000000,0.00000000000000,-9.28850000000000,9.51070000000000,0.00000000000000
ruffle.exe,12960,0x0000000000000000,Other,-1,0,0,121.85033060000001,0.00000000000000,33.78030000000000,0,Composed: Copy with GPU GDI,0.84860000000000,13.16280000000000,33.39790000000000,0.00000000000000,-11.33620000000000,9.90580000000000,0.00000000000000
ruffle.exe,12960,0x0000000000000000,Other,-1,0,0,121.88486879999999,0.00000000000000,34.53820000000000,0,Composed: Copy with GPU GDI,0.63190000000000,11.94280000000000,33.31820000000000,0.00000000000000,-9.50260000000000,9.64710000000000,0.00000000000000
ruffle.exe,12960,0x0000000000000000,Other,-1,0,0,121.91622000000001,0.00000000000000,31.35120000000000,0,Composed: Copy with GPU GDI,0.80780000000000,30.66880000000000,50.07720000000000,0.00000000000000,-10.05230000000000,9.83400000000000,0.00000000000000
ruffle.exe,12960,0x0000000000000000,Other,-1,0,0,121.96290870000000,0.00000000000000,46.68870000000000,0,Composed: Copy with GPU GDI,0.97160000000000,50.66440000000000,66.68430000000001,0.00000000000000,-19.17240000000000,13.01110000000000,0.00000000000000
ruffle.exe,12960,0x0000000000000000,Other,-1,0,0,122.00564700000000,0.00000000000000,42.73830000000000,0,Composed: Copy with GPU GDI,0.93000000000000,74.51660000000000,66.59050000000001,0.00000000000000,-14.01080000000000,12.04180000000000,0.00000000000000
ruffle.exe,12960,0x0000000000000000,Other,-1,0,1,122.25629970000000,0.00000000000000,250.65270000000001,0,Composed: Copy with GPU GDI,0.88500000000000,0.00000000000000,0.00000000000000,0.00000000000000,-12.92660000000000,10.48140000000000,0.00000000000000
ruffle.exe,12960,0x0000000000000000,Other,-1,0,1,122.31170130000001,0.00000000000000,55.40160000000000,0,Composed: Copy with GPU GDI,0.58910000000000,0.00000000000000,0.00000000000000,0.00000000000000,-12.78950000000000,12.73210000000000,0.00000000000000
ruffle.exe,12960,0x0000000000000000,Other,-1,0,1,122.33230270000000,0.00000000000000,20.60140000000000,0,Composed: Copy with GPU GDI,0.63930000000000,0.00000000000000,0.00000000000000,0.00000000000000,-10.96030000000000,11.09140000000000,0.00000000000000
ruffle.exe,12960,0x0000000000000000,Other,-1,0,1,122.35673160000000,0.00000000000000,24.42890000000000,0,Composed: Copy with GPU GDI,0.61710000000000,0.00000000000000,0.00000000000000,0.00000000000000,-12.85680000000000,10.23000000000000,0.00000000000000
ruffle.exe,12960,0x0000000000000000,Other,-1,0,1,122.37518660000001,0.00000000000000,18.45500000000000,0,Composed: Copy with GPU GDI,0.66580000000000,0.00000000000000,0.00000000000000,0.00000000000000,-9.14910000000000,9.36430000000000,0.00000000000000
ruffle.exe,12960,0x0000000000000000,Other,-1,0,1,122.41038850000001,0.00000000000000,35.20190000000000,0,Composed: Copy with GPU GDI,0.63100000000000,0.00000000000000,0.00000000000000,0.00000000000000,-9.92880000000000,10.05990000000000,0.00000000000000
ruffle.exe,12960,0x0000000000000000,Other,-1,0,1,122.45114300000000,0.00000000000000,40.75450000000000,0,Composed: Copy with GPU GDI,0.63300000000000,0.00000000000000,0.00000000000000,0.00000000000000,-13.11010000000000,10.56580000000000,0.00000000000000
ruffle.exe,12960,0x0000000000000000,Other,-1,0,1,122.47502150000001,0.00000000000000,23.87850000000000,0,Composed: Copy with GPU GDI,0.64550000000000,0.00000000000000,0.00000000000000,0.00000000000000,-9.56640000000000,9.46660000000000,0.00000000000000
ruffle.exe,12960,0x0000000000000000,Other,-1,0,1,122.51197820000000,0.00000000000000,36.95670000000000,0,Composed: Copy with GPU GDI,0.66080000000000,0.00000000000000,0.00000000000000,0.00000000000000,-11.20660000000000,11.42640000000000,0.00000000000000
ruffle.exe,12960,0x0000000000000000,Other,-1,0,1,122.54418540000000,0.00000000000000,32.20720000000000,0,Composed: Copy with GPU GDI,0.60040000000000,0.00000000000000,0.00000000000000,0.00000000000000,-11.30290000000000,11.30380000000000,0.00000000000000
ruffle.exe,12960,0x0000000000000000,Other,-1,0,1,122.57725950000000,0.00000000000000,33.07410000000000,0,Composed: Copy with GPU GDI,0.59740000000000,0.00000000000000,0.00000000000000,0.00000000000000,-9.82510000000000,9.79880000000000,0.00000000000000
ruffle.exe,12960,0x0000000000000000,Other,-1,0,1,122.60816060000001,0.00000000000000,30.90110000000000,0,Composed: Copy with GPU GDI,0.66250000000000,0.00000000000000,0.00000000000000,0.00000000000000,-9.19900000000000,9.41530000000000,0.00000000000000
ruffle.exe,12960,0x0000000000000000,Other,-1,0,1,122.64123570000001,0.00000000000000,33.07510000000000,0,Composed: Copy with GPU GDI,0.65680000000000,0.00000000000000,0.00000000000000,0.00000000000000,-9.31960000000000,9.53010000000000,0.00000000000000
ruffle.exe,12960,0x0000000000000000,Other,-1,0,1,122.68179400000000,0.00000000000000,40.55830000000000,0,Composed: Copy with GPU GDI,0.66980000000000,0.00000000000000,0.00000000000000,0.00000000000000,-13.66030000000000,10.48280000000000,0.00000000000000
ruffle.exe,12960,0x0000000000000000,Other,-1,0,1,122.71089470000001,0.00000000000000,29.10070000000000,0,Composed: Copy with GPU GDI,0.58020000000000,0.00000000000000,0.00000000000000,0.00000000000000,-11.10850000000000,11.07490000000000,0.00000000000000
ruffle.exe,12960,0x0000000000000000,Other,-1,0,1,122.74988020000001,0.00000000000000,38.98550000000000,0,Composed: Copy with GPU GDI,0.64370000000000,0.00000000000000,0.00000000000000,0.00000000000000,-11.54630000000000,11.71570000000000,0.00000000000000
ruffle.exe,12960,0x0000000000000000,Other,-1,0,1,122.77794760000000,0.00000000000000,28.06740000000000,0,Composed: Copy with GPU GDI,0.61080000000000,0.00000000000000,0.00000000000000,0.00000000000000,-13.36220000000000,9.99890000000000,0.00000000000000
ruffle.exe,12960,0x0000000000000000,Other,-1,0,1,122.80730350000000,0.00000000000000,29.35590000000000,0,Composed: Copy with GPU GDI,0.63390000000000,0.00000000000000,0.00000000000000,0.00000000000000,-9.17300000000000,9.31780000000000,0.00000000000000
ruffle.exe,12960,0x0000000000000000,Other,-1,0,1,122.84629580000001,0.00000000000000,38.99230000000000,0,Composed: Copy with GPU GDI,0.57560000000000,0.00000000000000,0.00000000000000,0.00000000000000,-12.47290000000000,10.26410000000000,0.00000000000000
ruffle.exe,12960,0x0000000000000000,Other,-1,0,1,122.88079770000000,0.00000000000000,34.50190000000000,0,Composed: Copy with GPU GDI,0.60480000000000,0.00000000000000,0.00000000000000,0.00000000000000,-10.27380000000000,10.27350000000000,0.00000000000000
ruffle.exe,12960,0x0000000000000000,Other,-1,0,1,122.90785679999999,0.00000000000000,27.05910000000000,0,Composed: Copy with GPU GDI,0.60470000000000,0.00000000000000,0.00000000000000,0.00000000000000,-9.72470000000000,9.73930000000000,0.00000000000000
ruffle.exe,12960,0x0000000000000000,Other,-1,0,1,122.94432170000000,0.00000000000000,36.46490000000000,0,Composed: Copy with GPU GDI,0.60650000000000,0.00000000000000,0.00000000000000,0.00000000000000,-11.40160000000000,11.34810000000000,0.00000000000000
ruffle.exe,12960,0x0000000000000000,Other,-1,0,1,122.97736200000000,0.00000000000000,33.04030000000000,0,Composed: Copy with GPU GDI,0.59420000000000,0.00000000000000,0.00000000000000,0.00000000000000,-11.02980000000000,11.06270000000000,0.00000000000000
ruffle.exe,12960,0x0000000000000000,Other,-1,0,1,123.13564150000001,0.00000000000000,158.27950000000001,0,Composed: Copy with GPU GDI,0.60260000000000,0.00000000000000,0.00000000000000,0.00000000000000,-10.89660000000000,10.89850000000000,0.00000000000000
ruffle.exe,12960,0x0000000000000000,Other,-1,0,1,123.15749730000000,0.00000000000000,21.85580000000000,0,Composed: Copy with GPU GDI,0.68150000000000,0.00000000000000,0.00000000000000,0.00000000000000,-11.37900000000000,11.42670000000000,0.00000000000000
ruffle.exe,12960,0x0000000000000000,Other,-1,0,1,123.17970470000000,0.00000000000000,22.20740000000000,0,Composed: Copy with GPU GDI,0.60860000000000,0.00000000000000,0.00000000000000,0.00000000000000,-11.54480000000000,11.50640000000000,0.00000000000000
ruffle.exe,12960,0x0000000000000000,Other,-1,0,1,123.21911630000000,0.00000000000000,39.41160000000000,0,Composed: Copy with GPU GDI,0.65910000000000,0.00000000000000,0.00000000000000,0.00000000000000,-14.48430000000000,10.11690000000000,0.00000000000000
ruffle.exe,12960,0x0000000000000000,Other,-1,0,1,123.24443600000001,0.00000000000000,25.31970000000000,0,Composed: Copy with GPU GDI,0.60970000000000,0.00000000000000,0.00000000000000,0.00000000000000,-9.81630000000000,9.88680000000000,0.00000000000000
ruffle.exe,12960,0x0000000000000000,Other,-1,0,1,123.27717579999999,0.00000000000000,32.73980000000000,0,Composed: Copy with GPU GDI,0.61140000000000,0.00000000000000,0.00000000000000,0.00000000000000,-11.94710000000000,9.99580000000000,0.00000000000000
ruffle.exe,12960,0x0000000000000000,Other,-1,0,1,123.30832740000000,0.00000000000000,31.15160000000000,0,Composed: Copy with GPU GDI,0.58750000000000,0.00000000000000,0.00000000000000,0.00000000000000,-9.27130000000000,9.28300000000000,0.00000000000000
ruffle.exe,12960,0x0000000000000000,Other,-1,0,1,123.34163330000000,0.00000000000000,33.30590000000000,0,Composed: Copy with GPU GDI,0.62500000000000,0.00000000000000,0.00000000000000,0.00000000000000,-9.78960000000000,9.90510000000000,0.00000000000000
ruffle.exe,12960,0x0000000000000000,Other,-1,0,1,123.38155610000000,0.00000000000000,39.92280000000000,0,Composed: Copy with GPU GDI,0.63370000000000,0.00000000000000,0.00000000000000,0.00000000000000,-11.52800000000000,11.50900000000000,0.00000000000000
ruffle.exe,12960,0x0000000000000000,Other,-1,0,1,123.41184579999999,0.00000000000000,30.28970000000000,0,Composed: Copy with GPU GDI,0.83100000000000,0.00000000000000,0.00000000000000,0.00000000000000,-11.71410000000000,11.80300000000000,0.00000000000000
ruffle.exe,12960,0x0000000000000000,Other,-1,0,1,123.44468610000001,0.00000000000000,32.84030000000000,0,Composed: Copy with GPU GDI,0.64300000000000,0.00000000000000,0.00000000000000,0.00000000000000,-12.28050000000000,10.24320000000000,0.00000000000000
ruffle.exe,12960,0x0000000000000000,Other,-1,0,1,123.47393300000000,0.00000000000000,29.24690000000000,0,Composed: Copy with GPU GDI,0.65620000000000,0.00000000000000,0.00000000000000,0.00000000000000,-9.21140000000000,9.38770000000000,0.00000000000000
ruffle.exe,12960,0x0000000000000000,Other,-1,0,1,123.50807840000000,0.00000000000000,34.14540000000000,0,Composed: Copy with GPU GDI,0.65900000000000,0.00000000000000,0.00000000000000,0.00000000000000,-9.61400000000000,9.80000000000000,0.00000000000000
ruffle.exe,12960,0x0000000000000000,Other,-1,0,1,123.54082610000000,0.00000000000000,32.74770000000000,0,Composed: Copy with GPU GDI,0.59530000000000,0.00000000000000,0.00000000000000,0.00000000000000,-9.50250000000000,9.47750000000000,0.00000000000000
ruffle.exe,12960,0x0000000000000000,Other,-1,0,1,123.57816630000001,0.00000000000000,37.34020000000000,0,Composed: Copy with GPU GDI,0.85200000000000,0.00000000000000,0.00000000000000,0.00000000000000,-11.72100000000000,11.76170000000000,0.00000000000000
ruffle.exe,12960,0x0000000000000000,Other,-1,0,1,123.61282720000000,0.00000000000000,34.66090000000001,0,Composed: Copy with GPU GDI,0.61770000000000,0.00000000000000,0.00000000000000,0.00000000000000,-10.96750000000000,11.05050000000000,0.00000000000000
ruffle.exe,12960,0x0000000000000000,Other,-1,0,1,123.64595170000001,0.00000000000000,33.12450000000000,0,Composed: Copy with GPU GDI,0.65640000000000,0.00000000000000,0.00000000000000,0.00000000000000,-9.45590000000000,9.58670000000000,0.00000000000000
ruffle.exe,12960,0x0000000000000000,Other,-1,0,1,123.68191870000000,0.00000000000000,35.96700000000000,0,Composed: Copy with GPU GDI,0.64190000000000,0.00000000000000,0.00000000000000,0.00000000000000,-14.05520000000000,10.47220000000000,0.00000000000000
ruffle.exe,12960,0x0000000000000000,Other,-1,0,1,123.70755439999999,0.00000000000000,25.63570000000000,0,Composed: Copy with GPU GDI,0.63680000000000,0.00000000000000,0.00000000000000,0.00000000000000,-9.16830000000000,9.32540000000000,0.00000000000000
ruffle.exe,12960,0x0000000000000000,Other,-1,0,1,123.74425060000000,0.00000000000000,36.69620000000000,0,Composed: Copy with GPU GDI,0.66270000000000,0.00000000000000,0.00000000000000,0.00000000000000,-12.29620000000000,10.34100000000000,0.00000000000000
ruffle.exe,12960,0x0000000000000000,Other,-1,0,0,123.78119890000001,0.00000000000000,36.94830000000000,0,Composed: Copy with GPU GDI,7.66510000000000,32.50650000000000,1733.54180000000019,0.00000000000000,-9.64830000000000,9.34060000000000,0.00000000000000
ruffle.exe,12960,0x0000000000000000,Other,-1,0,0,123.81582480000000,0.00000000000000,34.62590000000000,0,Composed: Copy with GPU GDI,3.53540000000000,31.12710000000000,33.24650000000000,0.00000000000000,-14.46650000000000,11.43960000000000,0.00000000000000
ruffle.exe,12960,0x0000000000000000,Other,-1,0,1,123.84807420000000,0.00000000000000,32.24940000000000,0,Composed: Copy with GPU GDI,0.59920000000000,0.00000000000000,0.00000000000000,0.00000000000000,-11.71050000000000,11.65110000000000,0.00000000000000
ruffle.exe,12960,0x0000000000000000,Other,-1,0,1,123.87608260000000,0.00000000000000,28.00840000000000,0,Composed: Copy with GPU GDI,0.61120000000000,0.00000000000000,0.00000000000000,0.00000000000000,-9.43180000000000,9.47790000000000,0.00000000000000
ruffle.exe,12960,0x0000000000000000,Other,-1,0,1,123.91434260000001,0.00000000000000,38.26000000000001,0,Composed: Copy with GPU GDI,0.62990000000000,0.00000000000000,0.00000000000000,0.00000000000000,-10.42080000000000,10.48660000000000,0.00000000000000
ruffle.exe,12960,0x0000000000000000,Other,-1,0,1,123.94153140000002,0.00000000000000,27.18880000000000,0,Composed: Copy with GPU GDI,0.64060000000000,0.00000000000000,0.00000000000000,0.00000000000000,-9.61010000000000,9.47570000000000,0.00000000000000
ruffle.exe,12960,0x0000000000000000,Other,-1,0,0,123.97616230000000,0.00000000000000,34.63090000000000,0,Composed: Copy with GPU GDI,0.85210000000000,54.17200000000000,183.38240000000002,0.00000000000000,-11.99730000000000,9.94500000000000,0.00000000000000
ruffle.exe,12960,0x0000000000000000,Other,-1,0,0,124.15741050000000,0.00000000000000,181.24820000000000,0,Composed: Copy with GPU GDI,0.89950000000000,22.94900000000000,150.02520000000001,0.00000000000000,-13.40090000000000,10.35750000000000,0.00000000000000
ruffle.exe,12960,0x0000000000000000,Other,-1,0,1,124.16942480000000,0.00000000000000,12.01430000000000,0,Composed: Copy with GPU GDI,0.60620000000000,0.00000000000000,0.00000000000000,0.00000000000000,-11.11480000000000,9.44650000000000,0.00000000000000
ruffle.exe,12960,0x0000000000000000,Other,-1,0,1,124.19143680000001,0.00000000000000,22.01200000000000,0,Composed: Copy with GPU GDI,0.80790000000000,0.00000000000000,0.00000000000000,0.00000000000000,-10.02240000000000,9.95110000000000,0.00000000000000
ruffle.exe,12960,0x0000000000000000,Other,-1,0,1,124.21455290000000,0.00000000000000,23.11610000000000,0,Composed: Copy with GPU GDI,0.63080000000000,0.00000000000000,0.00000000000000,0.00000000000000,-13.11890000000000,10.07330000000000,0.00000000000000
ruffle.exe,12960,0x0000000000000000,Other,-1,0,1,124.24887910000001,0.00000000000000,34.32620000000000,0,Composed: Copy with GPU GDI,0.61010000000000,0.00000000000000,0.00000000000000,0.00000000000000,-11.50330000000000,11.60500000000000,0.00000000000000
ruffle.exe,12960,0x0000000000000000,Other,-1,0,1,124.27727420000001,0.00000000000000,28.39510000000000,0,Composed: Copy with GPU GDI,0.60550000000000,0.00000000000000,0.00000000000000,0.00000000000000,-11.13650000000000,11.09650000000000,0.00000000000000
ruffle.exe,12960,0x0000000000000000,Other,-1,0,1,124.31288790000001,0.00000000000000,35.61370000000000,0,Composed: Copy with GPU GDI,0.65290000000000,0.00000000000000,0.00000000000000,0.00000000000000,-9.55870000000000,9.66260000000000,0.00000000000000
ruffle.exe,12960,0x0000000000000000,Other,-1,0,1,124.34252060000000,0.00000000000000,29.63270000000000,0,Composed: Copy with GPU GDI,0.63030000000000,0.00000000000000,0.00000000000000,0.00000000000000,-9.77440000000000,9.89830000000000,0.00000000000000
ruffle.exe,12960,0x0000000000000000,Other,-1,0,1,124.37373850000002,0.00000000000000,31.21790000000000,0,Composed: Copy with GPU GDI,0.60370000000000,0.00000000000000,0.00000000000000,0.00000000000000,-9.25670000000000,9.33300000000000,0.00000000000000
ruffle.exe,12960,0x0000000000000000,Other,-1,0,1,124.41535210000001,0.00000000000000,41.61360000000001,0,Composed: Copy with GPU GDI,0.59440000000000,0.00000000000000,0.00000000000000,0.00000000000000,-13.20070000000000,10.33870000000000,0.00000000000000
ruffle.exe,12960,0x0000000000000000,Other,-1,0,1,124.44674210000001,0.00000000000000,31.39000000000000,0,Composed: Copy with GPU GDI,0.60220000000000,0.00000000000000,0.00000000000000,0.00000000000000,-11.16220000000000,11.23610000000000,0.00000000000000
ruffle.exe,12960,0x0000000000000000,Other,-1,0,1,124.48262540000000,0.00000000000000,35.88330000000000,0,Composed: Copy with GPU GDI,0.64430000000000,0.00000000000000,0.00000000000000,0.00000000000000,-11.00260000000000,11.14260000000000,0.00000000000000
ruffle.exe,12960,0x0000000000000000,Other,-1,0,1,124.51134860000001,0.00000000000000,28.72320000000000,0,Composed: Copy with GPU GDI,0.62340000000000,0.00000000000000,0.00000000000000,0.00000000000000,-9.70980000000000,9.71050000000000,0.00000000000000
ruffle.exe,12960,0x0000000000000000,Other,-1,0,0,124.54317780000001,0.00000000000000,31.82920000000000,0,Composed: Copy with GPU GDI,0.63940000000000,20.53680000000000,383.35509999999999,0.00000000000000,-9.07540000000000,9.20700000000000,0.00000000000000
ruffle.exe,12960,0x0000000000000000,Other,-1,0,1,124.57565960000001,0.00000000000000,32.48180000000000,0,Composed: Copy with GPU GDI,0.60380000000000,0.00000000000000,0.00000000000000,0.00000000000000,-9.58540000000000,9.51310000000000,0.00000000000000
ruffle.exe,12960,0x0000000000000000,Other,-1,0,1,124.61226200000000,0.00000000000000,36.60240000000000,0,Composed: Copy with GPU GDI,0.59130000000000,0.00000000000000,0.00000000000000,0.00000000000000,-12.05150000000000,9.96120000000000,0.00000000000000
ruffle.exe,12960,0x0000000000000000,Other,-1,0,1,124.64934610000000,0.00000000000000,37.08410000000000,0,Composed: Copy with GPU GDI,0.64280000000000,0.00000000000000,0.00000000000000,0.00000000000000,-9.95780000000000,9.91410000000000,0.00000000000000
ruffle.exe,12960,0x0000000000000000,Other,-1,0,1,124.68545500000000,0.00000000000000,36.10890000000000,0,Composed: Copy with GPU GDI,0.62440000000000,0.00000000000000,0.00000000000000,0.00000000000000,-16.31150000000000,12.15870000000000,0.00000000000000
ruffle.exe,12960,0x0000000000000000,Other,-1,0,0,124.72452340000001,0.00000000000000,39.06840000000000,0,Composed: Copy with GPU GDI,0.87860000000000,22.66130000000000,183.47010000000000,0.00000000000000,-17.03520000000000,11.28070000000000,0.00000000000000
ruffle.exe,12960,0x0000000000000000,Other,-1,0,0,124.75188300000001,0.00000000000000,27.35960000000000,0,Composed: Copy with GPU GDI,0.65100000000000,28.55730000000000,33.25560000000000,0.00000000000000,-13.31480000000000,10.17290000000000,0.00000000000000
ruffle.exe,12960,0x0000000000000000,Other,-1,0,1,124.78188810000000,0.00000000000000,30.00510000000000,0,Composed: Copy with GPU GDI,0.59330000000000,0.00000000000000,0.00000000000000,0.00000000000000,-9.32310000000000,9.34950000000000,0.00000000000000
ruffle.exe,12960,0x0000000000000000,Other,-1,0,1,124.81330420000000,0.00000000000000,31.41610000000000,0,Composed: Copy with GPU GDI,0.60140000000000,0.00000000000000,0.00000000000000,0.00000000000000,-13.13970000000000,10.00950000000000,0.00000000000000
ruffle.exe,12960,0x0000000000000000,Other,-1,0,1,124.84384280000000,0.00000000000000,30.53860000000000,0,Composed: Copy with GPU GDI,0.62610000000000,0.00000000000000,0.00000000000000,0.00000000000000,-9.74630000000000,9.87110000000000,0.00000000000000
ruffle.exe,12960,0x0000000000000000,Other,-1,0,0,124.89947810000000,0.00000000000000,55.63530000000000,0,Composed: Copy with GPU GDI,0.64110000000000,30.90180000000000,149.93960000000001,0.00000000000000,-16.49430000000000,12.00690000000000,0.00000000000000
ruffle.exe,12960,0x0000000000000000,Other,-1,0,0,124.91745970000001,0.00000000000000,17.98160000000000,0,Composed: Copy with GPU GDI,0.62320000000000,29.68390000000000,16.76370000000000,0.00000000000000,-11.65320000000000,11.40840000000000,0.00000000000000
