Application,ProcessID,SwapChainAddress,Runtime,SyncInterval,PresentFlags,Dropped,TimeInSeconds,msInPresentAPI,msBetweenPresents,AllowsTearing,PresentMode,msUntilRenderComplete,msUntilDisplayed,msBetweenDisplayChange,msFlipDelay,msUntilRenderStart,msGPUActive,msSinceInput
ruffle.exe,6812,0x0000000000000000,Other,-1,0,0,20.30975080000000,0.00000000000000,117.41640000000001,0,Composed: Copy with GPU GDI,1.16280000000000,30.52540000000000,116.59720000000000,0.00000000000000,-115.54330000000000,34.19420000000000,101.04850000000000
ruffle.exe,6812,0x0000000000000000,Other,-1,0,0,20.52565350000000,0.00000000000000,215.90270000000001,0,Composed: Copy with GPU GDI,1.21650000000000,31.28440000000000,216.66170000000000,0.00000000000000,-213.49810000000002,52.96850000000001,186.94450000000001
ruffle.exe,6812,0x0000000000000000,Other,-1,0,0,20.60898330000000,0.00000000000000,83.32980000000001,0,Composed: Copy with GPU GDI,1.19210000000000,31.25030000000000,83.29570000000001,0.00000000000000,-81.73760000000000,28.01880000000000,68.28850000000000
ruffle.exe,6812,0x0000000000000000,Other,-1,0,0,20.87603710000000,0.00000000000000,267.05380000000002,0,Composed: Copy with GPU GDI,1.19790000000000,30.98060000000000,266.78410000000002,0.00000000000000,-265.28899999999999,72.61210000000000,193.32080000000002
ruffle.exe,6812,0x0000000000000000,Other,-1,0,0,21.50971610000000,0.00000000000000,633.67899999999997,0,Composed: Copy with GPU GDI,1.16500000000000,30.62790000000000,633.32630000000006,0.00000000000000,-392.26050000000004,45.15040000000000,397.01340000000005
ruffle.exe,6812,0x0000000000000000,Other,-1,0,0,21.72618720000000,0.00000000000000,216.47110000000001,0,Composed: Copy with GPU GDI,1.17660000000000,30.83970000000000,216.68290000000002,0.00000000000000,-213.85950000000000,49.42000000000000,173.44780000000000
ruffle.exe,6812,0x0000000000000000,Other,-1,0,0,22.32625550000000,0.00000000000000,600.06830000000002,0,Composed: Copy with GPU GDI,1.16900000000000,30.92000000000000,600.14859999999999,0.00000000000000,-598.78859999999997,96.78240000000001,239.45840000000001
ruffle.exe,6812,0x0000000000000000,Other,-1,0,0,22.46018470000000,0.00000000000000,133.92920000000001,0,Composed: Copy with GPU GDI,1.17480000000000,30.28570000000000,133.29490000000001,0.00000000000000,-131.98670000000001,36.16330000000000,0.00000000000000
ruffle.exe,6812,0x0000000000000000,Other,-1,0,0,23.06080660000000,0.00000000000000,600.62189999999998,0,Composed: Copy with GPU GDI,1.09370000000000,29.69060000000000,600.02679999999998,0.00000000000000,-598.66290000000004,136.09050000000002,574.02310000000000
ruffle.exe,6812,0x0000000000000000,Other,-1,0,0,23.75973710000000,0.00000000000000,698.93050000000005,0,Composed: Copy with GPU GDI,1.11920000000000,30.80360000000000,700.04349999999999,0.00000000000000,-697.19880000000001,122.07170000000001,370.96110000000004
ruffle.exe,6812,0x0000000000000000,Other,-1,0,0,24.21153980000000,0.00000000000000,451.80270000000002,0,Composed: Copy with GPU GDI,3.74300000000000,29.06500000000000,450.06410000000000,0.00000000000000,-449.90860000000004,83.76770000000000,376.72940000000000
ruffle.exe,6812,0x0000000000000000,Other,-1,0,0,24.74306630000000,0.00000000000000,531.52650000000006,0,Composed: Copy with GPU GDI,1.16770000000000,30.89780000000000,533.35930000000008,0.00000000000000,-527.78350000000000,118.78170000000000,556.23480000000006
ruffle.exe,6812,0x0000000000000000,Other,-1,0,0,25.19339110000000,0.00000000000000,450.32480000000004,0,Composed: Copy with GPU GDI,1.16840000000000,30.66370000000000,450.09070000000003,0.00000000000000,-447.92990000000003,81.61690000000000,286.56680000000000
ruffle.exe,6812,0x0000000000000000,Other,-1,0,0,25.49308460000000,0.00000000000000,299.69350000000003,0,Composed: Copy with GPU GDI,1.19890000000000,30.92530000000000,299.95510000000002,0.00000000000000,-296.61730000000000,61.11130000000000,458.22720000000004
ruffle.exe,6812,0x0000000000000000,Other,-1,0,0,25.84313620000000,0.00000000000000,350.05160000000001,0,Composed: Copy with GPU GDI,1.16190000000000,30.93620000000000,350.06250000000000,0.00000000000000,-345.81319999999999,88.44530000000000,334.24340000000001
ruffle.exe,6812,0x0000000000000000,Other,-1,0,0,26.74412380000000,0.00000000000000,900.98760000000004,0,Composed: Copy with GPU GDI,1.14770000000000,30.04480000000000,900.09620000000007,0.00000000000000,-897.30150000000003,150.40760000000000,675.21019999999999
ruffle.exe,6812,0x0000000000000000,Other,-1,0,0,27.79321030000000,0.00000000000000,1049.08650000000011,0,Composed: Copy with GPU GDI,1.21260000000000,31.00530000000000,1050.04700000000003,0.00000000000000,-1047.16139999999996,199.07120000000000,970.30080000000009
ruffle.exe,6812,0x0000000000000000,Other,-1,0,0,28.01018030000000,0.00000000000000,216.97000000000000,0,Composed: Copy with GPU GDI,1.20120000000000,30.74180000000000,216.70650000000001,0.00000000000000,-215.64710000000002,29.71140000000000,85.23680000000000
ruffle.exe,6812,0x0000000000000000,Other,-1,0,0,28.19333040000000,0.00000000000000,183.15010000000001,0,Composed: Copy with GPU GDI,1.22920000000000,30.91080000000000,183.31910000000002,0.00000000000000,-181.67690000000002,45.78470000000000,0.00000000000000
ruffle.exe,6812,0x0000000000000000,Other,-1,0,0,28.29323870000000,0.00000000000000,99.90830000000001,0,Composed: Copy with GPU GDI,1.23370000000000,31.01370000000000,100.01120000000000,0.00000000000000,-98.58880000000001,32.24410000000000,52.23460000000000
ruffle.exe,6812,0x0000000000000000,Other,-1,0,0,28.49423440000000,0.00000000000000,200.99570000000000,0,Composed: Copy with GPU GDI,1.21370000000000,30.03280000000000,200.01480000000001,0.00000000000000,-199.76200000000000,56.52790000000000,205.31820000000002
ruffle.exe,6812,0x0000000000000000,Other,-1,0,0,28.65994080000000,0.00000000000000,165.70640000000000,0,Composed: Copy with GPU GDI,1.24080000000000,31.03400000000000,166.70760000000001,0.00000000000000,-163.66190000000000,52.03680000000000,174.99950000000001
ruffle.exe,6812,0x0000000000000000,Other,-1,0,0,28.99305850000000,0.00000000000000,333.11770000000001,0,Composed: Copy with GPU GDI,1.17870000000000,31.28730000000000,333.37100000000004,0.00000000000000,-331.87690000000003,55.92410000000000,0.00000000000000
ruffle.exe,6812,0x0000000000000000,Other,-1,0,0,29.07664020000000,0.00000000000000,83.58170000000000,0,Composed: Copy with GPU GDI,1.17420000000000,31.01260000000000,83.30700000000000,0.00000000000000,-81.60080000000001,26.50150000000000,0.00000000000000
ruffle.exe,6812,0x0000000000000000,Other,-1,0,0,29.72653160000000,0.00000000000000,649.89139999999998,0,Composed: Copy with GPU GDI,1.19860000000000,31.24150000000000,650.12030000000004,0.00000000000000,-646.86380000000008,160.08500000000001,613.57400000000007
ruffle.exe,6812,0x0000000000000000,Other,-1,0,0,30.52645050000000,0.00000000000000,799.91890000000001,0,Composed: Copy with GPU GDI,1.20740000000000,31.34330000000000,800.02070000000003,0.00000000000000,-798.12020000000007,162.86290000000000,685.36990000000003
ruffle.exe,6812,0x0000000000000000,Other,-1,0,0,30.70998560000000,0.00000000000000,183.53510000000000,0,Composed: Copy with GPU GDI,1.18400000000000,31.15180000000000,183.34360000000001,0.00000000000000,-181.57130000000001,47.73120000000000,114.97160000000001
ruffle.exe,6812,0x0000000000000000,Other,-1,0,0,31.02700430000000,0.00000000000000,317.01870000000002,0,Composed: Copy with GPU GDI,1.19930000000000,30.84590000000000,316.71280000000002,0.00000000000000,-314.53180000000003,54.95570000000000,153.97850000000000
ruffle.exe,6812,0x0000000000000000,Other,-1,0,0,31.29366170000000,0.00000000000000,266.65740000000000,0,Composed: Copy with GPU GDI,1.18790000000000,30.84920000000000,266.66070000000002,0.00000000000000,-264.84100000000001,63.04650000000000,226.59140000000002
ruffle.exe,6812,0x0000000000000000,Other,-1,0,0,31.37759620000000,0.00000000000000,83.93450000000000,0,Composed: Copy with GPU GDI,1.17530000000000,30.29760000000000,83.38290000000001,0.00000000000000,-82.39030000000001,28.62150000000000,48.55520000000000
ruffle.exe,6812,0x0000000000000000,Other,-1,0,0,31.56023640000000,0.00000000000000,182.64020000000002,0,Composed: Copy with GPU GDI,1.20900000000000,30.98660000000000,183.32920000000001,0.00000000000000,-181.20840000000001,43.54830000000000,145.14780000000002
ruffle.exe,6812,0x0000000000000000,Other,-1,0,0,31.62682640000000,0.00000000000000,66.59000000000000,0,Composed: Copy with GPU GDI,1.22470000000000,31.06470000000000,66.66810000000001,0.00000000000000,-54.02880000000000,16.97010000000000,61.79330000000000
ruffle.exe,6812,0x0000000000000000,Other,-1,0,0,31.77709140000000,0.00000000000000,150.26500000000001,0,Composed: Copy with GPU GDI,1.22220000000000,30.84820000000000,150.04850000000002,0.00000000000000,-137.16790000000000,30.77710000000000,140.05110000000002
ruffle.exe,6812,0x0000000000000000,Other,-1,0,0,31.99343420000000,0.00000000000000,216.34280000000001,0,Composed: Copy with GPU GDI,1.18960000000000,31.15800000000000,216.65260000000001,0.00000000000000,-76.96670000000000,22.01480000000000,82.37960000000001
ruffle.exe,6812,0x0000000000000000,Other,-1,0,0,32.09364180000000,0.00000000000000,100.20760000000000,0,Composed: Copy with GPU GDI,1.22280000000000,30.94600000000000,99.99560000000001,0.00000000000000,-88.41950000000000,17.84520000000000,94.59990000000001
ruffle.exe,6812,0x0000000000000000,Other,-1,0,0,32.14334780000000,0.00000000000000,49.70600000000000,0,Composed: Copy with GPU GDI,1.22600000000000,31.23430000000000,49.99430000000000,0.00000000000000,-36.37620000000000,9.62840000000000,42.26900000000001
ruffle.exe,6812,0x0000000000000000,Other,-1,0,0,32.22650000000000,0.00000000000000,83.15220000000001,0,Composed: Copy with GPU GDI,1.20910000000000,31.44470000000000,83.36260000000000,0.00000000000000,-66.99560000000001,19.05030000000000,71.43800000000000
ruffle.exe,6812,0x0000000000000000,Other,-1,0,0,32.29349820000000,0.00000000000000,66.99820000000000,0,Composed: Copy with GPU GDI,1.21820000000000,31.09750000000000,66.65100000000000,0.00000000000000,-50.91360000000000,14.21440000000000,52.44570000000000
ruffle.exe,6812,0x0000000000000000,Other,-1,0,0,32.34350880000000,0.00000000000000,50.01060000000000,0,Composed: Copy with GPU GDI,1.22790000000000,31.10690000000000,50.02000000000000,0.00000000000000,-32.45200000000000,9.91660000000000,38.44430000000000
ruffle.exe,6812,0x0000000000000000,Other,-1,0,0,32.40996020000000,0.00000000000000,66.45140000000001,0,Composed: Copy with GPU GDI,1.23710000000000,31.31560000000000,66.66010000000000,0.00000000000000,-52.67470000000000,12.51240000000000,58.88290000000000
ruffle.exe,6812,0x0000000000000000,Other,-1,0,0,32.46018800000000,0.00000000000000,50.22780000000000,0,Composed: Copy with GPU GDI,1.16180000000000,31.12250000000000,50.03470000000000,0.00000000000000,-30.47520000000000,8.98620000000000,35.10950000000000
ruffle.exe,6812,0x0000000000000000,Other,-1,0,0,32.52667200000000,0.00000000000000,66.48400000000001,0,Composed: Copy with GPU GDI,1.19200000000000,31.28770000000000,66.64920000000001,0.00000000000000,-44.09290000000000,12.80380000000000,47.57780000000000
ruffle.exe,6812,0x0000000000000000,Other,-1,0,0,32.62700560000000,0.00000000000000,100.33360000000000,0,Composed: Copy with GPU GDI,1.18860000000000,30.98720000000000,100.03310000000000,0.00000000000000,-83.88200000000001,26.05020000000000,77.89500000000001
ruffle.exe,6812,0x0000000000000000,Other,-1,0,0,32.82708630000000,0.00000000000000,200.08070000000001,0,Composed: Copy with GPU GDI,1.21550000000000,30.94810000000000,200.04160000000002,0.00000000000000,-170.75910000000002,37.66580000000000,176.00670000000000
ruffle.exe,6812,0x0000000000000000,Other,-1,0,0,33.04448560000000,0.00000000000000,217.39930000000001,0,Composed: Copy with GPU GDI,1.19420000000000,30.18830000000000,216.63950000000000,0.00000000000000,-82.69700000000000,24.71670000000000,69.37260000000001
ruffle.exe,6812,0x0000000000000000,Other,-1,0,0,33.22692780000000,0.00000000000000,182.44220000000001,0,Composed: Copy with GPU GDI,1.20770000000000,31.10330000000000,183.35720000000001,0.00000000000000,-159.64970000000000,36.40320000000000,165.83810000000000
ruffle.exe,6812,0x0000000000000000,Other,-1,0,0,33.32692710000000,0.00000000000000,99.99930000000001,0,Composed: Copy with GPU GDI,1.09300000000000,31.15320000000000,100.04920000000000,0.00000000000000,-71.79290000000000,23.93740000000000,77.83160000000001
ruffle.exe,6812,0x0000000000000000,Other,-1,0,0,33.51035180000000,0.00000000000000,183.42470000000000,0,Composed: Copy with GPU GDI,1.20980000000000,31.03560000000000,183.30710000000002,0.00000000000000,-156.04890000000000,32.09090000000000,165.25150000000002
ruffle.exe,6812,0x0000000000000000,Other,-1,0,0,33.61049590000000,0.00000000000000,100.14410000000001,0,Composed: Copy with GPU GDI,1.19620000000000,30.89390000000000,100.00240000000001,0.00000000000000,-69.66880000000000,27.32230000000000,75.38290000000001
ruffle.exe,6812,0x0000000000000000,Other,-1,0,0,33.79378570000000,0.00000000000000,183.28980000000001,0,Composed: Copy with GPU GDI,1.21950000000000,30.98850000000000,183.38440000000000,0.00000000000000,-174.24660000000000,33.16380000000000,158.60410000000002
ruffle.exe,6812,0x0000000000000000,Other,-1,0,0,34.02713490000000,0.00000000000000,233.34920000000002,0,Composed: Copy with GPU GDI,1.17570000000000,30.98160000000000,233.34230000000002,0.00000000000000,-102.63010000000000,25.17660000000000,94.01780000000001
ruffle.exe,6812,0x0000000000000000,Other,-1,0,0,34.17704180000000,0.00000000000000,149.90690000000001,0,Composed: Copy with GPU GDI,1.23030000000000,31.11060000000000,150.03590000000000,0.00000000000000,-142.28290000000001,27.20920000000000,111.92750000000001
ruffle.exe,6812,0x0000000000000000,Other,-1,0,0,34.32740170000000,0.00000000000000,150.35990000000001,0,Composed: Copy with GPU GDI,1.18240000000000,30.75310000000000,150.00239999999999,0.00000000000000,-122.08300000000001,25.84890000000000,126.27960000000000
ruffle.exe,6812,0x0000000000000000,Other,-1,0,0,34.47722000000000,0.00000000000000,149.81829999999999,0,Composed: Copy with GPU GDI,1.21710000000000,30.94470000000000,150.00990000000002,0.00000000000000,-102.11530000000000,24.61390000000000,108.08090000000000
ruffle.exe,6812,0x0000000000000000,Other,-1,0,0,34.56076480000000,0.00000000000000,83.54480000000001,0,Composed: Copy with GPU GDI,1.14520000000000,30.71050000000000,83.31060000000001,0.00000000000000,-76.65940000000001,18.67910000000000,43.63680000000000
ruffle.exe,6812,0x0000000000000000,Other,-1,0,0,34.72721030000000,0.00000000000000,166.44550000000001,0,Composed: Copy with GPU GDI,1.22520000000000,30.98830000000000,166.72329999999999,0.00000000000000,-136.15630000000002,28.67660000000000,140.07760000000002
ruffle.exe,6812,0x0000000000000000,Other,-1,0,0,35.04382800000000,0.00000000000000,316.61770000000001,0,Composed: Copy with GPU GDI,1.21110000000000,31.01260000000000,316.64200000000000,0.00000000000000,-166.14660000000001,38.13770000000000,156.67160000000001
ruffle.exe,6812,0x0000000000000000,Other,-1,0,0,35.12723930000000,0.00000000000000,83.41130000000000,0,Composed: Copy with GPU GDI,1.21900000000000,30.95960000000000,83.35830000000000,0.00000000000000,-60.11460000000000,19.29800000000000,66.08690000000000
ruffle.exe,6812,0x0000000000000000,Other,-1,0,0,35.31053960000000,0.00000000000000,183.30030000000002,0,Composed: Copy with GPU GDI,1.26800000000000,30.98520000000000,183.32590000000002,0.00000000000000,-164.92420000000001,34.41820000000000,171.38670000000002
ruffle.exe,6812,0x0000000000000000,Other,-1,0,0,35.39386380000000,0.00000000000000,83.32420000000000,0,Composed: Copy with GPU GDI,1.23710000000000,31.01500000000000,83.35400000000000,0.00000000000000,-52.29630000000000,18.95750000000000,56.70740000000000
ruffle.exe,6812,0x0000000000000000,Other,-1,0,0,35.54366010000000,0.00000000000000,149.79630000000000,0,Composed: Copy with GPU GDI,1.20660000000000,31.28460000000000,150.06590000000000,0.00000000000000,-134.46740000000000,27.53590000000000,136.50880000000001
ruffle.exe,6812,0x0000000000000000,Other,-1,0,0,35.62724330000000,0.00000000000000,83.58320000000001,0,Composed: Copy with GPU GDI,1.19570000000000,30.98270000000000,83.28130000000000,0.00000000000000,-75.69710000000001,18.21320000000000,52.07280000000000
ruffle.exe,6812,0x0000000000000000,Other,-1,0,0,35.81048750000000,0.00000000000000,183.24420000000001,0,Composed: Copy with GPU GDI,1.22290000000000,31.14780000000000,183.40930000000000,0.00000000000000,-165.08220000000000,35.19870000000000,173.31570000000002
ruffle.exe,6812,0x0000000000000000,Other,-1,0,0,36.19389170000000,0.00000000000000,383.40420000000000,0,Composed: Copy with GPU GDI,1.19750000000000,31.09080000000000,383.34720000000004,0.00000000000000,-375.08370000000002,84.53750000000001,140.68899999999999
ruffle.exe,6812,0x0000000000000000,Other,-1,0,0,36.29365490000000,0.00000000000000,99.76320000000001,0,Composed: Copy with GPU GDI,1.21960000000000,31.29040000000000,99.96280000000000,0.00000000000000,-75.37760000000000,18.90700000000000,66.44640000000000
ruffle.exe,6812,0x0000000000000000,Other,-1,0,0,36.47700250000000,0.00000000000000,183.34760000000000,0,Composed: Copy with GPU GDI,1.19910000000000,31.29090000000000,183.34810000000002,0.00000000000000,-165.72970000000001,35.73880000000000,169.80430000000001
ruffle.exe,6812,0x0000000000000000,Other,-1,0,0,36.56062420000000,0.00000000000000,83.62170000000000,0,Composed: Copy with GPU GDI,1.22870000000000,31.01780000000000,83.34860000000000,0.00000000000000,-52.63270000000000,17.30710000000000,57.44000000000000
ruffle.exe,6812,0x0000000000000000,Other,-1,0,0,36.71100460000000,0.00000000000000,150.38040000000001,0,Composed: Copy with GPU GDI,1.21700000000000,30.72370000000000,150.08629999999999,0.00000000000000,-143.25839999999999,26.13600000000000,129.81140000000002
ruffle.exe,6812,0x0000000000000000,Other,-1,0,0,36.97788560000000,0.00000000000000,266.88100000000003,0,Composed: Copy with GPU GDI,1.14200000000000,30.45150000000000,266.60880000000003,0.00000000000000,-119.33970000000001,26.64310000000000,112.69790000000000
ruffle.exe,6812,0x0000000000000000,Other,-1,0,0,37.07726190000000,0.00000000000000,99.37630000000000,0,Composed: Copy with GPU GDI,1.17720000000000,31.08890000000000,100.01370000000000,0.00000000000000,-71.40220000000001,19.01330000000000,70.06670000000000
ruffle.exe,6812,0x0000000000000000,Other,-1,0,0,37.22730230000001,0.00000000000000,150.04040000000001,0,Composed: Copy with GPU GDI,1.21400000000000,31.10280000000000,150.05430000000001,0.00000000000000,-129.86570000000000,26.05790000000000,134.07350000000000
ruffle.exe,6812,0x0000000000000000,Other,-1,0,0,37.31042240000001,0.00000000000000,83.12010000000001,0,Composed: Copy with GPU GDI,1.20480000000000,31.29010000000000,83.30740000000000,0.00000000000000,-45.25380000000001,19.36700000000000,51.20750000000000
ruffle.exe,6812,0x0000000000000000,Other,-1,0,0,37.47710260000000,0.00000000000000,166.68020000000001,0,Composed: Copy with GPU GDI,1.24160000000000,31.29800000000000,166.68810000000002,0.00000000000000,-146.01200000000000,28.31210000000000,153.87530000000001
ruffle.exe,6812,0x0000000000000000,Other,-1,0,0,37.57735630000000,0.00000000000000,100.25370000000001,0,Composed: Copy with GPU GDI,1.22250000000000,31.10980000000000,100.06550000000000,0.00000000000000,-72.60630000000000,21.65080000000000,68.09440000000001
ruffle.exe,6812,0x0000000000000000,Other,-1,0,0,37.77740150000000,0.00000000000000,200.04520000000002,0,Composed: Copy with GPU GDI,1.19240000000000,31.06810000000000,200.00350000000000,0.00000000000000,-168.41370000000001,31.85370000000000,176.18130000000002
ruffle.exe,6812,0x0000000000000000,Other,-1,0,0,37.97800880000000,0.00000000000000,200.60730000000001,0,Composed: Copy with GPU GDI,1.21200000000000,30.45860000000000,199.99780000000001,0.00000000000000,-66.02960000000000,21.43780000000000,56.76400000000000
ruffle.exe,6812,0x0000000000000000,Other,-1,0,0,38.16109620000000,0.00000000000000,183.08740000000000,0,Composed: Copy with GPU GDI,1.22780000000000,30.67680000000000,183.30560000000000,0.00000000000000,-149.84290000000001,32.68440000000000,153.84820000000002
ruffle.exe,6812,0x0000000000000000,Other,-1,0,0,38.24411130000000,0.00000000000000,83.01510000000000,0,Composed: Copy with GPU GDI,1.22860000000000,31.02290000000000,83.36120000000001,0.00000000000000,-57.86700000000000,17.20560000000000,62.86600000000000
ruffle.exe,6812,0x0000000000000000,Other,-1,0,0,38.54414310000000,0.00000000000000,300.03180000000003,0,Composed: Copy with GPU GDI,1.22530000000000,31.00430000000000,300.01320000000004,0.00000000000000,-291.30260000000004,89.29880000000000,136.89680000000001
ruffle.exe,6812,0x0000000000000000,Other,-1,0,0,38.62760040000001,0.00000000000000,83.45730000000000,0,Composed: Copy with GPU GDI,1.12320000000000,30.90710000000000,83.36010000000000,0.00000000000000,-55.09570000000000,20.85510000000000,62.30440000000000
ruffle.exe,6812,0x0000000000000000,Other,-1,0,0,38.79421240000000,0.00000000000000,166.61199999999999,0,Composed: Copy with GPU GDI,1.21070000000000,30.99640000000000,166.70130000000000,0.00000000000000,-152.11620000000002,31.48360000000000,158.94589999999999
ruffle.exe,6812,0x0000000000000000,Other,-1,0,0,39.04416800000000,0.00000000000000,249.95560000000000,0,Composed: Copy with GPU GDI,1.20320000000000,31.06970000000000,250.02890000000002,0.00000000000000,-242.24640000000002,32.34510000000000,124.89840000000001
ruffle.exe,6812,0x0000000000000000,Other,-1,0,0,39.12792370000000,0.00000000000000,83.75570000000000,0,Composed: Copy with GPU GDI,1.20530000000000,30.62660000000000,83.31260000000000,0.00000000000000,-75.39210000000000,17.27550000000000,48.64580000000000
ruffle.exe,6812,0x0000000000000000,Other,-1,0,0,39.31109980000000,0.00000000000000,183.17610000000002,0,Composed: Copy with GPU GDI,1.17510000000000,30.81930000000000,183.36880000000002,0.00000000000000,-171.46850000000001,33.25700000000001,177.82480000000001
ruffle.exe,6812,0x0000000000000000,Other,-1,0,0,39.41102470000001,0.00000000000000,99.92490000000001,0,Composed: Copy with GPU GDI,1.18590000000000,30.88640000000000,99.99200000000000,0.00000000000000,-65.87250000000000,23.03300000000000,79.73420000000000
ruffle.exe,6812,0x0000000000000000,Other,-1,0,0,39.69520350000001,0.00000000000000,284.17880000000002,0,Composed: Copy with GPU GDI,1.13860000000000,30.09730000000000,283.38970000000000,0.00000000000000,-263.37090000000001,47.71500000000000,269.92370000000000
ruffle.exe,6812,0x0000000000000000,Other,-1,0,0,40.21126690000001,0.00000000000000,516.06340000000000,0,Composed: Copy with GPU GDI,1.22250000000000,30.74490000000000,516.71100000000001,0.00000000000000,-478.97960000000000,45.83590000000000,203.93500000000000
ruffle.exe,6812,0x0000000000000000,Other,-1,0,0,40.56115450000000,0.00000000000000,349.88760000000002,0,Composed: Copy with GPU GDI,1.22230000000000,30.88960000000000,350.03230000000002,0.00000000000000,-213.92490000000001,47.54380000000000,307.80600000000004
ruffle.exe,6812,0x0000000000000000,Other,-1,0,0,40.69472250000000,0.00000000000000,133.56800000000001,0,Composed: Copy with GPU GDI,1.16330000000000,30.66730000000000,133.34569999999999,0.00000000000000,-93.46040000000001,28.67780000000000,0.00000000000000
ruffle.exe,6812,0x0000000000000000,Other,-1,0,0,41.11189050000000,0.00000000000000,417.16800000000001,0,Composed: Copy with GPU GDI,1.16410000000000,30.18240000000000,416.68310000000002,0.00000000000000,-204.67360000000002,39.14540000000000,206.55570000000000
ruffle.exe,6812,0x0000000000000000,Other,-1,0,0,41.27844550000000,0.00000000000000,166.55500000000001,0,Composed: Copy with GPU GDI,1.16090000000000,30.34870000000000,166.72130000000001,0.00000000000000,-141.08140000000000,29.23390000000000,177.09160000000000
ruffle.exe,6812,0x0000000000000000,Other,-1,0,0,41.51259490000000,0.00000000000000,234.14940000000001,0,Composed: Copy with GPU GDI,1.18590000000000,29.57740000000000,233.37810000000002,0.00000000000000,-183.72800000000001,37.61150000000000,187.18030000000002
ruffle.exe,6812,0x0000000000000000,Other,-1,0,0,41.76174120000000,0.00000000000000,249.14630000000002,0,Composed: Copy with GPU GDI,1.17770000000000,30.39720000000000,249.96610000000001,0.00000000000000,-193.21830000000000,38.42740000000000,202.32680000000002
ruffle.exe,6812,0x0000000000000000,Other,-1,0,0,42.12866100000000,0.00000000000000,366.91980000000001,0,Composed: Copy with GPU GDI,1.18630000000000,30.19160000000000,366.71420000000001,0.00000000000000,-184.61260000000001,40.67670000000000,193.28770000000000
ruffle.exe,6812,0x0000000000000000,Other,-1,0,0,42.36177730000000,0.00000000000000,233.11630000000002,0,Composed: Copy with GPU GDI,1.20140000000000,30.43640000000000,233.36110000000002,0.00000000000000,-200.90990000000002,38.42830000000000,208.39950000000002
ruffle.exe,6812,0x0000000000000000,Other,-1,0,0,42.47814300000000,0.00000000000000,116.36570000000000,0,Composed: Copy with GPU GDI,1.19240000000000,30.70690000000000,116.63620000000000,0.00000000000000,-77.72410000000001,17.67530000000000,80.70000000000000
ruffle.exe,6812,0x0000000000000000,Other,-1,0,0,42.52880260000001,0.00000000000000,50.65960000000000,0,Composed: Copy with GPU GDI,1.15020000000000,30.09270000000000,50.04540000000000,0.00000000000000,-24.13920000000000,10.18620000000000,31.41240000000000
ruffle.exe,6812,0x0000000000000000,Other,-1,0,0,42.61125000000000,0.00000000000000,82.44740000000000,0,Composed: Copy with GPU GDI,1.22670000000000,30.96290000000000,83.31760000000000,0.00000000000000,-47.96700000000000,13.75330000000000,55.86000000000000
ruffle.exe,6812,0x0000000000000000,Other,-1,0,0,42.67778890000000,0.00000000000000,66.53890000000000,0,Composed: Copy with GPU GDI,1.25700000000000,31.11910000000000,66.69510000000000,0.00000000000000,-44.32890000000000,13.08900000000000,52.38830000000000
ruffle.exe,6812,0x0000000000000000,Other,-1,0,0,42.99520760000000,0.00000000000000,317.41870000000000,0,Composed: Copy with GPU GDI,1.16160000000000,30.36100000000000,316.66059999999999,0.00000000000000,-72.31820000000000,16.86420000000000,81.78170000000000
ruffle.exe,6812,0x0000000000000000,Other,-1,0,0,43.06139030000000,0.00000000000000,66.18270000000000,0,Composed: Copy with GPU GDI,1.17770000000000,30.84480000000000,66.66650000000000,0.00000000000000,-38.27680000000000,9.96820000000000,45.98500000000000
ruffle.exe,6812,0x0000000000000000,Other,-1,0,0,43.12759180000000,0.00000000000000,66.20150000000001,0,Composed: Copy with GPU GDI,1.22070000000000,31.37160000000000,66.72830000000000,0.00000000000000,-53.25710000000000,12.35920000000000,56.19620000000000
ruffle.exe,6812,0x0000000000000000,Other,-1,0,0,43.17806500000000,0.00000000000000,50.47320000000001,0,Composed: Copy with GPU GDI,1.16110000000000,30.84440000000000,49.94600000000001,0.00000000000000,-35.62880000000000,9.31690000000000,44.66610000000000
ruffle.exe,6812,0x0000000000000000,Other,-1,0,0,43.24454320000000,0.00000000000000,66.47820000000000,0,Composed: Copy with GPU GDI,1.21570000000000,31.02850000000000,66.66230000000000,0.00000000000000,-51.69000000000000,11.95140000000000,57.14530000000001
ruffle.exe,6812,0x0000000000000000,Other,-1,0,0,43.27769160000000,0.00000000000000,33.14840000000000,0,Composed: Copy with GPU GDI,1.19180000000000,31.20350000000000,33.32340000000000,0.00000000000000,-21.61230000000000,9.78450000000000,0.00000000000000
ruffle.exe,6812,0x0000000000000000,Other,-1,0,0,43.32772660000001,0.00000000000000,50.03500000000000,0,Composed: Copy with GPU GDI,1.22350000000000,31.21260000000000,50.04410000000000,0.00000000000000,-44.08560000000000,11.65950000000000,0.00000000000000
ruffle.exe,6812,0x0000000000000000,Other,-1,0,0,43.36140080000001,0.00000000000000,33.67420000000000,0,Composed: Copy with GPU GDI,1.18750000000000,30.84700000000000,33.30860000000000,0.00000000000000,-26.85520000000000,9.44630000000000,0.00000000000000
ruffle.exe,6812,0x0000000000000000,Other,-1,0,0,43.41105830000000,0.00000000000000,49.65750000000000,0,Composed: Copy with GPU GDI,1.18590000000000,31.24680000000000,50.05730000000001,0.00000000000000,-40.92770000000000,11.76750000000000,45.65120000000000
ruffle.exe,6812,0x0000000000000000,Other,-1,0,0,43.44552320000000,0.00000000000000,34.46490000000000,0,Composed: Copy with GPU GDI,1.22320000000000,30.08480000000000,33.30290000000000,0.00000000000000,-21.88940000000000,9.96290000000000,26.11700000000000
ruffle.exe,6812,0x0000000000000000,Other,-1,0,0,43.49444410000000,0.00000000000000,48.92090000000000,0,Composed: Copy with GPU GDI,1.21520000000000,31.13720000000000,49.97330000000000,0.00000000000000,-38.02510000000000,12.01390000000000,43.02300000000000
ruffle.exe,6812,0x0000000000000000,Other,-1,0,0,43.52774440000000,0.00000000000000,33.30030000000000,0,Composed: Copy with GPU GDI,1.17730000000000,31.24520000000000,33.40830000000000,0.00000000000000,-22.38960000000000,9.83240000000000,30.33060000000000
ruffle.exe,6812,0x0000000000000000,Other,-1,0,0,43.57789510000000,0.00000000000000,50.15070000000000,0,Composed: Copy with GPU GDI,1.24910000000000,31.03310000000000,49.93860000000000,0.00000000000000,-39.44840000000000,12.68300000000000,48.49060000000000
ruffle.exe,6812,0x0000000000000000,Other,-1,0,0,43.79455770000000,0.00000000000000,216.66260000000000,0,Composed: Copy with GPU GDI,1.20480000000000,31.10410000000000,216.73360000000002,0.00000000000000,-202.08880000000002,55.92970000000000,61.11490000000001
ruffle.exe,6812,0x0000000000000000,Other,-1,0,0,43.97792300000000,0.00000000000000,183.36530000000002,0,Composed: Copy with GPU GDI,1.21850000000000,31.05480000000000,183.31600000000000,0.00000000000000,-35.84500000000000,10.62200000000000,40.45530000000000
ruffle.exe,6812,0x0000000000000000,Other,-1,0,0,44.04450940000000,0.00000000000000,66.58640000000000,0,Composed: Copy with GPU GDI,1.21250000000000,31.15390000000000,66.68550000000000,0.00000000000000,-38.49550000000000,12.49180000000000,43.07140000000000
ruffle.exe,6812,0x0000000000000000,Other,-1,0,0,44.09465770000001,0.00000000000000,50.14830000000000,0,Composed: Copy with GPU GDI,1.22800000000000,31.00490000000000,49.99930000000001,0.00000000000000,-33.39990000000000,9.64980000000000,39.20680000000000
ruffle.exe,6812,0x0000000000000000,Other,-1,0,0,44.17768630000000,0.00000000000000,83.02860000000000,0,Composed: Copy with GPU GDI,1.26280000000000,31.30230000000000,83.32600000000001,0.00000000000000,-61.71110000000000,15.70450000000000,68.21210000000001
ruffle.exe,6812,0x0000000000000000,Other,-1,0,0,44.22790870000000,0.00000000000000,50.22240000000000,0,Composed: Copy with GPU GDI,1.21880000000000,31.08170000000000,50.00180000000000,0.00000000000000,-33.92760000000000,9.99590000000000,40.48500000000000
ruffle.exe,6812,0x0000000000000000,Other,-1,0,0,44.27761580000000,0.00000000000000,49.70710000000000,0,Composed: Copy with GPU GDI,1.21730000000000,31.40910000000000,50.03450000000000,0.00000000000000,-35.70740000000000,11.88690000000000,42.18270000000000
ruffle.exe,6812,0x0000000000000000,Other,-1,0,0,44.31150720000000,0.00000000000000,33.89140000000000,0,Composed: Copy with GPU GDI,1.18930000000000,30.81910000000000,33.30140000000000,0.00000000000000,-25.94030000000000,10.14590000000000,30.07290000000000
ruffle.exe,6812,0x0000000000000000,Other,-1,0,0,44.36100880000001,0.00000000000000,49.50160000000000,0,Composed: Copy with GPU GDI,1.24290000000000,31.35770000000000,50.04020000000001,0.00000000000000,-39.17120000000000,11.72800000000000,47.56330000000001
ruffle.exe,6812,0x0000000000000000,Other,-1,0,0,44.39459510000000,0.00000000000000,33.58630000000000,0,Composed: Copy with GPU GDI,1.21820000000000,31.06880000000000,33.29740000000000,0.00000000000000,-26.01360000000000,9.31210000000000,35.17100000000000
ruffle.exe,6812,0x0000000000000000,Other,-1,0,0,44.46103580000000,0.00000000000000,66.44070000000001,0,Composed: Copy with GPU GDI,1.22780000000000,31.33940000000000,66.71130000000001,0.00000000000000,-51.19450000000001,12.86900000000000,53.59940000000000
ruffle.exe,6812,0x0000000000000000,Other,-1,0,0,44.49493900000000,0.00000000000000,33.90320000000000,0,Composed: Copy with GPU GDI,1.20220000000000,30.73920000000000,33.30300000000000,0.00000000000000,-25.70830000000000,9.51020000000000,33.49730000000000
ruffle.exe,6812,0x0000000000000000,Other,-1,0,0,44.54500400000000,0.00000000000000,50.06500000000000,0,Composed: Copy with GPU GDI,1.17770000000000,30.67770000000000,50.00350000000000,0.00000000000000,-30.43250000000000,11.07650000000000,35.55840000000000
ruffle.exe,6812,0x0000000000000000,Other,-1,0,0,44.57777170000000,0.00000000000000,32.76770000000000,0,Composed: Copy with GPU GDI,1.21450000000000,31.25700000000000,33.34700000000000,0.00000000000000,-20.91330000000000,9.14000000000000,22.32700000000000
ruffle.exe,6812,0x0000000000000000,Other,-1,0,0,44.64434860000000,0.00000000000000,66.57690000000001,0,Composed: Copy with GPU GDI,1.23070000000000,31.39170000000000,66.71160000000000,0.00000000000000,-58.35460000000000,15.42620000000000,64.91290000000001
ruffle.exe,6812,0x0000000000000000,Other,-1,0,0,44.79480630000000,0.00000000000000,150.45770000000002,0,Composed: Copy with GPU GDI,1.22120000000000,30.89260000000000,149.95860000000002,0.00000000000000,-25.69370000000000,10.74950000000000,29.35800000000000
ruffle.exe,6812,0x0000000000000000,Other,-1,0,0,44.87789630000000,0.00000000000000,83.09000000000000,0,Composed: Copy with GPU GDI,1.24210000000000,31.32650000000000,83.52390000000000,0.00000000000000,-53.04930000000000,15.25890000000000,56.43150000000000
ruffle.exe,6812,0x0000000000000000,Other,-1,0,0,44.92942860000000,0.00000000000000,51.53230000000000,0,Composed: Copy with GPU GDI,1.18900000000000,29.65360000000000,49.85940000000000,0.00000000000000,-34.37390000000000,11.50700000000000,37.96380000000000
ruffle.exe,6812,0x0000000000000000,Other,-1,0,0,44.99596010000000,0.00000000000000,66.53150000000001,0,Composed: Copy with GPU GDI,1.18330000000000,29.79920000000000,66.67710000000001,0.00000000000000,-38.72410000000000,11.33890000000000,42.50280000000000
ruffle.exe,6812,0x0000000000000000,Other,-1,0,0,45.04494280000000,0.00000000000000,48.98270000000000,0,Composed: Copy with GPU GDI,1.17790000000000,30.79930000000000,49.98280000000000,0.00000000000000,-22.07990000000000,9.77420000000000,51.48120000000000
ruffle.exe,6812,0x0000000000000000,Other,-1,0,0,45.11176220000000,0.00000000000000,66.81940000000000,0,Composed: Copy with GPU GDI,1.20580000000000,30.64200000000000,66.66210000000001,0.00000000000000,-57.82830000000001,12.93240000000000,0.00000000000000
ruffle.exe,6812,0x0000000000000000,Other,-1,0,0,45.17858060000000,0.00000000000000,66.81840000000000,0,Composed: Copy with GPU GDI,1.18460000000000,30.49010000000000,66.66650000000000,0.00000000000000,-49.36400000000000,11.41680000000000,55.12170000000000
ruffle.exe,6812,0x0000000000000000,Other,-1,0,0,45.22808970000000,0.00000000000000,49.50910000000000,0,Composed: Copy with GPU GDI,1.23030000000000,31.03220000000000,50.05120000000000,0.00000000000000,-28.21180000000000,9.38380000000000,32.61550000000000
ruffle.exe,6812,0x0000000000000000,Other,-1,0,0,45.29443830000000,0.00000000000000,66.34860000000000,0,Composed: Copy with GPU GDI,1.20420000000000,31.31470000000000,66.63110000000000,0.00000000000000,-44.67310000000001,12.30400000000000,52.95820000000001
ruffle.exe,6812,0x0000000000000000,Other,-1,0,0,45.32826350000000,0.00000000000000,33.82520000000000,0,Composed: Copy with GPU GDI,1.22330000000000,30.82290000000000,33.33340000000000,0.00000000000000,-24.73000000000000,9.34930000000000,32.76840000000000
ruffle.exe,6812,0x0000000000000000,Other,-1,0,0,45.39472140000000,0.00000000000000,66.45790000000001,0,Composed: Copy with GPU GDI,1.23220000000000,31.08680000000000,66.72180000000000,0.00000000000000,-46.93230000000001,11.72530000000000,51.24660000000000
ruffle.exe,6812,0x0000000000000000,Other,-1,0,0,45.44485260000000,0.00000000000000,50.13120000000000,0,Composed: Copy with GPU GDI,1.22450000000000,30.98550000000000,50.02990000000000,0.00000000000000,-33.07850000000000,9.57450000000000,39.37810000000000
ruffle.exe,6812,0x0000000000000000,Other,-1,0,0,45.49431790000001,0.00000000000000,49.46530000000000,0,Composed: Copy with GPU GDI,1.19070000000000,31.48950000000000,49.96930000000000,0.00000000000000,-38.07030000000000,12.12880000000000,42.83010000000000
ruffle.exe,6812,0x0000000000000000,Other,-1,0,0,45.52849390000000,0.00000000000000,34.17600000000000,0,Composed: Copy with GPU GDI,1.19300000000000,30.62190000000000,33.30840000000000,0.00000000000000,-25.20570000000000,9.76870000000000,29.02020000000000
ruffle.exe,6812,0x0000000000000000,Other,-1,0,0,45.57796780000000,0.00000000000000,49.47390000000000,0,Composed: Copy with GPU GDI,1.21910000000000,31.13570000000000,49.98770000000000,0.00000000000000,-33.19130000000000,11.30050000000000,40.48280000000000
ruffle.exe,6812,0x0000000000000000,Other,-1,0,0,45.61152890000000,0.00000000000000,33.56110000000000,0,Composed: Copy with GPU GDI,1.21060000000000,30.90760000000000,33.33300000000000,0.00000000000000,-21.95510000000000,9.39860000000000,26.05380000000000
ruffle.exe,6812,0x0000000000000000,Other,-1,0,0,45.66152850000000,0.00000000000000,49.99960000000000,0,Composed: Copy with GPU GDI,1.22280000000000,30.97970000000000,50.07170000000000,0.00000000000000,-36.42170000000000,11.65380000000000,46.03170000000000
ruffle.exe,6812,0x0000000000000000,Other,-1,0,0,45.87835500000001,0.00000000000000,216.82650000000001,0,Composed: Copy with GPU GDI,1.19550000000000,30.82670000000000,216.67350000000002,0.00000000000000,-36.98120000000000,10.46320000000000,40.87230000000000
ruffle.exe,6812,0x0000000000000000,Other,-1,0,0,45.96229200000001,0.00000000000000,83.93700000000000,0,Composed: Copy with GPU GDI,1.21650000000000,30.22200000000000,83.33230000000000,0.00000000000000,-44.70590000000000,12.99420000000000,46.79120000000000
ruffle.exe,6812,0x0000000000000000,Other,-1,0,0,46.01152320000001,0.00000000000000,49.23120000000000,0,Composed: Copy with GPU GDI,1.21410000000000,30.99090000000000,50.00010000000000,0.00000000000000,-32.13740000000000,10.34470000000000,34.02010000000000
ruffle.exe,6812,0x0000000000000000,Other,-1,0,0,46.04491670000000,0.00000000000000,33.39350000000000,0,Composed: Copy with GPU GDI,1.23350000000000,30.89100000000000,33.29360000000000,0.00000000000000,-22.95460000000000,9.34340000000000,27.42660000000000
ruffle.exe,6812,0x0000000000000000,Other,-1,0,0,46.09447630000000,0.00000000000000,49.55960000000000,0,Composed: Copy with GPU GDI,1.22050000000000,31.38230000000000,50.05090000000001,0.00000000000000,-40.01850000000000,11.28520000000000,44.99690000000000
ruffle.exe,6812,0x0000000000000000,Other,-1,0,0,46.12818180000000,0.00000000000000,33.70550000000000,0,Composed: Copy with GPU GDI,1.19460000000000,30.96550000000000,33.28870000000000,0.00000000000000,-18.64600000000000,9.48400000000000,24.68430000000000
ruffle.exe,6812,0x0000000000000000,Other,-1,0,0,46.17798190000000,0.00000000000000,49.80010000000000,0,Composed: Copy with GPU GDI,1.19490000000000,31.24430000000000,50.07890000000000,0.00000000000000,-42.12630000000000,11.97420000000000,44.47540000000000
ruffle.exe,6812,0x0000000000000000,Other,-1,0,0,46.21241900000000,0.00000000000000,34.43710000000000,0,Composed: Copy with GPU GDI,1.19980000000000,30.08470000000000,33.27750000000000,0.00000000000000,-25.41730000000000,9.84210000000000,30.92180000000000
ruffle.exe,6812,0x0000000000000000,Other,-1,0,0,46.27784120000000,0.00000000000000,65.42220000000000,0,Composed: Copy with GPU GDI,1.22490000000000,31.40430000000000,66.74180000000000,0.00000000000000,-46.37030000000000,11.72760000000000,50.34040000000000
ruffle.exe,6812,0x0000000000000000,Other,-1,0,0,46.32801910000000,0.00000000000000,50.17790000000000,0,Composed: Copy with GPU GDI,1.23250000000000,31.15790000000000,49.93150000000000,0.00000000000000,-37.14820000000000,9.88720000000000,84.52580000000000
ruffle.exe,6812,0x0000000000000000,Other,-1,0,0,46.39490739999999,0.00000000000000,66.88830000000000,0,Composed: Copy with GPU GDI,1.20280000000000,30.97650000000000,66.70690000000000,0.00000000000000,-52.11480000000000,14.55090000000000,55.39700000000001
ruffle.exe,6812,0x0000000000000000,Other,-1,0,0,46.42849360000000,0.00000000000000,33.58620000000001,0,Composed: Copy with GPU GDI,1.15640000000000,30.69360000000000,33.30330000000000,0.00000000000000,-20.31250000000000,9.87230000000000,26.99500000000000
ruffle.exe,6812,0x0000000000000000,Other,-1,0,0,46.47819770000000,0.00000000000000,49.70410000000000,0,Composed: Copy with GPU GDI,1.21340000000000,30.99900000000000,50.00950000000000,0.00000000000000,-39.24190000000000,11.97660000000000,44.70490000000000
ruffle.exe,6812,0x0000000000000000,Other,-1,0,0,46.51154000000000,0.00000000000000,33.34230000000000,0,Composed: Copy with GPU GDI,1.19880000000000,30.96600000000000,33.30930000000000,0.00000000000000,-23.05200000000000,9.59770000000000,32.00640000000000
ruffle.exe,6812,0x0000000000000000,Other,-1,0,0,46.56130530000000,0.00000000000000,49.76530000000000,0,Composed: Copy with GPU GDI,1.24660000000000,31.24410000000000,50.04340000000001,0.00000000000000,-36.30020000000000,11.85810000000000,41.80540000000000
ruffle.exe,6812,0x0000000000000000,Other,-1,0,0,46.61119980000000,0.00000000000000,49.89450000000000,0,Composed: Copy with GPU GDI,1.22300000000000,31.36230000000000,50.01270000000000,0.00000000000000,-31.98730000000000,9.37720000000000,37.68770000000000
ruffle.exe,6812,0x0000000000000000,Other,-1,0,0,46.67791700000000,0.00000000000000,66.71720000000001,0,Composed: Copy with GPU GDI,1.22700000000000,31.33400000000000,66.68890000000000,0.00000000000000,-44.76420000000000,11.61090000000000,50.29840000000000
ruffle.exe,6812,0x0000000000000000,Other,-1,0,0,46.84492780000000,0.00000000000000,167.01080000000002,0,Composed: Copy with GPU GDI,1.20330000000000,30.95080000000000,166.62760000000000,0.00000000000000,-29.67800000000000,10.65230000000000,37.42010000000001
ruffle.exe,6812,0x0000000000000000,Other,-1,0,0,46.91124710000000,0.00000000000000,66.31930000000000,0,Composed: Copy with GPU GDI,1.22250000000000,31.36260000000000,66.73110000000000,0.00000000000000,-36.66220000000000,12.17050000000000,39.73360000000000
ruffle.exe,6812,0x0000000000000000,Other,-1,0,0,46.94573140000000,0.00000000000000,34.48430000000000,0,Composed: Copy with GPU GDI,1.16710000000000,30.15200000000000,33.27370000000000,0.00000000000000,-22.90360000000000,10.72670000000000,28.20460000000000
ruffle.exe,6812,0x0000000000000000,Other,-1,0,0,47.02829470000000,0.00000000000000,82.56330000000000,0,Composed: Copy with GPU GDI,1.21460000000000,30.98180000000000,83.39310000000000,0.00000000000000,-55.69500000000000,13.64720000000000,62.71510000000000
ruffle.exe,6812,0x0000000000000000,Other,-1,0,0,47.07794290000000,0.00000000000000,49.64820000000000,0,Composed: Copy with GPU GDI,1.22000000000000,31.29870000000000,49.96510000000000,0.00000000000000,-32.44860000000000,9.50390000000000,42.42500000000000
ruffle.exe,6812,0x0000000000000000,Other,-1,0,0,47.12779890000000,0.00000000000000,49.85600000000000,0,Composed: Copy with GPU GDI,1.67710000000000,31.45890000000000,50.01620000000000,0.00000000000000,-34.88000000000000,12.00060000000000,38.27930000000000
ruffle.exe,6812,0x0000000000000000,Other,-1,0,0,47.17815020000000,0.00000000000000,50.35130000000000,0,Composed: Copy with GPU GDI,1.21000000000000,31.09510000000000,49.98750000000000,0.00000000000000,-30.28620000000000,9.77910000000000,34.63030000000000
ruffle.exe,6812,0x0000000000000000,Other,-1,0,0,47.22803560000001,0.00000000000000,49.88540000000000,0,Composed: Copy with GPU GDI,1.23120000000000,31.23600000000000,50.02630000000000,0.00000000000000,-37.73480000000000,12.05940000000000,44.51250000000000
ruffle.exe,6812,0x0000000000000000,Other,-1,0,0,47.27835820000001,0.00000000000000,50.32260000000000,0,Composed: Copy with GPU GDI,1.20690000000000,30.90340000000000,49.99000000000000,0.00000000000000,-32.67250000000000,9.18420000000000,40.82120000000000
ruffle.exe,6812,0x0000000000000000,Other,-1,0,0,47.34459690000000,0.00000000000000,66.23870000000001,0,Composed: Copy with GPU GDI,1.21460000000000,31.32440000000000,66.65970000000000,0.00000000000000,-50.96470000000000,11.76100000000000,59.06460000000001
ruffle.exe,6812,0x0000000000000000,Other,-1,0,0,47.36299940000000,0.00000000000000,18.40250000000000,0,Composed: Copy with GPU GDI,1.21920000000000,29.59980000000000,16.67790000000000,0.00000000000000,-10.08200000000000,6.50500000000000,15.47030000000000
ruffle.exe,6812,0x0000000000000000,Other,-1,0,0,47.41151480000000,0.00000000000000,48.51540000000000,0,Composed: Copy with GPU GDI,1.21150000000000,31.13460000000000,50.05020000000000,0.00000000000000,-40.44380000000000,11.44410000000000,47.95670000000000
ruffle.exe,6812,0x0000000000000000,Other,-1,0,0,47.44492440000000,0.00000000000000,33.40960000000000,0,Composed: Copy with GPU GDI,1.20570000000000,31.00970000000000,33.28470000000000,0.00000000000000,-24.39220000000000,9.52600000000000,27.38710000000000
ruffle.exe,6812,0x0000000000000000,Other,-1,0,0,47.49470490000000,0.00000000000000,49.78050000000000,0,Composed: Copy with GPU GDI,1.21430000000000,31.23940000000000,50.01020000000000,0.00000000000000,-39.63200000000001,11.48040000000000,45.14520000000000
ruffle.exe,6812,0x0000000000000000,Other,-1,0,0,47.52848780000000,0.00000000000000,33.78290000000001,0,Composed: Copy with GPU GDI,1.18870000000000,30.79130000000000,33.33480000000000,0.00000000000000,-19.17760000000000,9.52430000000000,24.95630000000000
ruffle.exe,6812,0x0000000000000000,Other,-1,0,0,47.57826910000000,0.00000000000000,49.78130000000000,0,Composed: Copy with GPU GDI,1.20540000000000,31.02710000000000,50.01710000000000,0.00000000000000,-38.80410000000001,12.03940000000000,42.73220000000000
ruffle.exe,6812,0x0000000000000000,Other,-1,0,0,47.62852780000001,0.00000000000000,50.25870000000000,0,Composed: Copy with GPU GDI,1.19070000000000,30.80910000000000,50.04070000000000,0.00000000000000,-35.89040000000000,9.88840000000000,38.97620000000000
ruffle.exe,6812,0x0000000000000000,Other,-1,0,0,47.67796740000000,0.00000000000000,49.43960000000001,0,Composed: Copy with GPU GDI,1.23570000000000,31.37410000000000,50.00460000000000,0.00000000000000,-40.70590000000000,11.88280000000000,42.43070000000000
ruffle.exe,6812,0x0000000000000000,Other,-1,0,0,47.84462590000000,0.00000000000000,166.65850000000000,0,Composed: Copy with GPU GDI,1.23980000000000,31.47220000000000,166.75660000000002,0.00000000000000,-30.80760000000000,10.41990000000000,37.06480000000001
ruffle.exe,6812,0x0000000000000000,Other,-1,0,0,47.92816370000000,0.00000000000000,83.53780000000000,0,Composed: Copy with GPU GDI,1.21600000000000,31.14770000000000,83.21330000000000,0.00000000000000,-49.38930000000001,12.27890000000000,56.61600000000000
ruffle.exe,6812,0x0000000000000000,Other,-1,0,0,47.97823510000000,0.00000000000000,50.07140000000000,0,Composed: Copy with GPU GDI,1.10040000000000,31.08610000000000,50.00980000000001,0.00000000000000,-24.65170000000000,9.86990000000000,28.68250000000000
ruffle.exe,6812,0x0000000000000000,Other,-1,0,0,48.04472480000000,0.00000000000000,66.48970000000000,0,Composed: Copy with GPU GDI,1.20600000000000,31.32390000000000,66.72750000000001,0.00000000000000,-46.11770000000000,11.06570000000000,63.15950000000000
ruffle.exe,6812,0x0000000000000000,Other,-1,0,0,48.09479570000001,0.00000000000000,50.07090000000000,0,Composed: Copy with GPU GDI,1.22420000000000,31.19560000000000,49.94260000000001,0.00000000000000,-38.31240000000000,11.26360000000000,43.23230000000000
ruffle.exe,6812,0x0000000000000000,Other,-1,0,0,48.16145910000000,0.00000000000000,66.66340000000001,0,Composed: Copy with GPU GDI,1.18530000000000,31.23470000000000,66.70250000000000,0.00000000000000,-47.15300000000001,12.54580000000000,53.90140000000000
ruffle.exe,6812,0x0000000000000000,Other,-1,0,0,48.41167930000000,0.00000000000000,250.22020000000001,0,Composed: Copy with GPU GDI,1.21600000000000,31.05590000000000,250.04140000000001,0.00000000000000,-234.80170000000001,63.40810000000000,54.10860000000000
ruffle.exe,6812,0x0000000000000000,Other,-1,0,0,48.47807670000000,0.00000000000000,66.39740000000000,0,Composed: Copy with GPU GDI,1.19820000000000,31.28380000000000,66.62530000000001,0.00000000000000,-28.71840000000000,9.90040000000000,34.50560000000000
ruffle.exe,6812,0x0000000000000000,Other,-1,0,0,48.52794600000001,0.00000000000000,49.86930000000000,0,Composed: Copy with GPU GDI,1.21320000000000,31.45220000000000,50.03770000000000,0.00000000000000,-37.61640000000000,11.38870000000000,54.35690000000000
ruffle.exe,6812,0x0000000000000000,Other,-1,0,0,48.57839120000000,0.00000000000000,50.44520000000000,0,Composed: Copy with GPU GDI,1.11690000000000,31.00360000000000,49.99660000000000,0.00000000000000,-34.52090000000000,10.08500000000000,42.82840000000000
ruffle.exe,6812,0x0000000000000000,Other,-1,0,0,48.64514490000000,0.00000000000000,66.75370000000001,0,Composed: Copy with GPU GDI,1.13040000000000,30.93750000000000,66.68760000000000,0.00000000000000,-44.90040000000000,11.96520000000000,53.54050000000000
ruffle.exe,6812,0x0000000000000000,Other,-1,0,0,48.89516430000000,0.00000000000000,250.01940000000002,0,Composed: Copy with GPU GDI,1.22890000000000,30.89020000000000,249.97210000000001,0.00000000000000,-86.97740000000000,21.90010000000000,129.58539999999999
ruffle.exe,6812,0x0000000000000000,Other,-1,0,0,48.96170780000000,0.00000000000000,66.54350000000001,0,Composed: Copy with GPU GDI,1.17540000000000,31.02280000000000,66.67610000000001,0.00000000000000,-36.55410000000000,11.99430000000000,136.12230000000000
ruffle.exe,6812,0x0000000000000000,Other,-1,0,0,49.02813470000000,0.00000000000000,66.42690000000000,0,Composed: Copy with GPU GDI,1.16520000000000,31.29600000000000,66.70010000000001,0.00000000000000,-55.17020000000000,12.71310000000000,0.00000000000000
ruffle.exe,6812,0x0000000000000000,Other,-1,0,0,49.07894450000000,0.00000000000000,50.80980000000000,0,Composed: Copy with GPU GDI,1.19270000000000,30.52350000000000,50.03730000000000,0.00000000000000,-35.45740000000000,9.56810000000000,69.31890000000000
ruffle.exe,6812,0x0000000000000000,Other,-1,0,0,49.14481620000000,0.00000000000000,65.87170000000000,0,Composed: Copy with GPU GDI,1.21490000000000,31.32540000000000,66.67360000000001,0.00000000000000,-49.57750000000000,11.38200000000000,0.00000000000000
ruffle.exe,6812,0x0000000000000000,Other,-1,0,0,49.17850470000000,0.00000000000000,33.68850000000000,0,Composed: Copy with GPU GDI,1.15440000000000,30.91570000000000,33.27880000000000,0.00000000000000,-20.50740000000000,9.81530000000000,0.00000000000000
ruffle.exe,6812,0x0000000000000000,Other,-1,0,0,49.22806150000000,0.00000000000000,49.55680000000000,0,Composed: Copy with GPU GDI,1.21830000000000,31.37380000000000,50.01490000000000,0.00000000000000,-40.02240000000000,11.61290000000000,0.00000000000000
ruffle.exe,6812,0x0000000000000000,Other,-1,0,0,49.26230700000000,0.00000000000000,34.24550000000000,0,Composed: Copy with GPU GDI,1.17160000000000,30.51880000000000,33.39050000000000,0.00000000000000,-24.09580000000000,9.87110000000000,0.00000000000000
ruffle.exe,6812,0x0000000000000000,Other,-1,0,0,49.32817360000000,0.00000000000000,65.86660000000001,0,Composed: Copy with GPU GDI,1.22020000000000,31.30370000000000,66.65150000000000,0.00000000000000,-49.63180000000001,12.51150000000000,0.00000000000000
ruffle.exe,6812,0x0000000000000000,Other,-1,0,0,49.87951480000000,0.00000000000000,551.34120000000007,0,Composed: Copy with GPU GDI,1.18160000000000,30.01740000000000,550.05489999999998,0.00000000000000,-59.83730000000001,15.70670000000000,69.85940000000001
ruffle.exe,6812,0x0000000000000000,Other,-1,0,0,50.34540720000000,0.00000000000000,465.89240000000001,0,Composed: Copy with GPU GDI,1.18640000000000,30.82370000000000,466.69870000000003,0.00000000000000,-34.72640000000000,11.32230000000000,95.76570000000001
ruffle.exe,6812,0x0000000000000000,Other,-1,0,0,50.42864370000000,0.00000000000000,83.23650000000001,0,Composed: Copy with GPU GDI,1.21140000000000,30.93690000000000,83.34970000000000,0.00000000000000,-62.10130000000000,13.40670000000000,70.95600000000000
ruffle.exe,6812,0x0000000000000000,Other,-1,0,0,50.46243560000000,0.00000000000000,33.79190000000000,0,Composed: Copy with GPU GDI,1.19090000000000,30.43300000000000,33.28800000000000,0.00000000000000,-16.98850000000000,6.93600000000000,26.76000000000000
ruffle.exe,6812,0x0000000000000000,Other,-1,0,0,50.52895550000000,0.00000000000000,66.51990000000001,0,Composed: Copy with GPU GDI,1.18310000000000,30.68160000000000,66.76850000000000,0.00000000000000,-41.39000000000000,12.21340000000000,47.29730000000000
ruffle.exe,6812,0x0000000000000000,Other,-1,0,0,50.59531630000000,0.00000000000000,66.36080000000000,0,Composed: Copy with GPU GDI,1.17630000000000,30.92170000000000,66.60090000000001,0.00000000000000,-44.25690000000000,12.07730000000000,49.67170000000000
ruffle.exe,6812,0x0000000000000000,Other,-1,0,0,50.66227060000001,0.00000000000000,66.95430000000000,0,Composed: Copy with GPU GDI,1.20300000000000,30.67430000000000,66.70690000000000,0.00000000000000,-46.34300000000000,11.00640000000000,54.62150000000000
ruffle.exe,6812,0x0000000000000000,Other,-1,0,0,50.82897780000000,0.00000000000000,166.70720000000000,0,Composed: Copy with GPU GDI,1.16870000000000,30.61480000000000,166.64770000000001,0.00000000000000,-23.84830000000000,10.63530000000000,27.30700000000000
ruffle.exe,6812,0x0000000000000000,Other,-1,0,0,50.97885700000000,0.00000000000000,149.87920000000000,0,Composed: Copy with GPU GDI,1.20160000000000,30.72080000000000,149.98520000000002,0.00000000000000,-126.78640000000000,32.09870000000000,129.21550000000002
ruffle.exe,6812,0x0000000000000000,Other,-1,0,0,51.04523170000000,0.00000000000000,66.37470000000000,0,Composed: Copy with GPU GDI,1.18720000000000,31.04520000000000,66.69910000000000,0.00000000000000,-48.72650000000000,17.95930000000000,55.58210000000000
ruffle.exe,6812,0x0000000000000000,Other,-1,0,0,51.21216310000000,0.00000000000000,166.93140000000000,0,Composed: Copy with GPU GDI,1.19720000000000,30.81320000000000,166.69940000000000,0.00000000000000,-156.06059999999999,32.06340000000000,190.51190000000000
ruffle.exe,6812,0x0000000000000000,Other,-1,0,0,51.42888010000000,0.00000000000000,216.71700000000001,0,Composed: Copy with GPU GDI,1.19370000000000,30.82770000000000,216.73150000000001,0.00000000000000,-191.27620000000002,41.49710000000000,197.21940000000001
ruffle.exe,6812,0x0000000000000000,Other,-1,0,0,51.71197170000000,0.00000000000000,283.09160000000003,0,Composed: Copy with GPU GDI,1.21170000000000,31.07460000000000,283.33850000000001,0.00000000000000,-238.68060000000000,59.27230000000000,196.30500000000001
ruffle.exe,6812,0x0000000000000000,Other,-1,0,0,52.11176630000001,0.00000000000000,399.79460000000000,0,Composed: Copy with GPU GDI,1.19940000000000,31.31320000000000,400.03320000000002,0.00000000000000,-179.02900000000000,54.41950000000000,294.08930000000004
ruffle.exe,6812,0x0000000000000000,Other,-1,0,0,52.39586230000000,0.00000000000000,284.09600000000000,0,Composed: Copy with GPU GDI,0.87010000000000,30.56020000000000,283.34300000000002,0.00000000000000,-242.50170000000000,48.66820000000000,254.15820000000002
ruffle.exe,6812,0x0000000000000000,Other,-1,0,0,52.66241610000000,0.00000000000000,266.55380000000002,0,Composed: Copy with GPU GDI,1.19010000000000,30.72060000000000,266.71420000000001,0.00000000000000,-228.74700000000001,52.18710000000000,174.70300000000000
ruffle.exe,6812,0x0000000000000000,Other,-1,0,0,53.12902890000000,0.00000000000000,466.61280000000005,0,Composed: Copy with GPU GDI,1.19460000000000,30.78360000000000,466.67580000000004,0.00000000000000,-192.55660000000000,43.86890000000000,233.29470000000001
ruffle.exe,6812,0x0000000000000000,Other,-1,0,0,53.32881640000001,0.00000000000000,199.78750000000002,0,Composed: Copy with GPU GDI,1.18140000000000,30.97760000000000,199.98150000000001,0.00000000000000,-164.17290000000000,37.99020000000000,247.11040000000000
ruffle.exe,6812,0x0000000000000000,Other,-1,0,0,53.41202670000001,0.00000000000000,83.21030000000000,0,Composed: Copy with GPU GDI,1.20970000000000,31.10780000000000,83.34050000000001,0.00000000000000,-61.11500000000000,22.45600000000000,166.29530000000000
ruffle.exe,6812,0x0000000000000000,Other,-1,0,0,53.57892590000000,0.00000000000000,166.89920000000001,0,Composed: Copy with GPU GDI,1.16920000000000,30.91540000000000,166.70680000000002,0.00000000000000,-140.79820000000001,32.50300000000000,145.21090000000001
ruffle.exe,6812,0x0000000000000000,Other,-1,0,0,53.66186050000000,0.00000000000000,82.93460000000000,0,Composed: Copy with GPU GDI,1.19920000000000,31.35650000000000,83.37570000000001,0.00000000000000,-50.98440000000000,18.86340000000000,60.12160000000000
ruffle.exe,6812,0x0000000000000000,Other,-1,0,0,53.96216110000000,0.00000000000000,300.30060000000003,0,Composed: Copy with GPU GDI,1.19640000000000,31.03160000000000,299.97570000000002,0.00000000000000,-167.68870000000001,34.86630000000000,158.40460000000002
ruffle.exe,6812,0x0000000000000000,Other,-1,0,0,54.06231820000000,0.00000000000000,100.15710000000000,0,Composed: Copy with GPU GDI,1.21650000000000,30.86030000000000,99.98580000000001,0.00000000000000,-73.01140000000001,20.29470000000000,250.53590000000000
ruffle.exe,6812,0x0000000000000000,Other,-1,0,0,54.21195850000000,0.00000000000000,149.64030000000000,0,Composed: Copy with GPU GDI,1.20040000000000,31.26050000000000,150.04050000000001,0.00000000000000,-132.42660000000001,27.62780000000000,126.16800000000001
ruffle.exe,6812,0x0000000000000000,Other,-1,0,0,54.29545930000000,0.00000000000000,83.50080000000000,0,Composed: Copy with GPU GDI,1.22270000000000,31.10900000000000,83.34930000000000,0.00000000000000,-49.93530000000001,18.01950000000000,53.72240000000000
ruffle.exe,6812,0x0000000000000000,Other,-1,0,0,54.46226480000000,0.00000000000000,166.80549999999999,0,Composed: Copy with GPU GDI,1.20600000000000,31.00430000000000,166.70080000000002,0.00000000000000,-153.05230000000000,34.38910000000000,158.51410000000001
ruffle.exe,6812,0x0000000000000000,Other,-1,0,0,54.56235190000000,0.00000000000000,100.08710000000001,0,Composed: Copy with GPU GDI,1.20880000000000,30.92280000000000,100.00560000000000,0.00000000000000,-93.02250000000001,22.49480000000000,168.59650000000002
ruffle.exe,6812,0x0000000000000000,Other,-1,0,0,54.71232940000000,0.00000000000000,149.97750000000002,0,Composed: Copy with GPU GDI,1.21130000000000,30.92440000000000,149.97910000000002,0.00000000000000,-132.15000000000001,30.45930000000000,0.00000000000000
ruffle.exe,6812,0x0000000000000000,Other,-1,0,0,54.91245710000000,0.00000000000000,200.12770000000000,0,Composed: Copy with GPU GDI,1.18560000000000,30.79350000000000,199.99680000000001,0.00000000000000,-176.47150000000002,21.04240000000000,56.69290000000000
ruffle.exe,6812,0x0000000000000000,Other,-1,0,0,55.07870530000000,0.00000000000000,166.24820000000000,0,Composed: Copy with GPU GDI,1.21320000000000,31.23170000000000,166.68640000000002,0.00000000000000,-135.41870000000000,30.20250000000000,144.93460000000002
ruffle.exe,6812,0x0000000000000000,Other,-1,0,0,55.16200670000000,0.00000000000000,83.30140000000000,0,Composed: Copy with GPU GDI,1.18480000000000,31.28380000000000,83.35350000000001,0.00000000000000,-61.12750000000000,23.14790000000000,0.00000000000000
ruffle.exe,6812,0x0000000000000000,Other,-1,0,0,55.34548100000000,0.00000000000000,183.47430000000000,0,Composed: Copy with GPU GDI,1.22350000000000,31.14700000000000,183.33750000000001,0.00000000000000,-157.38700000000000,32.27490000000000,0.00000000000000
ruffle.exe,6812,0x0000000000000000,Other,-1,0,0,55.42863060000000,0.00000000000000,83.14960000000001,0,Composed: Copy with GPU GDI,1.21250000000000,31.33210000000000,83.33470000000000,0.00000000000000,-53.15380000000000,18.01490000000000,0.00000000000000
ruffle.exe,6812,0x0000000000000000,Other,-1,0,0,55.57877680000000,0.00000000000000,150.14619999999999,0,Composed: Copy with GPU GDI,1.21230000000000,31.20760000000000,150.02170000000001,0.00000000000000,-128.83830000000000,28.99850000000000,0.00000000000000
ruffle.exe,6812,0x0000000000000000,Other,-1,0,0,55.64579010000000,0.00000000000000,67.01330000000000,0,Composed: Copy with GPU GDI,1.19240000000000,30.90500000000000,66.71070000000000,0.00000000000000,-40.55390000000000,17.78830000000000,0.00000000000000
ruffle.exe,6812,0x0000000000000000,Other,-1,0,0,55.79610360000000,0.00000000000000,150.31350000000000,0,Composed: Copy with GPU GDI,1.20890000000000,30.61630000000000,150.02480000000000,0.00000000000000,-136.57440000000000,28.24800000000000,0.00000000000000
ruffle.exe,6812,0x0000000000000000,Other,-1,0,0,56.02896410000000,0.00000000000000,232.86050000000000,0,Composed: Copy with GPU GDI,1.21640000000000,31.11580000000000,233.36000000000001,0.00000000000000,-86.54340000000001,26.01650000000000,219.17090000000002
ruffle.exe,6812,0x0000000000000000,Other,-1,0,0,56.21235740000000,0.00000000000000,183.39330000000001,0,Composed: Copy with GPU GDI,1.19970000000000,31.05400000000000,183.33150000000001,0.00000000000000,-151.71840000000000,32.17270000000000,0.00000000000000
ruffle.exe,6812,0x0000000000000000,Other,-1,0,0,56.31296460000000,0.00000000000000,100.60720000000001,0,Composed: Copy with GPU GDI,1.19300000000000,30.43600000000000,99.98920000000001,0.00000000000000,-94.19300000000000,24.59920000000000,0.00000000000000
ruffle.exe,6812,0x0000000000000000,Other,-1,0,0,56.49564070000000,0.00000000000000,182.67610000000002,0,Composed: Copy with GPU GDI,1.20550000000000,31.09190000000000,183.33200000000002,0.00000000000000,-161.04160000000002,35.19840000000000,0.00000000000000
ruffle.exe,6812,0x0000000000000000,Other,-1,0,0,56.57900210000000,0.00000000000000,83.36140000000000,0,Composed: Copy with GPU GDI,1.22540000000000,31.11170000000000,83.38120000000001,0.00000000000000,-53.97010000000000,20.46820000000000,59.16520000000001
ruffle.exe,6812,0x0000000000000000,Other,-1,0,0,56.74611420000001,0.00000000000000,167.11210000000000,0,Composed: Copy with GPU GDI,1.13730000000000,30.68860000000000,166.68900000000002,0.00000000000000,-143.72770000000000,28.88070000000000,148.29560000000001
ruffle.exe,6812,0x0000000000000000,Other,-1,0,0,57.14583850000000,0.00000000000000,399.72430000000003,0,Composed: Copy with GPU GDI,1.22210000000000,31.00730000000000,400.04300000000001,0.00000000000000,-366.87260000000003,64.35380000000001,169.98120000000000
ruffle.exe,6812,0x0000000000000000,Other,-1,0,0,57.39582730000000,0.00000000000000,249.98880000000003,0,Composed: Copy with GPU GDI,1.20820000000000,31.04900000000000,250.03050000000002,0.00000000000000,-243.62140000000002,53.18790000000000,197.98470000000000
ruffle.exe,6812,0x0000000000000000,Other,-1,0,0,57.49592670000001,0.00000000000000,100.09940000000000,0,Composed: Copy with GPU GDI,1.18230000000000,30.92630000000000,99.97670000000001,0.00000000000000,-90.90120000000000,22.11190000000000,48.08840000000000
ruffle.exe,6812,0x0000000000000000,Other,-1,0,0,57.72913510000000,0.00000000000000,233.20840000000001,0,Composed: Copy with GPU GDI,1.22420000000000,31.11210000000000,233.39420000000001,0.00000000000000,-197.80830000000000,48.81860000000000,141.28210000000001
ruffle.exe,6812,0x0000000000000000,Other,-1,0,0,57.96252170000000,0.00000000000000,233.38660000000002,0,Composed: Copy with GPU GDI,1.21630000000000,31.01280000000000,233.28730000000002,0.00000000000000,-69.84200000000000,25.51480000000000,78.66650000000000
ruffle.exe,6812,0x0000000000000000,Other,-1,0,0,58.17948440000000,0.00000000000000,216.96270000000001,0,Composed: Copy with GPU GDI,1.19700000000000,30.71950000000000,216.66940000000002,0.00000000000000,-190.81520000000000,46.97640000000001,193.60840000000002
ruffle.exe,6812,0x0000000000000000,Other,-1,0,0,58.26228010000001,0.00000000000000,82.79570000000001,0,Composed: Copy with GPU GDI,1.20700000000000,31.28860000000000,83.36480000000000,0.00000000000000,-60.23830000000000,22.60750000000000,124.41600000000001
ruffle.exe,6812,0x0000000000000000,Other,-1,0,0,58.41388520000000,0.00000000000000,151.60509999999999,0,Composed: Copy with GPU GDI,1.21990000000000,29.70640000000000,150.02290000000002,0.00000000000000,-138.55100000000002,32.04520000000000,0.00000000000000
ruffle.exe,6812,0x0000000000000000,Other,-1,0,0,58.49586650000000,0.00000000000000,81.98130000000000,0,Composed: Copy with GPU GDI,1.25010000000000,31.03960000000000,83.31450000000001,0.00000000000000,-52.55580000000000,22.12090000000000,0.00000000000000
ruffle.exe,6812,0x0000000000000000,Other,-1,0,0,58.66271870000000,0.00000000000000,166.85220000000001,0,Composed: Copy with GPU GDI,1.21030000000000,30.92390000000000,166.73650000000001,0.00000000000000,-151.45130000000000,36.95560000000000,160.83090000000001
ruffle.exe,6812,0x0000000000000000,Other,-1,0,0,58.76259900000000,0.00000000000000,99.88030000000001,0,Composed: Copy with GPU GDI,1.21720000000000,31.05070000000000,100.00710000000001,0.00000000000000,-63.43570000000000,26.13760000000000,230.64500000000001
ruffle.exe,6812,0x0000000000000000,Other,-1,0,0,59.21262550000000,0.00000000000000,450.02650000000000,0,Composed: Copy with GPU GDI,1.22510000000000,31.02460000000000,450.00040000000001,0.00000000000000,-249.23810000000000,55.31160000000001,254.72930000000002
ruffle.exe,6812,0x0000000000000000,Other,-1,0,0,59.29617230000000,0.00000000000000,83.54680000000000,0,Composed: Copy with GPU GDI,1.21380000000000,30.81660000000000,83.33880000000001,0.00000000000000,-58.50830000000001,23.40950000000000,64.27540000000000
ruffle.exe,6812,0x0000000000000000,Other,-1,0,0,59.49571670000000,0.00000000000000,199.54440000000000,0,Composed: Copy with GPU GDI,1.12400000000000,31.28660000000000,200.01440000000002,0.00000000000000,-185.07800000000000,46.83730000000000,239.80690000000001
ruffle.exe,6812,0x0000000000000000,Other,-1,0,0,59.59613940000000,0.00000000000000,100.42270000000001,0,Composed: Copy with GPU GDI,1.19960000000000,30.88750000000000,100.02360000000000,0.00000000000000,-70.59210000000000,25.22170000000000,72.21910000000000
ruffle.exe,6812,0x0000000000000000,Other,-1,0,0,59.76264200000000,0.00000000000000,166.50260000000000,0,Composed: Copy with GPU GDI,1.21000000000000,31.09610000000000,166.71120000000002,0.00000000000000,-143.35700000000000,36.25330000000000,148.71520000000001
ruffle.exe,6812,0x0000000000000000,Other,-1,0,0,59.99615530000000,0.00000000000000,233.51330000000002,0,Composed: Copy with GPU GDI,1.22730000000000,30.88390000000000,233.30110000000002,0.00000000000000,-82.08070000000001,29.14250000000000,90.23580000000000
ruffle.exe,6812,0x0000000000000000,Other,-1,0,0,60.19610500000000,0.00000000000000,199.94970000000001,0,Composed: Copy with GPU GDI,1.19700000000000,31.02150000000000,200.08730000000000,0.00000000000000,-168.80110000000002,36.31950000000001,0.00000000000000
ruffle.exe,6812,0x0000000000000000,Other,-1,0,0,60.29591720000001,0.00000000000000,99.81220000000000,0,Composed: Copy with GPU GDI,1.18000000000000,31.17090000000000,99.96160000000000,0.00000000000000,-56.97780000000000,23.42230000000000,65.97650000000000
ruffle.exe,6812,0x0000000000000000,Other,-1,0,0,60.51281050000000,0.00000000000000,216.89330000000001,0,Composed: Copy with GPU GDI,1.21900000000000,30.98770000000000,216.71010000000001,0.00000000000000,-193.26150000000001,44.44610000000000,200.86210000000000
ruffle.exe,6812,0x0000000000000000,Other,-1,0,0,60.61274350000000,0.00000000000000,99.93300000000001,0,Composed: Copy with GPU GDI,1.23560000000000,31.02410000000000,99.96940000000001,0.00000000000000,-57.55490000000000,23.53880000000000,66.74450000000000
ruffle.exe,6812,0x0000000000000000,Other,-1,0,0,60.79608810000000,0.00000000000000,183.34460000000001,0,Composed: Copy with GPU GDI,1.21810000000000,31.08860000000000,183.40910000000000,0.00000000000000,-166.82570000000001,40.12250000000000,172.14210000000000
ruffle.exe,6812,0x0000000000000000,Other,-1,0,0,61.02934960000000,0.00000000000000,233.26150000000001,0,Composed: Copy with GPU GDI,1.06350000000000,31.13970000000000,233.31260000000000,0.00000000000000,-79.22680000000000,30.47130000000000,245.39780000000002
ruffle.exe,6812,0x0000000000000000,Other,-1,0,0,61.22931140000000,0.00000000000000,199.96180000000001,0,Composed: Copy with GPU GDI,1.20510000000000,31.21180000000000,200.03390000000002,0.00000000000000,-168.72140000000002,40.89240000000000,0.00000000000000
ruffle.exe,6812,0x0000000000000000,Other,-1,0,0,61.32920650000000,0.00000000000000,99.89510000000000,0,Composed: Copy with GPU GDI,1.21070000000000,31.34430000000000,100.02760000000001,0.00000000000000,-58.88040000000000,22.93240000000000,0.00000000000000
ruffle.exe,6812,0x0000000000000000,Other,-1,0,0,61.56289440000000,0.00000000000000,233.68790000000001,0,Composed: Copy with GPU GDI,1.22090000000000,30.94470000000000,233.28830000000002,0.00000000000000,-197.95080000000002,46.57070000000000,0.00000000000000
ruffle.exe,6812,0x0000000000000000,Other,-1,0,0,61.69599580000000,0.00000000000000,133.10140000000001,0,Composed: Copy with GPU GDI,1.21460000000000,31.25120000000000,133.40790000000001,0.00000000000000,-103.36370000000001,30.16740000000000,0.00000000000000
ruffle.exe,6812,0x0000000000000000,Other,-1,0,0,61.91285350000000,0.00000000000000,216.85770000000002,0,Composed: Copy with GPU GDI,1.21810000000000,31.06940000000000,216.67590000000001,0.00000000000000,-72.44440000000000,27.63430000000000,0.00000000000000
ruffle.exe,6812,0x0000000000000000,Other,-1,0,0,62.11269870000000,0.00000000000000,199.84520000000001,0,Composed: Copy with GPU GDI,1.22410000000000,31.24510000000000,200.02090000000001,0.00000000000000,-167.48540000000000,38.22280000000000,0.00000000000000
ruffle.exe,6812,0x0000000000000000,Other,-1,0,0,62.21291350000001,0.00000000000000,100.21480000000001,0,Composed: Copy with GPU GDI,1.20970000000000,31.02820000000000,99.99790000000000,0.00000000000000,-59.29840000000000,23.24270000000000,0.00000000000000
ruffle.exe,6812,0x0000000000000000,Other,-1,0,0,62.41295940000000,0.00000000000000,200.04590000000002,0,Composed: Copy with GPU GDI,1.17920000000000,30.96790000000000,199.98560000000001,0.00000000000000,-165.91440000000000,41.39500000000000,0.00000000000000
ruffle.exe,6812,0x0000000000000000,Other,-1,0,0,62.49615960000000,0.00000000000000,83.20020000000001,0,Composed: Copy with GPU GDI,1.13950000000000,31.11320000000000,83.34550000000000,0.00000000000000,-54.55950000000000,23.22900000000000,0.00000000000000
ruffle.exe,6812,0x0000000000000000,Other,-1,0,0,62.69626520000001,0.00000000000000,200.10560000000001,0,Composed: Copy with GPU GDI,1.15330000000000,31.04870000000000,200.04110000000000,0.00000000000000,-185.64420000000001,41.16410000000000,0.00000000000000
ruffle.exe,6812,0x0000000000000000,Other,-1,0,0,62.92948160000000,0.00000000000000,233.21640000000002,0,Composed: Copy with GPU GDI,1.21840000000000,31.19310000000000,233.36080000000001,0.00000000000000,-66.11050000000000,23.82190000000000,69.46480000000000
ruffle.exe,6812,0x0000000000000000,Other,-1,0,0,63.11276850000000,0.00000000000000,183.28690000000000,0,Composed: Copy with GPU GDI,1.26570000000000,31.24680000000000,183.34059999999999,0.00000000000000,-140.09980000000002,35.40290000000000,144.75640000000001
ruffle.exe,6812,0x0000000000000000,Other,-1,0,0,63.21267180000000,0.00000000000000,99.90330000000000,0,Composed: Copy with GPU GDI,1.18820000000000,31.34560000000000,100.00210000000000,0.00000000000000,-65.71840000000000,28.20820000000000,74.65660000000000
ruffle.exe,6812,0x0000000000000000,Other,-1,0,0,63.39643740000000,0.00000000000000,183.76560000000001,0,Composed: Copy with GPU GDI,1.22090000000000,30.93850000000000,183.35850000000002,0.00000000000000,-168.63880000000000,38.10920000000000,172.41400000000002
ruffle.exe,6812,0x0000000000000000,Other,-1,0,0,63.49666150000000,0.00000000000000,100.22410000000001,0,Composed: Copy with GPU GDI,2.89610000000000,30.73240000000000,100.01800000000000,0.00000000000000,-61.72000000000001,28.40290000000000,70.63370000000000
ruffle.exe,6812,0x0000000000000000,Other,-1,0,0,63.72975540000000,0.00000000000000,233.09390000000002,0,Composed: Copy with GPU GDI,1.20310000000000,31.01160000000000,233.37310000000002,0.00000000000000,-196.54340000000002,41.13160000000000,201.72460000000001
ruffle.exe,6812,0x0000000000000000,Other,-1,0,0,63.96308310000001,0.00000000000000,233.32770000000002,0,Composed: Copy with GPU GDI,1.21390000000000,31.02210000000000,233.33820000000000,0.00000000000000,-62.67850000000000,23.45480000000000,67.00080000000000
ruffle.exe,6812,0x0000000000000000,Other,-1,0,0,64.16284030000000,0.00000000000000,199.75720000000001,0,Composed: Copy with GPU GDI,1.22270000000000,31.27930000000000,200.01440000000002,0.00000000000000,-166.73590000000002,36.54900000000000,172.78620000000001
ruffle.exe,6812,0x0000000000000000,Other,-1,0,0,64.28004390000000,0.00000000000000,117.20360000000001,0,Composed: Copy with GPU GDI,1.17410000000000,30.71760000000000,116.64190000000001,0.00000000000000,-79.80940000000001,30.73170000000000,87.99500000000000
ruffle.exe,6812,0x0000000000000000,Other,-1,0,0,64.47976110000000,0.00000000000000,199.71720000000002,0,Composed: Copy with GPU GDI,1.21210000000000,31.01550000000000,200.01510000000002,0.00000000000000,-174.49630000000002,38.96780000000000,177.69980000000001
ruffle.exe,6812,0x0000000000000000,Other,-1,0,0,64.57979290000000,0.00000000000000,100.03180000000000,0,Composed: Copy with GPU GDI,1.21640000000000,30.99710000000000,100.01340000000000,0.00000000000000,-75.20260000000000,27.86710000000000,79.72320000000001
ruffle.exe,6812,0x0000000000000000,Other,-1,0,0,64.76312390000000,0.00000000000000,183.33100000000002,0,Composed: Copy with GPU GDI,1.21420000000000,31.05320000000000,183.38710000000000,0.00000000000000,-163.07720000000000,35.04070000000000,225.04010000000002
ruffle.exe,6812,0x0000000000000000,Other,-1,0,0,64.99669460000000,0.00000000000000,233.57070000000002,0,Composed: Copy with GPU GDI,1.13760000000000,30.78880000000000,233.30630000000002,0.00000000000000,-77.76680000000000,30.67080000000000,0.00000000000000
ruffle.exe,6812,0x0000000000000000,Other,-1,0,0,65.19638720000000,0.00000000000000,199.69260000000000,0,Composed: Copy with GPU GDI,1.16750000000000,31.14980000000000,200.05360000000002,0.00000000000000,-170.45270000000002,37.56170000000000,0.00000000000000
ruffle.exe,6812,0x0000000000000000,Other,-1,0,0,65.28046430000001,0.00000000000000,84.07710000000000,0,Composed: Copy with GPU GDI,2.92460000000000,30.39250000000000,83.31980000000000,0.00000000000000,-59.86730000000000,23.36590000000000,0.00000000000000
ruffle.exe,6812,0x0000000000000000,Other,-1,0,0,65.44654430000000,0.00000000000000,166.08000000000001,0,Composed: Copy with GPU GDI,1.22580000000000,31.02540000000000,166.71290000000002,0.00000000000000,-146.39449999999999,34.91240000000001,0.00000000000000
ruffle.exe,6812,0x0000000000000000,Other,-1,0,0,65.54633610000000,0.00000000000000,99.79180000000001,0,Composed: Copy with GPU GDI,1.21650000000000,31.23120000000000,99.99760000000001,0.00000000000000,-92.85140000000000,28.54190000000000,0.00000000000000
ruffle.exe,6812,0x0000000000000000,Other,-1,0,0,65.73008290000000,0.00000000000000,183.74680000000001,0,Composed: Copy with GPU GDI,1.16680000000000,30.84160000000000,183.35720000000001,0.00000000000000,-170.00050000000002,38.10180000000000,0.00000000000000
ruffle.exe,6812,0x0000000000000000,Other,-1,0,0,65.98019310000001,0.00000000000000,250.11020000000002,0,Composed: Copy with GPU GDI,1.24980000000000,30.71390000000000,249.98250000000002,0.00000000000000,-206.47410000000002,28.50030000000000,0.00000000000000
ruffle.exe,6812,0x0000000000000000,Other,-1,0,0,66.16322840000001,0.00000000000000,183.03530000000001,0,Composed: Copy with GPU GDI,1.21830000000000,31.05560000000000,183.37700000000001,0.00000000000000,-161.87100000000001,37.65500000000000,0.00000000000000
ruffle.exe,6812,0x0000000000000000,Other,-1,0,0,66.31303860000000,0.00000000000000,149.81020000000001,0,Composed: Copy with GPU GDI,1.22520000000000,31.28520000000000,150.03980000000001,0.00000000000000,-127.18790000000000,36.01840000000000,0.00000000000000
ruffle.exe,6812,0x0000000000000000,Other,-1,0,0,66.41300450000000,0.00000000000000,99.96590000000000,0,Composed: Copy with GPU GDI,1.11720000000000,31.27050000000000,99.95120000000000,0.00000000000000,-92.40650000000001,25.46580000000000,0.00000000000000
ruffle.exe,6812,0x0000000000000000,Other,-1,0,0,66.58008150000001,0.00000000000000,167.07700000000000,0,Composed: Copy with GPU GDI,1.20040000000000,30.94070000000000,166.74720000000002,0.00000000000000,-143.86969999999999,35.37040000000000,0.00000000000000
ruffle.exe,6812,0x0000000000000000,Other,-1,0,0,66.67999280000001,0.00000000000000,99.91130000000001,0,Composed: Copy with GPU GDI,1.22060000000000,31.00040000000000,99.97100000000000,0.00000000000000,-65.05570000000000,23.21600000000000,0.00000000000000
ruffle.exe,6812,0x0000000000000000,Other,-1,0,0,67.01289670000000,0.00000000000000,332.90390000000002,0,Composed: Copy with GPU GDI,1.21200000000000,31.43470000000000,333.33820000000003,0.00000000000000,-318.27690000000001,45.55590000000000,0.00000000000000
ruffle.exe,6812,0x0000000000000000,Other,-1,0,0,67.09662489999999,0.00000000000000,83.72820000000000,0,Composed: Copy with GPU GDI,1.21680000000000,31.06690000000000,83.36040000000000,0.00000000000000,-58.45700000000000,23.90480000000000,0.00000000000000
ruffle.exe,6812,0x0000000000000000,Other,-1,0,0,67.26348519999999,0.00000000000000,166.86030000000000,0,Composed: Copy with GPU GDI,1.21820000000000,30.89140000000000,166.68480000000000,0.00000000000000,-149.86620000000002,40.14080000000000,0.00000000000000
ruffle.exe,6812,0x0000000000000000,Other,-1,0,0,67.36368780000001,0.00000000000000,100.20260000000000,0,Composed: Copy with GPU GDI,1.20120000000000,30.69030000000000,100.00150000000001,0.00000000000000,-80.49730000000001,26.50410000000000,0.00000000000000
ruffle.exe,6812,0x0000000000000000,Other,-1,0,0,67.58004980000000,0.00000000000000,216.36200000000002,0,Composed: Copy with GPU GDI,1.21210000000000,31.04780000000000,216.71950000000001,0.00000000000000,-191.06650000000002,44.29110000000000,0.00000000000000
ruffle.exe,6812,0x0000000000000000,Other,-1,0,0,67.68014860000000,0.00000000000000,100.09880000000001,0,Composed: Copy with GPU GDI,1.20620000000000,30.93090000000000,99.98190000000001,0.00000000000000,-92.07630000000000,24.87820000000000,0.00000000000000
ruffle.exe,6812,0x0000000000000000,Other,-1,0,0,68.01349630000000,0.00000000000000,333.34770000000003,0,Composed: Copy with GPU GDI,1.21970000000000,30.96580000000000,333.38260000000002,0.00000000000000,-190.97620000000001,44.79030000000000,0.00000000000000
ruffle.exe,6812,0x0000000000000000,Other,-1,0,0,68.11327480000000,0.00000000000000,99.77850000000001,0,Composed: Copy with GPU GDI,1.15720000000000,31.14590000000000,99.95860000000000,0.00000000000000,-87.04670000000000,24.81350000000000,71.07250000000001
ruffle.exe,6812,0x0000000000000000,Other,-1,0,0,68.31353940000000,0.00000000000000,200.26460000000000,0,Composed: Copy with GPU GDI,1.21230000000000,30.95180000000000,200.07050000000001,0.00000000000000,-181.12910000000002,41.16350000000000,185.37080000000000
ruffle.exe,6812,0x0000000000000000,Other,-1,0,0,68.41381760000000,0.00000000000000,100.27820000000000,0,Composed: Copy with GPU GDI,1.37220000000000,30.68060000000000,100.00700000000001,0.00000000000000,-67.97080000000000,26.55660000000000,59.64510000000000
ruffle.exe,6812,0x0000000000000000,Other,-1,0,0,68.68016640000000,0.00000000000000,266.34880000000004,0,Composed: Copy with GPU GDI,1.21410000000000,31.04130000000000,266.70949999999999,0.00000000000000,-243.73260000000002,55.38550000000000,239.96020000000001
ruffle.exe,6812,0x0000000000000000,Other,-1,0,0,68.91322330000000,0.00000000000000,233.05690000000001,0,Composed: Copy with GPU GDI,1.21600000000000,31.29840000000000,233.31400000000002,0.00000000000000,-80.73520000000001,27.64550000000000,75.02300000000001
ruffle.exe,6812,0x0000000000000000,Other,-1,0,0,69.16331960000001,0.00000000000000,250.09630000000001,0,Composed: Copy with GPU GDI,1.24970000000000,31.22470000000000,250.02260000000001,0.00000000000000,-230.55590000000001,46.30930000000000,135.10490000000001
ruffle.exe,6812,0x0000000000000000,Other,-1,0,0,69.29683050000000,0.00000000000000,133.51089999999999,0,Composed: Copy with GPU GDI,1.23940000000000,31.03320000000000,133.31940000000000,0.00000000000000,-123.56320000000001,33.09870000000000,86.56300000000000
ruffle.exe,6812,0x0000000000000000,Other,-1,0,0,69.49685150000001,0.00000000000000,200.02100000000002,0,Composed: Copy with GPU GDI,1.22260000000000,31.06180000000000,200.04960000000000,0.00000000000000,-175.06140000000002,39.31750000000000,176.62750000000000
ruffle.exe,6812,0x0000000000000000,Other,-1,0,0,69.64708299999999,0.00000000000000,150.23150000000001,0,Composed: Copy with GPU GDI,1.21820000000000,30.83960000000000,150.00930000000000,0.00000000000000,-108.17240000000001,40.23790000000000,130.84070000000000
ruffle.exe,6812,0x0000000000000000,Other,-1,0,0,69.93023930000000,0.00000000000000,283.15629999999999,0,Composed: Copy with GPU GDI,1.19150000000000,31.00540000000000,283.32210000000003,0.00000000000000,-247.03820000000002,50.27940000000000,256.00990000000002
ruffle.exe,6812,0x0000000000000000,Other,-1,0,0,70.19702270000001,0.00000000000000,266.78340000000003,0,Composed: Copy with GPU GDI,1.19430000000000,30.96090000000000,266.73890000000000,0.00000000000000,-241.62130000000002,41.11050000000000,280.78440000000001
ruffle.exe,6812,0x0000000000000000,Other,-1,0,0,70.48026580000000,0.00000000000000,283.24310000000003,0,Composed: Copy with GPU GDI,1.19750000000000,31.10740000000000,283.38960000000003,0.00000000000000,-245.89400000000001,54.63140000000000,303.97170000000000
ruffle.exe,6812,0x0000000000000000,Other,-1,0,0,70.84711240000000,0.00000000000000,366.84660000000002,0,Composed: Copy with GPU GDI,1.20360000000000,30.90950000000000,366.64870000000002,0.00000000000000,-328.44589999999999,88.58160000000001,144.85230000000001
ruffle.exe,6812,0x0000000000000000,Other,-1,0,0,71.06378850000000,0.00000000000000,216.67610000000002,0,Composed: Copy with GPU GDI,1.19470000000000,30.93750000000000,216.70410000000001,0.00000000000000,-176.25570000000002,44.53950000000000,179.52940000000001
ruffle.exe,6812,0x0000000000000000,Other,-1,0,0,71.49671800000000,0.00000000000000,432.92950000000002,0,Composed: Copy with GPU GDI,1.22340000000000,31.39380000000000,433.38580000000002,0.00000000000000,-272.77179999999998,65.44240000000001,226.44230000000002
ruffle.exe,6812,0x0000000000000000,Other,-1,0,0,71.61384570000001,0.00000000000000,117.12770000000000,0,Composed: Copy with GPU GDI,1.19920000000000,30.88400000000000,116.61790000000001,0.00000000000000,-83.29570000000001,30.10860000000000,289.54820000000001
ruffle.exe,6812,0x0000000000000000,Other,-1,0,0,71.84747860000000,0.00000000000000,233.63290000000001,0,Composed: Copy with GPU GDI,1.20310000000000,30.61300000000000,233.36190000000002,0.00000000000000,-223.99440000000001,45.64330000000000,0.00000000000000
ruffle.exe,6812,0x0000000000000000,Other,-1,0,0,71.96629860000000,0.00000000000000,118.82000000000001,0,Composed: Copy with GPU GDI,1.18180000000000,28.50960000000000,116.71660000000000,0.00000000000000,-94.63640000000001,28.61130000000000,0.00000000000000
ruffle.exe,6812,0x0000000000000000,Other,-1,0,0,72.26391450000000,0.00000000000000,297.61590000000001,0,Composed: Copy with GPU GDI,1.16660000000000,30.88900000000000,299.99529999999999,0.00000000000000,-163.78210000000001,39.61140000000000,0.00000000000000
ruffle.exe,6812,0x0000000000000000,Other,-1,0,0,72.44698769999999,0.00000000000000,183.07320000000001,0,Composed: Copy with GPU GDI,1.21490000000000,31.14540000000000,183.32960000000000,0.00000000000000,-159.09260000000000,40.90570000000000,0.00000000000000
ruffle.exe,6812,0x0000000000000000,Other,-1,0,0,72.53066009999999,0.00000000000000,83.67240000000001,0,Composed: Copy with GPU GDI,1.18560000000000,30.84470000000000,83.37170000000000,0.00000000000000,-62.19490000000000,25.09380000000000,0.00000000000000
ruffle.exe,6812,0x0000000000000000,Other,-1,0,0,72.73044800000001,0.00000000000000,199.78790000000001,0,Composed: Copy with GPU GDI,1.20400000000000,31.06000000000000,200.00320000000002,0.00000000000000,-191.62720000000002,43.37520000000000,0.00000000000000
ruffle.exe,6812,0x0000000000000000,Other,-1,0,0,72.84689870000001,0.00000000000000,116.45070000000001,0,Composed: Copy with GPU GDI,1.22130000000000,31.27200000000000,116.66270000000000,0.00000000000000,-107.54420000000000,28.01850000000000,0.00000000000000
ruffle.exe,6812,0x0000000000000000,Other,-1,0,0,73.06407430000000,0.00000000000000,217.17560000000000,0,Composed: Copy with GPU GDI,1.20780000000000,30.84390000000000,216.74750000000000,0.00000000000000,-194.47530000000000,46.14390000000000,0.00000000000000
ruffle.exe,6812,0x0000000000000000,Other,-1,0,0,73.28070450000001,0.00000000000000,216.63020000000000,0,Composed: Copy with GPU GDI,1.20330000000000,30.89040000000000,216.67670000000001,0.00000000000000,-72.63580000000000,25.66800000000000,0.00000000000000
ruffle.exe,6812,0x0000000000000000,Other,-1,0,0,73.51410640000000,0.00000000000000,233.40190000000001,0,Composed: Copy with GPU GDI,1.18960000000000,30.83430000000000,233.34580000000000,0.00000000000000,-199.59210000000002,45.54790000000001,0.00000000000000
ruffle.exe,6812,0x0000000000000000,Other,-1,0,0,73.63057980000001,0.00000000000000,116.47340000000001,0,Composed: Copy with GPU GDI,1.14130000000000,31.04300000000000,116.68210000000001,0.00000000000000,-108.28420000000000,26.52900000000000,0.00000000000000
ruffle.exe,6812,0x0000000000000000,Other,-1,0,0,73.83046970000001,0.00000000000000,199.88990000000001,0,Composed: Copy with GPU GDI,1.21360000000000,31.17570000000000,200.02260000000001,0.00000000000000,-161.72430000000000,38.69800000000000,0.00000000000000
ruffle.exe,6812,0x0000000000000000,Other,-1,0,0,73.93061139999999,0.00000000000000,100.14170000000000,0,Composed: Copy with GPU GDI,1.19620000000000,31.06150000000000,100.02750000000000,0.00000000000000,-67.73420000000000,24.79510000000000,0.00000000000000
ruffle.exe,6812,0x0000000000000000,Other,-1,0,0,74.23057570000000,0.00000000000000,299.96430000000004,0,Composed: Copy with GPU GDI,1.19830000000000,31.04510000000000,299.94790000000000,0.00000000000000,-148.96150000000000,37.34490000000000,0.00000000000000
ruffle.exe,6812,0x0000000000000000,Other,-1,0,0,74.31406680000001,0.00000000000000,83.49110000000000,0,Composed: Copy with GPU GDI,1.21000000000000,30.91320000000000,83.35920000000000,0.00000000000000,-59.80070000000001,23.83550000000000,0.00000000000000
ruffle.exe,6812,0x0000000000000000,Other,-1,0,0,74.54748290000001,0.00000000000000,233.41610000000000,0,Composed: Copy with GPU GDI,1.22050000000000,30.88910000000000,233.39200000000002,0.00000000000000,-211.31500000000000,48.67080000000000,0.00000000000000
ruffle.exe,6812,0x0000000000000000,Other,-1,0,0,74.64807540000000,0.00000000000000,100.59250000000000,0,Composed: Copy with GPU GDI,1.18560000000000,30.28850000000000,99.99190000000000,0.00000000000000,-76.09180000000001,27.30530000000000,0.00000000000000
ruffle.exe,6812,0x0000000000000000,Other,-1,0,0,74.89721620000000,0.00000000000000,249.14080000000001,0,Composed: Copy with GPU GDI,1.20200000000000,31.20440000000000,250.05670000000001,0.00000000000000,-219.94360000000000,48.45990000000000,0.00000000000000
ruffle.exe,6812,0x0000000000000000,Other,-1,0,0,75.01407180000001,0.00000000000000,116.85560000000001,0,Composed: Copy with GPU GDI,1.21820000000000,31.01720000000000,116.66840000000001,0.00000000000000,-73.92080000000000,26.54940000000000,0.00000000000000
ruffle.exe,6812,0x0000000000000000,Other,-1,0,0,75.46427640000000,0.00000000000000,450.20460000000003,0,Composed: Copy with GPU GDI,1.21230000000000,30.84100000000000,450.02840000000003,0.00000000000000,-242.10420000000002,52.74230000000000,0.00000000000000
ruffle.exe,6812,0x0000000000000000,Other,-1,0,0,75.56432360000001,0.00000000000000,100.04720000000000,0,Composed: Copy with GPU GDI,1.15910000000000,30.84500000000000,100.05120000000001,0.00000000000000,-72.01770000000000,25.60980000000000,0.00000000000000
ruffle.exe,6812,0x0000000000000000,Other,-1,0,0,75.83087190000001,0.00000000000000,266.54830000000004,0,Composed: Copy with GPU GDI,1.19670000000000,30.90220000000000,266.60550000000001,0.00000000000000,-230.83800000000002,49.83520000000000,0.00000000000000
ruffle.exe,6812,0x0000000000000000,Other,-1,0,0,75.91589310000001,0.00000000000000,85.02120000000001,0,Composed: Copy with GPU GDI,0.93000000000000,29.29950000000000,83.41850000000001,0.00000000000000,-55.18520000000000,25.07750000000000,0.00000000000000
ruffle.exe,6812,0x0000000000000000,Other,-1,0,0,76.28075730000000,0.00000000000000,364.86420000000004,0,Composed: Copy with GPU GDI,1.20140000000000,31.09570000000000,366.66040000000004,0.00000000000000,-178.89570000000001,37.60650000000000,0.00000000000000
ruffle.exe,6812,0x0000000000000000,Other,-1,0,0,76.38163779999999,0.00000000000000,100.88050000000000,0,Composed: Copy with GPU GDI,1.15620000000000,30.19370000000000,99.97850000000001,0.00000000000000,-66.22270000000000,26.86060000000000,0.00000000000000
ruffle.exe,6812,0x0000000000000000,Other,-1,0,0,76.61465130000001,0.00000000000000,233.01350000000002,0,Composed: Copy with GPU GDI,1.20740000000000,30.51810000000000,233.33790000000002,0.00000000000000,-204.97010000000000,46.15290000000000,0.00000000000000
ruffle.exe,6812,0x0000000000000000,Other,-1,0,0,76.69798010000000,0.00000000000000,83.32880000000000,0,Composed: Copy with GPU GDI,1.22340000000000,30.52440000000000,83.33510000000000,0.00000000000000,-57.98850000000000,24.55180000000000,0.00000000000000
ruffle.exe,6812,0x0000000000000000,Other,-1,0,0,76.91440799999999,0.00000000000000,216.42790000000002,0,Composed: Copy with GPU GDI,1.16830000000000,30.84710000000000,216.75060000000002,0.00000000000000,-194.64430000000002,41.31190000000000,0.00000000000000
ruffle.exe,6812,0x0000000000000000,Other,-1,0,0,77.18098500000001,0.00000000000000,266.57700000000000,0,Composed: Copy with GPU GDI,1.21190000000000,30.94340000000000,266.67330000000004,0.00000000000000,-77.32110000000000,29.23860000000000,0.00000000000000
ruffle.exe,6812,0x0000000000000000,Other,-1,0,0,77.39755760000000,0.00000000000000,216.57260000000002,0,Composed: Copy with GPU GDI,1.20900000000000,31.01190000000000,216.64110000000002,0.00000000000000,-180.63900000000001,40.68480000000000,0.00000000000000
ruffle.exe,6812,0x0000000000000000,Other,-1,0,0,77.54768890000000,0.00000000000000,150.13130000000001,0,Composed: Copy with GPU GDI,1.20400000000000,30.98260000000000,150.10200000000000,0.00000000000000,-122.47240000000001,33.17890000000000,0.00000000000000
ruffle.exe,6812,0x0000000000000000,Other,-1,0,0,77.66437230000001,0.00000000000000,116.68340000000001,0,Composed: Copy with GPU GDI,1.22600000000000,30.87930000000000,116.58010000000000,0.00000000000000,-75.90510000000000,27.96090000000000,0.00000000000000
ruffle.exe,6812,0x0000000000000000,Other,-1,0,0,77.88093809999999,0.00000000000000,216.56580000000002,0,Composed: Copy with GPU GDI,1.20270000000000,31.07240000000000,216.75890000000001,0.00000000000000,-187.38110000000000,40.57680000000000,0.00000000000000
ruffle.exe,6812,0x0000000000000000,Other,-1,0,0,78.01447860000000,0.00000000000000,133.54050000000001,0,Composed: Copy with GPU GDI,1.18100000000000,30.90030000000000,133.36840000000001,0.00000000000000,-95.26970000000000,33.60530000000000,0.00000000000000
ruffle.exe,6812,0x0000000000000000,Other,-1,0,0,78.44784770000000,0.00000000000000,433.36910000000000,0,Composed: Copy with GPU GDI,1.22060000000000,30.87880000000000,433.34760000000000,0.00000000000000,-207.25700000000001,44.83520000000000,0.00000000000000
ruffle.exe,6812,0x0000000000000000,Other,-1,0,0,78.54772990000001,0.00000000000000,99.88220000000001,0,Composed: Copy with GPU GDI,1.15800000000000,30.95910000000000,99.96250000000001,0.00000000000000,-63.75170000000000,25.77280000000000,0.00000000000000
ruffle.exe,6812,0x0000000000000000,Other,-1,0,0,78.76430860000001,0.00000000000000,216.57870000000000,0,Composed: Copy with GPU GDI,1.21010000000000,31.11560000000000,216.73520000000002,0.00000000000000,-192.74660000000000,42.38090000000000,0.00000000000000
ruffle.exe,6812,0x0000000000000000,Other,-1,0,0,78.98163090000000,0.00000000000000,217.32230000000001,0,Composed: Copy with GPU GDI,1.13470000000000,30.46660000000000,216.67330000000001,0.00000000000000,-184.98120000000000,42.81960000000000,0.00000000000000
ruffle.exe,6812,0x0000000000000000,Other,-1,0,0,79.46492700000000,0.00000000000000,483.29610000000002,0,Composed: Copy with GPU GDI,1.16900000000000,30.56660000000000,483.39610000000005,0.00000000000000,-203.00320000000002,44.93210000000001,0.00000000000000
ruffle.exe,6812,0x0000000000000000,Other,-1,0,0,79.79858680000001,0.00000000000000,333.65980000000002,0,Composed: Copy with GPU GDI,1.05640000000000,30.27400000000000,333.36720000000003,0.00000000000000,-291.06639999999999,60.48380000000000,0.00000000000000
ruffle.exe,6812,0x0000000000000000,Other,-1,0,0,80.06546050000000,0.00000000000000,266.87369999999999,0,Composed: Copy with GPU GDI,1.16000000000000,30.07720000000000,266.67689999999999,0.00000000000000,-204.82770000000002,47.90880000000000,0.00000000000000
ruffle.exe,6812,0x0000000000000000,Other,-1,0,0,80.39935960000000,0.00000000000000,333.89910000000003,0,Composed: Copy with GPU GDI,1.18040000000000,29.53730000000000,333.35920000000004,0.00000000000000,-72.92110000000001,26.92950000000000,0.00000000000000
ruffle.exe,6812,0x0000000000000000,Other,-1,0,0,80.71489910000000,0.00000000000000,315.53950000000003,0,Composed: Copy with GPU GDI,1.17340000000000,30.64310000000000,316.64530000000002,0.00000000000000,-292.16050000000001,56.35820000000000,0.00000000000000
ruffle.exe,6812,0x0000000000000000,Other,-1,0,0,80.88137390000001,0.00000000000000,166.47480000000002,0,Composed: Copy with GPU GDI,1.19060000000000,30.85940000000000,166.69110000000001,0.00000000000000,-146.53280000000001,35.23290000000000,0.00000000000000
ruffle.exe,6812,0x0000000000000000,Other,-1,0,0,81.04769800000001,0.00000000000000,166.32410000000002,0,Composed: Copy with GPU GDI,1.20570000000000,31.24610000000000,166.71080000000001,0.00000000000000,-141.08530000000002,33.28610000000000,0.00000000000000
ruffle.exe,6812,0x0000000000000000,Other,-1,0,0,81.33186110000000,0.00000000000000,284.16309999999999,0,Composed: Copy with GPU GDI,1.15970000000000,30.44960000000000,283.36660000000001,0.00000000000000,-89.22650000000000,32.62650000000000,0.00000000000000
ruffle.exe,6812,0x0000000000000000,Other,-1,0,0,81.58130140000000,0.00000000000000,249.44030000000001,0,Composed: Copy with GPU GDI,1.19760000000000,31.02890000000000,250.01960000000003,0.00000000000000,-215.13830000000002,47.15480000000000,0.00000000000000
ruffle.exe,6812,0x0000000000000000,Other,-1,0,0,81.78139310000000,0.00000000000000,200.09170000000000,0,Composed: Copy with GPU GDI,1.18540000000000,30.97830000000000,200.04110000000000,0.00000000000000,-167.67820000000000,42.08950000000000,0.00000000000000
ruffle.exe,6812,0x0000000000000000,Other,-1,0,0,81.98240640000000,0.00000000000000,201.01330000000002,0,Composed: Copy with GPU GDI,1.21350000000000,29.98060000000000,200.01560000000001,0.00000000000000,-163.93530000000001,40.46130000000000,0.00000000000000
ruffle.exe,6812,0x0000000000000000,Other,-1,0,0,82.24821030000001,0.00000000000000,265.80390000000000,0,Composed: Copy with GPU GDI,1.18370000000000,30.85970000000000,266.68299999999999,0.00000000000000,-56.56740000000000,25.32090000000000,0.00000000000000
ruffle.exe,6812,0x0000000000000000,Other,-1,0,0,82.51540519999999,0.00000000000000,267.19490000000002,0,Composed: Copy with GPU GDI,1.17830000000000,30.37170000000000,266.70690000000002,0.00000000000000,-229.39930000000001,46.06910000000000,0.00000000000000
ruffle.exe,6812,0x0000000000000000,Other,-1,0,0,82.61483360000000,0.00000000000000,99.42840000000001,0,Composed: Copy with GPU GDI,1.17840000000000,30.89940000000000,99.95610000000001,0.00000000000000,-67.74250000000001,24.54200000000000,0.00000000000000
ruffle.exe,6812,0x0000000000000000,Other,-1,0,0,82.89790610000000,0.00000000000000,283.07249999999999,0,Composed: Copy with GPU GDI,1.23140000000000,31.18720000000000,283.36030000000000,0.00000000000000,-258.45170000000002,54.56730000000000,0.00000000000000
ruffle.exe,6812,0x0000000000000000,Other,-1,0,0,82.99822740000000,0.00000000000000,100.32130000000001,0,Composed: Copy with GPU GDI,1.18650000000000,30.90400000000000,100.03810000000000,0.00000000000000,-75.72360000000000,26.63300000000000,0.00000000000000
ruffle.exe,6812,0x0000000000000000,Other,-1,0,0,83.39902450000000,0.00000000000000,400.79710000000000,0,Composed: Copy with GPU GDI,1.24160000000000,30.12250000000000,400.01560000000001,0.00000000000000,-199.90130000000002,46.68600000000000,0.00000000000000
ruffle.exe,6812,0x0000000000000000,Other,-1,0,0,83.49800310000001,0.00000000000000,98.97860000000000,0,Composed: Copy with GPU GDI,1.21780000000000,31.11860000000000,99.97470000000000,0.00000000000000,-65.25280000000001,25.39420000000000,0.00000000000000
ruffle.exe,6812,0x0000000000000000,Other,-1,0,0,83.68186050000000,0.00000000000000,183.85740000000001,0,Composed: Copy with GPU GDI,1.17070000000000,30.60280000000000,183.34160000000000,0.00000000000000,-161.90270000000001,37.45150000000000,0.00000000000000
ruffle.exe,6812,0x0000000000000000,Other,-1,0,0,83.76445110000000,0.00000000000000,82.59060000000001,0,Composed: Copy with GPU GDI,1.15920000000000,31.36490000000000,83.35270000000000,0.00000000000000,-58.55910000000000,24.55340000000000,0.00000000000000
ruffle.exe,6812,0x0000000000000000,Other,-1,0,0,83.94823560000000,0.00000000000000,183.78450000000001,0,Composed: Copy with GPU GDI,1.19650000000000,30.95830000000000,183.37790000000001,0.00000000000000,-166.38250000000002,37.15300000000000,0.00000000000000
ruffle.exe,6812,0x0000000000000000,Other,-1,0,0,84.19806810000000,0.00000000000000,249.83250000000001,0,Composed: Copy with GPU GDI,1.19410000000000,31.12450000000000,249.99870000000001,0.00000000000000,-78.97330000000001,30.09230000000000,0.00000000000000
ruffle.exe,6812,0x0000000000000000,Other,-1,0,0,84.41466060000000,0.00000000000000,216.59250000000000,0,Composed: Copy with GPU GDI,1.22010000000000,31.27290000000000,216.74090000000001,0.00000000000000,-187.14440000000002,41.91730000000000,0.00000000000000
ruffle.exe,6812,0x0000000000000000,Other,-1,0,0,84.51516060000000,0.00000000000000,100.50000000000000,0,Composed: Copy with GPU GDI,1.16460000000000,30.75750000000000,99.98460000000000,0.00000000000000,-62.69940000000000,25.22460000000000,0.00000000000000
ruffle.exe,6812,0x0000000000000000,Other,-1,0,0,84.74819220000001,0.00000000000000,233.03160000000000,0,Composed: Copy with GPU GDI,1.20170000000000,31.08140000000000,233.35550000000001,0.00000000000000,-199.83100000000002,47.49010000000001,0.00000000000000
ruffle.exe,6812,0x0000000000000000,Other,-1,0,0,84.83196369999999,0.00000000000000,83.77150000000000,0,Composed: Copy with GPU GDI,1.75830000000000,30.60580000000000,83.29590000000000,0.00000000000000,-55.73810000000000,24.39080000000000,0.00000000000000
ruffle.exe,6812,0x0000000000000000,Other,-1,0,0,85.03136150000000,0.00000000000000,199.39780000000002,0,Composed: Copy with GPU GDI,1.19370000000000,31.28610000000000,200.07810000000001,0.00000000000000,-181.42340000000002,44.74550000000000,0.00000000000000
ruffle.exe,6812,0x0000000000000000,Other,-1,0,0,85.25012950000000,0.00000000000000,218.76800000000000,0,Composed: Copy with GPU GDI,1.18580000000000,29.18790000000000,216.66980000000001,0.00000000000000,-198.48250000000002,30.04860000000000,0.00000000000000
ruffle.exe,6812,0x0000000000000000,Other,-1,0,0,85.48161660000000,0.00000000000000,231.48710000000000,0,Composed: Copy with GPU GDI,1.22630000000000,31.06240000000000,233.36160000000001,0.00000000000000,-199.39160000000001,45.00020000000000,0.00000000000000
ruffle.exe,6812,0x0000000000000000,Other,-1,0,0,85.59831740000000,0.00000000000000,116.70080000000000,0,Composed: Copy with GPU GDI,1.23320000000000,31.03470000000000,116.67310000000001,0.00000000000000,-109.24360000000000,26.76430000000000,0.00000000000000
ruffle.exe,6812,0x0000000000000000,Other,-1,0,0,85.81500340000001,0.00000000000000,216.68600000000001,0,Composed: Copy with GPU GDI,1.22730000000000,30.97880000000000,216.63010000000000,0.00000000000000,-198.67650000000000,42.48870000000000,0.00000000000000
ruffle.exe,6812,0x0000000000000000,Other,-1,0,0,85.91500750000002,0.00000000000000,100.00410000000001,0,Composed: Copy with GPU GDI,1.19460000000000,31.03520000000000,100.06050000000000,0.00000000000000,-74.84130000000000,26.09720000000000,0.00000000000000
ruffle.exe,6812,0x0000000000000000,Other,-1,0,0,86.26486260000000,0.00000000000000,349.85509999999999,0,Composed: Copy with GPU GDI,1.21130000000000,31.22840000000000,350.04830000000004,0.00000000000000,-223.57920000000001,48.40840000000000,0.00000000000000
ruffle.exe,6812,0x0000000000000000,Other,-1,0,0,86.36509600000001,0.00000000000000,100.23340000000000,0,Composed: Copy with GPU GDI,1.19350000000000,30.96600000000000,99.97100000000000,0.00000000000000,-66.48550000000000,25.22580000000000,0.00000000000000
ruffle.exe,6812,0x0000000000000000,Other,-1,0,0,86.58205009999999,0.00000000000000,216.95410000000001,0,Composed: Copy with GPU GDI,1.20800000000000,30.78620000000000,216.77430000000001,0.00000000000000,-189.99890000000002,43.14440000000000,0.00000000000000
ruffle.exe,6812,0x0000000000000000,Other,-1,0,0,86.69861170000000,0.00000000000000,116.56160000000000,0,Composed: Copy with GPU GDI,1.17070000000000,30.78660000000000,116.56200000000001,0.00000000000000,-79.18590000000000,27.63570000000000,0.00000000000000
ruffle.exe,6812,0x0000000000000000,Other,-1,0,0,86.89834820000000,0.00000000000000,199.73650000000001,0,Composed: Copy with GPU GDI,1.20810000000000,31.11050000000000,200.06040000000002,0.00000000000000,-179.65100000000001,40.29160000000000,0.00000000000000
ruffle.exe,6812,0x0000000000000000,Other,-1,0,0,87.01532720000000,0.00000000000000,116.97900000000000,0,Composed: Copy with GPU GDI,1.01580000000000,30.81690000000000,116.68540000000000,0.00000000000000,-109.51830000000001,31.48820000000000,0.00000000000000
ruffle.exe,6812,0x0000000000000000,Other,-1,0,0,87.34865060000000,0.00000000000000,333.32339999999999,0,Composed: Copy with GPU GDI,1.23410000000000,30.80640000000000,333.31290000000001,0.00000000000000,-203.15650000000002,44.78950000000000,0.00000000000000
ruffle.exe,6812,0x0000000000000000,Other,-1,0,0,87.44869520000000,0.00000000000000,100.04460000000000,0,Composed: Copy with GPU GDI,1.18700000000000,30.76970000000000,100.00790000000001,0.00000000000000,-69.83860000000000,28.69710000000000,0.00000000000000
ruffle.exe,6812,0x0000000000000000,Other,-1,0,0,87.64824080000000,0.00000000000000,199.54560000000001,0,Composed: Copy with GPU GDI,1.20600000000000,31.28590000000000,200.06180000000001,0.00000000000000,-173.11700000000002,41.03800000000000,0.00000000000000
ruffle.exe,6812,0x0000000000000000,Other,-1,0,0,87.78193949999999,0.00000000000000,133.69870000000000,0,Composed: Copy with GPU GDI,1.21720000000000,30.93410000000000,133.34690000000001,0.00000000000000,-76.85090000000001,28.43310000000000,0.00000000000000
ruffle.exe,6812,0x0000000000000000,Other,-1,0,0,87.99879280000000,0.00000000000000,216.85330000000002,0,Composed: Copy with GPU GDI,1.19040000000000,30.71580000000000,216.63500000000002,0.00000000000000,-183.56100000000001,41.66180000000000,0.00000000000000
ruffle.exe,6812,0x0000000000000000,Other,-1,0,0,88.23263930000000,0.00000000000000,233.84650000000002,0,Composed: Copy with GPU GDI,1.18360000000000,30.27440000000000,233.40510000000000,0.00000000000000,-206.89790000000002,32.48350000000000,0.00000000000000
ruffle.exe,6812,0x0000000000000000,Other,-1,0,0,88.46544400000001,0.00000000000000,232.80470000000003,0,Composed: Copy with GPU GDI,1.20240000000000,30.81730000000000,233.34760000000000,0.00000000000000,-191.06420000000000,41.67200000000000,0.00000000000000
ruffle.exe,6812,0x0000000000000000,Other,-1,0,0,88.54854709999999,0.00000000000000,83.10310000000000,0,Composed: Copy with GPU GDI,1.18740000000000,31.05840000000000,83.34420000000000,0.00000000000000,-50.73760000000000,21.33990000000000,0.00000000000000
ruffle.exe,6812,0x0000000000000000,Other,-1,0,0,88.74880030000000,0.00000000000000,200.25320000000002,0,Composed: Copy with GPU GDI,1.19540000000000,30.81410000000000,200.00890000000001,0.00000000000000,-183.46550000000002,43.42600000000000,0.00000000000000
ruffle.exe,6812,0x0000000000000000,Other,-1,0,0,88.84845270000000,0.00000000000000,99.65240000000000,0,Composed: Copy with GPU GDI,1.20420000000000,31.13660000000000,99.97490000000001,0.00000000000000,-64.12820000000001,24.46860000000000,0.00000000000000
ruffle.exe,6812,0x0000000000000000,Other,-1,0,0,89.04881250000000,0.00000000000000,200.35980000000001,0,Composed: Copy with GPU GDI,1.19730000000000,30.82790000000000,200.05110000000002,0.00000000000000,-182.42950000000002,37.17090000000000,0.00000000000000
ruffle.exe,6812,0x0000000000000000,Other,-1,0,0,89.26569750000000,0.00000000000000,216.88500000000002,0,Composed: Copy with GPU GDI,1.20570000000000,30.63660000000000,216.69370000000001,0.00000000000000,-94.36010000000000,31.54650000000000,0.00000000000000
ruffle.exe,6812,0x0000000000000000,Other,-1,0,0,89.48174920000001,0.00000000000000,216.05170000000001,0,Composed: Copy with GPU GDI,1.22040000000000,31.24200000000000,216.65710000000001,0.00000000000000,-198.26310000000001,41.28950000000000,0.00000000000000
ruffle.exe,6812,0x0000000000000000,Other,-1,0,0,89.59910259999999,0.00000000000000,117.35340000000001,0,Composed: Copy with GPU GDI,1.21460000000000,30.58240000000000,116.69380000000001,0.00000000000000,-87.71130000000001,30.88150000000000,0.00000000000000
ruffle.exe,6812,0x0000000000000000,Other,-1,0,0,89.81532040000000,0.00000000000000,216.21780000000001,0,Composed: Copy with GPU GDI,1.18520000000000,31.06380000000000,216.69920000000002,0.00000000000000,-186.97100000000000,41.81690000000000,0.00000000000000
ruffle.exe,6812,0x0000000000000000,Other,-1,0,0,89.91518390000000,0.00000000000000,99.86350000000000,0,Composed: Copy with GPU GDI,1.22790000000000,31.22390000000000,100.02360000000000,0.00000000000000,-64.06820000000000,25.40240000000000,0.00000000000000
ruffle.exe,6812,0x0000000000000000,Other,-1,0,0,90.24882839999999,0.00000000000000,333.64449999999999,0,Composed: Copy with GPU GDI,1.22840000000000,30.93250000000000,333.35310000000004,0.00000000000000,-211.24890000000002,47.25880000000000,0.00000000000000
ruffle.exe,6812,0x0000000000000000,Other,-1,0,0,90.34866670000001,0.00000000000000,99.83830000000000,0,Composed: Copy with GPU GDI,1.16540000000000,31.08790000000000,99.99370000000000,0.00000000000000,-58.57130000000000,24.04920000000000,0.00000000000000
ruffle.exe,6812,0x0000000000000000,Other,-1,0,0,90.58260520000000,0.00000000000000,233.93850000000000,0,Composed: Copy with GPU GDI,1.21540000000000,30.52320000000000,233.37380000000002,0.00000000000000,-218.58950000000002,47.66040000000000,0.00000000000000
ruffle.exe,6812,0x0000000000000000,Other,-1,0,0,90.68193550000001,0.00000000000000,99.33030000000001,0,Composed: Copy with GPU GDI,1.22050000000000,31.13730000000000,99.94440000000000,0.00000000000000,-67.89090000000000,25.17910000000000,0.00000000000000
ruffle.exe,6812,0x0000000000000000,Other,-1,0,0,90.88211840000001,0.00000000000000,200.18290000000002,0,Composed: Copy with GPU GDI,1.21880000000000,31.00520000000000,200.05080000000001,0.00000000000000,-182.65530000000001,39.39160000000000,0.00000000000000
ruffle.exe,6812,0x0000000000000000,Other,-1,0,0,90.96611310000000,0.00000000000000,83.99470000000001,0,Composed: Copy with GPU GDI,1.18520000000000,30.38430000000000,83.37380000000000,0.00000000000000,-77.57400000000000,24.07100000000000,0.00000000000000
ruffle.exe,6812,0x0000000000000000,Other,-1,0,0,91.38213670000000,0.00000000000000,416.02360000000004,0,Composed: Copy with GPU GDI,1.22220000000000,31.02710000000000,416.66640000000001,0.00000000000000,-382.76460000000003,55.40380000000000,0.00000000000000
ruffle.exe,6812,0x0000000000000000,Other,-1,0,0,91.48247479999999,0.00000000000000,100.33810000000001,0,Composed: Copy with GPU GDI,1.15630000000000,30.67430000000000,99.98530000000001,0.00000000000000,-89.58360000000000,28.06710000000000,0.00000000000000
ruffle.exe,6812,0x0000000000000000,Other,-1,0,0,91.69886710000000,0.00000000000000,216.39230000000001,0,Composed: Copy with GPU GDI,1.20860000000000,31.03590000000000,216.75390000000002,0.00000000000000,-189.44710000000001,40.54890000000000,0.00000000000000
ruffle.exe,6812,0x0000000000000000,Other,-1,0,0,91.79893410000000,0.00000000000000,100.06700000000001,0,Composed: Copy with GPU GDI,1.22340000000000,30.95360000000000,99.98470000000000,0.00000000000000,-85.42380000000000,29.82270000000000,0.00000000000000
ruffle.exe,6812,0x0000000000000000,Other,-1,0,0,92.06554530000000,0.00000000000000,266.61120000000000,0,Composed: Copy with GPU GDI,1.22070000000000,31.03790000000000,266.69550000000004,0.00000000000000,-260.39900000000000,45.85780000000000,0.00000000000000
ruffle.exe,6812,0x0000000000000000,Other,-1,0,0,92.28192690000000,0.00000000000000,216.38160000000002,0,Composed: Copy with GPU GDI,1.22270000000000,31.35240000000000,216.69610000000000,0.00000000000000,-82.46450000000000,25.32600000000000,0.00000000000000
ruffle.exe,6812,0x0000000000000000,Other,-1,0,0,92.51555360000000,0.00000000000000,233.62670000000000,0,Composed: Copy with GPU GDI,1.21490000000000,31.01560000000000,233.28990000000002,0.00000000000000,-227.05040000000002,48.79240000000000,0.00000000000000
ruffle.exe,6812,0x0000000000000000,Other,-1,0,0,92.59902320000000,0.00000000000000,83.46960000000000,0,Composed: Copy with GPU GDI,1.17090000000000,30.96920000000000,83.42320000000001,0.00000000000000,-63.04810000000001,23.77060000000000,0.00000000000000
ruffle.exe,6812,0x0000000000000000,Other,-1,0,0,92.94892960000000,0.00000000000000,349.90640000000002,0,Composed: Copy with GPU GDI,1.22470000000000,31.09420000000000,350.03140000000002,0.00000000000000,-215.20200000000000,44.02510000000000,0.00000000000000
ruffle.exe,6812,0x0000000000000000,Other,-1,0,0,93.20079590000000,0.00000000000000,251.86630000000002,0,Composed: Copy with GPU GDI,1.24010000000000,29.21830000000000,249.99040000000002,0.00000000000000,-101.10190000000000,32.96550000000000,0.00000000000000
ruffle.exe,6812,0x0000000000000000,Other,-1,0,0,93.53247250000001,0.00000000000000,331.67660000000001,0,Composed: Copy with GPU GDI,1.20750000000000,30.88110000000000,333.33940000000001,0.00000000000000,-211.63580000000002,45.58880000000000,0.00000000000000
ruffle.exe,6812,0x0000000000000000,Other,-1,0,0,93.61615730000001,0.00000000000000,83.68480000000001,0,Composed: Copy with GPU GDI,1.18090000000000,30.55910000000000,83.36280000000001,0.00000000000000,-71.97360000000000,24.80640000000000,0.00000000000000
ruffle.exe,6812,0x0000000000000000,Other,-1,0,0,93.89896440000000,0.00000000000000,282.80709999999999,0,Composed: Copy with GPU GDI,1.21370000000000,31.13140000000000,283.37940000000003,0.00000000000000,-164.41820000000001,37.78920000000000,0.00000000000000
ruffle.exe,6812,0x0000000000000000,Other,-1,0,0,94.08248589999999,0.00000000000000,183.52150000000000,0,Composed: Copy with GPU GDI,1.22110000000000,30.91980000000000,183.30990000000000,0.00000000000000,-64.93130000000001,21.13680000000000,0.00000000000000
ruffle.exe,6812,0x0000000000000000,Other,-1,0,0,94.34903870000001,0.00000000000000,266.55279999999999,0,Composed: Copy with GPU GDI,1.22830000000000,31.03760000000000,266.67060000000004,0.00000000000000,-168.40110000000001,37.42460000000001,0.00000000000000
ruffle.exe,6812,0x0000000000000000,Other,-1,0,0,94.43230629999999,0.00000000000000,83.26760000000000,0,Composed: Copy with GPU GDI,1.19350000000000,31.16540000000000,83.39540000000001,0.00000000000000,-66.66550000000001,23.43540000000000,0.00000000000000
ruffle.exe,6812,0x0000000000000000,Other,-1,0,0,94.69919860000000,0.00000000000000,266.89230000000003,0,Composed: Copy with GPU GDI,1.23140000000000,31.22610000000000,266.95300000000003,0.00000000000000,-165.36670000000001,37.63410000000000,0.00000000000000
ruffle.exe,6812,0x0000000000000000,Other,-1,0,0,94.83260749999999,0.00000000000000,133.40890000000002,0,Composed: Copy with GPU GDI,1.16410000000000,30.87710000000000,133.05990000000000,0.00000000000000,-115.26890000000000,32.41450000000000,0.00000000000000
ruffle.exe,6812,0x0000000000000000,Other,-1,0,0,95.09982620000000,0.00000000000000,267.21870000000001,0,Composed: Copy with GPU GDI,1.20780000000000,30.36840000000000,266.71000000000004,0.00000000000000,-156.65960000000001,35.52370000000001,0.00000000000000
ruffle.exe,6812,0x0000000000000000,Other,-1,0,0,95.29959560000000,0.00000000000000,199.76940000000002,0,Composed: Copy with GPU GDI,1.15020000000000,30.59820000000000,199.99920000000000,0.00000000000000,-52.13720000000000,21.80040000000000,0.00000000000000
ruffle.exe,6812,0x0000000000000000,Other,-1,0,0,95.54925910000000,0.00000000000000,249.66350000000000,0,Composed: Copy with GPU GDI,1.22140000000000,30.93520000000000,250.00050000000002,0.00000000000000,-164.31150000000000,34.54400000000000,0.00000000000000
ruffle.exe,6812,0x0000000000000000,Other,-1,0,0,95.68264560000000,0.00000000000000,133.38650000000001,0,Composed: Copy with GPU GDI,1.16500000000000,30.91800000000000,133.36930000000001,0.00000000000000,-117.23940000000000,29.02630000000000,0.00000000000000
ruffle.exe,6812,0x0000000000000000,Other,-1,0,0,95.84982250000000,0.00000000000000,167.17690000000002,0,Composed: Copy with GPU GDI,1.16700000000000,30.38200000000000,166.64090000000002,0.00000000000000,-81.01030000000000,24.40360000000000,0.00000000000000
ruffle.exe,6812,0x0000000000000000,Other,-1,0,0,96.06611110000000,0.00000000000000,216.28860000000000,0,Composed: Copy with GPU GDI,1.21590000000000,30.81590000000000,216.72250000000000,0.00000000000000,-205.21170000000001,46.69950000000000,0.00000000000000
ruffle.exe,6812,0x0000000000000000,Other,-1,0,0,96.31588860000001,0.00000000000000,249.77750000000000,0,Composed: Copy with GPU GDI,1.21590000000000,31.02930000000000,249.99090000000001,0.00000000000000,-78.98070000000000,24.78450000000000,0.00000000000000
ruffle.exe,6812,0x0000000000000000,Other,-1,0,0,96.48270890000001,0.00000000000000,166.82030000000000,0,Composed: Copy with GPU GDI,1.20250000000000,30.92270000000000,166.71370000000002,0.00000000000000,-149.53400000000002,34.58380000000000,0.00000000000000
ruffle.exe,6812,0x0000000000000000,Other,-1,0,0,96.61588860000001,0.00000000000000,133.17970000000000,0,Composed: Copy with GPU GDI,1.22350000000000,31.06130000000000,133.31829999999999,0.00000000000000,-54.65160000000000,19.12540000000000,0.00000000000000
ruffle.exe,6812,0x0000000000000000,Other,-1,0,0,96.81628990000000,0.00000000000000,200.40130000000002,0,Composed: Copy with GPU GDI,1.23710000000000,30.72230000000000,200.06230000000002,0.00000000000000,-185.00090000000000,40.30390000000000,0.00000000000000
ruffle.exe,6812,0x0000000000000000,Other,-1,0,0,96.96648789999999,0.00000000000000,150.19800000000001,0,Composed: Copy with GPU GDI,1.15560000000000,30.55810000000000,150.03380000000001,0.00000000000000,-137.38050000000001,30.68170000000000,0.00000000000000
ruffle.exe,6812,0x0000000000000000,Other,-1,0,0,97.60051510000001,0.00000000000000,634.02719999999999,0,Composed: Copy with GPU GDI,1.09610000000000,29.91910000000000,633.38819999999998,0.00000000000000,-256.12549999999999,53.74280000000000,0.00000000000000
ruffle.exe,6812,0x0000000000000000,Other,-1,0,0,97.91748500000000,0.00000000000000,316.96990000000000,0,Composed: Copy with GPU GDI,1.16380000000000,29.62680000000000,316.67760000000004,0.00000000000000,-284.23310000000004,59.08590000000000,0.00000000000000
ruffle.exe,6812,0x0000000000000000,Other,-1,0,0,98.31671030000001,0.00000000000000,399.22530000000000,0,Composed: Copy with GPU GDI,1.14760000000000,30.44190000000000,400.04040000000003,0.00000000000000,-228.21450000000002,47.09480000000000,0.00000000000000
ruffle.exe,6812,0x0000000000000000,Other,-1,0,0,98.59956650000001,0.00000000000000,282.85620000000000,0,Composed: Copy with GPU GDI,1.19610000000000,30.92240000000000,283.33670000000001,0.00000000000000,-61.64120000000000,20.38900000000000,0.00000000000000
ruffle.exe,6812,0x0000000000000000,Other,-1,0,0,98.81586550000000,0.00000000000000,216.29900000000001,0,Composed: Copy with GPU GDI,1.22150000000000,31.26210000000000,216.63870000000000,0.00000000000000,-151.40640000000002,36.24140000000000,0.00000000000000
ruffle.exe,6812,0x0000000000000000,Other,-1,0,0,98.88269720000000,0.00000000000000,66.83170000000000,0,Composed: Copy with GPU GDI,1.21500000000000,31.13740000000000,66.70700000000001,0.00000000000000,-53.67140000000001,19.67130000000000,0.00000000000000
ruffle.exe,6812,0x0000000000000000,Other,-1,0,0,99.16619190000000,0.00000000000000,283.49470000000002,0,Composed: Copy with GPU GDI,1.19010000000000,31.01530000000000,283.37260000000003,0.00000000000000,-197.10830000000001,46.26010000000000,0.00000000000000
ruffle.exe,6812,0x0000000000000000,Other,-1,0,0,99.29994330000000,0.00000000000000,133.75140000000002,0,Composed: Copy with GPU GDI,1.19740000000000,30.61450000000000,133.35060000000001,0.00000000000000,-125.75370000000001,33.28880000000000,0.00000000000000
ruffle.exe,6812,0x0000000000000000,Other,-1,0,0,99.75282180000001,0.00000000000000,452.87850000000003,0,Composed: Copy with GPU GDI,0.78300000000000,27.77340000000000,450.03740000000005,0.00000000000000,-207.73610000000002,44.09780000000000,0.00000000000000
ruffle.exe,6812,0x0000000000000000,Other,-1,0,0,100.00126410000000,0.00000000000000,248.44230000000002,0,Composed: Copy with GPU GDI,1.11660000000000,29.89650000000000,250.56540000000001,0.00000000000000,-235.96190000000001,35.80400000000000,0.00000000000000
ruffle.exe,6812,0x0000000000000000,Other,-1,0,0,100.38376900000000,0.00000000000000,382.50490000000002,0,Composed: Copy with GPU GDI,1.13610000000000,30.22010000000000,382.82850000000002,0.00000000000000,-201.94360000000000,41.59960000000000,0.00000000000000
ruffle.exe,6812,0x0000000000000000,Other,-1,0,0,100.64977290000000,0.00000000000000,266.00389999999999,0,Composed: Copy with GPU GDI,1.19200000000000,30.89730000000000,266.68110000000001,0.00000000000000,-62.17030000000000,20.21990000000000,0.00000000000000
ruffle.exe,6812,0x0000000000000000,Other,-1,0,0,100.89942940000000,0.00000000000000,249.65650000000002,0,Composed: Copy with GPU GDI,1.17730000000000,31.22330000000000,249.98250000000002,0.00000000000000,-168.80970000000002,34.71410000000000,0.00000000000000
ruffle.exe,6812,0x0000000000000000,Other,-1,0,0,100.98301180000000,0.00000000000000,83.58240000000001,0,Composed: Copy with GPU GDI,1.24790000000000,31.01360000000000,83.37270000000001,0.00000000000000,-64.59900000000000,24.75590000000000,0.00000000000000
ruffle.exe,6812,0x0000000000000000,Other,-1,0,0,101.26604469999999,0.00000000000000,283.03290000000004,0,Composed: Copy with GPU GDI,1.22560000000000,31.38020000000000,283.39949999999999,0.00000000000000,-219.70130000000000,46.91750000000000,0.00000000000000
ruffle.exe,6812,0x0000000000000000,Other,-1,0,0,101.44948309999999,0.00000000000000,183.43840000000000,0,Composed: Copy with GPU GDI,1.23440000000000,31.25290000000000,183.31110000000001,0.00000000000000,-65.11720000000000,23.37900000000000,0.00000000000000
ruffle.exe,6812,0x0000000000000000,Other,-1,0,0,101.71650030000001,0.00000000000000,267.01720000000000,0,Composed: Copy with GPU GDI,1.19120000000000,30.91570000000000,266.68000000000001,0.00000000000000,-182.65260000000001,37.80410000000000,0.00000000000000
ruffle.exe,6812,0x0000000000000000,Other,-1,0,0,101.88318240000001,0.00000000000000,166.68210000000002,0,Composed: Copy with GPU GDI,1.17260000000000,30.97590000000000,166.74230000000000,0.00000000000000,-157.75540000000001,30.68040000000000,0.00000000000000
ruffle.exe,6812,0x0000000000000000,Other,-1,0,0,102.18408520000000,0.00000000000000,300.90280000000001,0,Composed: Copy with GPU GDI,1.07830000000000,46.70310000000000,316.63000000000000,0.00000000000000,-114.37070000000000,25.77260000000000,0.00000000000000
ruffle.exe,6812,0x0000000000000000,Other,-1,0,0,102.44987089999999,0.00000000000000,265.78570000000002,0,Composed: Copy with GPU GDI,1.20070000000000,30.96030000000000,250.04290000000000,0.00000000000000,-248.27710000000002,46.70430000000000,0.00000000000000
ruffle.exe,6812,0x0000000000000000,Other,-1,0,0,102.79988860000000,0.00000000000000,350.01769999999999,0,Composed: Copy with GPU GDI,1.20810000000000,30.96060000000000,350.01800000000003,0.00000000000000,-179.08970000000002,41.82150000000000,0.00000000000000
ruffle.exe,6812,0x0000000000000000,Other,-1,0,0,102.86768950000000,0.00000000000000,67.80090000000000,0,Composed: Copy with GPU GDI,1.19050000000000,29.84740000000000,66.68770000000001,0.00000000000000,-54.32400000000001,21.50290000000000,0.00000000000000
ruffle.exe,6812,0x0000000000000000,Other,-1,0,0,103.09957760000000,0.00000000000000,231.88810000000001,0,Composed: Copy with GPU GDI,1.22680000000000,31.28130000000000,233.32200000000000,0.00000000000000,-169.56740000000002,36.48860000000001,0.00000000000000
ruffle.exe,6812,0x0000000000000000,Other,-1,0,0,103.23321930000000,0.00000000000000,133.64170000000001,0,Composed: Copy with GPU GDI,1.21560000000000,31.04310000000000,133.40350000000001,0.00000000000000,-118.21030000000000,26.88010000000000,0.00000000000000
ruffle.exe,6812,0x0000000000000000,Other,-1,0,0,103.49956510000001,0.00000000000000,266.34580000000000,0,Composed: Copy with GPU GDI,1.21320000000000,31.37800000000000,266.68070000000000,0.00000000000000,-140.69470000000001,36.49340000000000,0.00000000000000
ruffle.exe,6812,0x0000000000000000,Other,-1,0,0,103.71696180000001,0.00000000000000,217.39670000000001,0,Composed: Copy with GPU GDI,1.15410000000000,30.62680000000000,216.64550000000000,0.00000000000000,-162.78160000000000,33.99480000000001,0.00000000000000
ruffle.exe,6812,0x0000000000000000,Other,-1,0,0,104.08419480000001,0.00000000000000,367.23300000000000,0,Composed: Copy with GPU GDI,1.10380000000000,30.11310000000000,366.71930000000003,0.00000000000000,-347.95760000000001,52.05350000000000,0.00000000000000
ruffle.exe,6812,0x0000000000000000,Other,-1,0,0,104.33330790000001,0.00000000000000,249.11310000000000,0,Composed: Copy with GPU GDI,1.15580000000000,31.01570000000000,250.01570000000001,0.00000000000000,-170.95030000000000,38.65090000000000,0.00000000000000
ruffle.exe,6812,0x0000000000000000,Other,-1,0,0,104.68386980000000,0.00000000000000,350.56190000000004,0,Composed: Copy with GPU GDI,1.21490000000000,30.46070000000000,350.00690000000003,0.00000000000000,-152.47520000000000,35.87700000000000,0.00000000000000
ruffle.exe,6812,0x0000000000000000,Other,-1,0,0,104.75023179999999,0.00000000000000,66.36200000000001,0,Composed: Copy with GPU GDI,1.20260000000000,30.80600000000000,66.70730000000000,0.00000000000000,-55.22040000000001,18.95080000000000,0.00000000000000
ruffle.exe,6812,0x0000000000000000,Other,-1,0,0,104.98351090000000,0.00000000000000,233.27910000000000,0,Composed: Copy with GPU GDI,1.21500000000000,30.86610000000000,233.33920000000001,0.00000000000000,-165.07940000000002,37.13040000000000,0.00000000000000
ruffle.exe,6812,0x0000000000000000,Other,-1,0,0,105.05019500000000,0.00000000000000,66.68410000000000,0,Composed: Copy with GPU GDI,1.17380000000000,30.85220000000000,66.67020000000001,0.00000000000000,-53.55120000000000,19.44110000000000,0.00000000000000
ruffle.exe,6812,0x0000000000000000,Other,-1,0,0,105.23382070000000,0.00000000000000,183.62569999999999,0,Composed: Copy with GPU GDI,1.23170000000000,30.58800000000000,183.36150000000001,0.00000000000000,-172.74110000000002,38.12580000000001,0.00000000000000
ruffle.exe,6812,0x0000000000000000,Other,-1,0,0,105.60158620000001,0.00000000000000,367.76550000000003,0,Composed: Copy with GPU GDI,1.22070000000000,29.52800000000000,366.70550000000003,0.00000000000000,-189.42200000000000,38.86860000000000,0.00000000000000
ruffle.exe,6812,0x0000000000000000,Other,-1,0,0,105.87653770000000,0.00000000000000,274.95150000000001,0,Composed: Copy with GPU GDI,1.85680000000000,21.26970000000000,266.69319999999999,0.00000000000000,-248.69060000000002,39.57660000000000,0.00000000000000
ruffle.exe,6812,0x0000000000000000,Other,-1,0,0,106.08369900000000,0.00000000000000,207.16130000000001,0,Composed: Copy with GPU GDI,1.16110000000000,30.76880000000000,216.66040000000001,0.00000000000000,-134.26410000000001,28.11250000000000,0.00000000000000
ruffle.exe,6812,0x0000000000000000,Other,-1,0,0,106.23357670000000,0.00000000000000,149.87770000000000,0,Composed: Copy with GPU GDI,1.20680000000000,30.92200000000000,150.03090000000000,0.00000000000000,-125.99190000000000,31.78460000000000,0.00000000000000
ruffle.exe,6812,0x0000000000000000,Other,-1,0,0,106.58361260000000,0.00000000000000,350.03590000000003,0,Composed: Copy with GPU GDI,1.21820000000000,30.89710000000000,350.01100000000002,0.00000000000000,-117.71990000000001,28.55830000000000,0.00000000000000
ruffle.exe,6812,0x0000000000000000,Other,-1,0,0,106.66708140000000,0.00000000000000,83.46880000000000,0,Composed: Copy with GPU GDI,1.19350000000000,30.78660000000000,83.35830000000000,0.00000000000000,-68.96000000000001,21.07870000000000,0.00000000000000
ruffle.exe,6812,0x0000000000000000,Other,-1,0,0,106.95114990000000,0.00000000000000,284.06850000000003,0,Composed: Copy with GPU GDI,1.15090000000000,30.04150000000000,283.32339999999999,0.00000000000000,-212.73340000000002,44.40400000000000,0.00000000000000
ruffle.exe,6812,0x0000000000000000,Other,-1,0,0,107.15044160000001,0.00000000000000,199.29170000000002,0,Composed: Copy with GPU GDI,1.16650000000000,30.84320000000000,200.09340000000000,0.00000000000000,-174.22550000000001,43.22350000000000,0.00000000000000
ruffle.exe,6812,0x0000000000000000,Other,-1,0,0,107.36702610000000,0.00000000000000,216.58450000000002,0,Composed: Copy with GPU GDI,1.21110000000000,30.93450000000000,216.67580000000001,0.00000000000000,-146.94300000000001,31.38690000000000,0.00000000000000
ruffle.exe,6812,0x0000000000000000,Other,-1,0,0,107.60045180000000,0.00000000000000,233.42570000000001,0,Composed: Copy with GPU GDI,1.21070000000000,30.85720000000000,233.34840000000000,0.00000000000000,-66.62630000000000,22.72960000000000,0.00000000000000
ruffle.exe,6812,0x0000000000000000,Other,-1,0,0,107.86693020000000,0.00000000000000,266.47840000000002,0,Composed: Copy with GPU GDI,1.21190000000000,31.07730000000000,266.69850000000002,0.00000000000000,-199.99070000000000,38.14600000000000,0.00000000000000
ruffle.exe,6812,0x0000000000000000,Other,-1,0,0,108.01684350000001,0.00000000000000,149.91330000000002,0,Composed: Copy with GPU GDI,1.20380000000000,31.16500000000000,150.00100000000000,0.00000000000000,-135.46780000000001,30.64680000000000,0.00000000000000
ruffle.exe,6812,0x0000000000000000,Other,-1,0,0,108.23338009999999,0.00000000000000,216.53660000000002,0,Composed: Copy with GPU GDI,1.22830000000000,31.33430000000000,216.70590000000001,0.00000000000000,-155.24820000000000,35.79570000000000,0.00000000000000
ruffle.exe,6812,0x0000000000000000,Other,-1,0,0,108.50073200000000,0.00000000000000,267.35190000000000,0,Composed: Copy with GPU GDI,1.17680000000000,30.63800000000000,266.65559999999999,0.00000000000000,-100.42850000000000,31.00500000000000,0.00000000000000
ruffle.exe,6812,0x0000000000000000,Other,-1,0,0,108.73363540000000,0.00000000000000,232.90340000000000,0,Composed: Copy with GPU GDI,1.17840000000000,31.05170000000000,233.31710000000001,0.00000000000000,-177.69440000000000,37.08790000000000,0.00000000000000
ruffle.exe,6812,0x0000000000000000,Other,-1,0,0,108.81698369999999,0.00000000000000,83.34830000000001,0,Composed: Copy with GPU GDI,1.21900000000000,31.10500000000000,83.40160000000000,0.00000000000000,-59.79360000000000,22.08460000000000,0.00000000000000
ruffle.exe,6812,0x0000000000000000,Other,-1,0,0,109.03538349999999,0.00000000000000,218.39980000000000,0,Composed: Copy with GPU GDI,1.16720000000000,29.35020000000000,216.64500000000001,0.00000000000000,-162.70040000000000,33.53710000000000,0.00000000000000
ruffle.exe,6812,0x0000000000000000,Other,-1,0,0,109.11699640000000,0.00000000000000,81.61290000000001,0,Composed: Copy with GPU GDI,1.19450000000000,31.11960000000000,83.38230000000000,0.00000000000000,-65.12330000000000,22.39790000000000,0.00000000000000
ruffle.exe,6812,0x0000000000000000,Other,-1,0,0,109.40025350000001,0.00000000000000,283.25710000000004,0,Composed: Copy with GPU GDI,1.21940000000000,31.23700000000000,283.37450000000001,0.00000000000000,-204.90200000000002,37.48620000000000,0.00000000000000
ruffle.exe,6812,0x0000000000000000,Other,-1,0,0,109.76706759999999,0.00000000000000,366.81410000000000,0,Composed: Copy with GPU GDI,1.23650000000000,31.07110000000000,366.64820000000003,0.00000000000000,-174.61040000000000,37.42910000000000,0.00000000000000
ruffle.exe,6812,0x0000000000000000,Other,-1,0,0,109.88387270000001,0.00000000000000,116.80510000000001,0,Composed: Copy with GPU GDI,1.16670000000000,30.97120000000000,116.70520000000000,0.00000000000000,-59.51100000000000,21.71750000000000,0.00000000000000
ruffle.exe,6812,0x0000000000000000,Other,-1,0,0,110.15057750000000,0.00000000000000,266.70480000000003,0,Composed: Copy with GPU GDI,1.22450000000000,30.93710000000000,266.67070000000001,0.00000000000000,-202.19330000000002,39.33260000000000,0.00000000000000
ruffle.exe,6812,0x0000000000000000,Other,-1,0,0,110.23416920000001,0.00000000000000,83.59170000000000,0,Composed: Copy with GPU GDI,1.21860000000000,30.69260000000000,83.34720000000000,0.00000000000000,-72.86610000000000,21.98880000000000,0.00000000000000
ruffle.exe,6812,0x0000000000000000,Other,-1,0,0,110.61690820000001,0.00000000000000,382.73900000000003,0,Composed: Copy with GPU GDI,1.19550000000000,31.28690000000000,383.33330000000001,0.00000000000000,-181.65300000000002,36.28650000000000,0.00000000000000
ruffle.exe,6812,0x0000000000000000,Other,-1,0,0,110.68395780000000,0.00000000000000,67.04960000000000,0,Composed: Copy with GPU GDI,1.17570000000000,30.96270000000000,66.72540000000001,0.00000000000000,-57.48030000000000,18.57320000000000,0.00000000000000
ruffle.exe,6812,0x0000000000000000,Other,-1,0,0,110.95037390000000,0.00000000000000,266.41610000000003,0,Composed: Copy with GPU GDI,1.18840000000000,31.17610000000000,266.62950000000001,0.00000000000000,-211.63680000000002,43.93300000000000,0.00000000000000
ruffle.exe,6812,0x0000000000000000,Other,-1,0,0,111.13467570000000,0.00000000000000,184.30180000000001,0,Composed: Copy with GPU GDI,1.17630000000000,30.25530000000000,183.38100000000000,0.00000000000000,-166.78420000000000,35.11890000000000,0.00000000000000
ruffle.exe,6812,0x0000000000000000,Other,-1,0,0,111.33451510000000,0.00000000000000,199.83940000000001,0,Composed: Copy with GPU GDI,1.15450000000000,30.43790000000000,200.02200000000002,0.00000000000000,-141.30730000000000,32.15200000000000,0.00000000000000
ruffle.exe,6812,0x0000000000000000,Other,-1,0,0,111.60131740000000,0.00000000000000,266.80230000000000,0,Composed: Copy with GPU GDI,1.18340000000000,30.33160000000000,266.69600000000003,0.00000000000000,-71.45260000000000,22.84640000000000,0.00000000000000
ruffle.exe,6812,0x0000000000000000,Other,-1,0,0,111.83431100000000,0.00000000000000,232.99360000000001,0,Composed: Copy with GPU GDI,1.01010000000000,30.66920000000000,233.33120000000002,0.00000000000000,-178.92060000000001,36.55750000000000,0.00000000000000
ruffle.exe,6812,0x0000000000000000,Other,-1,0,0,111.90087790000001,0.00000000000000,66.56690000000000,0,Composed: Copy with GPU GDI,1.19210000000000,30.80810000000000,66.70580000000000,0.00000000000000,-49.70990000000000,19.62300000000000,0.00000000000000
ruffle.exe,6812,0x0000000000000000,Other,-1,0,0,112.15077340000001,0.00000000000000,249.89550000000000,0,Composed: Copy with GPU GDI,1.18520000000000,30.90780000000000,249.99520000000001,0.00000000000000,-178.47060000000002,38.52880000000000,0.00000000000000
ruffle.exe,6812,0x0000000000000000,Other,-1,0,0,112.23470410000000,0.00000000000000,83.93070000000000,0,Composed: Copy with GPU GDI,1.19220000000000,30.33070000000000,83.35360000000000,0.00000000000000,-73.33930000000001,23.72740000000000,0.00000000000000
ruffle.exe,6812,0x0000000000000000,Other,-1,0,0,112.83514710000000,0.00000000000000,600.44299999999998,0,Composed: Copy with GPU GDI,1.15700000000000,29.95140000000000,600.06370000000004,0.00000000000000,-361.18840000000000,65.55960000000000,0.00000000000000
ruffle.exe,6812,0x0000000000000000,Other,-1,0,0,113.00119400000001,0.00000000000000,166.04690000000002,0,Composed: Copy with GPU GDI,1.20990000000000,30.57630000000000,166.67180000000002,0.00000000000000,-152.38580000000002,31.74060000000000,0.00000000000000
ruffle.exe,6812,0x0000000000000000,Other,-1,0,0,113.26845970000001,0.00000000000000,267.26570000000004,0,Composed: Copy with GPU GDI,1.16910000000000,30.04120000000000,266.73060000000004,0.00000000000000,-188.15030000000002,40.61010000000000,0.00000000000000
ruffle.exe,6812,0x0000000000000000,Other,-1,0,0,113.70101830000000,0.00000000000000,432.55860000000001,0,Composed: Copy with GPU GDI,1.18720000000000,30.83930000000000,433.35670000000005,0.00000000000000,-170.51070000000001,33.65480000000000,0.00000000000000
ruffle.exe,6812,0x0000000000000000,Other,-1,0,0,113.91789570000000,0.00000000000000,216.87740000000002,0,Composed: Copy with GPU GDI,1.17010000000000,30.69210000000000,216.73020000000000,0.00000000000000,-152.41490000000002,33.00610000000000,0.00000000000000
ruffle.exe,6812,0x0000000000000000,Other,-1,0,0,114.13493260000000,0.00000000000000,217.03690000000000,0,Composed: Copy with GPU GDI,1.22120000000000,30.24090000000000,216.58570000000000,0.00000000000000,-149.74090000000001,35.65230000000000,0.00000000000000
ruffle.exe,6812,0x0000000000000000,Other,-1,0,0,114.25058540000001,0.00000000000000,115.65280000000000,0,Composed: Copy with GPU GDI,1.24450000000000,31.37480000000000,116.78670000000001,0.00000000000000,-101.51680000000000,28.78840000000000,0.00000000000000
ruffle.exe,6812,0x0000000000000000,Other,-1,0,0,114.68491590000001,0.00000000000000,434.33050000000003,0,Composed: Copy with GPU GDI,1.18520000000000,30.30410000000000,433.25980000000004,0.00000000000000,-195.74450000000002,36.44380000000000,0.00000000000000
ruffle.exe,6812,0x0000000000000000,Other,-1,0,0,114.81785590000000,0.00000000000000,132.94000000000000,0,Composed: Copy with GPU GDI,1.19190000000000,30.73730000000000,133.37320000000000,0.00000000000000,-113.51600000000001,27.46140000000000,0.00000000000000
ruffle.exe,6812,0x0000000000000000,Other,-1,0,0,115.00070560000000,0.00000000000000,182.84970000000001,0,Composed: Copy with GPU GDI,1.17150000000000,31.21530000000000,183.32770000000002,0.00000000000000,-126.83800000000001,28.20070000000000,0.00000000000000
ruffle.exe,6812,0x0000000000000000,Other,-1,0,0,115.08418890000000,0.00000000000000,83.48330000000000,0,Composed: Copy with GPU GDI,1.17820000000000,31.12150000000000,83.38950000000000,0.00000000000000,-63.68620000000001,20.17660000000000,0.00000000000000
ruffle.exe,6812,0x0000000000000000,Other,-1,0,0,115.28422510000000,0.00000000000000,200.03620000000001,0,Composed: Copy with GPU GDI,1.22550000000000,31.10210000000000,200.01680000000002,0.00000000000000,-152.15780000000001,32.14030000000000,0.00000000000000
ruffle.exe,6812,0x0000000000000000,Other,-1,0,0,115.63475310000000,0.00000000000000,350.52800000000002,0,Composed: Copy with GPU GDI,1.17990000000000,30.53310000000000,349.95900000000000,0.00000000000000,-179.65320000000000,40.28160000000000,0.00000000000000
ruffle.exe,6812,0x0000000000000000,Other,-1,0,0,115.80193580000001,0.00000000000000,167.18270000000001,0,Composed: Copy with GPU GDI,1.16160000000000,30.09450000000000,166.74410000000000,0.00000000000000,-156.14970000000000,35.97560000000000,0.00000000000000
ruffle.exe,6812,0x0000000000000000,Other,-1,0,0,115.96850090000000,0.00000000000000,166.56510000000000,0,Composed: Copy with GPU GDI,1.13610000000000,30.14670000000000,166.61730000000000,0.00000000000000,-125.77460000000001,27.80180000000000,0.00000000000000
ruffle.exe,6812,0x0000000000000000,Other,-1,0,0,116.10085400000001,0.00000000000000,132.35310000000001,0,Composed: Copy with GPU GDI,1.20790000000000,31.19960000000000,133.40600000000001,0.00000000000000,-112.56590000000000,26.60520000000000,0.00000000000000
ruffle.exe,6812,0x0000000000000000,Other,-1,0,0,116.31881080000001,0.00000000000000,217.95680000000002,0,Composed: Copy with GPU GDI,1.12460000000000,29.96490000000000,216.72210000000001,0.00000000000000,-173.38470000000001,34.42990000000000,0.00000000000000
ruffle.exe,6812,0x0000000000000000,Other,-1,0,0,116.70121430000000,0.00000000000000,382.40350000000001,0,Composed: Copy with GPU GDI,1.19330000000000,30.88050000000000,383.31909999999999,0.00000000000000,-130.13440000000000,27.87920000000000,0.00000000000000
ruffle.exe,6812,0x0000000000000000,Other,-1,0,0,116.85139169999999,0.00000000000000,150.17740000000001,0,Composed: Copy with GPU GDI,1.21330000000000,30.75440000000000,150.05130000000000,0.00000000000000,-95.77940000000001,29.77890000000000,0.00000000000000
ruffle.exe,6812,0x0000000000000000,Other,-1,0,0,117.18450100000001,0.00000000000000,333.10930000000002,0,Composed: Copy with GPU GDI,1.19710000000000,30.93110000000000,333.28600000000000,0.00000000000000,-220.87090000000001,48.84770000000000,0.00000000000000
ruffle.exe,6812,0x0000000000000000,Other,-1,0,0,117.26840390000001,0.00000000000000,83.90290000000000,0,Composed: Copy with GPU GDI,1.07240000000000,30.39610000000000,83.36790000000001,0.00000000000000,-60.48460000000000,20.32790000000000,0.00000000000000
ruffle.exe,6812,0x0000000000000000,Other,-1,0,0,117.56759980000000,0.00000000000000,299.19589999999999,0,Composed: Copy with GPU GDI,1.21700000000000,31.23020000000000,300.03000000000003,0.00000000000000,-154.46559999999999,31.57700000000000,0.00000000000000
ruffle.exe,6812,0x0000000000000000,Other,-1,0,0,117.63459120000000,0.00000000000000,66.99140000000000,0,Composed: Copy with GPU GDI,1.20020000000000,30.93930000000000,66.70050000000001,0.00000000000000,-54.13010000000001,18.91970000000000,0.00000000000000
ruffle.exe,6812,0x0000000000000000,Other,-1,0,0,117.88455730000000,0.00000000000000,249.96610000000001,0,Composed: Copy with GPU GDI,1.21390000000000,30.98690000000000,250.01370000000000,0.00000000000000,-216.83090000000001,39.25000000000000,0.00000000000000
ruffle.exe,6812,0x0000000000000000,Other,-1,0,0,117.96789370000000,0.00000000000000,83.33640000000000,0,Composed: Copy with GPU GDI,1.21060000000000,30.99420000000000,83.34370000000000,0.00000000000000,-65.42810000000000,20.67520000000000,0.00000000000000
ruffle.exe,6812,0x0000000000000000,Other,-1,0,0,118.18461040000001,0.00000000000000,216.71670000000000,0,Composed: Copy with GPU GDI,1.20140000000000,30.94970000000000,216.67220000000000,0.00000000000000,-178.97730000000001,36.80120000000000,0.00000000000000
ruffle.exe,6812,0x0000000000000000,Other,-1,0,0,118.41823710000000,0.00000000000000,233.62670000000000,0,Composed: Copy with GPU GDI,1.11350000000000,80.71380000000001,283.39080000000001,0.00000000000000,-218.27440000000001,41.51280000000000,0.00000000000000
ruffle.exe,6812,0x0000000000000000,Other,-1,0,0,118.75157220000000,0.00000000000000,333.33510000000001,0,Composed: Copy with GPU GDI,1.18160000000000,30.70340000000000,283.32470000000001,0.00000000000000,-63.32300000000000,18.17410000000000,0.00000000000000
ruffle.exe,6812,0x0000000000000000,Other,-1,0,0,118.96799540000001,0.00000000000000,216.42320000000001,0,Composed: Copy with GPU GDI,1.18660000000000,30.98290000000000,216.70270000000002,0.00000000000000,-174.42730000000000,33.28530000000000,0.00000000000000
ruffle.exe,6812,0x0000000000000000,Other,-1,0,0,119.10155370000001,0.00000000000000,133.55830000000000,0,Composed: Copy with GPU GDI,1.21350000000000,30.74560000000000,133.32100000000000,0.00000000000000,-86.07790000000000,21.72490000000000,0.00000000000000
ruffle.exe,6812,0x0000000000000000,Other,-1,0,0,119.33503390000000,0.00000000000000,233.48020000000002,0,Composed: Copy with GPU GDI,1.18710000000000,30.62360000000000,233.35820000000001,0.00000000000000,-216.31070000000000,42.86170000000000,0.00000000000000
ruffle.exe,6812,0x0000000000000000,Other,-1,0,0,119.65146740000000,0.00000000000000,316.43350000000004,0,Composed: Copy with GPU GDI,1.18200000000000,30.84750000000000,316.65740000000000,0.00000000000000,-79.26410000000000,25.65980000000000,0.00000000000000
ruffle.exe,6812,0x0000000000000000,Other,-1,0,0,119.86792930000000,0.00000000000000,216.46190000000001,0,Composed: Copy with GPU GDI,1.21860000000000,31.11380000000000,216.72820000000002,0.00000000000000,-207.67730000000000,40.50160000000000,0.00000000000000
ruffle.exe,6812,0x0000000000000000,Other,-1,0,0,119.95280580000001,0.00000000000000,84.87650000000001,0,Composed: Copy with GPU GDI,1.37870000000000,29.56310000000000,83.32580000000000,0.00000000000000,-45.04710000000000,17.99370000000000,0.00000000000000
